external_product_name,external_part_numbers,external_category,external_product_url,external_image_url,match_confidence,matched_rre_part_number,matched_rre_description,matched_rre_slug,matched_rre_category,matched_rre_current_image_status,token_similarity,reconciliation_action
"Wheel Nuts, 3/4",106/40001 | 400/N6589,Axle & Wheel Parts,https://www.antheautoparts.com/product-details/wheel-nuts-3-4-106-40001-400-n6589-jcb-parts,https://enterprise.saioautomotive.com/backend/assets/uploads/products/MXY4cjhsTGNTYnhiY2V0Vlo3Y0RZZz09_1745472811_0.jpg,HIGH,400/N6589,WHEEL NUT,400-n6589-wheel-nut,Axle & Wheel Parts,generated_image,0.33,CROSS_REFERENCE_CONFIRMED
Hub Cap 2WD Machines,120/30009,Axle & Wheel Parts,https://www.antheautoparts.com/product-details/hub-cap-2wd-machines-120-30009-jcb-spares,https://enterprise.saioautomotive.com/backend/assets/uploads/products/NHZwYjd1akswNUVSMm9FZXhEWTVVdz09_1745473412_0.jpg,UNMATCHED,,,,,,0,EXTERNAL_ONLY_PRODUCT
2WD Front Hub,121/16702,Axle & Wheel Parts,https://www.antheautoparts.com/product-details/2wd-front-hub-121-16702-jcb-parts-catalog,https://enterprise.saioautomotive.com/backend/assets/uploads/products/cUx2TXdiYjJ5RFlzOFM4R3pUTXJ5UT09_1744450443_0.jpg,UNMATCHED,,,,,,0,EXTERNAL_ONLY_PRODUCT
Carrier Left Hand,123/00363,Axle & Wheel Parts,https://www.antheautoparts.com/product-details/carrier-left-hand-123-00363-jcb-spares,https://enterprise.saioautomotive.com/backend/assets/uploads/products/NXREYUI2TXJnbHZYdUtsWE4yOTNjZz09_1744457202_0.jpg,UNMATCHED,,,,,,0,EXTERNAL_ONLY_PRODUCT
Carrier Right Hand,123/00362,Axle & Wheel Parts,https://www.antheautoparts.com/product-details/carrier-right-hand-123-00362-jcb-genuine-parts,https://enterprise.saioautomotive.com/backend/assets/uploads/products/djNFNVhidXVJd3NwNGFzR0NiT3VJdz09_1744458057_0.jpg,UNMATCHED,,,,,,0,EXTERNAL_ONLY_PRODUCT
Bolt & Nut 1/2 X 3 3/4,1305/3428z | 1340/0403z,Axle & Wheel Parts,https://www.antheautoparts.com/product-details/bolt-nut-1-2-x-3-3-4-1305-3428z-1340-0403z-replacement-jcb-parts,https://enterprise.saioautomotive.com/backend/assets/uploads/products/cmsra2MzdUhNVU9GUzVPNlFaa3ZJUT09_1744458698_0.jpg,HIGH,1305/3428Z,BOLT,1305-3428z-bolt,Category under review,placeholder_image,0.5,DISCOVERED_IMAGE_REFERENCE_FOR_REVIEW
Bolt & Nut M12,1305/3430z | 1340/0403z,Axle & Wheel Parts,https://www.antheautoparts.com/product-details/bolt-nut-m12-1305-3430z-1340-0403z-jcb-spares,https://enterprise.saioautomotive.com/backend/assets/uploads/products/ZDdseWNmNTJvb3Z5dEdjT0xHNnRhQT09_1744459016_0.jpg,HIGH,1305/3430Z,BOLT,1305-3430z-bolt,Category under review,placeholder_image,0.33,DISCOVERED_IMAGE_REFERENCE_FOR_REVIEW
Bolt & Nut M10x80,1315/3418z | 1370/0303z,Axle & Wheel Parts,https://www.antheautoparts.com/product-details/bolt-nut-m10x80-1315-3418z-1370-0303z-jcb-parts-catalog,https://enterprise.saioautomotive.com/backend/assets/uploads/products/TEttdnRoVlREZVEwMlZyQjBxT0JCdz09_1744459310_0.jpg,EXACT,1315/3418Z,BOLT M10 X 80 G8.8,1315-3418z-bolt-m10-x-80-g88,Category under review,placeholder_image,0.17,DISCOVERED_IMAGE_REFERENCE_FOR_REVIEW
Bolt & Nut M12x80,1315/3518z | 1370/0403z,Axle & Wheel Parts,https://www.antheautoparts.com/product-details/bolt-nut-m12x80-1315-3518z-1370-0403z-jcb-parts,https://enterprise.saioautomotive.com/backend/assets/uploads/products/SGNDcG1IQkFMM2NUS3JGUDI4L1dMUT09_1744608815_0.jpg,HIGH,1315/3518Z,BOLT M12x80,1315-3518z-bolt-m12x80,Engine Parts,source_image,0.67,CROSS_REFERENCE_CONFIRMED
Bolt & Nut M12x100,1315/3520z | 1370/0401z,Axle & Wheel Parts,https://www.antheautoparts.com/product-details/bolt-nut-m12x100-1315-3520z-1370-0401z-jcb-parts,https://enterprise.saioautomotive.com/backend/assets/uploads/products/SitpMC9GYTRVOSt6R1lnOW1qRDYzZz09_1744608915_0.jpg,EXACT,1315/3520Z,BOLT M12 x 100 G8.8,1315-3520z-bolt-m12-x-100-g88,Category under review,placeholder_image,0.17,DISCOVERED_IMAGE_REFERENCE_FOR_REVIEW
Bolt & Nut M12 X 120,1315/3522z,Axle & Wheel Parts,https://www.antheautoparts.com/product-details/bolt-nut-m12-x-120-1315-3522z-jcb-parts-catalog,https://enterprise.saioautomotive.com/backend/assets/uploads/products/ckRRakxMTnZpakZPN0hPRFNXU3dOQT09_1744608992_0.jpg,HIGH,1315/3522Z,BOLT M12 x 120 G8.8,1315-3522z-bolt-m12-x-120-g88,Category under review,placeholder_image,0.6,DISCOVERED_IMAGE_REFERENCE_FOR_REVIEW
Genuine Eaton Valve Steering 2WS,35/409900 | 35/410700,Axle & Wheel Parts,https://www.antheautoparts.com/product-details/genuine-eaton-valve-steering-2ws-35-409900-35-410700-replacement-jcb-parts,https://enterprise.saioautomotive.com/backend/assets/uploads/products/eWdyUEx4eDhFOUo0akZ0dzdBQ3I3UT09_1744609080_0.jpg,EXACT,35/410700,W) (P) (TRK) STEER VALVE 200ccr(ANTISHO,35-410700-w-p-trk-steer-valve-200ccr-antisho,Category under review,placeholder_image,0.11,DISCOVERED_IMAGE_REFERENCE_FOR_REVIEW
Front Wheel Rim 9x18,41/923900,Axle & Wheel Parts,https://www.antheautoparts.com/product-details/front-wheel-rim-9x18-41-923900-jcb-spares,https://enterprise.saioautomotive.com/backend/assets/uploads/products/anJHT0ZuMWk4Tm14U2xWOVdJbFEyQT09_1744609153_0.jpg,UNMATCHED,,,,,,0,EXTERNAL_ONLY_PRODUCT
Front Wheel Rim 11x18 4WD,41/927100,Axle & Wheel Parts,https://www.antheautoparts.com/product-details/front-wheel-rim-11x18-4wd-41-927100-jcb-spares,https://enterprise.saioautomotive.com/backend/assets/uploads/products/YU00SDlPR1RKNjFuSU4rZXBPUWlZUT09_1744609281_0.jpg,EXACT,41/927100,RIMWHEEL11X18,41-927100-rimwheel11x18,Category under review,placeholder_image,0,DISCOVERED_IMAGE_REFERENCE_FOR_REVIEW
Crown Wheel & Pinion 33T/11T M24,448/10900 | 458/70031,Axle & Wheel Parts,https://www.antheautoparts.com/product-details/crown-wheel-pinion-33t-11t-m24-448-10900-458-70031-jcb-parts-catalog,https://enterprise.saioautomotive.com/backend/assets/uploads/products/MDVFMU9mS2l4M3MzdWI1clRTQ0lLQT09_1744609352_0.jpg,EXACT,448/10900,GEARCROWNWHEEL&PINION,448-10900-gearcrownwheelpinion,Category under review,placeholder_image,0.14,DISCOVERED_IMAGE_REFERENCE_FOR_REVIEW
Annulus Ring Gear,450/10205,Axle & Wheel Parts,https://www.antheautoparts.com/product-details/annulus-ring-gear-450-10205-jcb-parts-near-me,https://enterprise.saioautomotive.com/backend/assets/uploads/products/NW5zR3ExWXhYaWQ1NHM5Z3NHUTlMZz09_1744609481_0.jpg,HIGH,450/10205,ANNULUS RING,450-10205-annulus-ring,Category under review,placeholder_image,0.67,DISCOVERED_IMAGE_REFERENCE_FOR_REVIEW
Steering Link 2WS Complete Kit,128/10370,Axle & Wheel Parts,https://www.antheautoparts.com/product-details/steering-link-2ws-complete-kit-128-10370-jcb-spare-parts-dealer,https://enterprise.saioautomotive.com/backend/assets/uploads/products/b0tMb0hUemhuTG5tY2Y4dHpXMXhlQT09_1744609647_0.jpg,UNMATCHED,,,,,,0,EXTERNAL_ONLY_PRODUCT
Crown Wheel & Pinion 33T/11T M24,448/10900 | 458/70031,Axle & Wheel Parts,https://www.antheautoparts.com/product-details/crown-wheel-pinion-33t-11t-m24-448-10900-458-70031-jcb-genuine-parts,https://enterprise.saioautomotive.com/backend/assets/uploads/products/MURMTDZBdWszTVVmNVVkYlhjM1VsZz09_1744609829_0.jpg,EXACT,448/10900,GEARCROWNWHEEL&PINION,448-10900-gearcrownwheelpinion,Category under review,placeholder_image,0.14,DISCOVERED_IMAGE_REFERENCE_FOR_REVIEW
Hub Gear Set Complete,450/10205 | 450/10206 | 450/12403 | 907/50200),Axle & Wheel Parts,https://www.antheautoparts.com/product-details/hub-gear-set-complete-450-10205-450-10206-450-12403-907-50200-jcb-parts,https://enterprise.saioautomotive.com/backend/assets/uploads/products/dm11eG0vT3RqZUZySjNRZ2k2TmpuQT09_1744612314_0.jpg,EXACT,450/10205,ANNULUS RING,450-10205-annulus-ring,Category under review,placeholder_image,0,DISCOVERED_IMAGE_REFERENCE_FOR_REVIEW
Planet Gear,450/10206,Axle & Wheel Parts,https://www.antheautoparts.com/product-details/planet-gear-450-10206-jcb-aftermarket-parts,https://enterprise.saioautomotive.com/backend/assets/uploads/products/azdxWDRjQXEvVzNhdTJFazZPYlJtQT09_1744612615_0.jpg,HIGH,450/10206,GEAR PLANET,450-10206-gear-planet,Transmission & Gear Parts,placeholder_image,1,DISCOVERED_IMAGE_REFERENCE_FOR_REVIEW
Hub 5 Stud,450/10221 | 450/11100 | 458/10226 | 458/20446,Axle & Wheel Parts,https://www.antheautoparts.com/product-details/hub-5-stud-450-10221-450-11100-458-10226-458-20446-jcb-spare-parts,https://enterprise.saioautomotive.com/backend/assets/uploads/products/c1d4UXBSOTRxTnI5UE9RaHc3MWh0dz09_1744612684_0.jpg,EXACT,458/20446,WHEEL BRG CARRIER,458-20446-wheel-brg-carrier,Category under review,placeholder_image,0,DISCOVERED_IMAGE_REFERENCE_FOR_REVIEW
Differential Casing Housing Without Gears,450/10800,Axle & Wheel Parts,https://www.antheautoparts.com/product-details/differential-casing-housing-without-gears-450-10800-jcb-parts,https://enterprise.saioautomotive.com/backend/assets/uploads/products/Z1lteVdqUGdRN1J1RTQwUXZCYkhpdz09_1744612757_0.jpg,EXACT,450/10800,CASING ASSY.DIFF.,450-10800-casing-assydiff,Category under review,placeholder_image,0.14,DISCOVERED_IMAGE_REFERENCE_FOR_REVIEW
Differential Casing Assy. Complete With Gears,450/10900,Axle & Wheel Parts,https://www.antheautoparts.com/product-details/differential-casing-assy-complete-with-gears-450-10900-jcb-parts-online,https://enterprise.saioautomotive.com/backend/assets/uploads/products/ZXNObnVvbmNsNW43T1NSZG9vU29MUT09_1744613400_0.jpg,EXACT,450/10900,DIFFERENTIAL ASSEMBLY,450-10900-differential-assembly,Axle & Wheel Parts,generated_image,0.17,CROSS_REFERENCE_CONFIRMED
Differential Gear Set,450/11000,Axle & Wheel Parts,https://www.antheautoparts.com/product-details/differential-gear-set-450-11000-jcb-parts-online,https://enterprise.saioautomotive.com/backend/assets/uploads/products/U1E5WENSbHcxRktUaVdhYmxRZTZCUT09_1744613460_0.jpg,HIGH,450/11000,DIFFERENTIAL GEAR SET,450-11000-differential-gear-set,Transmission & Gear Parts,placeholder_image,1,DISCOVERED_IMAGE_REFERENCE_FOR_REVIEW
Hub Carrier 5 Stud,450/12401 | 450/10216 | 458/M4230 | 334/Y3895,Axle & Wheel Parts,https://www.antheautoparts.com/product-details/hub-carrier-5-stud-450-12401-450-10216-458-m4230-334-y3895-jcb-genuine-parts,https://enterprise.saioautomotive.com/backend/assets/uploads/products/N0c1MGFZNkZvNFZQS29WY1UvcWM2UT09_1744613517_0.jpg,EXACT,450/10216,CARRIERPLANETARYHUB,450-10216-carrierplanetaryhub,Category under review,placeholder_image,0,DISCOVERED_IMAGE_REFERENCE_FOR_REVIEW
Annulus Carrier,450/12702,Axle & Wheel Parts,https://www.antheautoparts.com/product-details/annulus-carrier-450-12702-jcb-parts-catalog,https://enterprise.saioautomotive.com/backend/assets/uploads/products/Ry9ENEtQV2R5b3dsZ3ZGczlIMk9iUT09_1744613595_0.jpg,HIGH,450/12702,ANNULUS CARRIER,450-12702-annulus-carrier,Category under review,placeholder_image,1,DISCOVERED_IMAGE_REFERENCE_FOR_REVIEW
Axle Breather,453/00303,Axle & Wheel Parts,https://www.antheautoparts.com/product-details/axle-breather-453-00303-jcb-aftermarket-parts,https://enterprise.saioautomotive.com/backend/assets/uploads/products/eENpUFpOQzV2QnZ5RXRrYXJtWXM3UT09_1744613708_0.jpg,EXACT,453/00303,BREATER-PLASTIC,453-00303-breater-plastic,Category under review,placeholder_image,0,DISCOVERED_IMAGE_REFERENCE_FOR_REVIEW
"Annulus Ring Gear For 2cx, 407, 409, 520 ETC.",453/01803,Axle & Wheel Parts,https://www.antheautoparts.com/product-details/annulus-ring-gear-for-2cx-407-409-520-etc-453-01803-jcb-aftermarket-parts,https://enterprise.saioautomotive.com/backend/assets/uploads/products/QkhSaTNOYkYrVUJ6SkZmSGl4UHdzUT09_1744613814_0.jpg,EXACT,453/01803,GEARANNULUS,453-01803-gearannulus,Category under review,placeholder_image,0,DISCOVERED_IMAGE_REFERENCE_FOR_REVIEW
Annulus Carrier,453/04402,Axle & Wheel Parts,https://www.antheautoparts.com/product-details/annulus-carrier-453-04402-jcb-spare-parts,https://enterprise.saioautomotive.com/backend/assets/uploads/products/ZjdFc0dIb2VZaFhNeXhKWWx4NUhPUT09_1744621043_0.jpg,HIGH,453/04402,ANNULUS CARRIER - MACHINED,453-04402-annulus-carrier-machined,Category under review,placeholder_image,0.67,DISCOVERED_IMAGE_REFERENCE_FOR_REVIEW
Brake Piston,458/20371 | 458/20236,Axle & Wheel Parts,https://www.antheautoparts.com/product-details/brake-piston-458-20371-458-20236-jcb-parts-online,https://enterprise.saioautomotive.com/backend/assets/uploads/products/QVhXYTd4akdNL3ZIazlUN2ZzYTg4UT09_1744621195_0.jpg,EXACT,458/20371,BRAKEPISTON,458-20371-brakepiston,Brake Parts,source_image,0,CROSS_REFERENCE_CONFIRMED
Track Rod Assembly,126/02253 | 335/y6895,Axle & Wheel Parts,https://www.antheautoparts.com/product-details/track-rod-assembly-126-02253-335-y6895-jcb-spares,https://enterprise.saioautomotive.com/backend/assets/uploads/products/Lzl4b3RkWm1rcjNiQ3VucU15dGhwQT09_1744630576_0.jpg,EXACT,126/02253,Link rod,126-02253-link-rod,Category under review,placeholder_image,0.25,DISCOVERED_IMAGE_REFERENCE_FOR_REVIEW
Screw Trunnion M12 X 35,1321/0509,Axle & Wheel Parts,https://www.antheautoparts.com/product-details/screw-trunnion-m12-x-35-1321-0509-jcb-aftermarket-parts,https://enterprise.saioautomotive.com/backend/assets/uploads/products/aGxaaWF6My8zeTRMWnlWejZ1VFpnZz09_1744630690_0.jpg,HIGH,1321/0509,SETSCREW M12 X 35 LG,1321-0509-setscrew-m12-x-35-lg,Body Parts,source_image,0.33,CROSS_REFERENCE_CONFIRMED
Swivel Joint Track Rod,331/14861,Axle & Wheel Parts,https://www.antheautoparts.com/product-details/swivel-joint-track-rod-331-14861-replacement-jcb-parts,https://enterprise.saioautomotive.com/backend/assets/uploads/products/SFY5emh2Y0QyQVhNZlVrc2gxREduQT09_1744630769_0.jpg,EXACT,331/14861,JOINT BALL,331-14861-joint-ball,Category under review,placeholder_image,0.2,DISCOVERED_IMAGE_REFERENCE_FOR_REVIEW
Steering Coupling,331/36009 | 45/905400,Axle & Wheel Parts,https://www.antheautoparts.com/product-details/steering-coupling-331-36009-45-905400-replacement-jcb-parts,https://enterprise.saioautomotive.com/backend/assets/uploads/products/QzVxaGN1c0daMGxWaG1nOUxvd2ZZZz09_1744630832_0.jpg,HIGH,331/36009,FLEXIBLE COUPLING,331-36009-flexible-coupling,Category under review,placeholder_image,0.33,DISCOVERED_IMAGE_REFERENCE_FOR_REVIEW
Genuine Danfoss Valve Steering,35/411700,Axle & Wheel Parts,https://www.antheautoparts.com/product-details/genuine-danfoss-valve-steering-35-411700-jcb-genuine-parts,https://enterprise.saioautomotive.com/backend/assets/uploads/products/VU1IMFFPcUhoU1g2dUZCOVBVUTMrdz09_1744630979_0.jpg,UNMATCHED,,,,,,0,EXTERNAL_ONLY_PRODUCT
Planet Gear,440/00709,Axle & Wheel Parts,https://www.antheautoparts.com/product-details/planet-gear-440-00709-jcb-spare-parts-dealer,https://enterprise.saioautomotive.com/backend/assets/uploads/products/YlY2MjczS3hHTWNXN1hTcndzSXFVUT09_1744631064_0.jpg,HIGH,440/00709,PLANET GEAR,440-00709-planet-gear,Transmission & Gear Parts,placeholder_image,1,DISCOVERED_IMAGE_REFERENCE_FOR_REVIEW
Track Rod End Male,448/17902,Axle & Wheel Parts,https://www.antheautoparts.com/product-details/track-rod-end-male-448-17902-jcb-spares,https://enterprise.saioautomotive.com/backend/assets/uploads/products/US81L1kveXdDVkdVV2JCSnVqa3oyQT09_1744631384_0.jpg,EXACT,448/17902,BALL JOINT 50mm,448-17902-ball-joint-50mm,Category under review,placeholder_image,0,DISCOVERED_IMAGE_REFERENCE_FOR_REVIEW
Joint Knuckle Swivel Left Hand,448/42602,Axle & Wheel Parts,https://www.antheautoparts.com/product-details/joint-knuckle-swivel-left-hand-448-42602-jcb-genuine-parts,https://enterprise.saioautomotive.com/backend/assets/uploads/products/ZGU1bnJObytTbm1vTzA3WGYwSFVvUT09_1744631579_0.jpg,EXACT,448/42602,HUB SWIVEL - MACHINED,448-42602-hub-swivel-machined,Category under review,placeholder_image,0.14,DISCOVERED_IMAGE_REFERENCE_FOR_REVIEW
Joint Knuckle Swivel Right Hand,448/42703,Axle & Wheel Parts,https://www.antheautoparts.com/product-details/joint-knuckle-swivel-right-hand-448-42703-jcb-spare-parts,https://enterprise.saioautomotive.com/backend/assets/uploads/products/NGhSQ0hmc29ibHBGTnRScTBMT2t2dz09_1744631655_0.jpg,EXACT,448/42703,JOINT,448-42703-joint,Category under review,placeholder_image,0.2,DISCOVERED_IMAGE_REFERENCE_FOR_REVIEW
Rear Hub Thrust Pad,450/10208,Axle & Wheel Parts,https://www.antheautoparts.com/product-details/rear-hub-thrust-pad-450-10208-jcb-spare-parts-dealer,https://enterprise.saioautomotive.com/backend/assets/uploads/products/WCs5cXJnN3JMd3hUTE1KakwyVytTZz09_1744632016_0.jpg,HIGH,450/10208,THRUST PAD,450-10208-thrust-pad,Category under review,placeholder_image,0.5,DISCOVERED_IMAGE_REFERENCE_FOR_REVIEW
Sun Gear,450/12403,Axle & Wheel Parts,https://www.antheautoparts.com/product-details/sun-gear-450-12403-jcb-parts-near-me,https://enterprise.saioautomotive.com/backend/assets/uploads/products/SElkZ1JkbWI2cDNGcy80OFNaMERGQT09_1744693124_0.jpg,HIGH,450/12403,SUN GEAR (SHOT PEENE,450-12403-sun-gear-shot-peene,Transmission & Gear Parts,placeholder_image,0.5,DISCOVERED_IMAGE_REFERENCE_FOR_REVIEW
Yoke Flange,450/27200 | 450/17900 | 458/20813,Axle & Wheel Parts,https://www.antheautoparts.com/product-details/yoke-flange-450-27200-450-17900-458-20813-jcb-parts-online,https://enterprise.saioautomotive.com/backend/assets/uploads/products/eTVSRWJ5aDQwTTVOUGxKZ0tncWhjUT09_1744693228_0.jpg,EXACT,458/20813,COUPLINGYOKE-1480,458-20813-couplingyoke-1480,Category under review,placeholder_image,0,DISCOVERED_IMAGE_REFERENCE_FOR_REVIEW
Trunnion,453/00304,Axle & Wheel Parts,https://www.antheautoparts.com/product-details/trunnion-453-00304-jcb-aftermarket-parts,https://enterprise.saioautomotive.com/backend/assets/uploads/products/Sy8vWndzVGZhUHF2cDAvRTcrMUtTUT09_1744693535_0.jpg,HIGH,453/00304,TRUNNION,453-00304-trunnion,Category under review,placeholder_image,1,DISCOVERED_IMAGE_REFERENCE_FOR_REVIEW
Track Rod Link Steer Assembly,453/23400,Axle & Wheel Parts,https://www.antheautoparts.com/product-details/track-rod-link-steer-assembly-453-23400-jcb-parts-catalog,https://enterprise.saioautomotive.com/backend/assets/uploads/products/cTk3MTA5alV6a0daZHdDMEFCTXlqZz09_1744693718_0.jpg,EXACT,453/23400,LinkSteerG.A.,453-23400-linksteerga,Category under review,placeholder_image,0,DISCOVERED_IMAGE_REFERENCE_FOR_REVIEW
Planet Gear,450/10200,Axle & Wheel Parts,https://www.antheautoparts.com/product-details/planet-gear-450-10200-jcb-parts,https://enterprise.saioautomotive.com/backend/assets/uploads/products/aUhUbnZZSHN2K216dGFEL1E5UU5MZz09_1744694307_0.jpg,UNMATCHED,,,,,,0,EXTERNAL_ONLY_PRODUCT
Trunnion,458/20061 | 453/30401,Axle & Wheel Parts,https://www.antheautoparts.com/product-details/trunnion-458-20061-453-30401-jcb-aftermarket-parts,https://enterprise.saioautomotive.com/backend/assets/uploads/products/NGVydEVDa2ZXQklVeHI3V28rVUVFUT09_1744694366_0.jpg,EXACT,458/20061,TRUNION,458-20061-trunion,Category under review,placeholder_image,0,DISCOVERED_IMAGE_REFERENCE_FOR_REVIEW
Brake Piston,458/20371 | 458/20236,Axle & Wheel Parts,https://www.antheautoparts.com/product-details/brake-piston-458-20371-458-20236-jcb-genuine-parts,https://enterprise.saioautomotive.com/backend/assets/uploads/products/a0krM3R0YU02b28wWklLQkc1K3M1Zz09_1744694765_0.jpg,EXACT,458/20371,BRAKEPISTON,458-20371-brakepiston,Brake Parts,source_image,0,CROSS_REFERENCE_CONFIRMED
Cover Plate Hub Seal,458/20403,Axle & Wheel Parts,https://www.antheautoparts.com/product-details/cover-plate-hub-seal-458-20403-replacement-jcb-parts,https://enterprise.saioautomotive.com/backend/assets/uploads/products/TlR0WmlCWXZuKytKdjE3WWlzQU1nZz09_1744694824_0.jpg,HIGH,458/20403,HUB SEAL COVER PLATE,458-20403-hub-seal-cover-plate,Seals & Seal Kits,placeholder_image,1,DISCOVERED_IMAGE_REFERENCE_FOR_REVIEW
Crown Wheel & Pinion 13T/38T,458/20668,Axle & Wheel Parts,https://www.antheautoparts.com/product-details/crown-wheel-pinion-13t-38t-458-20668-jcb-spare-parts,https://enterprise.saioautomotive.com/backend/assets/uploads/products/SzIwdm11c0xQRjNLR3Z0NEFDOXFIdz09_1744694907_0.jpg,UNMATCHED,,,,,,0,EXTERNAL_ONLY_PRODUCT
Crown Wheel & Pinion 11T/37T M30,458/20672,Axle & Wheel Parts,https://www.antheautoparts.com/product-details/crown-wheel-pinion-11t-37t-m30-458-20672-replacement-jcb-parts,https://enterprise.saioautomotive.com/backend/assets/uploads/products/ZDF5L1JVNlh4QjJwZE9QNUM4M0Q0UT09_1744694958_0.jpg,HIGH,458/20672,CROWN WHEEL & PINION -30kpH,458-20672-crown-wheel-pinion-30kph,Category under review,placeholder_image,0.43,DISCOVERED_IMAGE_REFERENCE_FOR_REVIEW
Crown Wheel & Pinion 11T/37T M24,458/70035 | 453/00900,Axle & Wheel Parts,https://www.antheautoparts.com/product-details/crown-wheel-pinion-11t-37t-m24-458-70035-453-00900-jcb-parts-catalog,https://enterprise.saioautomotive.com/backend/assets/uploads/products/RmxSaGVBbkJNeVptQmNSTjNSd0hJdz09_1744695006_0.jpg,HIGH,458/70035,CROWN WHEEL PINION,458-70035-crown-wheel-pinion,Category under review,placeholder_image,0.5,DISCOVERED_IMAGE_REFERENCE_FOR_REVIEW
Crown Wheel & Pinion 13T/38T M24,450/10700 | 458/70037,Axle & Wheel Parts,https://www.antheautoparts.com/product-details/crown-wheel-pinion-13t-38t-m24-450-10700-458-70037-jcb-spare-parts-dealer,https://enterprise.saioautomotive.com/backend/assets/uploads/products/cGhmc2hjRHNGcXpRMTBVZk9aa2ZCUT09_1744695180_0.jpg,UNMATCHED,,,,,,0,EXTERNAL_ONLY_PRODUCT
Crown Wheel & Pinion 13T/38T M30,458/70188 | 458/M1352,Axle & Wheel Parts,https://www.antheautoparts.com/product-details/crown-wheel-pinion-13t-38t-m30-458-70188-458-m1352-jcb-parts-near-me,https://enterprise.saioautomotive.com/backend/assets/uploads/products/dW1oRjVCQVRYaEgrUzU5bU1zU0lNdz09_1744695273_0.jpg,EXACT,458/M1352,SPIRALBEVELPINION13T(AssyPart-458/,458-m1352-spiralbevelpinion13t-assypart-458,Category under review,placeholder_image,0,DISCOVERED_IMAGE_REFERENCE_FOR_REVIEW
Crown Wheel & Pinion 13T/38T M24,458/70189,Axle & Wheel Parts,https://www.antheautoparts.com/product-details/crown-wheel-pinion-13t-38t-m24-458-70189-jcb-aftermarket-parts,https://enterprise.saioautomotive.com/backend/assets/uploads/products/WXFVTG1IRVd0VWtSNlVxdzdPZGh6dz09_1744695329_0.jpg,UNMATCHED,,,,,,0,EXTERNAL_ONLY_PRODUCT
Crown Wheel & Pinion RH Spiral 13T/33T M30,458/70246,Axle & Wheel Parts,https://www.antheautoparts.com/product-details/crown-wheel-pinion-rh-spiral-13t-33t-m30-458-70246-jcb-spares,https://enterprise.saioautomotive.com/backend/assets/uploads/products/TC92OExONEtrb2V5RkpQaTU0KzdqZz09_1744695379_0.jpg,EXACT,458/70246,CROWNWHEEL & PINION ASSY.,458-70246-crownwheel-pinion-assy,Category under review,placeholder_image,0.1,DISCOVERED_IMAGE_REFERENCE_FOR_REVIEW
Crown Wheel & Pinion 13t RH Spiral,458/70248,Axle & Wheel Parts,https://www.antheautoparts.com/product-details/crown-wheel-pinion-13t-rh-spiral-458-70248-jcb-spare-parts,https://enterprise.saioautomotive.com/backend/assets/uploads/products/aklQcFZNOHFsSjlvSG10cC9lVjVSZz09_1744695433_0.jpg,EXACT,458/70248,PINIONSHAFT,458-70248-pinionshaft,Category under review,placeholder_image,0,DISCOVERED_IMAGE_REFERENCE_FOR_REVIEW
Crown Wheel & Pinion 13T/38T M30 RH Spiral,458/70249,Axle & Wheel Parts,https://www.antheautoparts.com/product-details/crown-wheel-pinion-13t-38t-m30-rh-spiral-458-70249-replacement-jcb-parts,https://enterprise.saioautomotive.com/backend/assets/uploads/products/bWVSTllGbTZDRjNpbW5tMVFzb2I1UT09_1744695492_0.jpg,UNMATCHED,,,,,,0,EXTERNAL_ONLY_PRODUCT
Crown Wheel & Pinion 13T/38T M30,458/70258,Axle & Wheel Parts,https://www.antheautoparts.com/product-details/crown-wheel-pinion-13t-38t-m30-458-70258-jcb-genuine-parts,https://enterprise.saioautomotive.com/backend/assets/uploads/products/cE1aeHNtSWFqKzlSNGwzSmdMN3ZUdz09_1744695548_0.jpg,EXACT,458/70258,GA C/WHEEL & PINION 13/38,458-70258-ga-c-wheel-pinion-13-38,Category under review,placeholder_image,0.22,DISCOVERED_IMAGE_REFERENCE_FOR_REVIEW
Crown & Pinion Repair Kit 13.7:1 M30 For Project 21,458/70260,Axle & Wheel Parts,https://www.antheautoparts.com/product-details/crown-pinion-repair-kit-1371-m30-for-project-21-458-70260-jcb-parts-catalog,https://enterprise.saioautomotive.com/backend/assets/uploads/products/aEtrd0VtdkZaRnk5a1hBMUtONmpJZz09_1744695611_0.jpg,EXACT,458/70260,GA C/WHEEL & PINION 13/33,458-70260-ga-c-wheel-pinion-13-33,Category under review,placeholder_image,0.18,DISCOVERED_IMAGE_REFERENCE_FOR_REVIEW
Crown & Pinion Repair Kit 13.7:1 M30 For Project 21,458/70260,Axle & Wheel Parts,https://www.antheautoparts.com/product-details/crown-pinion-repair-kit-1371-m30-for-project-21-458-70260-jcb-spare-parts-dealer,https://enterprise.saioautomotive.com/backend/assets/uploads/products/ZnJhNlNqVGdVSGgvL0xSdVdseG9Pdz09_1744695611_0.jpg,EXACT,458/70260,GA C/WHEEL & PINION 13/33,458-70260-ga-c-wheel-pinion-13-33,Category under review,placeholder_image,0.18,DISCOVERED_IMAGE_REFERENCE_FOR_REVIEW
Yoke Coupling,458/20814,Axle & Wheel Parts,https://www.antheautoparts.com/product-details/yoke-coupling-458-20814-replacement-jcb-parts,https://enterprise.saioautomotive.com/backend/assets/uploads/products/VXE4d2lxbG1lQ24vVGVjRmR3ZngvZz09_1744695674_0.jpg,HIGH,458/20814,COUPLING YOKE - 1550,458-20814-coupling-yoke-1550,Category under review,placeholder_image,0.67,DISCOVERED_IMAGE_REFERENCE_FOR_REVIEW
"Ram, Power Track Rod 2WS 4WD",573/10001,Axle & Wheel Parts,https://www.antheautoparts.com/product-details/ram-power-track-rod-2ws-4wd-573-10001-jcb-aftermarket-parts,https://enterprise.saioautomotive.com/backend/assets/uploads/products/ZzZvY0JuRE9KaGZzT1BHaXRLMzBzdz09_1744695747_0.jpg,UNMATCHED,,,,,,0,EXTERNAL_ONLY_PRODUCT
Circlip,821/00289,Axle & Wheel Parts,https://www.antheautoparts.com/product-details/circlip-821-00289-jcb-spare-parts,https://enterprise.saioautomotive.com/backend/assets/uploads/products/UXFMSGRSN0Z1VWU4cGV4UXk5L0ludz09_1744695809_0.jpg,EXACT,821/00289,LSHAPEDCIRCLIPCD3155',821-00289-lshapedcirclipcd3155,Shim / Spacer / Washer,placeholder_image,0,DISCOVERED_IMAGE_REFERENCE_FOR_REVIEW
Shims 88 X 52 X 1.5 MM,823/00220,Axle & Wheel Parts,https://www.antheautoparts.com/product-details/shims-88-x-52-x-15-mm-823-00220-jcb-parts-online,https://enterprise.saioautomotive.com/backend/assets/uploads/products/NHVOVC9MSWRuZUZsRlRNaGl2T1dIQT09_1744695873_0.jpg,EXACT,823/00220,SHIM 51x76.1x1.4MM,823-00220-shim-51x761x14mm,Shim / Spacer / Washer,placeholder_image,0,DISCOVERED_IMAGE_REFERENCE_FOR_REVIEW
Wheel Brace With Tommy Bar,825/99928,Axle & Wheel Parts,https://www.antheautoparts.com/product-details/wheel-brace-with-tommy-bar-825-99928-replacement-jcb-parts,https://enterprise.saioautomotive.com/backend/assets/uploads/products/SVpIWVZIZzRQalpBbUduWERlRVh4UT09_1744695925_0.jpg,EXACT,825/99928,WRENCH,825-99928-wrench,Category under review,placeholder_image,0,DISCOVERED_IMAGE_REFERENCE_FOR_REVIEW
Planetary Hub Plug 3/4,826/00425,Axle & Wheel Parts,https://www.antheautoparts.com/product-details/planetary-hub-plug-3-4-826-00425-jcb-parts-online,https://enterprise.saioautomotive.com/backend/assets/uploads/products/clZhSlJwb0RkNTFib2tZQWJQZjFhdz09_1744695979_0.jpg,HIGH,826/00425,PLUG,826-00425-plug,Category under review,placeholder_image,0.33,DISCOVERED_IMAGE_REFERENCE_FOR_REVIEW
Wheel Nuts & Studs (36mm),826/00558 | 106/40001,Axle & Wheel Parts,https://www.antheautoparts.com/product-details/wheel-nuts-studs-36mm-826-00558-106-40001-replacement-jcb-parts,https://enterprise.saioautomotive.com/backend/assets/uploads/products/bnBHVnRBdWt1VXdrRlA3MzV0OG5KZz09_1744696041_0.jpg,UNMATCHED,,,,,,0,EXTERNAL_ONLY_PRODUCT
Wheel Studs,826/00923,Axle & Wheel Parts,https://www.antheautoparts.com/product-details/wheel-studs-826-00923-replacement-jcb-parts,https://enterprise.saioautomotive.com/backend/assets/uploads/products/azZKejdFTlV2QlJKOW0xTWlkaTJ1UT09_1744696117_0.jpg,EXACT,826/00923,Wheelstud,826-00923-wheelstud,Axle & Wheel Parts,generated_image,0,CROSS_REFERENCE_CONFIRMED
Wheel Nuts & Studs,826/00923 | 106/40001,Axle & Wheel Parts,https://www.antheautoparts.com/product-details/wheel-nuts-studs-826-00923-106-40001-jcb-spare-parts,https://enterprise.saioautomotive.com/backend/assets/uploads/products/cjJPVDJwK3VneEN1Z1FQQkdOdWsyZz09_1744696183_0.jpg,EXACT,826/00923,Wheelstud,826-00923-wheelstud,Axle & Wheel Parts,generated_image,0,CROSS_REFERENCE_CONFIRMED
Bolt,826/01060,Axle & Wheel Parts,https://www.antheautoparts.com/product-details/bolt-826-01060-jcb-aftermarket-parts,https://enterprise.saioautomotive.com/backend/assets/uploads/products/S0hsejJaamlQOXhyZE9OOFUwcWE2UT09_1744696231_0.jpg,EXACT,826/01060,VERBUSRIPPBOLT,826-01060-verbusrippbolt,Category under review,placeholder_image,0,DISCOVERED_IMAGE_REFERENCE_FOR_REVIEW
Bolt,826/01080,Axle & Wheel Parts,https://www.antheautoparts.com/product-details/bolt-826-01080-jcb-spare-parts,https://enterprise.saioautomotive.com/backend/assets/uploads/products/Nm9XcVdiRGY3cmUyNlpFSmxobXhiQT09_1744698660_0.jpg,HIGH,826/01080,BOLT - VERBUS RIPP,826-01080-bolt-verbus-ripp,Axle & Wheel Parts,source_image,0.33,CROSS_REFERENCE_CONFIRMED
Stake Nut M30,826/01551,Axle & Wheel Parts,https://www.antheautoparts.com/product-details/stake-nut-m30-826-01551-jcb-genuine-parts,https://enterprise.saioautomotive.com/backend/assets/uploads/products/YmFNS0V4cmxtRVFxTVBFODZSelo5Zz09_1744698731_0.jpg,EXACT,826/01551,STACK NUT,826-01551-stack-nut,Axle & Wheel Parts,source_image,0.25,CROSS_REFERENCE_CONFIRMED
Bolt & Nut Axle Mounting 9,826/01712 | 826/01714,Axle & Wheel Parts,https://www.antheautoparts.com/product-details/bolt-nut-axle-mounting-9-826-01712-826-01714-jcb-parts-near-me,https://enterprise.saioautomotive.com/backend/assets/uploads/products/VXE0bll5ZGpXT1dLaWFQM2d2QTgvQT09_1744698855_0.jpg,EXACT,826/01712,BOLT,826-01712-bolt,Axle & Wheel Parts,source_image,0.25,CROSS_REFERENCE_CONFIRMED
Stake Nut M30,826/01744 | 826/M7635,Axle & Wheel Parts,https://www.antheautoparts.com/product-details/stake-nut-m30-826-01744-826-m7635-jcb-parts-catalog,https://enterprise.saioautomotive.com/backend/assets/uploads/products/T1lvTzkxT1NKbUpxTGdPZG9ZV2xsZz09_1744698961_0.jpg,HIGH,826/01744,NUT STAKE -M30 x 2,826-01744-nut-stake-m30-x-2,Axle & Wheel Parts,source_image,1,CROSS_REFERENCE_CONFIRMED
2WD Axle Hub Sleeve,904/06201,Axle & Wheel Parts,https://www.antheautoparts.com/product-details/2wd-axle-hub-sleeve-904-06201-jcb-spare-parts,https://enterprise.saioautomotive.com/backend/assets/uploads/products/NnFHY09rYnR4SjhxODYxRVdVVkdPUT09_1744699038_0.jpg,EXACT,904/06201,WEAR  SLEEVE,904-06201-wear-sleeve,Axle & Wheel Parts,source_image,0.2,CROSS_REFERENCE_CONFIRMED
Steering Knuckle Trunnion Bearing & Seal,904/06700 907/08300,Axle & Wheel Parts,https://www.antheautoparts.com/product-details/steering-knuckle-trunnion-bearing-seal-904-06700-907-08300-replacement-jcb-parts,https://enterprise.saioautomotive.com/backend/assets/uploads/products/SEVqRVUzZDQ4M2RFT1Bnbko4S3dRUT09_1744699104_0.jpg,UNMATCHED,,,,,,0,EXTERNAL_ONLY_PRODUCT
Front Axle Drive Prop Shaft,914/39000,Axle & Wheel Parts,https://www.antheautoparts.com/product-details/front-axle-drive-prop-shaft-914-39000-jcb-parts-near-me,https://enterprise.saioautomotive.com/backend/assets/uploads/products/V25Gbmo1VWhjN0VuS2FNS21Rc0E0Zz09_1744699153_0.jpg,UNMATCHED,,,,,,0,EXTERNAL_ONLY_PRODUCT
Front Axle Drive Prop Shaft,914/42300,Axle & Wheel Parts,https://www.antheautoparts.com/product-details/front-axle-drive-prop-shaft-914-42300-jcb-genuine-parts,https://enterprise.saioautomotive.com/backend/assets/uploads/products/NmhETG1IVG10c0VLSkVmcWVHTnlPdz09_1744699236_0.jpg,UNMATCHED,,,,,,0,EXTERNAL_ONLY_PRODUCT
Front Axle Drive Prop Shaft,914/49100,Axle & Wheel Parts,https://www.antheautoparts.com/product-details/front-axle-drive-prop-shaft-914-49100-jcb-parts-near-me,https://enterprise.saioautomotive.com/backend/assets/uploads/products/UGZsY0dUSHhiZFJMb2Y1NWJNMVBqQT09_1744699295_0.jpg,EXACT,914/49100,PROPSHAFT(P92),914-49100-propshaft-p92,Axle & Wheel Parts,source_image,0,CROSS_REFERENCE_CONFIRMED
Front Axle Drive Prop Shaft 22.2,914/60181,Axle & Wheel Parts,https://www.antheautoparts.com/product-details/front-axle-drive-prop-shaft-222-914-60181-jcb-spare-parts-dealer,https://enterprise.saioautomotive.com/backend/assets/uploads/products/UXRzTVRkUkpJNm1iOGR0TW9nelN6dz09_1744699784_0.jpg,EXACT,914/60181,DRIVE SHAFT 4WD P/S A/S,914-60181-drive-shaft-4wd-p-s-a-s,Axle & Wheel Parts,source_image,0.29,CROSS_REFERENCE_CONFIRMED
Rear Axle Drive Prop Shaft,914/60183,Axle & Wheel Parts,https://www.antheautoparts.com/product-details/rear-axle-drive-prop-shaft-914-60183-jcb-aftermarket-parts,https://enterprise.saioautomotive.com/backend/assets/uploads/products/cnBvcWtvR2l1bzFpMnJFbmVjU1hiZz09_1744699840_0.jpg,UNMATCHED,,,,,,0,EXTERNAL_ONLY_PRODUCT
Center Joint For Driveshaft,914/80203 | 914/83304,Axle & Wheel Parts,https://www.antheautoparts.com/product-details/center-joint-for-driveshaft-914-80203-914-83304-jcb-genuine-parts,https://enterprise.saioautomotive.com/backend/assets/uploads/products/VTFDSDZJc25wN3VramtqQzJQUzNrQT09_1744699895_0.jpg,UNMATCHED,,,,,,0,EXTERNAL_ONLY_PRODUCT
Shaft Hub Side,914/88101,Axle & Wheel Parts,https://www.antheautoparts.com/product-details/shaft-hub-side-914-88101-jcb-genuine-parts,https://enterprise.saioautomotive.com/backend/assets/uploads/products/WmtsV0xXckFCL1JUYk4raGFndmtWZz09_1744699942_0.jpg,HIGH,914/88101,SHAFT,914-88101-shaft,Axle & Wheel Parts,source_image,0.33,CROSS_REFERENCE_CONFIRMED
Shaft Hub Side,914/89501,Axle & Wheel Parts,https://www.antheautoparts.com/product-details/shaft-hub-side-914-89501-jcb-parts-near-me,https://enterprise.saioautomotive.com/backend/assets/uploads/products/NElmRTU5QUZrQVRYMjU5dEhtN1BjZz09_1744700074_0.jpg,HIGH,914/89501,SHAFT,914-89501-shaft,Axle & Wheel Parts,source_image,0.33,CROSS_REFERENCE_CONFIRMED
Shaft Drive Assembly 825MM,914/88200,Axle & Wheel Parts,https://www.antheautoparts.com/product-details/shaft-drive-assembly-825mm-914-88200-jcb-spare-parts-dealer,https://enterprise.saioautomotive.com/backend/assets/uploads/products/WUxncy9HMTFIN09mRkRGcnVFRUd5QT09_1744706576_0.jpg,EXACT,914/88200,PROPALER SHAFT,914-88200-propaler-shaft,Axle & Wheel Parts,source_image,0.2,CROSS_REFERENCE_CONFIRMED
Driveshaft,914/M3544,Axle & Wheel Parts,https://www.antheautoparts.com/product-details/driveshaft-914-m3544-jcb-aftermarket-parts,https://enterprise.saioautomotive.com/backend/assets/uploads/products/L1VETHoxWXJvb0pDaXpWVHo0T2FYZz09_1744706633_0.jpg,UNMATCHED,,,,,,0,EXTERNAL_ONLY_PRODUCT
Driveshaft Axle,914/M4448,Axle & Wheel Parts,https://www.antheautoparts.com/product-details/driveshaft-axle-914-m4448-jcb-parts-catalog,https://enterprise.saioautomotive.com/backend/assets/uploads/products/YThPRE5xamJNUVdERFVpVWRLK3hNdz09_1744706700_0.jpg,EXACT,914/M4448,DRIVE SHAFT,914-m4448-drive-shaft,Axle & Wheel Parts,source_image,0,CROSS_REFERENCE_CONFIRMED
Differential Gear Set,990/98300,Axle & Wheel Parts,https://www.antheautoparts.com/product-details/differential-gear-set-990-98300-replacement-jcb-parts,https://enterprise.saioautomotive.com/backend/assets/uploads/products/cnRKbW9pMngrdUxZTWZBdklsSUFCUT09_1744706768_0.jpg,EXACT,990/98300,GEAR&PINION,990-98300-gearpinion,Axle & Wheel Parts,source_image,0.25,CROSS_REFERENCE_CONFIRMED
Stub Axle With Nut,120/30003 1340/0905z,Axle & Wheel Parts,https://www.antheautoparts.com/product-details/stub-axle-with-nut-120-30003-1340-0905z-jcb-aftermarket-parts,https://enterprise.saioautomotive.com/backend/assets/uploads/products/cUtTS3NwVzV0VHpYOVEvSUJjN201QT09_1744706869_0.jpg,UNMATCHED,,,,,,0,EXTERNAL_ONLY_PRODUCT
"Trunnion, Axle Steering 4WD",448/03902,Axle & Wheel Parts,https://www.antheautoparts.com/product-details/trunnion-axle-steering-4wd-448-03902-jcb-spare-parts,https://enterprise.saioautomotive.com/backend/assets/uploads/products/TTNhQXdSNk1FbE8vblZDNDJPeE13Zz09_1744706931_0.jpg,EXACT,448/03902,TURNNION,448-03902-turnnion,Axle & Wheel Parts,source_image,0,CROSS_REFERENCE_CONFIRMED
Yoke Flange,445/10703,Axle & Wheel Parts,https://www.antheautoparts.com/product-details/yoke-flange-445-10703-replacement-jcb-parts,https://enterprise.saioautomotive.com/backend/assets/uploads/products/QU9wUlBhWEN6UW5HdWRnUjlRMVBMZz09_1744706989_0.jpg,EXACT,445/10703,COUPLINGYOKE,445-10703-couplingyoke,Axle & Wheel Parts,source_image,0,CROSS_REFERENCE_CONFIRMED
Prop Shaft,914/60117,Axle & Wheel Parts,https://www.antheautoparts.com/product-details/prop-shaft-914-60117-jcb-parts-near-me,https://enterprise.saioautomotive.com/backend/assets/uploads/products/SDZPSXhKM1BZazFTY2tTcnpJVVpKZz09_1744707056_0.jpg,UNMATCHED,,,,,,0,EXTERNAL_ONLY_PRODUCT
Yoke,454/13100,Axle & Wheel Parts,https://www.antheautoparts.com/product-details/yoke-454-13100-jcb-spares,https://enterprise.saioautomotive.com/backend/assets/uploads/products/c3crT3Mwb1BHaUFwN1NFTzlNbDZhZz09_1744707165_0.jpg,UNMATCHED,,,,,,0,EXTERNAL_ONLY_PRODUCT
Yoke Coupling,459/70317,Axle & Wheel Parts,https://www.antheautoparts.com/product-details/yoke-coupling-459-70317-jcb-spare-parts,https://enterprise.saioautomotive.com/backend/assets/uploads/products/WmhBVEpGSVl2aDJhOFdsemcyT0lJQT09_1744707237_0.jpg,HIGH,459/70317,COUPLING  YOKE (P92),459-70317-coupling-yoke-p92,Axle & Wheel Parts,source_image,0.67,CROSS_REFERENCE_CONFIRMED
Shaft Hub Side,914/86201,Axle & Wheel Parts,https://www.antheautoparts.com/product-details/shaft-hub-side-914-86201-jcb-genuine-parts,https://enterprise.saioautomotive.com/backend/assets/uploads/products/WTZoeGh2NmRKeXg4M25zY2NLL3JDdz09_1744707293_0.jpg,UNMATCHED,,,,,,0,EXTERNAL_ONLY_PRODUCT
Dowel Hollow,450/12703,Axle & Wheel Parts,https://www.antheautoparts.com/product-details/dowel-hollow-450-12703-jcb-parts-catalog,https://enterprise.saioautomotive.com/backend/assets/uploads/products/VENJRGQwbkd4MnZUMDJsY2N0clcrQT09_1744707627_0.jpg,HIGH,450/12703,RING DOWEL,450-12703-ring-dowel,Axle & Wheel Parts,source_image,0.33,CROSS_REFERENCE_CONFIRMED
Yoke Rear Output,459/70138,Axle & Wheel Parts,https://www.antheautoparts.com/product-details/yoke-rear-output-459-70138-jcb-parts,https://enterprise.saioautomotive.com/backend/assets/uploads/products/RUNHSk5PMXcyWDFMdFpsM2tBY1QwQT09_1744707700_0.jpg,HIGH,459/70138,YOKE - OUTPUT - 1550,459-70138-yoke-output-1550,Axle & Wheel Parts,source_image,0.5,CROSS_REFERENCE_CONFIRMED
Screw,826/10528,Axle & Wheel Parts,https://www.antheautoparts.com/product-details/screw-826-10528-jcb-genuine-parts,https://enterprise.saioautomotive.com/backend/assets/uploads/products/ZjVtVE44bEVIeVZwT0VUaVBFOVI3QT09_1744707779_0.jpg,EXACT,826/10528,SETSCREW,826-10528-setscrew,Axle & Wheel Parts,source_image,0,CROSS_REFERENCE_CONFIRMED
Stake Nut M24,Stake Nut M24,Axle & Wheel Parts,https://www.antheautoparts.com/product-details/stake-nut-m24-stake-nut-m24-jcb-genuine-parts,https://enterprise.saioautomotive.com/backend/assets/uploads/products/cnNLdWdXbHVudEtrMHlnWFRHMExJZz09_1744707828_0.jpg,UNMATCHED,,,,,,0,EXTERNAL_ONLY_PRODUCT
Circlip,2203/0071,Axle & Wheel Parts,https://www.antheautoparts.com/product-details/circlip-2203-0071-jcb-parts-online,https://enterprise.saioautomotive.com/backend/assets/uploads/products/a2w3dmVwVGxWRXVxQTNOYzJpK1Ztdz09_1744707893_0.jpg,EXACT,2203/0071,EXT CIRCLIP 60MM [1400 06,2203-0071-ext-circlip-60mm-1400-06,Axle & Wheel Parts,source_image,0.2,CROSS_REFERENCE_CONFIRMED
Differential Kit,450/20600,Axle & Wheel Parts,https://www.antheautoparts.com/product-details/differential-kit-450-20600-jcb-spares,https://enterprise.saioautomotive.com/backend/assets/uploads/products/bkI4TFBteFF3ZEU0dUJmeldyRnRKZz09_1744714252_0.jpg,EXACT,450/20600,ASSY.DIFF. -PINION/GEAR,450-20600-assydiff-pinion-gear,Axle & Wheel Parts,source_image,0,CROSS_REFERENCE_CONFIRMED
PD70 Axle Counter Plate,450/20403,Axle & Wheel Parts,https://www.antheautoparts.com/product-details/pd70-axle-counter-plate-450-20403-jcb-parts-near-me,https://enterprise.saioautomotive.com/backend/assets/uploads/products/d21sdVpoOTY0SWtxODJGcGN3UmE3QT09_1744714350_0.jpg,EXACT,450/20403,PLATECOUNTER,450-20403-platecounter,Axle & Wheel Parts,source_image,0,CROSS_REFERENCE_CONFIRMED
Friction Plate,450/20402,Axle & Wheel Parts,https://www.antheautoparts.com/product-details/friction-plate-450-20402-jcb-parts,https://enterprise.saioautomotive.com/backend/assets/uploads/products/T1lSVzdVa0o0S3RYSVNVbEVEUHZLUT09_1744714423_0.jpg,EXACT,450/20402,PLATEFRICTION,450-20402-platefriction,Axle & Wheel Parts,source_image,0,CROSS_REFERENCE_CONFIRMED
Pressure Plate Differential Set Of 2 Units,450/20401,Axle & Wheel Parts,https://www.antheautoparts.com/product-details/pressure-plate-differential-set-of-2-units-450-20401-jcb-parts,https://enterprise.saioautomotive.com/backend/assets/uploads/products/TmhRdytGNWZKV08wdzRicWNUQXhLZz09_1744714503_0.jpg,EXACT,450/20401,PLATEPRESSURE,450-20401-platepressure,Axle & Wheel Parts,source_image,0,CROSS_REFERENCE_CONFIRMED
Driveshaft With Double Joint,914/89300,Axle & Wheel Parts,https://www.antheautoparts.com/product-details/driveshaft-with-double-joint-914-89300-jcb-parts-near-me,https://enterprise.saioautomotive.com/backend/assets/uploads/products/UVZFVkIwWlBlb3p6TXhzZ2V2OE9ZQT09_1744714746_0.jpg,HIGH,914/89300,Driveshaft,914-89300-driveshaft,Axle & Wheel Parts,source_image,0.33,CROSS_REFERENCE_CONFIRMED
Axle Shaft Spider Kit,333/H4196,Axle & Wheel Parts,https://www.antheautoparts.com/product-details/axle-shaft-spider-kit-333-h4196-jcb-spare-parts,https://enterprise.saioautomotive.com/backend/assets/uploads/products/MmhTMUFMekNXUGx2SEpLS3BJcHM2Zz09_1744714822_0.jpg,EXACT,333/H4196,KitSpider,333-h4196-kitspider,Axle & Wheel Parts,source_image,0,CROSS_REFERENCE_CONFIRMED
Circlip,821/00494,Axle & Wheel Parts,https://www.antheautoparts.com/product-details/circlip-821-00494-jcb-aftermarket-parts,https://enterprise.saioautomotive.com/backend/assets/uploads/products/VXVrT3ZhS3I5ODY1ODhmWEZ2SVNQUT09_1744714872_0.jpg,HIGH,821/00494,EXTERNAL CIRCLIP,821-00494-external-circlip,Axle & Wheel Parts,source_image,0.5,CROSS_REFERENCE_CONFIRMED
Drive Shaft,914/90640,Axle & Wheel Parts,https://www.antheautoparts.com/product-details/drive-shaft-914-90640-replacement-jcb-parts,https://enterprise.saioautomotive.com/backend/assets/uploads/products/KzVhYWZYQzNzQ1YxQ3pGOW1SMVllQT09_1744714932_0.jpg,EXACT,914/90640,ShaftDrive,914-90640-shaftdrive,Axle & Wheel Parts,source_image,0,CROSS_REFERENCE_CONFIRMED
Differential,448/42210,Axle & Wheel Parts,https://www.antheautoparts.com/product-details/differential-448-42210-jcb-genuine-parts,https://enterprise.saioautomotive.com/backend/assets/uploads/products/ZkN0MFRkTXJWOGY5MGNFNEhJV09NQT09_1744714980_0.jpg,HIGH,448/42210,DIFFERENTIAL ASSY,448-42210-differential-assy,Axle & Wheel Parts,source_image,0.5,CROSS_REFERENCE_CONFIRMED
Bolt,826/01434,Axle & Wheel Parts,https://www.antheautoparts.com/product-details/bolt-826-01434-jcb-spare-parts,https://enterprise.saioautomotive.com/backend/assets/uploads/products/V04vQ3VheE1rWWVMOGRGK2FXMTNKZz09_1744715034_0.jpg,EXACT,826/01434,VERBUSRIPPTYPE,826-01434-verbusripptype,Axle & Wheel Parts,source_image,0,CROSS_REFERENCE_CONFIRMED
Bolt,826/01472,Axle & Wheel Parts,https://www.antheautoparts.com/product-details/bolt-826-01472-jcb-parts-online,https://enterprise.saioautomotive.com/backend/assets/uploads/products/K296dVhIaHR4M28rZjV0M256dE40Zz09_1744715093_0.jpg,HIGH,826/01472,BOLT',826-01472-bolt,Axle & Wheel Parts,source_image,1,CROSS_REFERENCE_CONFIRMED
Nut,826/11174,Axle & Wheel Parts,https://www.antheautoparts.com/product-details/nut-826-11174-jcb-parts-online,https://enterprise.saioautomotive.com/backend/assets/uploads/products/WlduemVRMDN2eDlicVFMWVpqTDdhdz09_1744715188_0.jpg,UNMATCHED,,,,,,0,EXTERNAL_ONLY_PRODUCT
Differential Assembly,450/26200,Axle & Wheel Parts,https://www.antheautoparts.com/product-details/differential-assembly-450-26200-jcb-parts-online,https://enterprise.saioautomotive.com/backend/assets/uploads/products/OXdNMUphMVdBK29oSFlwck8raldlUT09_1744715247_0.jpg,HIGH,450/26200,G.A. DIFFERENTIAL LSD',450-26200-ga-differential-lsd,Axle & Wheel Parts,source_image,0.33,CROSS_REFERENCE_CONFIRMED
Bolt,826/01586,Axle & Wheel Parts,https://www.antheautoparts.com/product-details/bolt-826-01586-jcb-aftermarket-parts,https://enterprise.saioautomotive.com/backend/assets/uploads/products/V3VOSGl0VXJsSWlwQzFxQmZnM0ZaQT09_1744715359_0.jpg,UNMATCHED,,,,,,0,EXTERNAL_ONLY_PRODUCT
Differential Casing,458/M2842,Axle & Wheel Parts,https://www.antheautoparts.com/product-details/differential-casing-458-m2842-jcb-genuine-parts,https://enterprise.saioautomotive.com/backend/assets/uploads/products/WHh4bW4xRHpPM0J3SHdrTWNEUnZ1Zz09_1744715434_0.jpg,EXACT,458/M2842,DIFF CASING NO GEARS,458-m2842-diff-casing-no-gears,Axle & Wheel Parts,source_image,0.2,CROSS_REFERENCE_CONFIRMED
Crown Wheel & Pinion 30M 13/38,458/W4742,Axle & Wheel Parts,https://www.antheautoparts.com/product-details/crown-wheel-pinion-30m-13-38-458-w4742-jcb-parts,https://enterprise.saioautomotive.com/backend/assets/uploads/products/LzlhQWhxOVZveFRhT3l4UHBVdmE2Zz09_1744715503_0.jpg,HIGH,458/W4742,GA C/WHEEL & PINION 13/38,458-w4742-ga-c-wheel-pinion-13-38,Axle & Wheel Parts,source_image,0.57,CROSS_REFERENCE_CONFIRMED
Piston Head,595/10027,Axle & Wheel Parts,https://www.antheautoparts.com/product-details/piston-head-595-10027-jcb-genuine-parts,https://enterprise.saioautomotive.com/backend/assets/uploads/products/VXVSY1NKWkJKTU9TZHk2UkNXRUNIUT09_1744715578_0.jpg,EXACT,595/10027,PISTONHEAD,595-10027-pistonhead,Axle & Wheel Parts,source_image,0,CROSS_REFERENCE_CONFIRMED
Piston Head Nut,595/10035,Axle & Wheel Parts,https://www.antheautoparts.com/product-details/piston-head-nut-595-10035-jcb-parts-catalog,https://enterprise.saioautomotive.com/backend/assets/uploads/products/ZkhPdEM3di96L1ZiVllpanZIWHZjZz09_1744715646_0.jpg,UNMATCHED,,,,,,0,EXTERNAL_ONLY_PRODUCT
Piston Head Nut,595/10057,Axle & Wheel Parts,https://www.antheautoparts.com/product-details/piston-head-nut-595-10057-jcb-spare-parts,https://enterprise.saioautomotive.com/backend/assets/uploads/products/dFJOaE9vN29IcjZXQ080Wm4xSVEydz09_1744715693_0.jpg,EXACT,595/10057,HEADPISTON,595-10057-headpiston,Axle & Wheel Parts,source_image,0,CROSS_REFERENCE_CONFIRMED
Piston Head,595/10061,Axle & Wheel Parts,https://www.antheautoparts.com/product-details/piston-head-595-10061-jcb-aftermarket-parts,https://enterprise.saioautomotive.com/backend/assets/uploads/products/VDdoV0hWSUtaa05TM0Jia1NWSDMxZz09_1744715742_0.jpg,EXACT,595/10061,P/HEAD 90*60 (595/10037P),595-10061-p-head-9060-595-10037p,Axle & Wheel Parts,source_image,0.17,CROSS_REFERENCE_CONFIRMED
Sun Gear,332/H3930,Axle & Wheel Parts,https://www.antheautoparts.com/product-details/sun-gear-332-h3930-jcb-parts,https://enterprise.saioautomotive.com/backend/assets/uploads/products/aU0zNFhCNVJjM1pjNWZHM2J1THd0QT09_1744715839_0.jpg,EXACT,332/H3930,PlanetaryAssembly,332-h3930-planetaryassembly,Axle & Wheel Parts,source_image,0,CROSS_REFERENCE_CONFIRMED
Front Wheel Nut,826/01008,Axle & Wheel Parts,https://www.antheautoparts.com/product-details/front-wheel-nut-826-01008-jcb-parts-near-me,https://enterprise.saioautomotive.com/backend/assets/uploads/products/VUxIUmVwVlpONU1idjZOV1FzZVNOdz09_1744715986_0.jpg,UNMATCHED,,,,,,0,EXTERNAL_ONLY_PRODUCT
Piston Head,595/10040,Axle & Wheel Parts,https://www.antheautoparts.com/product-details/piston-head-595-10040-jcb-parts-online,https://enterprise.saioautomotive.com/backend/assets/uploads/products/VXlReTJ6N2dnM1FyN0lZMHNaMndLZz09_1744716149_0.jpg,EXACT,595/10040,P/HEAD 595/10057P,595-10040-p-head-595-10057p,Axle & Wheel Parts,generated_image,0.25,CROSS_REFERENCE_CONFIRMED
Rear Prop shaft,914/60265,Axle & Wheel Parts,https://www.antheautoparts.com/product-details/rear-prop-shaft-914-60265-jcb-spares,https://enterprise.saioautomotive.com/backend/assets/uploads/products/YkxXdkZHYmg5QmhUOWpsYVIwQm9jdz09_1744716240_0.jpg,UNMATCHED,,,,,,0,EXTERNAL_ONLY_PRODUCT
M/C Probe G3/8 2,559/90066,Axle & Wheel Parts,https://www.antheautoparts.com/product-details/m-c-probe-g3-8-2-559-90066-jcb-spare-parts,https://enterprise.saioautomotive.com/backend/assets/uploads/products/WFRyTkZZdy9PNFoxdDB4WjMwZ2QwQT09_1744716355_0.jpg,UNMATCHED,,,,,,0,EXTERNAL_ONLY_PRODUCT
External Circlip,821/00216,Axle & Wheel Parts,https://www.antheautoparts.com/product-details/external-circlip-821-00216-jcb-parts-online,https://enterprise.saioautomotive.com/backend/assets/uploads/products/bWc4Q1M0aXFMN3FjRnBBNDZ6Mjk1dz09_1744716422_0.jpg,HIGH,821/00216,CIRCLIP,821-00216-circlip,Axle & Wheel Parts,source_image,0.5,CROSS_REFERENCE_CONFIRMED
Starter Ring Gear,02/100078,Axle & Wheel Parts,https://www.antheautoparts.com/product-details/starter-ring-gear-02-100078-jcb-genuine-parts,https://enterprise.saioautomotive.com/backend/assets/uploads/products/eWREbk95aVJEMjhqd3pGS0lPajh4QT09_1744716535_0.jpg,HIGH,02/100078,RING STARTER,02-100078-ring-starter,Axle & Wheel Parts,source_image,0.67,CROSS_REFERENCE_CONFIRMED
King Pin Repair Kit 2WD,990/99600,Axle & Wheel Parts,https://www.antheautoparts.com/product-details/king-pin-repair-kit-2wd-990-99600-jcb-parts,https://enterprise.saioautomotive.com/backend/assets/uploads/products/dldWZ2JURkF5c0l5NWtMUGNxUFd0dz09_1744716611_0.jpg,HIGH,990/99600,KIT-KING PIN',990-99600-kit-king-pin,Axle & Wheel Parts,source_image,0.6,CROSS_REFERENCE_CONFIRMED
Dust Valve Safety,32/905304,Axle & Wheel Parts,https://www.antheautoparts.com/product-details/dust-valve-safety-32-905304-jcb-spares,https://enterprise.saioautomotive.com/backend/assets/uploads/products/dGwvL1VjdEJFNXErRUhVZDhBZ3dDZz09_1744716671_0.jpg,HIGH,32/905304,VALVE,32-905304-valve,Axle & Wheel Parts,source_image,0.33,CROSS_REFERENCE_CONFIRMED
Clip Saefty,913/01102,Axle & Wheel Parts,https://www.antheautoparts.com/product-details/clip-saefty-913-01102-jcb-spares,https://enterprise.saioautomotive.com/backend/assets/uploads/products/RFNrT3lZVDlNbTd6dEt4blpwL0FUQT09_1744716756_0.jpg,EXACT,913/01102,CLEVIS CLIP 8MM,913-01102-clevis-clip-8mm,Axle & Wheel Parts,source_image,0.25,CROSS_REFERENCE_CONFIRMED
Ball Joint M8 Set of 2,123/08002 | 331/20202,Axle & Wheel Parts,https://www.antheautoparts.com/product-details/ball-joint-m8-set-of-2-123-08002-331-20202-jcb-parts-online,https://enterprise.saioautomotive.com/backend/assets/uploads/products/ajVocDBZUjd2cDZjck1OTXdNR2ZqQT09_1744716843_0.jpg,EXACT,331/20202,BALLJOINT,331-20202-balljoint,Axle & Wheel Parts,source_image,0,CROSS_REFERENCE_CONFIRMED
Piston Ring Kit Std,320/09299A,Axle & Wheel Parts,https://www.antheautoparts.com/product-details/piston-ring-kit-std-320-09299a-jcb-genuine-parts,https://enterprise.saioautomotive.com/backend/assets/uploads/products/WFFuUkFBZ1FyeEp4NVQ2Nkxudzczdz09_1744716945_0.jpg,HIGH,320/09299A,Kit-piston ring st- 4.4,320-09299a-kit-piston-ring-st-44,Axle & Wheel Parts,generated_image,0.6,CROSS_REFERENCE_CONFIRMED
Steering Wheel ABI Splined Hub With Spinner Knob,332/G8146,Axle & Wheel Parts,https://www.antheautoparts.com/product-details/steering-wheel-abi-splined-hub-with-spinner-knob-332-g8146-jcb-parts-near-me,https://enterprise.saioautomotive.com/backend/assets/uploads/products/Z2NkeERHSVFFcGU5aDJYVm4rQ2JhZz09_1744717055_0.jpg,EXACT,332/G8146,ABISTEERINGWHEEL-spinner,332-g8146-abisteeringwheel-spinner,Category under review,placeholder_image,0.13,DISCOVERED_IMAGE_REFERENCE_FOR_REVIEW
Front Hub Bearing,907/04100,Bearings,https://www.antheautoparts.com/product-details/front-hub-bearing-907-04100-jcb-parts-catalog,https://enterprise.saioautomotive.com/backend/assets/uploads/products/V1dCZ2tIc2UrZ3ByaHk5WUdHQ3VwQT09_1744784159_0.jpg,EXACT,907/04100,BEARING-SPURPINION,907-04100-bearing-spurpinion,Bearings,source_image,0.25,CROSS_REFERENCE_CONFIRMED
Front Axle Hub Bearing Small,907/05700,Bearings,https://www.antheautoparts.com/product-details/front-axle-hub-bearing-small-907-05700-jcb-spare-parts-dealer,https://enterprise.saioautomotive.com/backend/assets/uploads/products/WUdMRjBqbzdoWklvV1BNaldlNytRQT09_1744785082_0.jpg,HIGH,907/05700,BEARING -OUTER HUB,907-05700-bearing-outer-hub,Bearings,source_image,0.33,CROSS_REFERENCE_CONFIRMED
Thrust Bearing,907/05800,Bearings,https://www.antheautoparts.com/product-details/thrust-bearing-907-05800-jcb-parts-near-me,https://enterprise.saioautomotive.com/backend/assets/uploads/products/WWxQMEhPekxtNk1EUHc1ck1kQ050UT09_1744785134_0.jpg,HIGH,907/05800,THRUST BEARING,907-05800-thrust-bearing,Bearings,source_image,1,CROSS_REFERENCE_CONFIRMED
Thrust Bearing Hm89410 / Hm89449,907/08300,Bearings,https://www.antheautoparts.com/product-details/thrust-bearing-hm89410-hm89449-907-08300-replacement-jcb-parts,https://enterprise.saioautomotive.com/backend/assets/uploads/products/VEc3ZlhsOEYyc2dJSU5PeVYzMnNtdz09_1744785227_0.jpg,EXACT,907/08300,TAPER ROLLER BEARING,907-08300-taper-roller-bearing,Bearings,source_image,0.17,CROSS_REFERENCE_CONFIRMED
Front Axle Bearing,907/08400 907/20025,Bearings,https://www.antheautoparts.com/product-details/front-axle-bearing-907-08400-907-20025-jcb-genuine-parts,https://enterprise.saioautomotive.com/backend/assets/uploads/products/YjBta2ZhamU5WHIzU3ZCZmhMYnNtdz09_1744785307_0.jpg,UNMATCHED,,,,,,0,EXTERNAL_ONLY_PRODUCT
Bearing Hm803149 / Hm803110,907/09000,Bearings,https://www.antheautoparts.com/product-details/bearing-hm803149-hm803110-907-09000-jcb-spares,https://enterprise.saioautomotive.com/backend/assets/uploads/products/Kyt1MVQyRXF2Z2NjZTh0VGZPU2dKUT09_1744785391_0.jpg,EXACT,907/09000,TAPER ROLLER BEARING,907-09000-taper-roller-bearing,Bearings,source_image,0.2,CROSS_REFERENCE_CONFIRMED
Differential Assy. Taper Roller Bearing,907/09100,Bearings,https://www.antheautoparts.com/product-details/differential-assy-taper-roller-bearing-907-09100-jcb-parts,https://enterprise.saioautomotive.com/backend/assets/uploads/products/TFk3RFJHR3haL2dwWjBIdGJKS0Fodz09_1744785457_0.jpg,HIGH,907/09100,taper OLLER BEARING,907-09100-taper-oller-bearing,Bearings,source_image,0.33,CROSS_REFERENCE_CONFIRMED
Bearing,907/09600 | 907/20049,Bearings,https://www.antheautoparts.com/product-details/bearing-907-09600-907-20049-jcb-parts,https://enterprise.saioautomotive.com/backend/assets/uploads/products/bUdqeExsV1BLU29ya2NmZGVtcmFWUT09_1744785526_0.jpg,HIGH,907/09600,BEARING,907-09600-bearing,Bearings,source_image,1,CROSS_REFERENCE_CONFIRMED
Transmission Bearing L68149 / L681410,907/10000,Bearings,https://www.antheautoparts.com/product-details/transmission-bearing-l68149-l681410-907-10000-jcb-parts-online,https://enterprise.saioautomotive.com/backend/assets/uploads/products/d29ZL1R6ckhPVFlwcktHaXdLblUvQT09_1744785863_0.jpg,EXACT,907/10000,BEARING,907-10000-bearing,Bearings,source_image,0.25,CROSS_REFERENCE_CONFIRMED
Timken Bearing,907/09700,Bearings,https://www.antheautoparts.com/product-details/timken-bearing-907-09700-jcb-parts-online,https://enterprise.saioautomotive.com/backend/assets/uploads/products/eU5aSzFxT1VjaGdzU1ZUejhYOEtKZz09_1744785934_0.jpg,EXACT,907/09700,TAPER ROLLER BEARING,907-09700-taper-roller-bearing,Bearings,source_image,0.25,CROSS_REFERENCE_CONFIRMED
Bearing 50 X 80 X 20,907/20030,Bearings,https://www.antheautoparts.com/product-details/bearing-50-x-80-x-20-907-20030-jcb-spare-parts,https://enterprise.saioautomotive.com/backend/assets/uploads/products/Z1ZvRUZmUU9Hc3pTbFBIWUw2ZW5DQT09_1744785999_0.jpg,EXACT,907/20030,BEARINGTAPERROLLER,907-20030-bearingtaperroller,Bearings,source_image,0,CROSS_REFERENCE_CONFIRMED
Bearing 40 X 80 X 19.75,907/20033,Bearings,https://www.antheautoparts.com/product-details/bearing-40-x-80-x-1975-907-20033-replacement-jcb-parts,https://enterprise.saioautomotive.com/backend/assets/uploads/products/S0c4WlErSktCWnJhbVk1NWlOSnl0UT09_1744786043_0.jpg,EXACT,907/20033,BEARING-ROLLER,907-20033-bearing-roller,Bearings,source_image,0.17,CROSS_REFERENCE_CONFIRMED
Bearing 50 X 84 X 22,907/20034,Bearings,https://www.antheautoparts.com/product-details/bearing-50-x-84-x-22-907-20034-jcb-parts-catalog,https://enterprise.saioautomotive.com/backend/assets/uploads/products/aU9CY0tUWm5rWHhyUVBHMkV6aXl1Zz09_1744786100_0.jpg,EXACT,907/20034,BEARINGTAPERROLL,907-20034-bearingtaperroll,Bearings,source_image,0,CROSS_REFERENCE_CONFIRMED
Bearing 55 X 90 X 23,907/20037,Bearings,https://www.antheautoparts.com/product-details/bearing-55-x-90-x-23-907-20037-jcb-parts-online,https://enterprise.saioautomotive.com/backend/assets/uploads/products/VmMyNzBvQ0lQRzQ0c2RsVVd2Z2RoUT09_1744786354_0.jpg,EXACT,907/20037,BEARING-TAPERROLLER,907-20037-bearing-taperroller,Bearings,source_image,0.2,CROSS_REFERENCE_CONFIRMED
Bearing Taper Roller,907/20045,Bearings,https://www.antheautoparts.com/product-details/bearing-taper-roller-907-20045-jcb-genuine-parts,https://enterprise.saioautomotive.com/backend/assets/uploads/products/b0h1QmpKU2xuaWhjMkRWTGsrVlR3dz09_1744786424_0.jpg,EXACT,907/20045,TAPERROLLERBEARING,907-20045-taperrollerbearing,Bearings,source_image,0,CROSS_REFERENCE_CONFIRMED
Differential Bearing Taper Roller,907/50100,Bearings,https://www.antheautoparts.com/product-details/differential-bearing-taper-roller-907-50100-jcb-genuine-parts,https://enterprise.saioautomotive.com/backend/assets/uploads/products/VGMrWlF2VlUxV3R1YmZDR2duLzVzZz09_1744786510_0.jpg,HIGH,907/50100,BEARING ROLLER,907-50100-bearing-roller,Bearings,source_image,0.5,CROSS_REFERENCE_CONFIRMED
Hub Roller Bearing,907/50200,Bearings,https://www.antheautoparts.com/product-details/hub-roller-bearing-907-50200-jcb-parts-catalog,https://enterprise.saioautomotive.com/backend/assets/uploads/products/T3hwMEhydmJhYmtmOEZPRXpreTlxUT09_1744786561_0.jpg,EXACT,907/50200,CYLINDRICAL ROLLER B,907-50200-cylindrical-roller-b,Bearings,source_image,0.25,CROSS_REFERENCE_CONFIRMED
Transmission Bearing,907/51500 907/09300,Bearings,https://www.antheautoparts.com/product-details/transmission-bearing-907-51500-907-09300-jcb-genuine-parts,https://enterprise.saioautomotive.com/backend/assets/uploads/products/bHREK2NCUGpNWFZ1c3RjVzkvOEVYZz09_1744786678_0.jpg,UNMATCHED,,,,,,0,EXTERNAL_ONLY_PRODUCT
Bearing Taper Roller,907/51600 907/09500,Bearings,https://www.antheautoparts.com/product-details/bearing-taper-roller-907-51600-907-09500-jcb-aftermarket-parts,https://enterprise.saioautomotive.com/backend/assets/uploads/products/dERDWGhuSGhQbzJHU3JQajJDekZRZz09_1744786877_0.jpg,UNMATCHED,,,,,,0,EXTERNAL_ONLY_PRODUCT
Rear & Front Hub Bearing 37425/ 37625,907/52200 907/20043,Bearings,https://www.antheautoparts.com/product-details/rear-front-hub-bearing-37425-37625-907-52200-907-20043-jcb-genuine-parts,https://enterprise.saioautomotive.com/backend/assets/uploads/products/S1Joc09DTTl5Qm4rc2RZeEdIblV6UT09_1744786943_0.jpg,UNMATCHED,,,,,,0,EXTERNAL_ONLY_PRODUCT
Transmission Bearing Taper Roller,907/52700,Bearings,https://www.antheautoparts.com/product-details/transmission-bearing-taper-roller-907-52700-jcb-spare-parts-dealer,https://enterprise.saioautomotive.com/backend/assets/uploads/products/QjZpRTMvWVRXQ001cnlwdnFxN0pNUT09_1744786998_0.jpg,HIGH,907/52700,TAPER ROLLER BEARING,907-52700-taper-roller-bearing,Bearings,source_image,0.75,CROSS_REFERENCE_CONFIRMED
Bearing,907/52800,Bearings,https://www.antheautoparts.com/product-details/bearing-907-52800-jcb-parts-near-me,https://enterprise.saioautomotive.com/backend/assets/uploads/products/QlFPbWNaYzNBcXV5Vk00Y0lKeWtiUT09_1744787078_0.jpg,HIGH,907/52800,TAPER ROLLER BEARING,907-52800-taper-roller-bearing,Bearings,source_image,0.33,CROSS_REFERENCE_CONFIRMED
Ball Steel,916/00011,Bearings,https://www.antheautoparts.com/product-details/ball-steel-916-00011-jcb-parts-catalog,https://enterprise.saioautomotive.com/backend/assets/uploads/products/MDlKRjQ5b05MTUtCclpvTjU2MlNYUT09_1744787136_0.jpg,HIGH,916/00011,Ball steel,916-00011-ball-steel,Bearings,source_image,1,CROSS_REFERENCE_CONFIRMED
Hub Roller Bearing,907/50600,Bearings,https://www.antheautoparts.com/product-details/hub-roller-bearing-907-50600-jcb-parts-catalog,https://enterprise.saioautomotive.com/backend/assets/uploads/products/eEpXeHpQckIyWlFUWkhxN0g5TVlxdz09_1744787193_0.jpg,EXACT,907/50600,CYLINDRICAL ROLL.BRG CATB,907-50600-cylindrical-rollbrg-catb,Bearings,source_image,0,CROSS_REFERENCE_CONFIRMED
Steering Column Bearing,917/02000,Bearings,https://www.antheautoparts.com/product-details/steering-column-bearing-917-02000-jcb-aftermarket-parts,https://enterprise.saioautomotive.com/backend/assets/uploads/products/T1VVMkxiZEpEeEVRdmYvOE1rcGFGQT09_1744787245_0.jpg,HIGH,917/02000,BEARING,917-02000-bearing,Bearings,source_image,0.33,CROSS_REFERENCE_CONFIRMED
Bearing Needle Roller,917/02300,Bearings,https://www.antheautoparts.com/product-details/bearing-needle-roller-917-02300-jcb-spare-parts-dealer,https://enterprise.saioautomotive.com/backend/assets/uploads/products/M01Sd1ZucWpNTEFuS2NtL0JKcENXQT09_1744787293_0.jpg,HIGH,917/02300,NEEDLE ROLLER BEARIN,917-02300-needle-roller-bearin,Bearings,source_image,0.5,CROSS_REFERENCE_CONFIRMED
Bearing Needle Roller,917/02400,Bearings,https://www.antheautoparts.com/product-details/bearing-needle-roller-917-02400-replacement-jcb-parts,https://enterprise.saioautomotive.com/backend/assets/uploads/products/RU1HSWdNMHJEN3FvNGZmZWJtV2kwdz09_1744787347_0.jpg,HIGH,917/02400,NEEDLE ROLLER BEARIN,917-02400-needle-roller-bearin,Bearings,source_image,0.5,CROSS_REFERENCE_CONFIRMED
Bearing Needle Roller,917/02700,Bearings,https://www.antheautoparts.com/product-details/bearing-needle-roller-917-02700-replacement-jcb-parts,https://enterprise.saioautomotive.com/backend/assets/uploads/products/ZGo5b2QrSi95Szk4ZWE2NkVoaXlDdz09_1744787410_0.jpg,HIGH,917/02700,BEARING - NEEDLE ROLLER,917-02700-bearing-needle-roller,Bearings,source_image,1,CROSS_REFERENCE_CONFIRMED
Thrust Bearing Needle,917/10006,Bearings,https://www.antheautoparts.com/product-details/thrust-bearing-needle-917-10006-jcb-spare-parts,https://enterprise.saioautomotive.com/backend/assets/uploads/products/dG1YNm5lMnpMcS9ZbDRvcVhmU1BiUT09_1744787463_0.jpg,HIGH,917/10006,NEEDLE  BEARING,917-10006-needle-bearing,Bearings,source_image,0.67,CROSS_REFERENCE_CONFIRMED
Needle Bearing,917/50200,Bearings,https://www.antheautoparts.com/product-details/needle-bearing-917-50200-jcb-genuine-parts,https://enterprise.saioautomotive.com/backend/assets/uploads/products/L2pFak5tdStJTVRYUVhHQUdta2p2UT09_1744787538_0.jpg,EXACT,917/50200,NEEDLE ROLLER BRG.,917-50200-needle-roller-brg,Bearings,source_image,0.25,CROSS_REFERENCE_CONFIRMED
"Thrust Bearing, Needle Roller",917/50600,Bearings,https://www.antheautoparts.com/product-details/thrust-bearing-needle-roller-917-50600-jcb-spare-parts-dealer,https://enterprise.saioautomotive.com/backend/assets/uploads/products/VW9TUWtZNUkxWnR6cnNIMU11d056dz09_1744787608_0.jpg,EXACT,917/50600,BEARING,917-50600-bearing,Bearings,source_image,0.25,CROSS_REFERENCE_CONFIRMED
Needle Bearing,917/51900,Bearings,https://www.antheautoparts.com/product-details/needle-bearing-917-51900-jcb-parts,https://enterprise.saioautomotive.com/backend/assets/uploads/products/WFN3MTA1UHdBcXJtSTBTTU94SDNRdz09_1744787694_0.jpg,EXACT,917/51900,BEARINGNEEDLEROLLER,917-51900-bearingneedleroller,Bearings,source_image,0,CROSS_REFERENCE_CONFIRMED
Bearing Needle Roller,917/52900,Bearings,https://www.antheautoparts.com/product-details/bearing-needle-roller-917-52900-jcb-parts-online,https://enterprise.saioautomotive.com/backend/assets/uploads/products/RWdYbEFyRmhDVStVN0dZRU1Jd3VZQT09_1744787750_0.jpg,HIGH,917/52900,BEARING,917-52900-bearing,Bearings,source_image,0.33,CROSS_REFERENCE_CONFIRMED
Transmission Bearing Taper Roller,907/51400,Bearings,https://www.antheautoparts.com/product-details/transmission-bearing-taper-roller-907-51400-replacement-jcb-parts,https://enterprise.saioautomotive.com/backend/assets/uploads/products/Z2NSeGRZZzNQV1ptazk1WURyVm5UQT09_1744787846_0.jpg,EXACT,907/51400,TAPERROLLERBEARING,907-51400-taperrollerbearing,Bearings,source_image,0,CROSS_REFERENCE_CONFIRMED
Thrust Bearing,917/02800,Bearings,https://www.antheautoparts.com/product-details/thrust-bearing-917-02800-jcb-spares,https://enterprise.saioautomotive.com/backend/assets/uploads/products/ZEdzbExmcmFTa1lPNjQvMnhkL0hXUT09_1744787907_0.jpg,HIGH,917/02800,BEARING - THRUST,917-02800-bearing-thrust,Bearings,source_image,1,CROSS_REFERENCE_CONFIRMED
Bearing Hub,907/M7473,Bearings,https://www.antheautoparts.com/product-details/bearing-hub-907-m7473-jcb-spare-parts-dealer,https://enterprise.saioautomotive.com/backend/assets/uploads/products/Tk15YnJqbjMrRHhxUDN1MUIzSGMxdz09_1744787986_0.jpg,EXACT,907/M7473,BEARINGASSY-TAPE,907-m7473-bearingassy-tape,Bearings,source_image,0,CROSS_REFERENCE_CONFIRMED
Hydraclamp Housing,331/14893,Body Parts,https://www.antheautoparts.com/product-details/hydraclamp-housing-331-14893-jcb-aftermarket-parts,https://enterprise.saioautomotive.com/backend/assets/uploads/products/cmluNlNWSkRQcy9Yc2c0S1NjbXlRUT09_1744880696_0.jpg,UNMATCHED,,,,,,0,EXTERNAL_ONLY_PRODUCT
Diesel Tank Cap Lockable With 2 Keys,333/y1373 333/y1374,Body Parts,https://www.antheautoparts.com/product-details/diesel-tank-cap-lockable-with-2-keys-333-y1373-333-y1374-jcb-spare-parts,https://enterprise.saioautomotive.com/backend/assets/uploads/products/UVJZZGpUS0d1REVOYmpmMGY4TTBkQT09_1744881556_0.jpg,UNMATCHED,,,,,,0,EXTERNAL_ONLY_PRODUCT
Pinion Gear,121/38101,Body Parts,https://www.antheautoparts.com/product-details/pinion-gear-121-38101-jcb-parts-near-me,https://enterprise.saioautomotive.com/backend/assets/uploads/products/RFRDQUJFSDB4ckxlTWx0U2ZYLzA4QT09_1744881602_0.jpg,EXACT,121/38101,SLEWPINION,121-38101-slewpinion,Body Parts,source_image,0,CROSS_REFERENCE_CONFIRMED
Pinion Rack,121/38104,Body Parts,https://www.antheautoparts.com/product-details/pinion-rack-121-38104-jcb-spare-parts,https://enterprise.saioautomotive.com/backend/assets/uploads/products/Um0ydjJKaW4rRldySzlPZGxPTGFGUT09_1744881653_0.jpg,EXACT,121/38104,SLEWRACK,121-38104-slewrack,Body Parts,source_image,0,CROSS_REFERENCE_CONFIRMED
Diesel Fuel Tank Cap,122/62400,Body Parts,https://www.antheautoparts.com/product-details/diesel-fuel-tank-cap-122-62400-jcb-aftermarket-parts,https://enterprise.saioautomotive.com/backend/assets/uploads/products/SThtN1RXenBWYWJoOVFuN1lFeXFYdz09_1744881702_0.jpg,UNMATCHED,,,,,,0,EXTERNAL_ONLY_PRODUCT
Hydraclamp Housing,120/40301,Body Parts,https://www.antheautoparts.com/product-details/hydraclamp-housing-120-40301-jcb-parts-catalog,https://enterprise.saioautomotive.com/backend/assets/uploads/products/UEF1K09zNTVJM24zcW9sVWIvdzIxdz09_1744881800_0.jpg,UNMATCHED,,,,,,0,EXTERNAL_ONLY_PRODUCT
Kingpost Cap,123/00224,Body Parts,https://www.antheautoparts.com/product-details/kingpost-cap-123-00224-jcb-parts-near-me,https://enterprise.saioautomotive.com/backend/assets/uploads/products/QVBKUDQzSnBQUHhERFl1VXd5M2o1Zz09_1744881848_0.jpg,EXACT,123/00224,KINGPOSTRAINCOVER,123-00224-kingpostraincover,Body Parts,source_image,0,CROSS_REFERENCE_CONFIRMED
Breather Assembly,123/00295,Body Parts,https://www.antheautoparts.com/product-details/breather-assembly-123-00295-replacement-jcb-parts,https://enterprise.saioautomotive.com/backend/assets/uploads/products/RXRDMFRuVVFqZVFDYW43SWNSdDhZZz09_1744881934_0.jpg,UNMATCHED,,,,,,0,EXTERNAL_ONLY_PRODUCT
Front Grill,123/00428 123/01424,Body Parts,https://www.antheautoparts.com/product-details/front-grill-123-00428-123-01424-jcb-spare-parts,https://enterprise.saioautomotive.com/backend/assets/uploads/products/M0pUdytaejVETitLeTJsd3NJUTdZQT09_1744882008_0.jpg,UNMATCHED,,,,,,0,EXTERNAL_ONLY_PRODUCT
"Hydraclamp Bolt, Nut & Washer",123/00928 826/00820 823/00476,Body Parts,https://www.antheautoparts.com/product-details/hydraclamp-bolt-nut-washer-123-00928-826-00820-823-00476-replacement-jcb-parts,https://enterprise.saioautomotive.com/backend/assets/uploads/products/TldKUzRBcmlFN0hNTmQxd1hzR3l0QT09_1744882235_0.jpg,UNMATCHED,,,,,,0,EXTERNAL_ONLY_PRODUCT
Hydraclamp Bolt,123/00928 826/10382,Body Parts,https://www.antheautoparts.com/product-details/hydraclamp-bolt-123-00928-826-10382-jcb-genuine-parts,https://enterprise.saioautomotive.com/backend/assets/uploads/products/SnNodjFCNmh5aGZEYjEvV3VxT3dFQT09_1744882292_0.jpg,UNMATCHED,,,,,,0,EXTERNAL_ONLY_PRODUCT
Rear Fender Left Hand,123/02469,Body Parts,https://www.antheautoparts.com/product-details/rear-fender-left-hand-123-02469-jcb-spare-parts-dealer,https://enterprise.saioautomotive.com/backend/assets/uploads/products/dmVOOW9yTEQ4N2tWMjlmUHRwSXZnUT09_1744882444_0.jpg,EXACT,123/02469,L/HREARMUDGAURDS,123-02469-l-hrearmudgaurds,Body Parts,source_image,0,CROSS_REFERENCE_CONFIRMED
Rear Fender Right Hand,123/02470,Body Parts,https://www.antheautoparts.com/product-details/rear-fender-right-hand-123-02470-jcb-parts,https://enterprise.saioautomotive.com/backend/assets/uploads/products/clpjRHFlajdZNGFUSkNHbGxNRjdrZz09_1744882943_0.jpg,EXACT,123/02470,R/HREARMUDGAURDS,123-02470-r-hrearmudgaurds,Body Parts,source_image,0,CROSS_REFERENCE_CONFIRMED
Engine Mountings,123/03138,Body Parts,https://www.antheautoparts.com/product-details/engine-mountings-123-03138-jcb-aftermarket-parts,https://enterprise.saioautomotive.com/backend/assets/uploads/products/TzVOc2ZBV3JZVGYvY1JOaHZaYUt4dz09_1744883003_0.jpg,EXACT,123/03138,RESILIENTMOUNT,123-03138-resilientmount,Body Parts,source_image,0,CROSS_REFERENCE_CONFIRMED
Kingpost Slew Pinion Shaft,123/04862 121/39800,Body Parts,https://www.antheautoparts.com/product-details/kingpost-slew-pinion-shaft-123-04862-121-39800-jcb-spares,https://enterprise.saioautomotive.com/backend/assets/uploads/products/TEFBb1pVM28rSXU0YmM1c3ZMVXE3dz09_1744883058_0.jpg,UNMATCHED,,,,,,0,EXTERNAL_ONLY_PRODUCT
,123/05549,Body Parts,https://www.antheautoparts.com/product-details/123-05549-jcb-spares,https://enterprise.saioautomotive.com/backend/assets/uploads/products/WVNmamxreVlHelBWU0phVFVpUEV4dz09_1744883151_0.jpg,UNMATCHED,,,,,,0,EXTERNAL_ONLY_PRODUCT
Right Hand Stone Guard Yellow,123/05550,Body Parts,https://www.antheautoparts.com/product-details/right-hand-stone-guard-yellow-123-05550-jcb-spare-parts,https://enterprise.saioautomotive.com/backend/assets/uploads/products/Mko5RnpvTnBuVUV3Uk9nZnorTThNZz09_1744883203_0.jpg,HIGH,123/05550,R/H STONE GUARD,123-05550-r-h-stone-guard,Body Parts,source_image,0.4,CROSS_REFERENCE_CONFIRMED
Diesel Fuel Tank Cap With 2 Keys,123/05892 331/33064,Body Parts,https://www.antheautoparts.com/product-details/diesel-fuel-tank-cap-with-2-keys-123-05892-331-33064-jcb-spares,https://enterprise.saioautomotive.com/backend/assets/uploads/products/MEZNV2h4OGhOTzcvN25DNjR1T2ZxUT09_1745921838_0.jpg,UNMATCHED,,,,,,0,EXTERNAL_ONLY_PRODUCT
Sideshift Stabiliser Cap,123/06023,Body Parts,https://www.antheautoparts.com/product-details/sideshift-stabiliser-cap-123-06023-jcb-genuine-parts,https://enterprise.saioautomotive.com/backend/assets/uploads/products/OFpuOEl5b3pLQXFKZlZLNmJEbmhTQT09_1744883574_0.jpg,EXACT,123/06023,STAB HSG. CAP S/S,123-06023-stab-hsg-cap-s-s,Body Parts,source_image,0.2,CROSS_REFERENCE_CONFIRMED
Hydraulic Tank Sight Gauge 50 Mm With Seal,123/08053,Body Parts,https://www.antheautoparts.com/product-details/hydraulic-tank-sight-gauge-50-mm-with-seal-123-08053-jcb-genuine-parts,https://enterprise.saioautomotive.com/backend/assets/uploads/products/RkV3WVF3dy9BWjlzRE1vdkxqS1FwQT09_1744883672_0.jpg,EXACT,123/08053,SIGHT GAUGE,123-08053-sight-gauge,Body Parts,source_image,0.29,CROSS_REFERENCE_CONFIRMED
"Hydraulic Tank Sight Gauge, Plastic 47MM W. Seal",123/08053,Body Parts,https://www.antheautoparts.com/product-details/hydraulic-tank-sight-gauge-plastic-47mm-w-seal-123-08053-jcb-parts-catalog,https://enterprise.saioautomotive.com/backend/assets/uploads/products/aS9mL2RldnNGZXNnYkhkMWtvbXUrZz09_1744883981_0.jpg,EXACT,123/08053,SIGHT GAUGE,123-08053-sight-gauge,Body Parts,source_image,0.29,CROSS_REFERENCE_CONFIRMED
Hydraclamp Housing,123/06097 123/06751,Body Parts,https://www.antheautoparts.com/product-details/hydraclamp-housing-123-06097-123-06751-jcb-aftermarket-parts,https://enterprise.saioautomotive.com/backend/assets/uploads/products/RlRmcVdxajFYdWp0Sm1rYmhRL2k4Zz09_1744884597_0.jpg,UNMATCHED,,,,,,0,EXTERNAL_ONLY_PRODUCT
Lever Tipping Twin Link Position,125/79800 335/05602,Body Parts,https://www.antheautoparts.com/product-details/lever-tipping-twin-link-position-125-79800-335-05602-jcb-parts-near-me,https://enterprise.saioautomotive.com/backend/assets/uploads/products/a1l6RXk0SFdHZGJaa1BHSEhoeHFJQT09_1744884690_0.jpg,UNMATCHED,,,,,,0,EXTERNAL_ONLY_PRODUCT
Lever Tipping C/w Hose Guides,125/79900 335/05603,Body Parts,https://www.antheautoparts.com/product-details/lever-tipping-c-w-hose-guides-125-79900-335-05603-jcb-genuine-parts,https://enterprise.saioautomotive.com/backend/assets/uploads/products/Y1R1YmdYU2JuMTluT201U2d6KytWdz09_1744884761_0.jpg,UNMATCHED,,,,,,0,EXTERNAL_ONLY_PRODUCT
Tipping Link,126/00247,Body Parts,https://www.antheautoparts.com/product-details/tipping-link-126-00247-jcb-genuine-parts,https://enterprise.saioautomotive.com/backend/assets/uploads/products/Y1daQ3lPbmxJWnpMb09Qa2llVXlCZz09_1744884825_0.jpg,EXACT,126/00247,GA BUCKET LINK,126-00247-ga-bucket-link,Body Parts,source_image,0.25,CROSS_REFERENCE_CONFIRMED
Tipping Link,126/00248,Body Parts,https://www.antheautoparts.com/product-details/tipping-link-126-00248-jcb-spare-parts-dealer,https://enterprise.saioautomotive.com/backend/assets/uploads/products/K1hXR3NKYm1Gek82VFRaRDA3Umk4QT09_1744884915_0.jpg,EXACT,126/00248,GA BUCKET LINK + SHACKLE,126-00248-ga-bucket-link-shackle,Body Parts,source_image,0.2,CROSS_REFERENCE_CONFIRMED
Metal Wear Pad For Stabiliser Leg,128/10850,Body Parts,https://www.antheautoparts.com/product-details/metal-wear-pad-for-stabiliser-leg-128-10850-jcb-aftermarket-parts,https://enterprise.saioautomotive.com/backend/assets/uploads/products/QWQyc25CVG84WGdEY0JVbC82ZHZpZz09_1744885113_0.jpg,UNMATCHED,,,,,,0,EXTERNAL_ONLY_PRODUCT
Hydraulic Level Gauge,130/05631,Body Parts,https://www.antheautoparts.com/product-details/hydraulic-level-gauge-130-05631-jcb-parts-near-me,https://enterprise.saioautomotive.com/backend/assets/uploads/products/UEUzSEwzby9HSzk5TDQ0dmNGVDNWZz09_1744885366_0.jpg,EXACT,130/05631,HYD.SIGHT GAUGE,130-05631-hydsight-gauge,Body Parts,source_image,0.2,CROSS_REFERENCE_CONFIRMED
Side Cutter Tooth Nut Bolt,1340/0701 1305/0714F,Body Parts,https://www.antheautoparts.com/product-details/side-cutter-tooth-nut-bolt-1340-0701-1305-0714f-jcb-spares,https://enterprise.saioautomotive.com/backend/assets/uploads/products/MGYvMklsWVNuK2hsNXVEdXRTZThudz09_1744885439_0.jpg,UNMATCHED,,,,,,0,EXTERNAL_ONLY_PRODUCT
Grill Lock With 2 Keys,162/03434 & 701/45501,Body Parts,https://www.antheautoparts.com/product-details/grill-lock-with-2-keys-162-03434-701-45501-jcb-spare-parts-dealer,https://enterprise.saioautomotive.com/backend/assets/uploads/products/bDhIUWw4NTNxandRSFdBZGpROU5wZz09_1744885505_0.jpg,UNMATCHED,,,,,,0,EXTERNAL_ONLY_PRODUCT
Hydraulic Tank Sight Gauge 33mm With Seal,231/65902,Body Parts,https://www.antheautoparts.com/product-details/hydraulic-tank-sight-gauge-33mm-with-seal-231-65902-jcb-parts-near-me,https://enterprise.saioautomotive.com/backend/assets/uploads/products/YUl6eW9tTy9xMEprUlhvYnF5TG1zZz09_1744885564_0.jpg,UNMATCHED,,,,,,0,EXTERNAL_ONLY_PRODUCT
Cabin Mountings Set Of 4 Pcs,263/24405 120/16903,Body Parts,https://www.antheautoparts.com/product-details/cabin-mountings-set-of-4-pcs-263-24405-120-16903-jcb-parts,https://enterprise.saioautomotive.com/backend/assets/uploads/products/d0x6bXV1VEpNZHcvTXlVcW43bWwyZz09_1744885629_0.jpg,UNMATCHED,,,,,,0,EXTERNAL_ONLY_PRODUCT
Hydraulic Filler Cap & 2 Keys,32/925421 331/Y1376,Body Parts,https://www.antheautoparts.com/product-details/hydraulic-filler-cap-2-keys-32-925421-331-y1376-jcb-aftermarket-parts,https://enterprise.saioautomotive.com/backend/assets/uploads/products/cmRvS0ZMMno0MitBOXBrbFRSZWNidz09_1744885725_0.jpg,UNMATCHED,,,,,,0,EXTERNAL_ONLY_PRODUCT
Hydraclamp Housing,331/21314 331/44695 128/14725,Body Parts,https://www.antheautoparts.com/product-details/hydraclamp-housing-331-21314-331-44695-128-14725-jcb-parts-catalog,https://enterprise.saioautomotive.com/backend/assets/uploads/products/dy85VEI3YlNhYVI5eUI5cWNtbHdLQT09_1744885793_0.jpg,UNMATCHED,,,,,,0,EXTERNAL_ONLY_PRODUCT
"Aluminium Step, Lower",331/22800,Body Parts,https://www.antheautoparts.com/product-details/aluminium-step-lower-331-22800-jcb-parts-online,https://enterprise.saioautomotive.com/backend/assets/uploads/products/aHU5M0xWU01UbHZUYkJYVzI3RVVKUT09_1744886863_0.jpg,HIGH,331/22800,STEP,331-22800-step,Body Parts,source_image,0.33,CROSS_REFERENCE_CONFIRMED
Bonnet Latch Assembly,331/27126,Body Parts,https://www.antheautoparts.com/product-details/bonnet-latch-assembly-331-27126-jcb-spares,https://enterprise.saioautomotive.com/backend/assets/uploads/products/TW9uQnJpajA1R3RYYjVQTHZqQUhrUT09_1744886969_0.jpg,EXACT,331/27126,BONNET LOCK,331-27126-bonnet-lock,Body Parts,source_image,0.25,CROSS_REFERENCE_CONFIRMED
Safety Strut,331/39126,Body Parts,https://www.antheautoparts.com/product-details/safety-strut-331-39126-jcb-parts-catalog,https://enterprise.saioautomotive.com/backend/assets/uploads/products/YXpRWjM4VTN2Uzl2TUNFazBobU9yZz09_1744887023_0.jpg,HIGH,331/39126,LOADER SAFETY STRUT 690mm,331-39126-loader-safety-strut-690mm,Body Parts,source_image,0.5,CROSS_REFERENCE_CONFIRMED
Hydraclamp Housing,331/42846 331/45731 128/14726,Body Parts,https://www.antheautoparts.com/product-details/hydraclamp-housing-331-42846-331-45731-128-14726-jcb-spare-parts-dealer,https://enterprise.saioautomotive.com/backend/assets/uploads/products/Z1NobkVEMmxxdTRUUnR4c2ZFV0JMQT09_1744887151_0.jpg,UNMATCHED,,,,,,0,EXTERNAL_ONLY_PRODUCT
Front Grill,332/Y8581 128/F8113,Body Parts,https://www.antheautoparts.com/product-details/front-grill-332-y8581-128-f8113-jcb-parts-catalog,https://enterprise.saioautomotive.com/backend/assets/uploads/products/V3k5ZFNCOG1tcy9SSDE5UHlWWUZkdz09_1744887202_0.jpg,UNMATCHED,,,,,,0,EXTERNAL_ONLY_PRODUCT
Diesel Fuel Tank Strainer,333/Y1346,Body Parts,https://www.antheautoparts.com/product-details/diesel-fuel-tank-strainer-333-y1346-jcb-parts-online,https://enterprise.saioautomotive.com/backend/assets/uploads/products/ZHErZExsMEp2Q0dYVHVjSVJ4S01zUT09_1744887251_0.jpg,HIGH,333/Y1346,STRAINER-FUEL FILTER,333-y1346-strainer-fuel-filter,Body Parts,source_image,0.4,CROSS_REFERENCE_CONFIRMED
Boom Lock,40/301615,Body Parts,https://www.antheautoparts.com/product-details/boom-lock-40-301615-jcb-aftermarket-parts,https://enterprise.saioautomotive.com/backend/assets/uploads/products/aE1ZTHlmNFFpelhwdHd0VTdnMU4xQT09_1744887306_0.jpg,HIGH,40/301615,BOOM LOCK WA,40-301615-boom-lock-wa,Body Parts,source_image,0.67,CROSS_REFERENCE_CONFIRMED
Pipe Lift Pump To Filter,320/07059 320/07042,Body Parts,https://www.antheautoparts.com/product-details/pipe-lift-pump-to-filter-320-07059-320-07042-jcb-genuine-parts,https://enterprise.saioautomotive.com/backend/assets/uploads/products/TWVMZHNVcm1rOXFTYy9uYWEzVlIxdz09_1744887356_0.jpg,UNMATCHED,,,,,,0,EXTERNAL_ONLY_PRODUCT
Slew Ram Cushing Plunger,550/40980,Body Parts,https://www.antheautoparts.com/product-details/slew-ram-cushing-plunger-550-40980-jcb-parts-online,https://enterprise.saioautomotive.com/backend/assets/uploads/products/dUVzYmlocnNOSUxaOHZhKzN2K05Cdz09_1744887413_0.jpg,HIGH,550/40980,CUSHIONING PLUNGER(SLEW,550-40980-cushioning-plunger-slew,Body Parts,source_image,0.4,CROSS_REFERENCE_CONFIRMED
Hydraclamp Nut,826/00820,Body Parts,https://www.antheautoparts.com/product-details/hydraclamp-nut-826-00820-jcb-parts-online,https://enterprise.saioautomotive.com/backend/assets/uploads/products/RXJYV3RRWEhXazZHQVVoSVlFK0w2Zz09_1744887474_0.jpg,EXACT,826/00820,PLAIN NUT -1.1/2 UNF,826-00820-plain-nut-11-2-unf,Body Parts,source_image,0.25,CROSS_REFERENCE_CONFIRMED
Bonnet Pin Hinge & Adjuster Assembly,826/11666 331/66397,Body Parts,https://www.antheautoparts.com/product-details/bonnet-pin-hinge-adjuster-assembly-826-11666-331-66397-jcb-spares,https://enterprise.saioautomotive.com/backend/assets/uploads/products/dGpPcGVLdGhDYkdVa0RlYjlFNzVpZz09_1744887537_0.jpg,UNMATCHED,,,,,,0,EXTERNAL_ONLY_PRODUCT
Mirror Arm Right Hand,123/04968,Body Parts,https://www.antheautoparts.com/product-details/mirror-arm-right-hand-123-04968-jcb-spare-parts-dealer,https://enterprise.saioautomotive.com/backend/assets/uploads/products/QjJ3NGZxbzFDNmQ5NXNtc3Q0ZjRCdz09_1744887645_0.jpg,UNMATCHED,,,,,,0,EXTERNAL_ONLY_PRODUCT
Lever Tipping,335/05601,Body Parts,https://www.antheautoparts.com/product-details/lever-tipping-335-05601-jcb-spares,https://enterprise.saioautomotive.com/backend/assets/uploads/products/Q051a0U2Zk0xQUJROFpQOVJSaWsrUT09_1744887752_0.jpg,UNMATCHED,,,,,,0,EXTERNAL_ONLY_PRODUCT
Double Ended Stud,826/01363,Body Parts,https://www.antheautoparts.com/product-details/double-ended-stud-826-01363-jcb-spares,https://enterprise.saioautomotive.com/backend/assets/uploads/products/Q1dMVFMrbDRubGJBdk5EdzB5WEpxUT09_1744887837_0.jpg,HIGH,826/01363,M12 DOUBLE ENDED STUD,826-01363-m12-double-ended-stud,Body Parts,source_image,0.75,CROSS_REFERENCE_CONFIRMED
Mirror Head,123/04970,Body Parts,https://www.antheautoparts.com/product-details/mirror-head-123-04970-jcb-parts-catalog,https://enterprise.saioautomotive.com/backend/assets/uploads/products/Tk9ZL1FJVCsyWE9ob3dOWlNEa2dPZz09_1744887888_0.jpg,UNMATCHED,,,,,,0,EXTERNAL_ONLY_PRODUCT
Grill Front,335/08180,Body Parts,https://www.antheautoparts.com/product-details/grill-front-335-08180-replacement-jcb-parts,https://enterprise.saioautomotive.com/backend/assets/uploads/products/NkRidGZrZ0xJVXg5VVVwNytaNjlDQT09_1744887939_0.jpg,EXACT,335/08180,WAFRONTGRILLE',335-08180-wafrontgrille,Body Parts,source_image,0,CROSS_REFERENCE_CONFIRMED
Front Grill,128/H9642,Body Parts,https://www.antheautoparts.com/product-details/front-grill-128-h9642-jcb-aftermarket-parts,https://enterprise.saioautomotive.com/backend/assets/uploads/products/cTVUamVhK0kwdG84cXFqWFI4Nkx3QT09_1744888004_0.jpg,EXACT,128/H9642,ABI FRONT GRILLE,128-h9642-abi-front-grille,Body Parts,source_image,0.25,CROSS_REFERENCE_CONFIRMED
Mirror Arm Left Hand,123/04969,Body Parts,https://www.antheautoparts.com/product-details/mirror-arm-left-hand-123-04969-replacement-jcb-parts,https://enterprise.saioautomotive.com/backend/assets/uploads/products/aCtkK0dNT0t4ZUY3VHNkMStFdEtrdz09_1744888085_0.jpg,EXACT,123/04969,L/HMIRRORARM,123-04969-l-hmirrorarm,Body Parts,source_image,0,CROSS_REFERENCE_CONFIRMED
Logo,817/04212,Body Parts,https://www.antheautoparts.com/product-details/logo-817-04212-replacement-jcb-parts,https://enterprise.saioautomotive.com/backend/assets/uploads/products/TUZ5UUt0cWFFbzlqR1VucEoxUlI2QT09_1744888140_0.jpg,UNMATCHED,,,,,,0,EXTERNAL_ONLY_PRODUCT
King Post,128/10855,Body Parts,https://www.antheautoparts.com/product-details/king-post-128-10855-replacement-jcb-parts,https://enterprise.saioautomotive.com/backend/assets/uploads/products/VnZvakRFYmNJZUN0ckVZaVg0ZTVFdz09_1744888199_0.jpg,UNMATCHED,,,,,,0,EXTERNAL_ONLY_PRODUCT
Aluminium Step,331/27034,Body Parts,https://www.antheautoparts.com/product-details/aluminium-step-331-27034-jcb-spare-parts,https://enterprise.saioautomotive.com/backend/assets/uploads/products/ZHBmajFleHgrVGs0aUM5QktDbGpTUT09_1744888268_0.jpg,EXACT,331/27034,STEP TREAD 410X180,331-27034-step-tread-410x180,Body Parts,source_image,0.25,CROSS_REFERENCE_CONFIRMED
"Leg Inner, Sideshift",335/08022,Body Parts,https://www.antheautoparts.com/product-details/leg-inner-sideshift-335-08022-jcb-parts-near-me,https://enterprise.saioautomotive.com/backend/assets/uploads/products/N3ZKNTBIbE1kdjFoZERaSlRiRG52UT09_1744888376_0.jpg,UNMATCHED,,,,,,0,EXTERNAL_ONLY_PRODUCT
Housing Brake Piston,458/20365,Body Parts,https://www.antheautoparts.com/product-details/housing-brake-piston-458-20365-jcb-genuine-parts,https://enterprise.saioautomotive.com/backend/assets/uploads/products/Mml3Y1VkZzlpaVhwZnZTRnNuTG5ydz09_1744888823_0.jpg,UNMATCHED,,,,,,0,EXTERNAL_ONLY_PRODUCT
Bush Slew Swing Center Mount,808/00258,Body Parts,https://www.antheautoparts.com/product-details/bush-slew-swing-center-mount-808-00258-jcb-genuine-parts,https://enterprise.saioautomotive.com/backend/assets/uploads/products/Qno2Ui8wUW5tVTJUb1pDYlNIeDJOdz09_1744973467_0.jpg,UNMATCHED,,,,,,0,EXTERNAL_ONLY_PRODUCT
Brake Hose 760mm,649/51320,Brake Parts,https://www.antheautoparts.com/product-details/brake-hose-760mm-649-51320-jcb-aftermarket-parts,https://enterprise.saioautomotive.com/backend/assets/uploads/products/dHE0SlU2ay9yd1YwcVl5T1lMTENTZz09_1744804021_0.jpg,EXACT,649/51320,BRAKEHOSE760MM,649-51320-brakehose760mm,Body Parts,source_image,0,CROSS_REFERENCE_CONFIRMED
Brake Plate Carrier,450/10215,Brake Parts,https://www.antheautoparts.com/product-details/brake-plate-carrier-450-10215-jcb-spare-parts-dealer,https://enterprise.saioautomotive.com/backend/assets/uploads/products/KzYxR0c1U20yTHRyQXpDOFRCV25ndz09_1744804091_0.jpg,HIGH,450/10215,PLATE CARRIER,450-10215-plate-carrier,Body Parts,source_image,0.67,CROSS_REFERENCE_CONFIRMED
Brake Friction Plate,450/10224 | 458/20353,Brake Parts,https://www.antheautoparts.com/product-details/brake-friction-plate-450-10224-458-20353-jcb-aftermarket-parts,https://enterprise.saioautomotive.com/backend/assets/uploads/products/djJwV1J4WnJJcGxObi9KNEh0a2crdz09_1744804149_0.jpg,EXACT,450/10224,BRAKEFRICTIONPLATE,450-10224-brakefrictionplate,Brake Parts,source_image,0,CROSS_REFERENCE_CONFIRMED
Brake Master Cylinder,15/106100,Brake Parts,https://www.antheautoparts.com/product-details/brake-master-cylinder-15-106100-jcb-spares,https://enterprise.saioautomotive.com/backend/assets/uploads/products/ZjdDbGNuS1B6NWtIRHl1L0VRNFdodz09_1744801845_0.jpg,HIGH,15/106100,MASTER CYLINDER,15-106100-master-cylinder,Body Parts,source_image,0.67,CROSS_REFERENCE_CONFIRMED
Brake System Pipe Left Hand,120/76800,Brake Parts,https://www.antheautoparts.com/product-details/brake-system-pipe-left-hand-120-76800-jcb-aftermarket-parts,https://enterprise.saioautomotive.com/backend/assets/uploads/products/TGFsQWgwLzRpSm9oWXg4Q0ZLTkxyQT09_1744802112_0.jpg,HIGH,120/76800,L/H FRONT BRAKE PIPE,120-76800-l-h-front-brake-pipe,Body Parts,source_image,0.33,CROSS_REFERENCE_CONFIRMED
Brake Reservoir,121/34400,Brake Parts,https://www.antheautoparts.com/product-details/brake-reservoir-121-34400-jcb-parts-near-me,https://enterprise.saioautomotive.com/backend/assets/uploads/products/Z3cxU21CTkVHdWJkRUgxdTNDak5pdz09_1744802169_0.jpg,UNMATCHED,,,,,,0,EXTERNAL_ONLY_PRODUCT
Brake Servo Link,123/02516,Brake Parts,https://www.antheautoparts.com/product-details/brake-servo-link-123-02516-jcb-parts-near-me,https://enterprise.saioautomotive.com/backend/assets/uploads/products/TEYyU01pTlUwUFpmN1U2KzBuRWtJUT09_1744802227_0.jpg,EXACT,123/02516,LINK PIPE,123-02516-link-pipe,Body Parts,source_image,0.25,CROSS_REFERENCE_CONFIRMED
Brake Reservoir,126/00200,Brake Parts,https://www.antheautoparts.com/product-details/brake-reservoir-126-00200-jcb-parts-online,https://enterprise.saioautomotive.com/backend/assets/uploads/products/TVp3YXhGSVZuN1NhYXZPb0x5KzFtQT09_1744802274_0.jpg,EXACT,126/00200,GA FLUID RESERVOIR + washer,126-00200-ga-fluid-reservoir-washer,Body Parts,source_image,0.2,CROSS_REFERENCE_CONFIRMED
Hand Brake Pads Round,15/920103 478/00849 15/913501,Brake Parts,https://www.antheautoparts.com/product-details/hand-brake-pads-round-15-920103-478-00849-15-913501-jcb-parts-near-me,https://enterprise.saioautomotive.com/backend/assets/uploads/products/OXhrazZXWElEQklsWElwekZ2b1Vpdz09_1744802332_0.jpg,UNMATCHED,,,,,,0,EXTERNAL_ONLY_PRODUCT
Brake Master Cylinder,15/920110,Brake Parts,https://www.antheautoparts.com/product-details/brake-master-cylinder-15-920110-jcb-spare-parts,https://enterprise.saioautomotive.com/backend/assets/uploads/products/UkQwdHJXMWw1S0lLc2o5dVFrVW84QT09_1744802513_0.jpg,EXACT,15/920110,MASTERCYLINDER,15-920110-mastercylinder,Body Parts,source_image,0,CROSS_REFERENCE_CONFIRMED
Hand Brake Pads,15/920159 993/23600,Brake Parts,https://www.antheautoparts.com/product-details/hand-brake-pads-15-920159-993-23600-jcb-genuine-parts,https://enterprise.saioautomotive.com/backend/assets/uploads/products/WUptSHJaV1IzV0dDNnpuL3RBWDQ2UT09_1744802565_0.jpg,UNMATCHED,,,,,,0,EXTERNAL_ONLY_PRODUCT
Hand Brake Pads,15/920160 452/02700,Brake Parts,https://www.antheautoparts.com/product-details/hand-brake-pads-15-920160-452-02700-jcb-aftermarket-parts,https://enterprise.saioautomotive.com/backend/assets/uploads/products/MFB2VVNEK0hOblpTRk15bjhmSW9iZz09_1744802615_0.jpg,UNMATCHED,,,,,,0,EXTERNAL_ONLY_PRODUCT
Brake Master Cylinder,15/920389 15/920158 15/905504,Brake Parts,https://www.antheautoparts.com/product-details/brake-master-cylinder-15-920389-15-920158-15-905504-jcb-spares,https://enterprise.saioautomotive.com/backend/assets/uploads/products/Y29tWmRNSDJhZHdPY2NFbmJYRTNZZz09_1744802692_0.jpg,UNMATCHED,,,,,,0,EXTERNAL_ONLY_PRODUCT
Brake Counter Plate,332/Y8134,Brake Parts,https://www.antheautoparts.com/product-details/brake-counter-plate-332-y8134-replacement-jcb-parts,https://enterprise.saioautomotive.com/backend/assets/uploads/products/ZlpBcDlnRHY4WHcvZUhSVWRQTXMvUT09_1744802768_0.jpg,EXACT,332/Y8134,BRAKECOUNTERPLATE,332-y8134-brakecounterplate,Body Parts,source_image,0,CROSS_REFERENCE_CONFIRMED
Brake Friction Plate,332/Y8135,Brake Parts,https://www.antheautoparts.com/product-details/brake-friction-plate-332-y8135-jcb-spare-parts,https://enterprise.saioautomotive.com/backend/assets/uploads/products/eS80M1N3TVFBM1BacFU2SVZHZ3NaUT09_1744802853_0.jpg,EXACT,332/Y8135,BRAKEFRICTIONPLATE,332-y8135-brakefrictionplate,Body Parts,source_image,0,CROSS_REFERENCE_CONFIRMED
Brake Counter Plate,450/10226,Brake Parts,https://www.antheautoparts.com/product-details/brake-counter-plate-450-10226-jcb-spares,https://enterprise.saioautomotive.com/backend/assets/uploads/products/L0dDL1ZzYnlvdm9TaE9nSU80akdidz09_1744804230_0.jpg,EXACT,450/10226,BRAKECOUNTERPLATE,450-10226-brakecounterplate,Brake Parts,source_image,0,CROSS_REFERENCE_CONFIRMED
Brake Piston Housing,450/10403,Brake Parts,https://www.antheautoparts.com/product-details/brake-piston-housing-450-10403-jcb-spare-parts,https://enterprise.saioautomotive.com/backend/assets/uploads/products/czc0eDV5Z0pLZ3hodGovTy9JeWJVZz09_1744804331_0.jpg,EXACT,450/10403,DIFF SIDE NUT,450-10403-diff-side-nut,Brake Parts,source_image,0,CROSS_REFERENCE_CONFIRMED
Brake Piston Housing,450/10408,Brake Parts,https://www.antheautoparts.com/product-details/brake-piston-housing-450-10408-jcb-spare-parts-dealer,https://enterprise.saioautomotive.com/backend/assets/uploads/products/bUVEQzdDajU2dUZIT0ZjeHdtQlcwdz09_1744804380_0.jpg,UNMATCHED,,,,,,0,EXTERNAL_ONLY_PRODUCT
Brake Nipple Screw,816/60040,Brake Parts,https://www.antheautoparts.com/product-details/brake-nipple-screw-816-60040-jcb-parts-near-me,https://enterprise.saioautomotive.com/backend/assets/uploads/products/d09LS0FkQjVMVkhkNmFrZGpoR0J3QT09_1744804458_0.jpg,EXACT,816/60040,BLEED SCREW,816-60040-bleed-screw,Brake Parts,source_image,0.25,CROSS_REFERENCE_CONFIRMED
Brake Friction Plate Sintered,451/01702,Brake Parts,https://www.antheautoparts.com/product-details/brake-friction-plate-sintered-451-01702-jcb-spare-parts-dealer,https://enterprise.saioautomotive.com/backend/assets/uploads/products/OEFzSDB0YWtWNnRqM09WZzRGVFEzZz09_1744804559_0.jpg,EXACT,451/01702,FRICTIONPLATE,451-01702-frictionplate,Brake Parts,source_image,0,CROSS_REFERENCE_CONFIRMED
Brake Counter Plate,451/08002 451/13302,Brake Parts,https://www.antheautoparts.com/product-details/brake-counter-plate-451-08002-451-13302-jcb-parts-near-me,https://enterprise.saioautomotive.com/backend/assets/uploads/products/Umt2L1JUNVVjUktZZHgzalNLMnNKUT09_1744804751_0.jpg,UNMATCHED,,,,,,0,EXTERNAL_ONLY_PRODUCT
Brake Friction Plate,458/20281,Brake Parts,https://www.antheautoparts.com/product-details/brake-friction-plate-458-20281-jcb-spare-parts,https://enterprise.saioautomotive.com/backend/assets/uploads/products/ZDNwMldySy8ybkpZVlNXSWRGbGJYdz09_1744804822_0.jpg,EXACT,458/20281,FRICTIONPLATED40',458-20281-frictionplated40,Brake Parts,source_image,0,CROSS_REFERENCE_CONFIRMED
Brake Counter Plate,458/20285,Brake Parts,https://www.antheautoparts.com/product-details/brake-counter-plate-458-20285-replacement-jcb-parts,https://enterprise.saioautomotive.com/backend/assets/uploads/products/Z2tDQk9CZEE0UTVQZFg0bVJ4eFhDZz09_1744863092_0.jpg,EXACT,458/20285,3/4BSPTAPERPLUG,458-20285-3-4bsptaperplug,Brake Parts,source_image,0,CROSS_REFERENCE_CONFIRMED
Brake Counter Plate,458/20286,Brake Parts,https://www.antheautoparts.com/product-details/brake-counter-plate-458-20286-jcb-parts-online,https://enterprise.saioautomotive.com/backend/assets/uploads/products/K0F2bFNzbktYWnFtUS9SRU1xTXROUT09_1744863598_0.jpg,EXACT,458/20286,COUNTERPLATED40',458-20286-counterplated40,Brake Parts,source_image,0,CROSS_REFERENCE_CONFIRMED
Brake Counter Plate,458/20289,Brake Parts,https://www.antheautoparts.com/product-details/brake-counter-plate-458-20289-jcb-parts,https://enterprise.saioautomotive.com/backend/assets/uploads/products/dUlycDI0SW52VVFjYjhMb0FmdXNPdz09_1744863685_0.jpg,EXACT,458/20289,Platebrakecounter,458-20289-platebrakecounter,Brake Parts,source_image,0,CROSS_REFERENCE_CONFIRMED
Brake Friction Plate,450/10224 | 458/20353,Brake Parts,https://www.antheautoparts.com/product-details/brake-friction-plate-450-10224-458-20353-jcb-genuine-parts,https://enterprise.saioautomotive.com/backend/assets/uploads/products/RVU2U2JLSzM0bkVMdTBabzR2UW5Zdz09_1744863752_0.jpg,EXACT,450/10224,BRAKEFRICTIONPLATE,450-10224-brakefrictionplate,Brake Parts,source_image,0,CROSS_REFERENCE_CONFIRMED
Disc Park Brake,458/20693,Brake Parts,https://www.antheautoparts.com/product-details/disc-park-brake-458-20693-jcb-spare-parts-dealer,https://enterprise.saioautomotive.com/backend/assets/uploads/products/dHV3aDM5Vkl1RXU2K2psQUpueE03UT09_1744863827_0.jpg,HIGH,458/20693,DISC - PARK BRAKE,458-20693-disc-park-brake,Brake Parts,source_image,1,CROSS_REFERENCE_CONFIRMED
Control Pedal Assy. Spring,814/00177 814/00346,Brake Parts,https://www.antheautoparts.com/product-details/control-pedal-assy-spring-814-00177-814-00346-jcb-parts,https://enterprise.saioautomotive.com/backend/assets/uploads/products/NHFhNS9oOFVBbmJ4bWMvNUozb1pNQT09_1744863969_0.jpg,UNMATCHED,,,,,,0,EXTERNAL_ONLY_PRODUCT
Spring Tension,814/10122 814/00383,Brake Parts,https://www.antheautoparts.com/product-details/spring-tension-814-10122-814-00383-jcb-spare-parts-dealer,https://enterprise.saioautomotive.com/backend/assets/uploads/products/K0E2WjJQeFZqbTJHMEY1OUI5TVlWZz09_1744864028_0.jpg,UNMATCHED,,,,,,0,EXTERNAL_ONLY_PRODUCT
Spring,814/00365,Brake Parts,https://www.antheautoparts.com/product-details/spring-814-00365-jcb-parts,https://enterprise.saioautomotive.com/backend/assets/uploads/products/Tm5YaDVCdURidTVySFltb01kS1A5Zz09_1744864092_0.jpg,HIGH,814/00365,SPRING COMPRESSION,814-00365-spring-compression,Brake Parts,source_image,0.5,CROSS_REFERENCE_CONFIRMED
Bush Tension Flanged,448/16905,Brake Parts,https://www.antheautoparts.com/product-details/bush-tension-flanged-448-16905-jcb-spare-parts-dealer,https://enterprise.saioautomotive.com/backend/assets/uploads/products/ZlBlM1MwTWF1WU02NUZWQ1RUMlRmQT09_1744864208_0.jpg,HIGH,448/16905,BUSH,448-16905-bush,Brake Parts,source_image,0.33,CROSS_REFERENCE_CONFIRMED
Circlip,2203/1020,Brake Parts,https://www.antheautoparts.com/product-details/circlip-2203-1020-replacement-jcb-parts,https://enterprise.saioautomotive.com/backend/assets/uploads/products/V05nc0xVV0cvR0FSOVRQR0lidzdOZz09_1744864253_0.jpg,HIGH,2203/1020,CIRCLIP,2203-1020-circlip,Brake Parts,source_image,1,CROSS_REFERENCE_CONFIRMED
Spring,15/920315,Brake Parts,https://www.antheautoparts.com/product-details/spring-15-920315-jcb-parts,https://enterprise.saioautomotive.com/backend/assets/uploads/products/QTRGVURaTnpNMlg2L0xHdDlOR0V0UT09_1744864304_0.jpg,HIGH,15/920315,KIT SPRING 432,15-920315-kit-spring-432,Brake Parts,source_image,0.33,CROSS_REFERENCE_CONFIRMED
Brake Disc Busing,331/11963,Brake Parts,https://www.antheautoparts.com/product-details/brake-disc-busing-331-11963-jcb-parts-catalog,https://enterprise.saioautomotive.com/backend/assets/uploads/products/TnNJNjM2VEpyZ0x3SU1PWWc1MWpCQT09_1744864358_0.jpg,EXACT,331/11963,CARRIER - BRAKE PLATE EXTENDED,331-11963-carrier-brake-plate-extended,Brake Parts,source_image,0.17,CROSS_REFERENCE_CONFIRMED
Disc Blanking,123/05228,Brake Parts,https://www.antheautoparts.com/product-details/disc-blanking-123-05228-jcb-spare-parts,https://enterprise.saioautomotive.com/backend/assets/uploads/products/SVFMNDUwWkhVbHZtVkU5OWlxV1dFUT09_1744864418_0.jpg,HIGH,123/05228,BLANKING DISC,123-05228-blanking-disc,Brake Parts,source_image,1,CROSS_REFERENCE_CONFIRMED
Brake Master Cylinder,333/Y4500,Brake Parts,https://www.antheautoparts.com/product-details/brake-master-cylinder-333-y4500-jcb-aftermarket-parts,https://enterprise.saioautomotive.com/backend/assets/uploads/products/bHVXdkNOQkRyd0lUN2g3S05lZFJndz09_1744864499_0.jpg,HIGH,333/Y4500,Master Cylinder Bosch 25.,333-y4500-master-cylinder-bosch-25,Brake Parts,source_image,0.4,CROSS_REFERENCE_CONFIRMED
Brake Master Cylinder,15/920402,Brake Parts,https://www.antheautoparts.com/product-details/brake-master-cylinder-15-920402-jcb-spares,https://enterprise.saioautomotive.com/backend/assets/uploads/products/Z0pCYUdaSDNRZWJVbEhCelNZSno4Zz09_1744864554_0.jpg,HIGH,15/920402,W BRAKE MAST.CYLINDER 7/8 Rem,15-920402-w-brake-mastcylinder-7-8-rem,Brake Parts,source_image,0.4,CROSS_REFERENCE_CONFIRMED
Frication Plate,331/16519,Brake Parts,https://www.antheautoparts.com/product-details/frication-plate-331-16519-jcb-parts-online,https://enterprise.saioautomotive.com/backend/assets/uploads/products/N1phOWlWZDFwR1dUYVpuNHBHaXlRdz09_1744864609_0.jpg,HIGH,331/16519,SHIM PLATE,331-16519-shim-plate,Brake Parts,source_image,0.33,CROSS_REFERENCE_CONFIRMED
Casted Bucket Tooth Point (Soil),531/03205,Bucket Parts,https://www.antheautoparts.com/product-details/casted-bucket-tooth-point-soil-531-03205-jcb-aftermarket-parts,https://enterprise.saioautomotive.com/backend/assets/uploads/products/WUJ3RUlaK2R6bWc4YlpnUGVSMVg2Zz09_1744791830_0.jpg,UNMATCHED,,,,,,0,EXTERNAL_ONLY_PRODUCT
Side Cutter Right Hand,531/03208,Bucket Parts,https://www.antheautoparts.com/product-details/side-cutter-right-hand-531-03208-jcb-spares,https://enterprise.saioautomotive.com/backend/assets/uploads/products/TzlGQlJwYnBGSGQybVFnclU2YlBVdz09_1744791892_0.jpg,UNMATCHED,,,,,,0,EXTERNAL_ONLY_PRODUCT
Side Cutter Left Hand,531/03209,Bucket Parts,https://www.antheautoparts.com/product-details/side-cutter-left-hand-531-03209-jcb-genuine-parts,https://enterprise.saioautomotive.com/backend/assets/uploads/products/NlRVM25SMG1hMzRPU3JVY1NLSEJBdz09_1744791944_0.jpg,UNMATCHED,,,,,,0,EXTERNAL_ONLY_PRODUCT
Tooth Point Bolt & Nut,826/00303 | 1340/0701,Bucket Parts,https://www.antheautoparts.com/product-details/tooth-point-bolt-nut-826-00303-1340-0701-jcb-parts-near-me,https://enterprise.saioautomotive.com/backend/assets/uploads/products/WTM5VXJQM041OU83UmdoRmk2SmNMZz09_1744792014_0.jpg,EXACT,826/00303,PLOUGH BOLT 3/4UNF 70,826-00303-plough-bolt-3-4unf-70,Bucket Parts,source_image,0.14,CROSS_REFERENCE_CONFIRMED
Side Cutter Tooth Nut & Bolt,1340/0701 | 1305/0714F,Bucket Parts,https://www.antheautoparts.com/product-details/side-cutter-tooth-nut-bolt-1340-0701-1305-0714f-replacement-jcb-parts,https://enterprise.saioautomotive.com/backend/assets/uploads/products/Y21LNFdZQlJxVTlUWG5Fdit0dGhkUT09_1744792074_0.jpg,EXACT,1340/0701,NUT,1340-0701-nut,Bucket Parts,source_image,0.2,CROSS_REFERENCE_CONFIRMED
Bucket 12 (300MM),,Bucket Parts,https://www.antheautoparts.com/product-details/bucket-12-300mm-jcb-spares,https://enterprise.saioautomotive.com/backend/assets/uploads/products/c3REbjUwd1c4a3Q1cEo3K1VTUEFDUT09_1744792135_0.jpg,UNMATCHED,,,,,,0,EXTERNAL_ONLY_PRODUCT
Bucket 18 (450MM),,Bucket Parts,https://www.antheautoparts.com/product-details/bucket-18-450mm-jcb-spare-parts,https://enterprise.saioautomotive.com/backend/assets/uploads/products/OWNRSjEyMGVuWmo0SWlEaGNHVk5pQT09_1744792183_0.jpg,UNMATCHED,,,,,,0,EXTERNAL_ONLY_PRODUCT
Bucket 24 (600MM),,Bucket Parts,https://www.antheautoparts.com/product-details/bucket-24-600mm-jcb-parts-online,https://enterprise.saioautomotive.com/backend/assets/uploads/products/QkR6TmlFaHdjYWJhTDJKRXpuQXRSQT09_1744792304_0.jpg,UNMATCHED,,,,,,0,EXTERNAL_ONLY_PRODUCT
Bucket 30 (750MM),,Bucket Parts,https://www.antheautoparts.com/product-details/bucket-30-750mm-jcb-spares,https://enterprise.saioautomotive.com/backend/assets/uploads/products/NGFsRExIenNWNlFzK2FRekhQWXV1Zz09_1744792651_0.jpg,UNMATCHED,,,,,,0,EXTERNAL_ONLY_PRODUCT
Bucket 24 (600MM) - CAT,,Bucket Parts,https://www.antheautoparts.com/product-details/bucket-24-600mm-cat-jcb-genuine-parts,https://enterprise.saioautomotive.com/backend/assets/uploads/products/d3YxNkk2V1lFMVlhcitDSjZqM29Mdz09_1744792746_0.jpeg,UNMATCHED,,,,,,0,EXTERNAL_ONLY_PRODUCT
Rear Bucket Bush,G65/0,Bucket Parts,https://www.antheautoparts.com/product-details/rear-bucket-bush-g65-0-jcb-parts,https://enterprise.saioautomotive.com/backend/assets/uploads/products/UXlsdFFhcEJ5TUtxbDZoUDdRS0JPUT09_1744792835_0.png,EXACT,G65/0,Bush Spring,g65-0-bush-spring,Bucket Parts,source_image,0.25,CROSS_REFERENCE_CONFIRMED
Bucket Repair Pivot Boss,1096/2004,Bushes/Bearing Liners,https://www.antheautoparts.com/product-details/bucket-repair-pivot-boss-1096-2004-jcb-spare-parts,https://enterprise.saioautomotive.com/backend/assets/uploads/products/Nk5kRnFYV0FLblh3QkNvdkZCdldpUT09_1744967794_0.jpg,EXACT,1096/2004,PIVOTBOSS,1096-2004-pivotboss,Bushes / Bearing Liners,source_image,0,CROSS_REFERENCE_CONFIRMED
Bucket Repair Boss & G65/0 Bush Kit,1096/2004 | G65/0,Bushes/Bearing Liners,https://www.antheautoparts.com/product-details/bucket-repair-boss-g65-0-bush-kit-1096-2004-g65-0-jcb-parts-catalog,https://enterprise.saioautomotive.com/backend/assets/uploads/products/K0tvNk5KYWY4azNHdm43blVKVVdsZz09_1744967841_0.jpg,EXACT,1096/2004,PIVOTBOSS,1096-2004-pivotboss,Bushes / Bearing Liners,source_image,0,CROSS_REFERENCE_CONFIRMED
Spring Bush,1206/0001,Bushes/Bearing Liners,https://www.antheautoparts.com/product-details/spring-bush-1206-0001-jcb-parts-near-me,https://enterprise.saioautomotive.com/backend/assets/uploads/products/eHpEclNTTnQvUXFtNm5UZEMwZWpndz09_1744968295_0.jpg,HIGH,1206/0001,SPRING BUSH,1206-0001-spring-bush,Bushes / Bearing Liners,source_image,1,CROSS_REFERENCE_CONFIRMED
"Spring Bush, Bucket Ram Eye",1206/0015,Bushes/Bearing Liners,https://www.antheautoparts.com/product-details/spring-bush-bucket-ram-eye-1206-0015-jcb-parts-near-me,https://enterprise.saioautomotive.com/backend/assets/uploads/products/emxabjJ3VzBxc2U1LzFoTk9ZRzd0Zz09_1744968503_0.jpg,EXACT,1206/0015,BUSHSPRING',1206-0015-bushspring,Bushes / Bearing Liners,source_image,0,CROSS_REFERENCE_CONFIRMED
Spring Bush,1206/0023,Bushes/Bearing Liners,https://www.antheautoparts.com/product-details/spring-bush-1206-0023-jcb-parts-near-me,https://enterprise.saioautomotive.com/backend/assets/uploads/products/b2tCWlF6RGpjTHJTNGxLTFdEcXMxQT09_1744968555_0.jpg,EXACT,1206/0023,BUSH 38.5 NOM BORE - 95 LONG_SB,1206-0023-bush-385-nom-bore-95-long-sb,Bushes / Bearing Liners,source_image,0.13,CROSS_REFERENCE_CONFIRMED
"Spring Bush, Tipping Link",1206/0038,Bushes/Bearing Liners,https://www.antheautoparts.com/product-details/spring-bush-tipping-link-1206-0038-jcb-spares,https://enterprise.saioautomotive.com/backend/assets/uploads/products/WDNWakRkSytkMWs5dHdZVkw1clJYUT09_1744968606_0.jpg,HIGH,1206/0038,SPRING  STEEL BUSH,1206-0038-spring-steel-bush,Bushes / Bearing Liners,source_image,0.4,CROSS_REFERENCE_CONFIRMED
Bucket/ Clamshovel Spring Bush,1207/0011,Bushes/Bearing Liners,https://www.antheautoparts.com/product-details/bucket-clamshovel-spring-bush-1207-0011-jcb-genuine-parts,https://enterprise.saioautomotive.com/backend/assets/uploads/products/WG9YV3lTTkNldXFkL2FnMk9nR1FVUT09_1744968671_0.jpg,HIGH,1207/0011,SPRING STEEL BUSH,1207-0011-spring-steel-bush,Bushes / Bearing Liners,source_image,0.4,CROSS_REFERENCE_CONFIRMED
Bucket/ Clamshovel Spring Bush,1207/0019,Bushes/Bearing Liners,https://www.antheautoparts.com/product-details/bucket-clamshovel-spring-bush-1207-0019-jcb-aftermarket-parts,https://enterprise.saioautomotive.com/backend/assets/uploads/products/VkR5UHZBUS9vSUxESmZoWHJWL1J1QT09_1744968722_0.jpg,HIGH,1207/0019,SPRING STEEL BUSH,1207-0019-spring-steel-bush,Bushes / Bearing Liners,source_image,0.4,CROSS_REFERENCE_CONFIRMED
Hydraulic Ram Eye End Spring Bush,1207/0025,Bushes/Bearing Liners,https://www.antheautoparts.com/product-details/hydraulic-ram-eye-end-spring-bush-1207-0025-jcb-aftermarket-parts,https://enterprise.saioautomotive.com/backend/assets/uploads/products/S0dXSjF3cDZtbVNOWERoWVlQSGlCUT09_1744968778_0.jpg,EXACT,1207/0025,BUSH,1207-0025-bush,Bushes / Bearing Liners,source_image,0.17,CROSS_REFERENCE_CONFIRMED
Spring Steel Bush (Dim. 70/52/46),1208/0015,Bushes/Bearing Liners,https://www.antheautoparts.com/product-details/spring-steel-bush-dim-70-52-46-1208-0015-jcb-spares,https://enterprise.saioautomotive.com/backend/assets/uploads/products/b2l2ck94UXdiWjBhQ3pxcVlzNlJNQT09_1744968835_0.jpg,HIGH,1208/0015,SPRING STEEL BUSH,1208-0015-spring-steel-bush,Bushes / Bearing Liners,source_image,0.43,CROSS_REFERENCE_CONFIRMED
Spring Steel Bush (Dim. 83/52/46),1208/0018,Bushes/Bearing Liners,https://www.antheautoparts.com/product-details/spring-steel-bush-dim-83-52-46-1208-0018-jcb-parts-near-me,https://enterprise.saioautomotive.com/backend/assets/uploads/products/TzNsVGI0NzBhdmJQRy9EZktFaWFUZz09_1744968920_0.jpg,HIGH,1208/0018,SPRING STEEL BUSH,1208-0018-spring-steel-bush,Bushes / Bearing Liners,source_image,0.43,CROSS_REFERENCE_CONFIRMED
Spring Steel Bush (89 X 52 X 46 Mm),1208/0019,Bushes/Bearing Liners,https://www.antheautoparts.com/product-details/spring-steel-bush-89-x-52-x-46-mm-1208-0019-jcb-parts,https://enterprise.saioautomotive.com/backend/assets/uploads/products/Y2VZbWgzQzZBZGhSWTI2d1BXWjlWdz09_1744969006_0.jpg,EXACT,1208/0019,SPRINGBUSH,1208-0019-springbush,Bushes / Bearing Liners,source_image,0,CROSS_REFERENCE_CONFIRMED
Boom Ram Eye Spring Bush,1208/0020,Bushes/Bearing Liners,https://www.antheautoparts.com/product-details/boom-ram-eye-spring-bush-1208-0020-jcb-parts-online,https://enterprise.saioautomotive.com/backend/assets/uploads/products/eGxGRUZtOW5Ub2FDSFgrclV0dTk2dz09_1744969069_0.jpg,EXACT,1208/0020,BUSH,1208-0020-bush,Bushes / Bearing Liners,source_image,0.2,CROSS_REFERENCE_CONFIRMED
Stabiliser Ram Eye Spring Bush,1208/0021,Bushes/Bearing Liners,https://www.antheautoparts.com/product-details/stabiliser-ram-eye-spring-bush-1208-0021-jcb-parts-near-me,https://enterprise.saioautomotive.com/backend/assets/uploads/products/NFcrdEVhNC9ucHZYcmh2ZmZkOTIzUT09_1744969230_0.jpg,HIGH,1208/0021,SPRING STEEL BUSH,1208-0021-spring-steel-bush,Bushes / Bearing Liners,source_image,0.33,CROSS_REFERENCE_CONFIRMED
Ram Eye Spring Bush,1208/0022,Bushes/Bearing Liners,https://www.antheautoparts.com/product-details/ram-eye-spring-bush-1208-0022-jcb-spare-parts-dealer,https://enterprise.saioautomotive.com/backend/assets/uploads/products/SEVZU1JkN0JnRkc4SjdMN1ZMTEFQZz09_1744969283_0.jpg,EXACT,1208/0022,BUSH,1208-0022-bush,Bushes / Bearing Liners,source_image,0.25,CROSS_REFERENCE_CONFIRMED
Spring Bush,1208/0025,Bushes/Bearing Liners,https://www.antheautoparts.com/product-details/spring-bush-1208-0025-jcb-aftermarket-parts,https://enterprise.saioautomotive.com/backend/assets/uploads/products/RjdGVkl4UU8wQk01L1BHL09ySWdPZz09_1744969344_0.jpg,EXACT,1208/0025,SPRINGSTEELBUSH,1208-0025-springsteelbush,Bushes / Bearing Liners,source_image,0,CROSS_REFERENCE_CONFIRMED
Spring Steel Bush (Dim: 114/52/46),1208/0023,Bushes/Bearing Liners,https://www.antheautoparts.com/product-details/spring-steel-bush-dim-114-52-46-1208-0023-jcb-parts-near-me,https://enterprise.saioautomotive.com/backend/assets/uploads/products/TWppZXBNc0o2R1UxOXdzSVRlUjh2QT09_1744969436_0.jpg,HIGH,1208/0023,SPRING STEEL BUSH,1208-0023-spring-steel-bush,Bushes / Bearing Liners,source_image,0.43,CROSS_REFERENCE_CONFIRMED
Spring Steel Dipper Bush,1208/0031,Bushes/Bearing Liners,https://www.antheautoparts.com/product-details/spring-steel-dipper-bush-1208-0031-jcb-parts-catalog,https://enterprise.saioautomotive.com/backend/assets/uploads/products/dzdNYnhaNlZLbGtOemxuTWVnUVpyQT09_1744969520_0.jpg,EXACT,1208/0031,SPRINGSTEELBUSH,1208-0031-springsteelbush,Bushes / Bearing Liners,source_image,0,CROSS_REFERENCE_CONFIRMED
Spring Steel Dipper Bush (Dim. 172/52/46),1208/0032,Bushes/Bearing Liners,https://www.antheautoparts.com/product-details/spring-steel-dipper-bush-dim-172-52-46-1208-0032-jcb-parts,https://enterprise.saioautomotive.com/backend/assets/uploads/products/ZnlEQWh6LzZ5a09TeWo1OE1kMlFyQT09_1744969713_0.jpg,EXACT,1208/0032,RING STEEL BUSH,1208-0032-ring-steel-bush,Bushes / Bearing Liners,source_image,0.22,CROSS_REFERENCE_CONFIRMED
"Ram Lift, Boom Spring Bush",1209/0017,Bushes/Bearing Liners,https://www.antheautoparts.com/product-details/ram-lift-boom-spring-bush-1209-0017-jcb-parts-near-me,https://enterprise.saioautomotive.com/backend/assets/uploads/products/OXpjQ0ZOd3FoMUFRWUU5dmNQcitTdz09_1744969784_0.jpg,EXACT,1209/0017,BUSH,1209-0017-bush,Bushes / Bearing Liners,source_image,0.2,CROSS_REFERENCE_CONFIRMED
Spring Steel Bush,1209/0019,Bushes/Bearing Liners,https://www.antheautoparts.com/product-details/spring-steel-bush-1209-0019-jcb-parts-near-me,https://enterprise.saioautomotive.com/backend/assets/uploads/products/Mk1iNzZodGNqcDRqWi9OdFJXWHR4QT09_1744969839_0.jpg,HIGH,1209/0019,BUSH,1209-0019-bush,Bushes / Bearing Liners,source_image,0.33,CROSS_REFERENCE_CONFIRMED
"Knuckle, Boom Pivot Spring Bush",1209/0020,Bushes/Bearing Liners,https://www.antheautoparts.com/product-details/knuckle-boom-pivot-spring-bush-1209-0020-jcb-parts-near-me,https://enterprise.saioautomotive.com/backend/assets/uploads/products/RWQzU1Q4dlV6N2tENnF0SVY2UXQrZz09_1744969900_0.jpg,EXACT,1209/0020,BUSH,1209-0020-bush,Bushes / Bearing Liners,source_image,0.2,CROSS_REFERENCE_CONFIRMED
Loader Lift Ram Eye Spring Bush,1209/0021,Bushes/Bearing Liners,https://www.antheautoparts.com/product-details/loader-lift-ram-eye-spring-bush-1209-0021-jcb-parts,https://enterprise.saioautomotive.com/backend/assets/uploads/products/MytRTE1jTlRNa29WK0JzaCtTYUVEdz09_1744970240_0.jpg,EXACT,1209/0021,BUSH,1209-0021-bush,Bushes / Bearing Liners,source_image,0.17,CROSS_REFERENCE_CONFIRMED
Ram Eye Spring Bush,1209/0026,Bushes/Bearing Liners,https://www.antheautoparts.com/product-details/ram-eye-spring-bush-1209-0026-jcb-spare-parts-dealer,https://enterprise.saioautomotive.com/backend/assets/uploads/products/TjBOYWx2RDRqeWpGczNjZGRpNDRQZz09_1744970625_0.jpg,EXACT,1209/0026,BUSH,1209-0026-bush,Bushes / Bearing Liners,source_image,0.25,CROSS_REFERENCE_CONFIRMED
Liner Bearing,40/301610,Bushes/Bearing Liners,https://www.antheautoparts.com/product-details/liner-bearing-40-301610-jcb-spares,https://enterprise.saioautomotive.com/backend/assets/uploads/products/dUNxbk5hMjJkVzZ4amFVUzFzTzl3Zz09_1744970830_0.jpg,EXACT,40/301610,BUSH,40-301610-bush,Bushes / Bearing Liners,source_image,0,CROSS_REFERENCE_CONFIRMED
Bush,40/303394,Bushes/Bearing Liners,https://www.antheautoparts.com/product-details/bush-40-303394-replacement-jcb-parts,https://enterprise.saioautomotive.com/backend/assets/uploads/products/eVdZM0NkUkdIZ01wODhWMk11YlFoUT09_1744970888_0.jpg,HIGH,40/303394,BUSH,40-303394-bush,Bushes / Bearing Liners,source_image,1,CROSS_REFERENCE_CONFIRMED
Kingpost Carriage Bearing Liner,40/303426,Bushes/Bearing Liners,https://www.antheautoparts.com/product-details/kingpost-carriage-bearing-liner-40-303426-replacement-jcb-parts,https://enterprise.saioautomotive.com/backend/assets/uploads/products/ZktlQ2FYRVovVFl3WUdYSTVyeXZRUT09_1744970936_0.jpg,EXACT,40/303426,LINERBEARING,40-303426-linerbearing,Bushes / Bearing Liners,source_image,0,CROSS_REFERENCE_CONFIRMED
Kingpost Ring Liner,40/303620,Bushes/Bearing Liners,https://www.antheautoparts.com/product-details/kingpost-ring-liner-40-303620-jcb-parts-online,https://enterprise.saioautomotive.com/backend/assets/uploads/products/ekhMTncyZXZ5WHp0aXlvWGp4Z2FPQT09_1744970987_0.jpg,EXACT,40/303620,LINERRING,40-303620-linerring,Bushes / Bearing Liners,source_image,0,CROSS_REFERENCE_CONFIRMED
Dipper Rod Bush,550/40899,Bushes/Bearing Liners,https://www.antheautoparts.com/product-details/dipper-rod-bush-550-40899-jcb-spares,https://enterprise.saioautomotive.com/backend/assets/uploads/products/TkQ5OWd0ejYxdkU1WlRDV2xLYlJXdz09_1744971087_0.jpg,EXACT,550/40899,BUSH (ARM BOOMCYL),550-40899-bush-arm-boomcyl,Bushes / Bearing Liners,source_image,0.2,CROSS_REFERENCE_CONFIRMED
Bucket Rod Bush,550/40927,Bushes/Bearing Liners,https://www.antheautoparts.com/product-details/bucket-rod-bush-550-40927-jcb-genuine-parts,https://enterprise.saioautomotive.com/backend/assets/uploads/products/WnVkOWNHWlZLaURoQk9OMEpEekcwZz09_1744971213_0.jpg,HIGH,550/40927,BUSH (BUCKET),550-40927-bush-bucket,Bushes / Bearing Liners,source_image,0.67,CROSS_REFERENCE_CONFIRMED
Slew Swing Bush R.E Unqin,550/40983,Bushes/Bearing Liners,https://www.antheautoparts.com/product-details/slew-swing-bush-re-unqin-550-40983-jcb-genuine-parts,https://enterprise.saioautomotive.com/backend/assets/uploads/products/cHlTVlpDc3praCtHNXF4Z2RRSU9UQT09_1744971351_0.jpg,HIGH,550/40983,BUSH R.E (SLEW,550-40983-bush-re-slew,Bushes / Bearing Liners,source_image,0.5,CROSS_REFERENCE_CONFIRMED
Front Axle Suspension Bush,808/00172,Bushes/Bearing Liners,https://www.antheautoparts.com/product-details/front-axle-suspension-bush-808-00172-jcb-genuine-parts,https://enterprise.saioautomotive.com/backend/assets/uploads/products/WXhSd3pkNnIrL0x0bnZNc1M2WVZlZz09_1744971399_0.jpg,EXACT,808/00172,LINER BEARING,808-00172-liner-bearing,Bushes / Bearing Liners,source_image,0,CROSS_REFERENCE_CONFIRMED
Front Axle Suspension Bush,808/00173,Bushes/Bearing Liners,https://www.antheautoparts.com/product-details/front-axle-suspension-bush-808-00173-jcb-parts-catalog,https://enterprise.saioautomotive.com/backend/assets/uploads/products/RGNlVml1TEVRbEYvTjU3Q1BBRVdYdz09_1744971451_0.jpg,EXACT,808/00173,REWM3X10g12.9,808-00173-rewm3x10g129,Bushes / Bearing Liners,source_image,0,CROSS_REFERENCE_CONFIRMED
King Pin Pivot Bush,808/00176,Bushes/Bearing Liners,https://www.antheautoparts.com/product-details/king-pin-pivot-bush-808-00176-jcb-parts-online,https://enterprise.saioautomotive.com/backend/assets/uploads/products/THd2WW1Vc0ZRVHByYTZkeXlPK3pydz09_1744971503_0.jpg,EXACT,808/00176,BUSH,808-00176-bush,Bushes / Bearing Liners,source_image,0.25,CROSS_REFERENCE_CONFIRMED
Kingpost Center Mount Bush,808/00179,Bushes/Bearing Liners,https://www.antheautoparts.com/product-details/kingpost-center-mount-bush-808-00179-jcb-parts-near-me,https://enterprise.saioautomotive.com/backend/assets/uploads/products/UHU4SGdVS1cyc2luSXhCZHRJSHFWUT09_1744971557_0.jpg,EXACT,808/00179,BOOMPIVOTBUSH,808-00179-boompivotbush,Bushes / Bearing Liners,source_image,0,CROSS_REFERENCE_CONFIRMED
Slew Swing Bush,808/00186,Bushes/Bearing Liners,https://www.antheautoparts.com/product-details/slew-swing-bush-808-00186-jcb-aftermarket-parts,https://enterprise.saioautomotive.com/backend/assets/uploads/products/dmNBWjdXUjd0L1JoTWpyTWhSNTlndz09_1744971636_0.jpg,HIGH,808/00186,BUSH,808-00186-bush,Bushes / Bearing Liners,source_image,0.33,CROSS_REFERENCE_CONFIRMED
"Bush, Middle Kingpost",808/00201,Bushes/Bearing Liners,https://www.antheautoparts.com/product-details/bush-middle-kingpost-808-00201-jcb-spare-parts-dealer,https://enterprise.saioautomotive.com/backend/assets/uploads/products/VXBrS1VVREJ4c2hSVVV1WjhVc1pQQT09_1744971692_0.jpg,EXACT,808/00201,MIDDLEBUSH,808-00201-middlebush,Bushes / Bearing Liners,source_image,0,CROSS_REFERENCE_CONFIRMED
Kingpost Bush 116 X 105 X 59MM,808/00214,Bushes/Bearing Liners,https://www.antheautoparts.com/product-details/kingpost-bush-116-x-105-x-59mm-808-00214-jcb-aftermarket-parts,https://enterprise.saioautomotive.com/backend/assets/uploads/products/VlBrdHJHTHo5MnFneG81SUtmd21xZz09_1744971785_0.jpg,EXACT,808/00214,BUSH,808-00214-bush,Bushes / Bearing Liners,source_image,0.2,CROSS_REFERENCE_CONFIRMED
Kingpost Bush 95 X 83 X 81MM,808/00216,Bushes/Bearing Liners,https://www.antheautoparts.com/product-details/kingpost-bush-95-x-83-x-81mm-808-00216-jcb-aftermarket-parts,https://enterprise.saioautomotive.com/backend/assets/uploads/products/WnByU0RvbTcrUGV5aTZOVG1nYXhmUT09_1744971981_0.jpg,EXACT,808/00216,BUSH,808-00216-bush,Bushes / Bearing Liners,source_image,0.2,CROSS_REFERENCE_CONFIRMED
"Bush, Top Kingpost",808/00224 | 808/00261,Bushes/Bearing Liners,https://www.antheautoparts.com/product-details/bush-top-kingpost-808-00224-808-00261-jcb-genuine-parts,https://enterprise.saioautomotive.com/backend/assets/uploads/products/V1dvWEZnMTZ2cks3STJJYmFFcjNEZz09_1744972187_0.jpg,EXACT,808/00261,TOPBUSH,808-00261-topbush,Bushes / Bearing Liners,source_image,0,CROSS_REFERENCE_CONFIRMED
Hydraulic Ram End Bush,808/00226,Bushes/Bearing Liners,https://www.antheautoparts.com/product-details/hydraulic-ram-end-bush-808-00226-jcb-spare-parts-dealer,https://enterprise.saioautomotive.com/backend/assets/uploads/products/K1NPNVhVV1krNjIrdFVNenYzVm9iUT09_1744972311_0.jpg,EXACT,808/00226,BUSH,808-00226-bush,Bushes / Bearing Liners,source_image,0.25,CROSS_REFERENCE_CONFIRMED
Bush Slew Swing,808/00227,Bushes/Bearing Liners,https://www.antheautoparts.com/product-details/bush-slew-swing-808-00227-jcb-aftermarket-parts,https://enterprise.saioautomotive.com/backend/assets/uploads/products/THNoU2dWZlJMSmZGZ3JoWm1pcGxEdz09_1744972376_0.jpg,HIGH,808/00227,BUSH,808-00227-bush,Bushes / Bearing Liners,source_image,0.33,CROSS_REFERENCE_CONFIRMED
Boom & Kingpost Bush,808/00229 | 808/00022 | 808/00157,Bushes/Bearing Liners,https://www.antheautoparts.com/product-details/boom-kingpost-bush-808-00229-808-00022-808-00157-jcb-aftermarket-parts,https://enterprise.saioautomotive.com/backend/assets/uploads/products/QXdYakZtK2VFd2JKQTl0aGpOVlpCUT09_1744972808_0.jpg,HIGH,808/00229,BUSH,808-00229-bush,Bushes / Bearing Liners,source_image,0.33,CROSS_REFERENCE_CONFIRMED
Steering Ram Bronze Bush Dim. 38x30x25mm,808/00237,Bushes/Bearing Liners,https://www.antheautoparts.com/product-details/steering-ram-bronze-bush-dim-38x30x25mm-808-00237-jcb-spare-parts,https://enterprise.saioautomotive.com/backend/assets/uploads/products/a3lIRE9PR1hVTVBOc1prRnVSVE4wdz09_1744972853_0.jpg,EXACT,808/00237,BUSH,808-00237-bush,Bushes / Bearing Liners,source_image,0.17,CROSS_REFERENCE_CONFIRMED
"Bush, Bottom Kingpost",808/00241,Bushes/Bearing Liners,https://www.antheautoparts.com/product-details/bush-bottom-kingpost-808-00241-replacement-jcb-parts,https://enterprise.saioautomotive.com/backend/assets/uploads/products/VjZwL2VUZFp4VFA1N05CK081WmVaUT09_1744972958_0.jpg,EXACT,808/00241,BOTTOMBUSH,808-00241-bottombush,Bushes / Bearing Liners,source_image,0,CROSS_REFERENCE_CONFIRMED
Axle Bush,808/00244,Bushes/Bearing Liners,https://www.antheautoparts.com/product-details/axle-bush-808-00244-jcb-spare-parts-dealer,https://enterprise.saioautomotive.com/backend/assets/uploads/products/YTUyTTg0R25VK2UreWE4TGR6WDN4dz09_1744973035_0.jpg,UNMATCHED,,,,,,0,EXTERNAL_ONLY_PRODUCT
Steering Ram Bush,808/00246,Bushes/Bearing Liners,https://www.antheautoparts.com/product-details/steering-ram-bush-808-00246-jcb-parts,https://enterprise.saioautomotive.com/backend/assets/uploads/products/M3hKemdZempwREFiQzZ4SFo2c0JHQT09_1744973134_0.jpg,HIGH,808/00246,BUSH,808-00246-bush,Bushes / Bearing Liners,source_image,0.33,CROSS_REFERENCE_CONFIRMED
Front Axle Assembly 2WD Bush,808/00247,Bushes/Bearing Liners,https://www.antheautoparts.com/product-details/front-axle-assembly-2wd-bush-808-00247-jcb-parts-online,https://enterprise.saioautomotive.com/backend/assets/uploads/products/,EXACT,808/00247,R BEARING,808-00247-r-bearing,Bushes / Bearing Liners,source_image,0,CROSS_REFERENCE_CONFIRMED
Front Axle Bush,808/00248,Bushes/Bearing Liners,https://www.antheautoparts.com/product-details/front-axle-bush-808-00248-jcb-parts,https://enterprise.saioautomotive.com/backend/assets/uploads/products/OWc5QzkxVElycytXR2ZicldTazBxdz09_1744973311_0.jpg,EXACT,808/00248,LINERBEARING,808-00248-linerbearing,Bushes / Bearing Liners,source_image,0,CROSS_REFERENCE_CONFIRMED
Steering Track Rod Bush,808/00253,Bushes/Bearing Liners,https://www.antheautoparts.com/product-details/steering-track-rod-bush-808-00253-replacement-jcb-parts,https://enterprise.saioautomotive.com/backend/assets/uploads/products/aUxqTzQ4aWV5N1g4dEJlVWxMQ1hldz09_1744973360_0.jpg,EXACT,808/00253,LINER BEARING,808-00253-liner-bearing,Bushes / Bearing Liners,source_image,0,CROSS_REFERENCE_CONFIRMED
Front Loader Bush,808/00296,Bushes/Bearing Liners,https://www.antheautoparts.com/product-details/front-loader-bush-808-00296-jcb-spares,https://enterprise.saioautomotive.com/backend/assets/uploads/products/ekVhUzNzUmg0cWZyN2Y3TC9ic293Zz09_1744973614_0.jpg,EXACT,808/00296,LINER BEARING,808-00296-liner-bearing,Bushes / Bearing Liners,source_image,0,CROSS_REFERENCE_CONFIRMED
Front Arm Bush,808/00297,Bushes/Bearing Liners,https://www.antheautoparts.com/product-details/front-arm-bush-808-00297-jcb-parts-near-me,https://enterprise.saioautomotive.com/backend/assets/uploads/products/cmZDNlp2a1h6c3czellub2p6WmpVdz09_1744973665_0.jpg,HIGH,808/00297,BUSH,808-00297-bush,Bushes / Bearing Liners,source_image,0.33,CROSS_REFERENCE_CONFIRMED
Pinion Gear Bush,808/00302,Bushes/Bearing Liners,https://www.antheautoparts.com/product-details/pinion-gear-bush-808-00302-jcb-parts-catalog,https://enterprise.saioautomotive.com/backend/assets/uploads/products/Z050RUw3RXkrcEpIaE1JOG1hSklyZz09_1744973717_0.jpg,EXACT,808/00302,LINERBEARING,808-00302-linerbearing,Bushes / Bearing Liners,source_image,0,CROSS_REFERENCE_CONFIRMED
Boom / Loader Arm Bush,808/00303,Bushes/Bearing Liners,https://www.antheautoparts.com/product-details/boom-loader-arm-bush-808-00303-jcb-spares,https://enterprise.saioautomotive.com/backend/assets/uploads/products/aXFENTFvaDU1REp1azlZN3c0YXErZz09_1744973766_0.jpg,EXACT,808/00303,BEARING(DOZER),808-00303-bearing-dozer,Bushes / Bearing Liners,source_image,0,CROSS_REFERENCE_CONFIRMED
"Bush, Axle Assy",808/00352,Bushes/Bearing Liners,https://www.antheautoparts.com/product-details/bush-axle-assy-808-00352-replacement-jcb-parts,https://enterprise.saioautomotive.com/backend/assets/uploads/products/YWJoRjU5dUphQ3pRWk9JZHF3OTZqUT09_1744973871_0.jpg,HIGH,808/00352,BUSH,808-00352-bush,Bushes / Bearing Liners,source_image,0.33,CROSS_REFERENCE_CONFIRMED
Kingpost Bus,808/00364,Bushes/Bearing Liners,https://www.antheautoparts.com/product-details/kingpost-bus-808-00364-jcb-parts-catalog,https://enterprise.saioautomotive.com/backend/assets/uploads/products/NlFFZ3REbHhaSEUrVGI1YUNLck9XUT09_1744973936_0.jpg,EXACT,808/00364,LINERBEARNG,808-00364-linerbearng,Bushes / Bearing Liners,source_image,0,CROSS_REFERENCE_CONFIRMED
Kingpost Bush (O.D 70 MM; I.D: 60 MM),808/00385 | 332/G0941,Bushes/Bearing Liners,https://www.antheautoparts.com/product-details/kingpost-bush-od-70-mm-id-60-mm-808-00385-332-g0941-jcb-spares,https://enterprise.saioautomotive.com/backend/assets/uploads/products/WitFVjFERkZDdERzTi9CaXdneWgvdz09_1744974008_0.jpg,EXACT,808/00385,BUSH,808-00385-bush,Bushes / Bearing Liners,source_image,0.2,CROSS_REFERENCE_CONFIRMED
Bush - Swing,808/00388 | 332/G0942,Bushes/Bearing Liners,https://www.antheautoparts.com/product-details/bush-swing-808-00388-332-g0942-jcb-spare-parts,https://enterprise.saioautomotive.com/backend/assets/uploads/products/cTVGZGN5cUExcHpMNlZmWFdOL0QzZz09_1744974068_0.jpg,HIGH,808/00388,BUSH,808-00388-bush,Bushes / Bearing Liners,source_image,0.5,CROSS_REFERENCE_CONFIRMED
King Post Carriage Bush,808/00396 | 332/G0719 | 831/10211,Bushes/Bearing Liners,https://www.antheautoparts.com/product-details/king-post-carriage-bush-808-00396-332-g0719-831-10211-jcb-spare-parts-dealer,https://enterprise.saioautomotive.com/backend/assets/uploads/products/dGo1NGU2dzdFK3F5c2JuSGpFcnpCZz09_1744974158_0.jpg,EXACT,332/G0719,LINER BEARING 70x84x57,332-g0719-liner-bearing-70x84x57,Bushes / Bearing Liners,source_image,0,CROSS_REFERENCE_CONFIRMED
Kingpost Carriage Bottom Steel Bush,809/00081,Bushes/Bearing Liners,https://www.antheautoparts.com/product-details/kingpost-carriage-bottom-steel-bush-809-00081-jcb-genuine-parts,https://enterprise.saioautomotive.com/backend/assets/uploads/products/SWZYZGVJWHpvczFYVVZKSjk4YnJnQT09_1744974217_0.jpg,EXACT,809/00081,LINER RING,809-00081-liner-ring,Bushes / Bearing Liners,source_image,0,CROSS_REFERENCE_CONFIRMED
Kingpost Carriage Top Steel Bush,809/00090,Bushes/Bearing Liners,https://www.antheautoparts.com/product-details/kingpost-carriage-top-steel-bush-809-00090-jcb-aftermarket-parts,https://enterprise.saioautomotive.com/backend/assets/uploads/products/NkJPTnMzNG0zT0VYdklaTDNqYnNsUT09_1744974274_0.jpg,EXACT,809/00090,LINER BEARING,809-00090-liner-bearing,Bushes / Bearing Liners,source_image,0,CROSS_REFERENCE_CONFIRMED
Bearing Liner,809/00093,Bushes/Bearing Liners,https://www.antheautoparts.com/product-details/bearing-liner-809-00093-replacement-jcb-parts,https://enterprise.saioautomotive.com/backend/assets/uploads/products/RFlLT3hsSWhIdlhlSlBiMGpSMVNZUT09_1744974330_0.jpg,EXACT,809/00093,LINERBEARING,809-00093-linerbearing,Bushes / Bearing Liners,source_image,0,CROSS_REFERENCE_CONFIRMED
Dipper Bush,809/00108,Bushes/Bearing Liners,https://www.antheautoparts.com/product-details/dipper-bush-809-00108-jcb-spare-parts-dealer,https://enterprise.saioautomotive.com/backend/assets/uploads/products/dXhSYzdoaUMwL1FVWmgwTmloa0hxdz09_1744974463_0.jpg,HIGH,809/00108,BUSH,809-00108-bush,Bushes / Bearing Liners,source_image,0.5,CROSS_REFERENCE_CONFIRMED
Dipper Arm Bush,809/00125,Bushes/Bearing Liners,https://www.antheautoparts.com/product-details/dipper-arm-bush-809-00125-jcb-parts-near-me,https://enterprise.saioautomotive.com/backend/assets/uploads/products/Rk5aNVdQNXFVUzNwOHlzL3RBK2ZWUT09_1744974511_0.jpg,EXACT,809/00125,BEARING 45-55-42,809-00125-bearing-45-55-42,Bushes / Bearing Liners,source_image,0,CROSS_REFERENCE_CONFIRMED
Bearing Liner Dim. 60x50x40MM,809/00126,Bushes/Bearing Liners,https://www.antheautoparts.com/product-details/bearing-liner-dim-60x50x40mm-809-00126-jcb-parts,https://enterprise.saioautomotive.com/backend/assets/uploads/products/UU5jYldRMHpVVWtYcTl4TlF0SVIyQT09_1744974588_0.jpg,EXACT,809/00126,Bearing 50-60-40,809-00126-bearing-50-60-40,Bushes / Bearing Liners,source_image,0.14,CROSS_REFERENCE_CONFIRMED
Bearing Liner 50MM Pivot Bore,809/00127 | 808/00360,Bushes/Bearing Liners,https://www.antheautoparts.com/product-details/bearing-liner-50mm-pivot-bore-809-00127-808-00360-replacement-jcb-parts,https://enterprise.saioautomotive.com/backend/assets/uploads/products/T1BwcWd5R1UzWkRwNUg3Qy9XY2dJUT09_1744974735_0.jpg,EXACT,809/00127,BEARING 50-60-30,809-00127-bearing-50-60-30,Bushes / Bearing Liners,source_image,0.13,CROSS_REFERENCE_CONFIRMED
Tipping Link Bush,809/00129,Bushes/Bearing Liners,https://www.antheautoparts.com/product-details/tipping-link-bush-809-00129-jcb-parts,https://enterprise.saioautomotive.com/backend/assets/uploads/products/U2VDUFJNSyt4THRnbS9nMUk0eVQ3QT09_1744974895_0.jpg,UNMATCHED,,,,,,0,EXTERNAL_ONLY_PRODUCT
Bearing Liner,809/00130,Bushes/Bearing Liners,https://www.antheautoparts.com/product-details/bearing-liner-809-00130-jcb-spares,https://enterprise.saioautomotive.com/backend/assets/uploads/products/dm5NazZES21wd21uZ2thYWZsV2swQT09_1744974965_0.jpg,HIGH,809/00130,LINER BEARING,809-00130-liner-bearing,Bushes / Bearing Liners,source_image,1,CROSS_REFERENCE_CONFIRMED
Bearing Liner Dim. 60x70x62MM,809/00131,Bushes/Bearing Liners,https://www.antheautoparts.com/product-details/bearing-liner-dim-60x70x62mm-809-00131-jcb-spares,https://enterprise.saioautomotive.com/backend/assets/uploads/products/dEtlKzhrd3ptSFZ6dUdscDJheFdlZz09_1744975100_0.jpg,UNMATCHED,,,,,,0,EXTERNAL_ONLY_PRODUCT
Trunnion Bush Unqin,809/00137 | 550/40982,Bushes/Bearing Liners,https://www.antheautoparts.com/product-details/trunnion-bush-unqin-809-00137-550-40982-jcb-spares,https://enterprise.saioautomotive.com/backend/assets/uploads/products/RVpnSjBXN3lscFlrMEFPRkQyUk5LZz09_1744975398_0.jpg,EXACT,550/40982,BUSH(SLEW CYL),550-40982-bush-slew-cyl,Bushes / Bearing Liners,source_image,0.2,CROSS_REFERENCE_CONFIRMED
Dipper Bush Dim. 55.5 X 44.5 X 50,809/00176,Bushes/Bearing Liners,https://www.antheautoparts.com/product-details/dipper-bush-dim-555-x-445-x-50-809-00176-jcb-genuine-parts,https://enterprise.saioautomotive.com/backend/assets/uploads/products/LzZuTmV0UTRtNG9GbEZYanlWMkdodz09_1744975269_0.jpg,EXACT,809/00176,LINER BEARING,809-00176-liner-bearing,Bushes / Bearing Liners,source_image,0,CROSS_REFERENCE_CONFIRMED
Slew Swing Bush,809/00177,Bushes/Bearing Liners,https://www.antheautoparts.com/product-details/slew-swing-bush-809-00177-jcb-spares,https://enterprise.saioautomotive.com/backend/assets/uploads/products/L0xiZEl6OE5iVEZ3a1ZtcVpLMFlPQT09_1744975500_0.jpg,UNMATCHED,,,,,,0,EXTERNAL_ONLY_PRODUCT
Bearing Liner Dim. 60x70x90MM,809/00179,Bushes/Bearing Liners,https://www.antheautoparts.com/product-details/bearing-liner-dim-60x70x90mm-809-00179-jcb-parts,https://enterprise.saioautomotive.com/backend/assets/uploads/products/NjViaDdKem95UEhNd214d0FtaGV6dz09_1744975558_0.jpg,EXACT,809/00179,Bearing60x70x90,809-00179-bearing60x70x90,Bushes / Bearing Liners,source_image,0,CROSS_REFERENCE_CONFIRMED
Bearing Liner,809/00187,Bushes/Bearing Liners,https://www.antheautoparts.com/product-details/bearing-liner-809-00187-jcb-spare-parts-dealer,https://enterprise.saioautomotive.com/backend/assets/uploads/products/czMxZHVWamZ4NE5pMk5OUXVVS2pLdz09_1744975622_0.jpg,UNMATCHED,,,,,,0,EXTERNAL_ONLY_PRODUCT
Quickhitch Bush,809/00192,Bushes/Bearing Liners,https://www.antheautoparts.com/product-details/quickhitch-bush-809-00192-jcb-spare-parts,https://enterprise.saioautomotive.com/backend/assets/uploads/products/ZkE0SWU2K0FUdzMwWFpCTy9yUEtldz09_1744975708_0.jpg,EXACT,809/00192,LINER BEARING,809-00192-liner-bearing,Bushes / Bearing Liners,source_image,0,CROSS_REFERENCE_CONFIRMED
Loader Arm Spring Bush,809/10030,Bushes/Bearing Liners,https://www.antheautoparts.com/product-details/loader-arm-spring-bush-809-10030-jcb-aftermarket-parts,https://enterprise.saioautomotive.com/backend/assets/uploads/products/NlNSaDY2SVBWeS9HREdwMCs2NmEwZz09_1744975761_0.jpg,HIGH,809/10030,SPRING BUSH,809-10030-spring-bush,Bushes / Bearing Liners,source_image,0.5,CROSS_REFERENCE_CONFIRMED
Front Axle Bush,829/00548,Bushes/Bearing Liners,https://www.antheautoparts.com/product-details/front-axle-bush-829-00548-replacement-jcb-parts,https://enterprise.saioautomotive.com/backend/assets/uploads/products/akkvdEN3R2g2UTdtLzNVSm9HZkEvdz09_1745036950_0.jpg,EXACT,829/00548,BEARING,829-00548-bearing,Bushes / Bearing Liners,source_image,0,CROSS_REFERENCE_CONFIRMED
Loader Arm Hydraulic Ram Bush,831/10181,Bushes/Bearing Liners,https://www.antheautoparts.com/product-details/loader-arm-hydraulic-ram-bush-831-10181-jcb-genuine-parts,https://enterprise.saioautomotive.com/backend/assets/uploads/products/NFpYZkpBK0FPRGRXQXpISTUzSlVwQT09_1744976112_0.jpg,EXACT,831/10181,BEARING 50.94-55.9,831-10181-bearing-5094-559,Bushes / Bearing Liners,source_image,0,CROSS_REFERENCE_CONFIRMED
Bearing Liner 55 X 45 X 28 MM,831/10192,Bushes/Bearing Liners,https://www.antheautoparts.com/product-details/bearing-liner-55-x-45-x-28-mm-831-10192-jcb-spare-parts,https://enterprise.saioautomotive.com/backend/assets/uploads/products/dWowUnpXSVo2U0ZiZ0FnZWR4YktIUT09_1744976195_0.jpg,EXACT,831/10192,BEARING 45X55X28,831-10192-bearing-45x55x28,Bushes / Bearing Liners,source_image,0.14,CROSS_REFERENCE_CONFIRMED
King Post Carriage Bush,831/10211 | 332/G0719,Bushes/Bearing Liners,https://www.antheautoparts.com/product-details/king-post-carriage-bush-831-10211-332-g0719-replacement-jcb-parts,https://enterprise.saioautomotive.com/backend/assets/uploads/products/U21VaFl1c3dSOUcrYzRpWjU5MkNnZz09_1744976285_0.jpg,EXACT,831/10211,LINEARBEARING70X84X57,831-10211-linearbearing70x84x57,Bushes / Bearing Liners,source_image,0,CROSS_REFERENCE_CONFIRMED
Slew Swing Bushes,831/10229,Bushes/Bearing Liners,https://www.antheautoparts.com/product-details/slew-swing-bushes-831-10229-jcb-parts-catalog,https://enterprise.saioautomotive.com/backend/assets/uploads/products/OG4zNHZRRFRlNEZ1VTYvSEczeWRvZz09_1744976355_0.jpg,EXACT,831/10229,INNERRING,831-10229-innerring,Bushes / Bearing Liners,source_image,0,CROSS_REFERENCE_CONFIRMED
Bucket Pivot Pin Boss/ Bucket Pivot Pin Spacer,911/12400,Bushes/Bearing Liners,https://www.antheautoparts.com/product-details/bucket-pivot-pin-boss-bucket-pivot-pin-spacer-911-12400-jcb-aftermarket-parts,https://enterprise.saioautomotive.com/backend/assets/uploads/products/dGVsTVpGeks1amdsTy9wWXphVHl5UT09_1744976427_0.jpg,HIGH,911/12400,WA PIVOT PIN,911-12400-wa-pivot-pin,Pins,source_image,0.33,CROSS_REFERENCE_CONFIRMED
Bush,120/80023,Bushes/Bearing Liners,https://www.antheautoparts.com/product-details/bush-120-80023-jcb-spares,https://enterprise.saioautomotive.com/backend/assets/uploads/products/MHN1N085TGpBVE80cjA2YjFwdUo2QT09_1744976511_0.jpg,HIGH,1208/0023,SPRING STEEL BUSH,1208-0023-spring-steel-bush,Bushes / Bearing Liners,source_image,0.33,CROSS_REFERENCE_CONFIRMED
"Spring Bush, Tipping Link",1206/0007,Bushes/Bearing Liners,https://www.antheautoparts.com/product-details/spring-bush-tipping-link-1206-0007-jcb-aftermarket-parts,https://enterprise.saioautomotive.com/backend/assets/uploads/products/M251eVhFWUFFL2U0NXA2NWUrMjhKUT09_1745035681_0.jpg,HIGH,1206/0007,SPRING BUSH,1206-0007-spring-bush,Bushes / Bearing Liners,source_image,0.5,CROSS_REFERENCE_CONFIRMED
Extension Ram Inner Spring Bush,1209/0015,Bushes/Bearing Liners,https://www.antheautoparts.com/product-details/extension-ram-inner-spring-bush-1209-0015-jcb-genuine-parts,https://enterprise.saioautomotive.com/backend/assets/uploads/products/eWJqc2VuUW5iSmF1TXVmZW1sOElaZz09_1745035899_0.jpg,EXACT,1209/0015,SPRINGBUSH,1209-0015-springbush,Bushes / Bearing Liners,placeholder_image,0,DISCOVERED_IMAGE_REFERENCE_FOR_REVIEW
Dipper Arm Bush,40/303392,Bushes/Bearing Liners,https://www.antheautoparts.com/product-details/dipper-arm-bush-40-303392-jcb-genuine-parts,https://enterprise.saioautomotive.com/backend/assets/uploads/products/R2g3UE0wdHhoaFIyamw3clFZZkE2Zz09_1745035985_0.jpg,HIGH,40/303392,BUSH,40-303392-bush,Bushes / Bearing Liners,placeholder_image,0.33,DISCOVERED_IMAGE_REFERENCE_FOR_REVIEW
Kingpost Boom Bush,808/00304,Bushes/Bearing Liners,https://www.antheautoparts.com/product-details/kingpost-boom-bush-808-00304-jcb-parts-catalog,https://enterprise.saioautomotive.com/backend/assets/uploads/products/dUFrTnFDWXd2SDVPZkhHcDBBbVpTZz09_1745036374_0.jpg,EXACT,808/00304,LINERBEARING,808-00304-linerbearing,Bushes / Bearing Liners,placeholder_image,0,DISCOVERED_IMAGE_REFERENCE_FOR_REVIEW
Boom Dipper Cylinder Bearing Liner,808/00361,Bushes/Bearing Liners,https://www.antheautoparts.com/product-details/boom-dipper-cylinder-bearing-liner-808-00361-jcb-parts,https://enterprise.saioautomotive.com/backend/assets/uploads/products/WU9BRkpMaEpONjM4TVphdHBFVG9Tdz09_1745036445_0.jpg,UNMATCHED,,,,,,0,EXTERNAL_ONLY_PRODUCT
"Bearing Liner, 45MM Pivot Bore",809/00128 | 808/00359,Bushes/Bearing Liners,https://www.antheautoparts.com/product-details/bearing-liner-45mm-pivot-bore-809-00128-808-00359-jcb-parts-near-me,https://enterprise.saioautomotive.com/backend/assets/uploads/products/czlaalE5c0Z6b3Fka1FsTlBZbUtlUT09_1745036612_0.jpg,EXACT,809/00128,BEARING 45-55-28,809-00128-bearing-45-55-28,Bushes / Bearing Liners,source_image,0.13,CROSS_REFERENCE_CONFIRMED
Boom Bush 65 X 80 X 62,809/00133,Bushes/Bearing Liners,https://www.antheautoparts.com/product-details/boom-bush-65-x-80-x-62-809-00133-replacement-jcb-parts,https://enterprise.saioautomotive.com/backend/assets/uploads/products/OXd4bWthKzRlTUZCV1BYbitpTGJqUT09_1745036900_0.jpg,UNMATCHED,,,,,,0,EXTERNAL_ONLY_PRODUCT
Bush,120/80023,Bushes/Bearing Liners,https://www.antheautoparts.com/product-details/,https://enterprise.saioautomotive.com/backend/assets/uploads/products/cTdxekM3WEpVdlVtM0FBdFlQcjBUUT09_1746186932_0.jpg,HIGH,1208/0023,SPRING STEEL BUSH,1208-0023-spring-steel-bush,Bushes / Bearing Liners,source_image,0.33,CROSS_REFERENCE_CONFIRMED
Window Handle Right Hand,120/93201,Cabin Parts,https://www.antheautoparts.com/product-details/window-handle-right-hand-120-93201-jcb-spares,https://enterprise.saioautomotive.com/backend/assets/uploads/products/cGxybWNvdUhsTGtiWi9yT3dUSnBUUT09_1745045796_0.jpg,EXACT,120/93201,R/H HANDLE M6,120-93201-r-h-handle-m6,Cabin Parts,source_image,0.2,CROSS_REFERENCE_CONFIRMED
Window Handle Left Hand,120/93202,Cabin Parts,https://www.antheautoparts.com/product-details/window-handle-left-hand-120-93202-jcb-spares,https://enterprise.saioautomotive.com/backend/assets/uploads/products/ZUhUU1lRS0V2MjNEN2ZTZStBYTBQUT09_1745045896_0.jpg,EXACT,120/93202,HANDLE L/H,120-93202-handle-l-h,Cabin Parts,source_image,0.25,CROSS_REFERENCE_CONFIRMED
Door Latch Lock Left Hand,121/13400,Cabin Parts,https://www.antheautoparts.com/product-details/door-latch-lock-left-hand-121-13400-jcb-spare-parts,https://enterprise.saioautomotive.com/backend/assets/uploads/products/VnlzT1BaUGtxUFFLdmtLTWUxbllHZz09_1745045939_0.jpg,HIGH,121/13400,INT.DOOR LOCK L/H,121-13400-intdoor-lock-l-h,Cabin Parts,source_image,0.33,CROSS_REFERENCE_CONFIRMED
Door Latch Lock Right Hand,121/13500,Cabin Parts,https://www.antheautoparts.com/product-details/door-latch-lock-right-hand-121-13500-jcb-aftermarket-parts,https://enterprise.saioautomotive.com/backend/assets/uploads/products/NHB0Q1FLNTNqM0h1S3N2a3hlQitIQT09_1745046003_0.jpg,HIGH,121/13500,DOOR LOCK R/H,121-13500-door-lock-r-h,Cabin Parts,source_image,0.4,CROSS_REFERENCE_CONFIRMED
Throttle Control Knob,122/38502,Cabin Parts,https://www.antheautoparts.com/product-details/throttle-control-knob-122-38502-jcb-spares,https://enterprise.saioautomotive.com/backend/assets/uploads/products/ckxPUUxPdEV5Ry9HbHZNRFRYeGhrUT09_1745046148_0.jpg,EXACT,122/38502,STABILISER LEVER KNOB,122-38502-stabiliser-lever-knob,Cabin Parts,source_image,0.2,CROSS_REFERENCE_CONFIRMED
Bush Hinge,122/67479,Cabin Parts,https://www.antheautoparts.com/product-details/bush-hinge-122-67479-jcb-spare-parts-dealer,https://enterprise.saioautomotive.com/backend/assets/uploads/products/aVFBdVUzSWJnUXU5K29UNjkzVS8xQT09_1745046198_0.jpg,HIGH,122/67479,BUSH,122-67479-bush,Cabin Parts,source_image,0.5,CROSS_REFERENCE_CONFIRMED
Door Window Stop,123/00661,Cabin Parts,https://www.antheautoparts.com/product-details/door-window-stop-123-00661-jcb-parts-near-me,https://enterprise.saioautomotive.com/backend/assets/uploads/products/aGhNUU44QkdQd1NkNHNKQll4WFdHdz09_1745046245_0.jpg,HIGH,123/00661,WINDOW STOP,123-00661-window-stop,Cabin Parts,source_image,0.67,CROSS_REFERENCE_CONFIRMED
Door Lock Left Hand,123/02450,Cabin Parts,https://www.antheautoparts.com/product-details/door-lock-left-hand-123-02450-replacement-jcb-parts,https://enterprise.saioautomotive.com/backend/assets/uploads/products/S282OEZMZTlYeFowT3Z4UTd0dGFEUT09_1745046314_0.jpg,EXACT,123/02450,L/H DOOR LATCH,123-02450-l-h-door-latch,Cabin Parts,source_image,0.2,CROSS_REFERENCE_CONFIRMED
Door Lock Right Hand,123/02451,Cabin Parts,https://www.antheautoparts.com/product-details/door-lock-right-hand-123-02451-jcb-spare-parts,https://enterprise.saioautomotive.com/backend/assets/uploads/products/OFJCeUZwNzY5VHNZanlKYXI0bDZSdz09_1745046363_0.jpg,EXACT,123/02451,R/H DOOR LATCH,123-02451-r-h-door-latch,Cabin Parts,source_image,0.2,CROSS_REFERENCE_CONFIRMED
Dash Instrument Panel,704/22500 332/Y2740,Cabin Parts,https://www.antheautoparts.com/product-details/dash-instrument-panel-704-22500-332-y2740-jcb-parts-catalog,https://enterprise.saioautomotive.com/backend/assets/uploads/products/enRDdi9KbjZSQkp4ZjZZOHZjU1lrdz09_1745046466_0.jpg,UNMATCHED,,,,,,0,EXTERNAL_ONLY_PRODUCT
Door Handle With 2 Keys,123/02590,Cabin Parts,https://www.antheautoparts.com/product-details/door-handle-with-2-keys-123-02590-jcb-spare-parts,https://enterprise.saioautomotive.com/backend/assets/uploads/products/Kzh3UmdoRzVSZWEyNzZOSmRHUnEwUT09_1745046516_0.jpg,UNMATCHED,,,,,,0,EXTERNAL_ONLY_PRODUCT
Link Rear Window Left Hand,123/02810,Cabin Parts,https://www.antheautoparts.com/product-details/link-rear-window-left-hand-123-02810-jcb-parts-near-me,https://enterprise.saioautomotive.com/backend/assets/uploads/products/QlpyN2NhQnJFa1JOQWpQUXQ3QUVkUT09_1745046593_0.jpg,UNMATCHED,,,,,,0,EXTERNAL_ONLY_PRODUCT
Link Rear Window Right Hand,123/02811,Cabin Parts,https://www.antheautoparts.com/product-details/link-rear-window-right-hand-123-02811-jcb-genuine-parts,https://enterprise.saioautomotive.com/backend/assets/uploads/products/bFJ0RUMyNUZpeTBDUUk5NFp3V0JUQT09_1745046640_0.jpg,UNMATCHED,,,,,,0,EXTERNAL_ONLY_PRODUCT
Excavator Control Knob,123/03257,Cabin Parts,https://www.antheautoparts.com/product-details/excavator-control-knob-123-03257-jcb-spare-parts-dealer,https://enterprise.saioautomotive.com/backend/assets/uploads/products/TEN4MzgzNUVBTHlTUlYzZ0t4SmhKZz09_1745046689_0.jpg,UNMATCHED,,,,,,0,EXTERNAL_ONLY_PRODUCT
Plate Door Catch,123/03392,Cabin Parts,https://www.antheautoparts.com/product-details/plate-door-catch-123-03392-jcb-spare-parts,https://enterprise.saioautomotive.com/backend/assets/uploads/products/eENXdkxOL05pZzIyMWVkUm5RZktMZz09_1745046736_0.jpg,UNMATCHED,,,,,,0,EXTERNAL_ONLY_PRODUCT
Steering Knob,123/03842 331/27411,Cabin Parts,https://www.antheautoparts.com/product-details/steering-knob-123-03842-331-27411-jcb-parts-near-me,https://enterprise.saioautomotive.com/backend/assets/uploads/products/Sk5nZDVlcENaelI4M1ZyNjd0MUdqUT09_1745046796_0.jpg,UNMATCHED,,,,,,0,EXTERNAL_ONLY_PRODUCT
Door Handle With 2 Keys,123/04067 701/45501,Cabin Parts,https://www.antheautoparts.com/product-details/door-handle-with-2-keys-123-04067-701-45501-jcb-spares,https://enterprise.saioautomotive.com/backend/assets/uploads/products/SFljYkREWHFFYXhIU3VQU0xCeWU5UT09_1745046848_0.jpg,UNMATCHED,,,,,,0,EXTERNAL_ONLY_PRODUCT
Lift Support Gas Strut,123/05403 123/04798,Cabin Parts,https://www.antheautoparts.com/product-details/lift-support-gas-strut-123-05403-123-04798-jcb-parts-catalog,https://enterprise.saioautomotive.com/backend/assets/uploads/products/aFlDSGY5czVLTnUxS1lOWk9LZHY0Zz09_1745046905_0.jpg,UNMATCHED,,,,,,0,EXTERNAL_ONLY_PRODUCT
Lift Support Gas Strut,123/05404 331/20895 123/02550,Cabin Parts,https://www.antheautoparts.com/product-details/lift-support-gas-strut-123-05404-331-20895-123-02550-jcb-spare-parts,https://enterprise.saioautomotive.com/backend/assets/uploads/products/M2JtYVpySzBLNWN5Z0VlaGRpSkc3dz09_1745046953_0.jpg,UNMATCHED,,,,,,0,EXTERNAL_ONLY_PRODUCT
Lift Support Gas Strut,123/06334 331/66778 331/14573,Cabin Parts,https://www.antheautoparts.com/product-details/lift-support-gas-strut-123-06334-331-66778-331-14573-jcb-genuine-parts,https://enterprise.saioautomotive.com/backend/assets/uploads/products/eFNlakRTNU51d1pQTzlVOThzLytlUT09_1745047013_0.jpg,UNMATCHED,,,,,,0,EXTERNAL_ONLY_PRODUCT
Throttle Control Knob,123/06730,Cabin Parts,https://www.antheautoparts.com/product-details/throttle-control-knob-123-06730-jcb-parts-online,https://enterprise.saioautomotive.com/backend/assets/uploads/products/dW0waVhKU0NPTkJvV0R2U1hwNUlnQT09_1745052166_0.jpg,UNMATCHED,,,,,,0,EXTERNAL_ONLY_PRODUCT
Hinge Pin & Bush,123/08089 122/67479,Cabin Parts,https://www.antheautoparts.com/product-details/hinge-pin-bush-123-08089-122-67479-jcb-parts-near-me,https://enterprise.saioautomotive.com/backend/assets/uploads/products/ZTBnWGdLeTVzell3TFdmRVFLZ1RWQT09_1745052340_0.jpg,UNMATCHED,,,,,,0,EXTERNAL_ONLY_PRODUCT
Steering Wheel With Knob,125/34900 125/35000,Cabin Parts,https://www.antheautoparts.com/product-details/steering-wheel-with-knob-125-34900-125-35000-jcb-spares,https://enterprise.saioautomotive.com/backend/assets/uploads/products/QlF0SFRkeS9yNlZjMVI4eXdvZWVXZz09_1745052386_0.jpg,UNMATCHED,,,,,,0,EXTERNAL_ONLY_PRODUCT
Control Knob Assembly,128/12635,Cabin Parts,https://www.antheautoparts.com/product-details/control-knob-assembly-128-12635-jcb-spare-parts,https://enterprise.saioautomotive.com/backend/assets/uploads/products/ZWVWTWFlbFFiQ0FEdU5Tem1PNHdTUT09_1745052629_0.jpg,EXACT,128/12635,GA KNOB plain,128-12635-ga-knob-plain,Cabin Parts,source_image,0.2,CROSS_REFERENCE_CONFIRMED
Lift Support Gas Strut,128/13052,Cabin Parts,https://www.antheautoparts.com/product-details/lift-support-gas-strut-128-13052-jcb-parts-online,https://enterprise.saioautomotive.com/backend/assets/uploads/products/YUVZR05udlJBdTltemE1M1dYWTVIdz09_1745052680_0.jpg,UNMATCHED,,,,,,0,EXTERNAL_ONLY_PRODUCT
Door Check Strap 6 3/4,157/18003,Cabin Parts,https://www.antheautoparts.com/product-details/door-check-strap-6-3-4-157-18003-jcb-spares,https://enterprise.saioautomotive.com/backend/assets/uploads/products/VmVJU0dqemszY0NIQkZKUXNpaWpHQT09_1745052901_0.jpg,UNMATCHED,,,,,,0,EXTERNAL_ONLY_PRODUCT
Cabin Mounting Upper & Lower Set,331/18441 331/18442,Cabin Parts,https://www.antheautoparts.com/product-details/cabin-mounting-upper-lower-set-331-18441-331-18442-jcb-spare-parts-dealer,https://enterprise.saioautomotive.com/backend/assets/uploads/products/ODFEWG8yTnhwaTIxN0h3dkc5eHFEUT09_1745052975_0.jpg,UNMATCHED,,,,,,0,EXTERNAL_ONLY_PRODUCT
Outrigger Control Knob,331/23574,Cabin Parts,https://www.antheautoparts.com/product-details/outrigger-control-knob-331-23574-jcb-parts,https://enterprise.saioautomotive.com/backend/assets/uploads/products/V29zNDU5cFNBd3h3UFE0M21TZTh3QT09_1745053035_0.jpg,UNMATCHED,,,,,,0,EXTERNAL_ONLY_PRODUCT
"Gaiter, Gear Lever Assy",331/25566,Cabin Parts,https://www.antheautoparts.com/product-details/gaiter-gear-lever-assy-331-25566-jcb-spare-parts-dealer,https://enterprise.saioautomotive.com/backend/assets/uploads/products/UHhNS3hwd3JKejdsLzV3cC9aYklJdz09_1745053079_0.jpg,HIGH,331/25566,GAITER-GEAR LEVER,331-25566-gaiter-gear-lever,Cabin Parts,source_image,0.75,CROSS_REFERENCE_CONFIRMED
Gaiter Excavator Control,331/25685,Cabin Parts,https://www.antheautoparts.com/product-details/gaiter-excavator-control-331-25685-jcb-spare-parts-dealer,https://enterprise.saioautomotive.com/backend/assets/uploads/products/RVRnbXFRTUJZaEl4bmNwZGNWREZ3UT09_1745053141_0.jpg,EXACT,331/25685,GAITERS LOADER CONTL,331-25685-gaiters-loader-contl,Cabin Parts,source_image,0,CROSS_REFERENCE_CONFIRMED
Plate Door Catch Left hand Latch Handle Rear Window,331/28233,Cabin Parts,https://www.antheautoparts.com/product-details/plate-door-catch-left-hand-latch-handle-rear-window-331-28233-replacement-jcb-parts,https://enterprise.saioautomotive.com/backend/assets/uploads/products/ZGtRc3hhVlBoQmk5OGJtTnNZakFXUT09_1745053293_0.jpg,EXACT,331/28233,LH LATCH ASSY,331-28233-lh-latch-assy,Cabin Parts,source_image,0.09,CROSS_REFERENCE_CONFIRMED
Right Hand Latch Handle Rear Window,331/28235,Cabin Parts,https://www.antheautoparts.com/product-details/right-hand-latch-handle-rear-window-331-28235-jcb-parts-near-me,https://enterprise.saioautomotive.com/backend/assets/uploads/products/Yk5kZXFEUkFGRGg1M0ZaaHlzNHBnQT09_1745053365_0.jpg,EXACT,331/28235,RH LATCH ASSY,331-28235-rh-latch-assy,Cabin Parts,source_image,0.13,CROSS_REFERENCE_CONFIRMED
Catch Window Lockback,331/31071,Cabin Parts,https://www.antheautoparts.com/product-details/catch-window-lockback-331-31071-jcb-spare-parts,https://enterprise.saioautomotive.com/backend/assets/uploads/products/S3pmV1FMWG1tMTBXMUl5Y0xBT21ndz09_1746263899_0.jpg,HIGH,331/31071,Catch Window L-S/S BY 335/Y5639,331-31071-catch-window-l-s-s-by-335-y5639,Cabin Parts,source_image,0.33,CROSS_REFERENCE_CONFIRMED
Hinge Block Assembly For Various Jcb Models,331/31247,Cabin Parts,https://www.antheautoparts.com/product-details/hinge-block-assembly-for-various-jcb-models-331-31247-jcb-spare-parts,https://enterprise.saioautomotive.com/backend/assets/uploads/products/UnF5SlltTU9HbFhZMU5lNVp0MHgrdz09_1745053466_0.jpg,EXACT,331/31247,hingleblock assembly,331-31247-hingleblock-assembly,Category under review,placeholder_image,0.17,DISCOVERED_IMAGE_REFERENCE_FOR_REVIEW
Side Window Handles,331/38532 & 116/00822,Cabin Parts,https://www.antheautoparts.com/product-details/side-window-handles-331-38532-116-00822-replacement-jcb-parts,https://enterprise.saioautomotive.com/backend/assets/uploads/products/VjhIM2FXS2ZJZ1lBUENTRmUwenNTQT09_1745054564_0.jpg,UNMATCHED,,,,,,0,EXTERNAL_ONLY_PRODUCT
RH Door Handle & 2 Keys,331/43119 332/A3732 331/31710,Cabin Parts,https://www.antheautoparts.com/product-details/rh-door-handle-2-keys-331-43119-332-a3732-331-31710-jcb-parts,https://enterprise.saioautomotive.com/backend/assets/uploads/products/TUd4amJsWGh0clVIUzhETW9STkNWdz09_1745054611_0.jpg,UNMATCHED,,,,,,0,EXTERNAL_ONLY_PRODUCT
LH Door Handle & 2 Keys,332/A3731 331/31709 331/43118,Cabin Parts,https://www.antheautoparts.com/product-details/lh-door-handle-2-keys-332-a3731-331-31709-331-43118-jcb-parts,https://enterprise.saioautomotive.com/backend/assets/uploads/products/WVdGMHpnSlFxd1dldWQzK1RERmwyZz09_1745054659_0.jpg,UNMATCHED,,,,,,0,EXTERNAL_ONLY_PRODUCT
Gaiter Excavator Control,332/F1130 & 331/31205,Cabin Parts,https://www.antheautoparts.com/product-details/gaiter-excavator-control-332-f1130-331-31205-jcb-spare-parts-dealer,https://enterprise.saioautomotive.com/backend/assets/uploads/products/VGVBUDJTVEc4aG5QRE01bFlwbUNjZz09_1745054752_0.jpg,UNMATCHED,,,,,,0,EXTERNAL_ONLY_PRODUCT
"Gaiter, Gear Lever Assy",445/03021,Cabin Parts,https://www.antheautoparts.com/product-details/gaiter-gear-lever-assy-445-03021-jcb-parts,https://enterprise.saioautomotive.com/backend/assets/uploads/products/cnRkVzNSZkpyekQvaGpycTc5WlZPZz09_1745055247_0.jpg,HIGH,445/03021,GEAR LEVER GAITER,445-03021-gear-lever-gaiter,Cabin Parts,source_image,0.75,CROSS_REFERENCE_CONFIRMED
Battery Isolator Switch Key,701/20801,Cabin Parts,https://www.antheautoparts.com/product-details/battery-isolator-switch-key-701-20801-jcb-aftermarket-parts,https://enterprise.saioautomotive.com/backend/assets/uploads/products/T0JoUEI5cE5BMjFPU1gvMXhMN0dRQT09_1745055339_0.jpg,HIGH,701/20801,KEY ISOLATOR,701-20801-key-isolator,Cabin Parts,source_image,0.5,CROSS_REFERENCE_CONFIRMED
Microswitch Dump Push Button,701/42600 701/36300,Cabin Parts,https://www.antheautoparts.com/product-details/microswitch-dump-push-button-701-42600-701-36300-jcb-parts-online,https://enterprise.saioautomotive.com/backend/assets/uploads/products/Vmt6eUdMRkdFdUYvZ2R5ZmcyeldMdz09_1745055389_0.jpg,UNMATCHED,,,,,,0,EXTERNAL_ONLY_PRODUCT
Ignition Key,701/45501 331/26790,Cabin Parts,https://www.antheautoparts.com/product-details/ignition-key-701-45501-331-26790-replacement-jcb-parts,https://enterprise.saioautomotive.com/backend/assets/uploads/products/a29wcytYZDl1c3RlcU1YRHBpS3BHZz09_1745055440_0.jpg,UNMATCHED,,,,,,0,EXTERNAL_ONLY_PRODUCT
Ignition Switch,701/80184 701/45500 701/Y1372,Cabin Parts,https://www.antheautoparts.com/product-details/ignition-switch-701-80184-701-45500-701-y1372-jcb-parts,https://enterprise.saioautomotive.com/backend/assets/uploads/products/OFNKMUR0bk16dDQ2ZExjSTJxZExyQT09_1745055489_0.jpg,UNMATCHED,,,,,,0,EXTERNAL_ONLY_PRODUCT
JCB Fuel Gauge,704/50117,Cabin Parts,https://www.antheautoparts.com/product-details/jcb-fuel-gauge-704-50117-jcb-genuine-parts,https://enterprise.saioautomotive.com/backend/assets/uploads/products/WlNMYm5zOE9JK2hBcE5IWXlIMWs3dz09_1745055575_0.jpg,HIGH,704/50117,GAUGE -FUEL,704-50117-gauge-fuel,Cabin Parts,source_image,1,CROSS_REFERENCE_CONFIRMED
Clamp Ring Loader Lever Gaiter,821/10159,Cabin Parts,https://www.antheautoparts.com/product-details/clamp-ring-loader-lever-gaiter-821-10159-jcb-parts-online,https://enterprise.saioautomotive.com/backend/assets/uploads/products/T0N5NFRobGdMNFo1N09FYkJEejZnZz09_1745055620_0.jpg,EXACT,821/10159,GAITOR CLAMPIN,821-10159-gaitor-clampin,Cabin Parts,source_image,0,CROSS_REFERENCE_CONFIRMED
Clamp Ring Excavator Gaiter,821/10161,Cabin Parts,https://www.antheautoparts.com/product-details/clamp-ring-excavator-gaiter-821-10161-replacement-jcb-parts,https://enterprise.saioautomotive.com/backend/assets/uploads/products/cEgzNVJCK2VhUVNvUXBPM3l5VGZGZz09_1745055667_0.jpg,UNMATCHED,,,,,,0,EXTERNAL_ONLY_PRODUCT
Ball Joint,826/00927,Cabin Parts,https://www.antheautoparts.com/product-details/ball-joint-826-00927-jcb-parts,https://enterprise.saioautomotive.com/backend/assets/uploads/products/Vmk3MGtDTTkxazZ0UGJNbnEwWDhkUT09_1745055721_0.jpg,HIGH,826/00927,BALL JOINT,826-00927-ball-joint,Cabin Parts,source_image,1,CROSS_REFERENCE_CONFIRMED
Door Latch Lock Left Hand For Project 21,826/11627,Cabin Parts,https://www.antheautoparts.com/product-details/door-latch-lock-left-hand-for-project-21-826-11627-jcb-parts-catalog,https://enterprise.saioautomotive.com/backend/assets/uploads/products/R01tOS9Eb0tiSVpTWU9YQm9JYWNkQT09_1745055807_0.jpg,UNMATCHED,,,,,,0,EXTERNAL_ONLY_PRODUCT
Door Latch Lock Right Hand For Project 21,826/11628,Cabin Parts,https://www.antheautoparts.com/product-details/door-latch-lock-right-hand-for-project-21-826-11628-jcb-parts-online,https://enterprise.saioautomotive.com/backend/assets/uploads/products/SllZMCtUVm9hSCtiTmRSclU4SnRlZz09_1745055862_0.jpg,UNMATCHED,,,,,,0,EXTERNAL_ONLY_PRODUCT
Loader Knob Kit,993/61200,Cabin Parts,https://www.antheautoparts.com/product-details/loader-knob-kit-993-61200-jcb-parts,https://enterprise.saioautomotive.com/backend/assets/uploads/products/SjJ2VTJ5NjQ5YktyNFdDYm5rWkp1UT09_1745055929_0.jpg,EXACT,993/61200,LOADERKNOB,993-61200-loaderknob,Cabin Parts,source_image,0,CROSS_REFERENCE_CONFIRMED
Loader Knob Assembly Yellow,993/65000,Cabin Parts,https://www.antheautoparts.com/product-details/loader-knob-assembly-yellow-993-65000-jcb-spares,https://enterprise.saioautomotive.com/backend/assets/uploads/products/U3hYcHhYT3gwQW9DOTlWYkJrSStJUT09_1745055981_0.jpg,HIGH,993/65000,KIT LOADER KNOB,993-65000-kit-loader-knob,Cabin Parts,source_image,0.4,CROSS_REFERENCE_CONFIRMED
T Handle For Stop Cable,910/24902,Cabin Parts,https://www.antheautoparts.com/product-details/t-handle-for-stop-cable-910-24902-jcb-spares,https://enterprise.saioautomotive.com/backend/assets/uploads/products/OHhVSk5PTFIxdE9JZ0tYR0sxWFk2QT09_1745056061_0.jpg,HIGH,910/24902,NOB -ENGINE STOP CABLE,910-24902-nob-engine-stop-cable,Cabin Parts,source_image,0.4,CROSS_REFERENCE_CONFIRMED
Gas Strut,331/66784,Cabin Parts,https://www.antheautoparts.com/product-details/gas-strut-331-66784-jcb-parts,https://enterprise.saioautomotive.com/backend/assets/uploads/products/WGdheUVtZno4L0hwWGNvZkQzczU5dz09_1745056160_0.jpg,HIGH,331/66784,GAS STRUT 157>245,331-66784-gas-strut-157245,Cabin Parts,source_image,0.5,CROSS_REFERENCE_CONFIRMED
Gas Strut,331/66785,Cabin Parts,https://www.antheautoparts.com/product-details/gas-strut-331-66785-jcb-parts,https://enterprise.saioautomotive.com/backend/assets/uploads/products/SjBMRHVPYm10aTNuMVgyaDlyY0tmUT09_1745056350_0.jpg,HIGH,331/66785,GAS STRUT 327-585,331-66785-gas-strut-327-585,Cabin Parts,source_image,0.5,CROSS_REFERENCE_CONFIRMED
Micro Switch on Control Laver Knob,701/49800,Cabin Parts,https://www.antheautoparts.com/product-details/micro-switch-on-control-laver-knob-701-49800-jcb-genuine-parts,https://enterprise.saioautomotive.com/backend/assets/uploads/products/VjlrQnJKd1IrNWs5RmYyMFZmSUUrdz09_1745056407_0.jpg,UNMATCHED,,,,,,0,EXTERNAL_ONLY_PRODUCT
Throttle Cable,332/Y3852,Cables,https://www.antheautoparts.com/product-details/throttle-cable-332-y3852-jcb-parts-online,https://enterprise.saioautomotive.com/backend/assets/uploads/products/Z0tMMTM2Z2RVUDZSOHpqRmtrcnhYdz09_1745059992_0.jpg,HIGH,332/Y3852,THROTTLE CABLE ASSY,332-y3852-throttle-cable-assy,Cables,source_image,0.67,CROSS_REFERENCE_CONFIRMED
Throttle Cable,40/302709 | 40/302921,Cables,https://www.antheautoparts.com/product-details/throttle-cable-40-302709-40-302921-jcb-parts-near-me,https://enterprise.saioautomotive.com/backend/assets/uploads/products/RU10SjRmQXVEcFpoZDhGaXVrMzNKZz09_1745060043_0.jpg,HIGH,40/302709,THROTTLE CABLE (P92),40-302709-throttle-cable-p92,Cables,source_image,0.67,CROSS_REFERENCE_CONFIRMED
"Spring Overload, Throttle Control",814/10179,Cables,https://www.antheautoparts.com/product-details/spring-overload-throttle-control-814-10179-jcb-aftermarket-parts,https://enterprise.saioautomotive.com/backend/assets/uploads/products/dlNKVGZtM3lENEdFS2hPdnVadHV4dz09_1745060201_0.jpg,HIGH,814/10179,SPRING throttle over,814-10179-spring-throttle-over,Cables,source_image,0.4,CROSS_REFERENCE_CONFIRMED
Parking Brake Cable,910/28200 | 910/17500,Cables,https://www.antheautoparts.com/product-details/parking-brake-cable-910-28200-910-17500-jcb-parts-online,https://enterprise.saioautomotive.com/backend/assets/uploads/products/VjJlKzVjQks4MndydCtmZVg4aHdpZz09_1745060258_0.jpg,EXACT,910/28200,PARKINGBRAKECABEL,910-28200-parkingbrakecabel,Cables,source_image,0,CROSS_REFERENCE_CONFIRMED
Throttle Control Knob,910/24801,Cables,https://www.antheautoparts.com/product-details/throttle-control-knob-910-24801-jcb-parts-catalog,https://enterprise.saioautomotive.com/backend/assets/uploads/products/ZFZ1SmRTSzRMQldZRnB0RkplOXhhUT09_1745060321_0.jpg,EXACT,910/24801,HANDLEKNOB,910-24801-handleknob,Cabin Parts,source_image,0,CROSS_REFERENCE_CONFIRMED
Accelerator Lever,910/24802,Cables,https://www.antheautoparts.com/product-details/accelerator-lever-910-24802-jcb-parts-online,https://enterprise.saioautomotive.com/backend/assets/uploads/products/SzFuVVcyU2J4RjFUUEFxR1BDc215dz09_1745060387_0.jpg,HIGH,910/24802,LEVER ASSY.,910-24802-lever-assy,Cables,source_image,0.33,CROSS_REFERENCE_CONFIRMED
Cable Control Stop Assembly,910/24900 | 910/28400,Cables,https://www.antheautoparts.com/product-details/cable-control-stop-assembly-910-24900-910-28400-replacement-jcb-parts,https://enterprise.saioautomotive.com/backend/assets/uploads/products/aWx6QzljTUZCc1NKV1BtcTR1a2tHdz09_1745060430_0.jpg,HIGH,910/28400,STOP CABLE -ENGINE,910-28400-stop-cable-engine,Cables,source_image,0.4,CROSS_REFERENCE_CONFIRMED
Bonnet Release Cable Control,910/28700,Cables,https://www.antheautoparts.com/product-details/bonnet-release-cable-control-910-28700-jcb-spare-parts-dealer,https://enterprise.saioautomotive.com/backend/assets/uploads/products/aXdaMFNBZ1pzZzlUcU9VMGNRQkVMQT09_1745060486_0.jpg,EXACT,910/28700,CABLE,910-28700-cable,Cables,source_image,0.25,CROSS_REFERENCE_CONFIRMED
Cable Brake Control,910/34600 | 910/28000,Cables,https://www.antheautoparts.com/product-details/cable-brake-control-910-34600-910-28000-jcb-spare-parts,https://enterprise.saioautomotive.com/backend/assets/uploads/products/aUIybUZETXBoQXNCNXdtN1IyR3ppQT09_1745060545_0.jpg,EXACT,910/34600,CABLE45-0309-g',910-34600-cable45-0309-g,Cables,source_image,0,CROSS_REFERENCE_CONFIRMED
Lever Assembly Throttle Control,910/42501,Cables,https://www.antheautoparts.com/product-details/lever-assembly-throttle-control-910-42501-jcb-parts-near-me,https://enterprise.saioautomotive.com/backend/assets/uploads/products/bkczZm1SNU1jSnUrb29JU1hDNXlBQT09_1745060679_0.jpg,EXACT,910/42501,LEVERASSY,910-42501-leverassy,Cables,source_image,0,CROSS_REFERENCE_CONFIRMED
Throttle Cable Assy. With Lever,910/44400 | 910/34900,Cables,https://www.antheautoparts.com/product-details/throttle-cable-assy-with-lever-910-44400-910-34900-jcb-parts,https://enterprise.saioautomotive.com/backend/assets/uploads/products/Y0Q0VFZEMjl3ajFNMTVoNUFGTTJBZz09_1745060768_0.jpg,EXACT,910/44400,CABLEC/WLEVER',910-44400-cablec-wlever,Cables,source_image,0,CROSS_REFERENCE_CONFIRMED
Throttle Cable Assy. With Lever,910/45400,Cables,https://www.antheautoparts.com/product-details/throttle-cable-assy-with-lever-910-45400-jcb-aftermarket-parts,https://enterprise.saioautomotive.com/backend/assets/uploads/products/N0RmVnVCQ2JXclh1anV5RFBJVTlMZz09_1745060812_0.jpg,HIGH,910/45400,ACC. CONTROL LEVER/CABLE,910-45400-acc-control-lever-cable,Cables,source_image,0.33,CROSS_REFERENCE_CONFIRMED
Throttle Cable,910/45401,Cables,https://www.antheautoparts.com/product-details/throttle-cable-910-45401-jcb-parts-catalog,https://enterprise.saioautomotive.com/backend/assets/uploads/products/RXNCWndlclNWNlJ6Q1d3aHdGOVhYdz09_1745060866_0.jpg,EXACT,910/45401,ACC.CONTROLLEVER/CABLE,910-45401-acccontrollever-cable,Cables,source_image,0.25,CROSS_REFERENCE_CONFIRMED
Throttle Cable Assy. With Lever,910/48800,Cables,https://www.antheautoparts.com/product-details/throttle-cable-assy-with-lever-910-48800-jcb-parts,https://enterprise.saioautomotive.com/backend/assets/uploads/products/ZUhwQjZPU1J4cDk5OC9yMXdnRUl6dz09_1745060924_0.jpg,EXACT,910/48800,TH. CONTROL CABLE,910-48800-th-control-cable,Cables,source_image,0.17,CROSS_REFERENCE_CONFIRMED
Throttle Cable,910/48801,Cables,https://www.antheautoparts.com/product-details/throttle-cable-910-48801-replacement-jcb-parts,https://enterprise.saioautomotive.com/backend/assets/uploads/products/a0xpYXRYbmdwcDlhYlFML09rejdsQT09_1745060971_0.jpg,EXACT,910/48801,CABLE THROT INNER,910-48801-cable-throt-inner,Cables,source_image,0.25,CROSS_REFERENCE_CONFIRMED
Parking Brake Cable 1220mm,910/50400,Cables,https://www.antheautoparts.com/product-details/parking-brake-cable-1220mm-910-50400-replacement-jcb-parts,https://enterprise.saioautomotive.com/backend/assets/uploads/products/OVgzZmU3WXlTOGN6QzZueUdTVWVxdz09_1745061047_0.jpg,HIGH,910/50400,PARK BRAKE CABLE,910-50400-park-brake-cable,Cables,source_image,0.4,CROSS_REFERENCE_CONFIRMED
Throttle Cable Assy. With Lever,910/60109,Cables,https://www.antheautoparts.com/product-details/throttle-cable-assy-with-lever-910-60109-replacement-jcb-parts,https://enterprise.saioautomotive.com/backend/assets/uploads/products/Z1Qzb2kvZ0NPTzQ1N2didnFEZWJ0UT09_1745061441_0.jpg,EXACT,910/60109,THROTTLECONTROLASSY',910-60109-throttlecontrolassy,Cables,source_image,0,CROSS_REFERENCE_CONFIRMED
Throttle Cable Assy. With Lever & Knob,910/60236 | 910/60204,Cables,https://www.antheautoparts.com/product-details/throttle-cable-assy-with-lever-knob-910-60236-910-60204-jcb-parts-near-me,https://enterprise.saioautomotive.com/backend/assets/uploads/products/MnlGaGd0SHhSMEdpZmhGTUNrbTA5QT09_1745061529_0.jpg,EXACT,910/60236,THROTTLECABLE,910-60236-throttlecable,Cables,source_image,0,CROSS_REFERENCE_CONFIRMED
Throttle Control Cable,910/60216,Cables,https://www.antheautoparts.com/product-details/throttle-control-cable-910-60216-jcb-aftermarket-parts,https://enterprise.saioautomotive.com/backend/assets/uploads/products/dm03bU9oZWZyTVJ2RjhNbjlMaGEzdz09_1745061577_0.jpg,EXACT,910/60216,CABLEthrottlecon,910-60216-cablethrottlecon,Cables,source_image,0,CROSS_REFERENCE_CONFIRMED
Boom Lock Cable,,Cables,https://www.antheautoparts.com/product-details/boom-lock-cable-jcb-parts-online,https://enterprise.saioautomotive.com/backend/assets/uploads/products/ZEo5cVZtQ2piYXFpS29sZGZydVVxdz09_1745061616_0.jpg,UNMATCHED,,,,,,0,EXTERNAL_ONLY_PRODUCT
Cable,910/60107,Cables,https://www.antheautoparts.com/product-details/cable-910-60107-jcb-parts,https://enterprise.saioautomotive.com/backend/assets/uploads/products/WWM4MzdablNiZEt1YzZkcWJQMWx2dz09_1745061680_0.jpg,HIGH,910/60107,CABLE BOOMLOCK C/M,910-60107-cable-boomlock-c-m,Cables,source_image,0.5,CROSS_REFERENCE_CONFIRMED
Cable Lock Assembly Boom,910/48400,Cables,https://www.antheautoparts.com/product-details/cable-lock-assembly-boom-910-48400-jcb-spare-parts-dealer,https://enterprise.saioautomotive.com/backend/assets/uploads/products/Y2hvRllXaGd3T2d5Vlc4Ly9tSGF1UT09_1745061732_0.jpg,EXACT,910/48400,CABLEASSYBOOMLOCKCENT,910-48400-cableassyboomlockcent,Cables,source_image,0,CROSS_REFERENCE_CONFIRMED
Throttle Cable Assembly With Lever and Knob,910/52501,Cables,https://www.antheautoparts.com/product-details/throttle-cable-assembly-with-lever-and-knob-910-52501-jcb-spare-parts,https://enterprise.saioautomotive.com/backend/assets/uploads/products/NmV0Q0tHM2djeXZldlZpQWVjUU1Vdz09_1745061860_0.jpg,EXACT,910/52501,THROTTLELEVER(213)',910-52501-throttlelever-213,Category under review,placeholder_image,0,DISCOVERED_IMAGE_REFERENCE_FOR_REVIEW
Accelerator Cable,331/51612,Cables,https://www.antheautoparts.com/product-details/accelerator-cable-331-51612-jcb-spares,https://enterprise.saioautomotive.com/backend/assets/uploads/products/OEI3Z21HVUprb2ZmZXczRHZiYXBGQT09_1745061934_0.jpg,EXACT,331/51612,CABLEACCELERATOR,331-51612-cableaccelerator,Cables,source_image,0,CROSS_REFERENCE_CONFIRMED
Park Brake Cable,910/M1244 | 910/60203,Cables,https://www.antheautoparts.com/product-details/park-brake-cable-910-m1244-910-60203-jcb-spare-parts-dealer,https://enterprise.saioautomotive.com/backend/assets/uploads/products/ZzVuQWRaRCs2MGZ6ejZ0Kzh3T3RHUT09_1745062202_0.jpg,EXACT,910/M1244,Cableparkbrake,910-m1244-cableparkbrake,Cables,source_image,0,CROSS_REFERENCE_CONFIRMED
Hand Brake Cable,910/60253,Cables,https://www.antheautoparts.com/product-details/hand-brake-cable-910-60253-jcb-spare-parts,https://enterprise.saioautomotive.com/backend/assets/uploads/products/WXpBMDYrK05PU3poelNxU21wdTFFQT09_1745062115_0.jpg,EXACT,910/60253,(W)(Pre-P)-CABLEparkbrake3C',910-60253-w-pre-p-cableparkbrake3c,Cables,placeholder_image,0,DISCOVERED_IMAGE_REFERENCE_FOR_REVIEW
Forward & Reverse Column Switch,701/80144,Column Switch,https://www.antheautoparts.com/product-details/forward-reverse-column-switch-701-80144-jcb-spare-parts,https://enterprise.saioautomotive.com/backend/assets/uploads/products/MlhPK2NRam5iVEgvbnp4dlpHL2lpQT09_1745209117_0.jpg,UNMATCHED,,,,,,0,EXTERNAL_ONLY_PRODUCT
Forward & Reverse Powershift Column Switch,701/80145,Column Switch,https://www.antheautoparts.com/product-details/forward-reverse-powershift-column-switch-701-80145-jcb-spare-parts-dealer,https://enterprise.saioautomotive.com/backend/assets/uploads/products/bWx0YTZRV3J1cXFlamZwTE41RVcrdz09_1745209287_0.jpg,HIGH,701/80145,COLUMN SWITCH P/SHIFT,701-80145-column-switch-p-shift,Column Switch,source_image,0.33,CROSS_REFERENCE_CONFIRMED
Forward & Reverse Column Switch Left Hand,701/80165,Column Switch,https://www.antheautoparts.com/product-details/forward-reverse-column-switch-left-hand-701-80165-jcb-parts-catalog,https://enterprise.saioautomotive.com/backend/assets/uploads/products/blJvVWRYbHdJNVRsQWZQVWxxSEpPQT09_1745209396_0.jpg,UNMATCHED,,,,,,0,EXTERNAL_ONLY_PRODUCT
Switch Column Manual Transmission,701/80295,Column Switch,https://www.antheautoparts.com/product-details/switch-column-manual-transmission-701-80295-jcb-spare-parts,https://enterprise.saioautomotive.com/backend/assets/uploads/products/M2VTWkdQaXg1Q1gzVUlFcjBUaVFxUT09_1745209584_0.jpg,UNMATCHED,,,,,,0,EXTERNAL_ONLY_PRODUCT
Forward & Reverse Column Switch - P21,701/80296,Column Switch,https://www.antheautoparts.com/product-details/forward-reverse-column-switch-p21-701-80296-jcb-parts-online,https://enterprise.saioautomotive.com/backend/assets/uploads/products/K3RpRElPbFA5Y0tYNFN5RmdsQU4rdz09_1745209640_0.jpg,HIGH,701/80296,SWITCH FORWARD & REVERSE LEFT HAND HANDL,701-80296-switch-forward-reverse-left-hand-handl,Column Switch,source_image,0.38,CROSS_REFERENCE_CONFIRMED
Lights & Wiper Column Switch - P21,701/80297,Column Switch,https://www.antheautoparts.com/product-details/lights-wiper-column-switch-p21-701-80297-jcb-parts,https://enterprise.saioautomotive.com/backend/assets/uploads/products/aGswTE91ZC8zeUFxVU1lUWtHM0RHQT09_1745209809_0.jpg,HIGH,701/80297,COLUMN SWITCH RH,701-80297-column-switch-rh,Column Switch,source_image,0.33,CROSS_REFERENCE_CONFIRMED
Forward & Reverse Column Switch Power Shift,701/80298,Column Switch,https://www.antheautoparts.com/product-details/forward-reverse-column-switch-power-shift-701-80298-jcb-spare-parts-dealer,https://enterprise.saioautomotive.com/backend/assets/uploads/products/aElhTHoydWVMaENjWWhmLzV4UTRYQT09_1745209860_0.jpg,EXACT,701/80298,SWITCH FOR & REV,701-80298-switch-for-rev,Column Switch,source_image,0.14,CROSS_REFERENCE_CONFIRMED
Auto Power Shift Column Switch Forward & Reverse,701/80299,Column Switch,https://www.antheautoparts.com/product-details/auto-power-shift-column-switch-forward-reverse-701-80299-jcb-aftermarket-parts,https://enterprise.saioautomotive.com/backend/assets/uploads/products/cmtOdTJGK0U5ejVCZG1rSzFjTjUzZz09_1745209947_0.jpg,HIGH,701/80299,SWITCH FORWARD & REVERSE LT HAND HANDLE,701-80299-switch-forward-reverse-lt-hand-handle,Column Switch,source_image,0.3,CROSS_REFERENCE_CONFIRMED
L/H Auto Shift Column Switch,701/80496,Column Switch,https://www.antheautoparts.com/product-details/l-h-auto-shift-column-switch-701-80496-jcb-parts-near-me,https://enterprise.saioautomotive.com/backend/assets/uploads/products/UGNmbkcyT3FBaVp2RlJKVW9teXczdz09_1745209989_0.jpg,EXACT,701/80496,LHCOLUMNSWITCH,701-80496-lhcolumnswitch,Column Switch,source_image,0,CROSS_REFERENCE_CONFIRMED
Forward & Reverse Column Switch,701/21201,Column Switch,https://www.antheautoparts.com/product-details/forward-reverse-column-switch-701-21201-jcb-parts,https://enterprise.saioautomotive.com/backend/assets/uploads/products/WERKMFJIVERtNE9LZXM4OUJLZHEzdz09_1745901076_0.jpg,EXACT,701/21201,CONTROL-F/REV,701-21201-control-f-rev,Column Switch,source_image,0,CROSS_REFERENCE_CONFIRMED
Lights & Wiper Column Switch Right Hand,701/21202,Column Switch,https://www.antheautoparts.com/product-details/lights-wiper-column-switch-right-hand-701-21202-replacement-jcb-parts,https://enterprise.saioautomotive.com/backend/assets/uploads/products/RG1vdTlyZExqSDRMd0RjVklPYlhSUT09_1745901126_0.jpg,EXACT,701/21202,COMBISWITCH-B,701-21202-combiswitch-b,Column Switch,source_image,0,CROSS_REFERENCE_CONFIRMED
Synchroshuttle Forward & Reverse Column Switch,701/26401,Column Switch,https://www.antheautoparts.com/product-details/synchroshuttle-forward-reverse-column-switch-701-26401-jcb-genuine-parts,https://enterprise.saioautomotive.com/backend/assets/uploads/products/MzJIb2ZNR1RucUQ4TkRsUmhPYmt5UT09_1745901209_0.jpg,HIGH,701/26401,COLUMN SWITCH,701-26401-column-switch,Column Switch,source_image,0.4,CROSS_REFERENCE_CONFIRMED
Lights & Wiper Column Switch,701/37702,Column Switch,https://www.antheautoparts.com/product-details/lights-wiper-column-switch-701-37702-jcb-aftermarket-parts,https://enterprise.saioautomotive.com/backend/assets/uploads/products/ai9GT0FRRjRDQlowaVR4dkYyU2VIdz09_1745901259_0.jpg,EXACT,701/37702,COLUMNSWITCHRH,701-37702-columnswitchrh,Column Switch,source_image,0,CROSS_REFERENCE_CONFIRMED
Forward & Reverse Column Switch,701/52601,Column Switch,https://www.antheautoparts.com/product-details/forward-reverse-column-switch-701-52601-replacement-jcb-parts,https://enterprise.saioautomotive.com/backend/assets/uploads/products/eW5JbjJZYkJpekwyL21Sc1JqUXhFUT09_1745901347_0.jpg,EXACT,701/52601,Switchfwd&rev,701-52601-switchfwdrev,Column Switch,source_image,0,CROSS_REFERENCE_CONFIRMED
Forward & Reverse Powershift Column Switch,701/52701,Column Switch,https://www.antheautoparts.com/product-details/forward-reverse-powershift-column-switch-701-52701-jcb-spare-parts,https://enterprise.saioautomotive.com/backend/assets/uploads/products/ZjhaS1VoV0Y2ekpNYnJ0MVJGVnRVZz09_1745901394_0.jpg,UNMATCHED,,,,,,0,EXTERNAL_ONLY_PRODUCT
Forward & Reverse Column Switch,701/55100,Column Switch,https://www.antheautoparts.com/product-details/forward-reverse-column-switch-701-55100-jcb-parts-near-me,https://enterprise.saioautomotive.com/backend/assets/uploads/products/YnRUd0hORXF0cmFUOHNZMnExcWIyZz09_1745901450_0.jpg,EXACT,701/55100,SWITCH LEFT HAND F,701-55100-switch-left-hand-f,Column Switch,source_image,0.17,CROSS_REFERENCE_CONFIRMED
Lights & Wiper Column Switch,701/70001,Column Switch,https://www.antheautoparts.com/product-details/lights-wiper-column-switch-701-70001-jcb-spares,https://enterprise.saioautomotive.com/backend/assets/uploads/products/NTU0VXJzcHFTWXlyT1FQR0tmUURtUT09_1745901514_0.jpg,UNMATCHED,,,,,,0,EXTERNAL_ONLY_PRODUCT
Hydraulic Tank Sight Gauge,265/01289,Electrical Part,https://www.antheautoparts.com/product-details/hydraulic-tank-sight-gauge-265-01289-replacement-jcb-parts,https://enterprise.saioautomotive.com/backend/assets/uploads/products/dHBhVzhnVlQzTEREWk9vWVkrdllKdz09_1745219508_0.jpg,HIGH,265/01289,GAUGE-SIGHT,265-01289-gauge-sight,Electrical Parts,source_image,0.5,CROSS_REFERENCE_CONFIRMED
Vickers Eaton Solenoid Coil 3 Pin,25/103001,Electrical Part,https://www.antheautoparts.com/product-details/vickers-eaton-solenoid-coil-3-pin-25-103001-jcb-parts-catalog,https://enterprise.saioautomotive.com/backend/assets/uploads/products/SW0ybmpQbWh1dDFZaEs0dFJ4QXprQT09_1745219584_0.jpg,UNMATCHED,,,,,,0,EXTERNAL_ONLY_PRODUCT
Vickers Eaton Solenoid Valve Assembly Flat Pin,25/104700,Electrical Part,https://www.antheautoparts.com/product-details/vickers-eaton-solenoid-valve-assembly-flat-pin-25-104700-jcb-spare-parts-dealer,https://enterprise.saioautomotive.com/backend/assets/uploads/products/MXdlZnFRa1pWRFdFcURWYmx6NHc5UT09_1745219632_0.jpg,EXACT,25/104700,SOLENOID VALVE,25-104700-solenoid-valve,Electrical Parts,source_image,0.29,CROSS_REFERENCE_CONFIRMED
"Pigtail Connector, Round Pin For Solenoid Valve",25/104700 | 25/103000,Electrical Part,https://www.antheautoparts.com/product-details/pigtail-connector-round-pin-for-solenoid-valve-25-104700-25-103000-jcb-parts-catalog,https://enterprise.saioautomotive.com/backend/assets/uploads/products/dXFGRTRHbTJDZWtBV2RGVjZPYVBoZz09_1745219759_0.jpg,HIGH,25/104700,SOLENOID VALVE,25-104700-solenoid-valve,Electrical Parts,source_image,0.33,CROSS_REFERENCE_CONFIRMED
"Coolant Temperature Sensor, 2 Pin",320/04555,Electrical Part,https://www.antheautoparts.com/product-details/coolant-temperature-sensor-2-pin-320-04555-replacement-jcb-parts,https://enterprise.saioautomotive.com/backend/assets/uploads/products/a2NJTjFvOHlhdG1TS3JWU2FJQmx6QT09_1745219819_0.jpg,HIGH,320/04555,WATER TEMPERATURE SENSOR,320-04555-water-temperature-sensor,Electrical Parts,source_image,0.4,CROSS_REFERENCE_CONFIRMED
"Switch Sender, Coolant",320/04558,Electrical Part,https://www.antheautoparts.com/product-details/switch-sender-coolant-320-04558-jcb-parts-near-me,https://enterprise.saioautomotive.com/backend/assets/uploads/products/dlhTS2NqK1N6T2FNVTY2NXA4dWVlUT09_1745219867_0.jpg,EXACT,320/04558,SWITCHCOOLENT,320-04558-switchcoolent,Electrical Parts,source_image,0,CROSS_REFERENCE_CONFIRMED
"Micro Relay, 12V High Capacity",332/C3148 | 716/30149,Electrical Part,https://www.antheautoparts.com/product-details/micro-relay-12v-high-capacity-332-c3148-716-30149-jcb-spares,https://enterprise.saioautomotive.com/backend/assets/uploads/products/,EXACT,332/C3148,HELLA HIGH CAPACIT,332-c3148-hella-high-capacit,Electrical Parts,source_image,0.14,CROSS_REFERENCE_CONFIRMED
Switch Water Temperature Sensor,40/302723,Electrical Part,https://www.antheautoparts.com/product-details/switch-water-temperature-sensor-40-302723-jcb-spare-parts,https://enterprise.saioautomotive.com/backend/assets/uploads/products/VjVwbSs0RnVGSFRFUS9CZ3FXalNMdz09_1745219996_0.jpg,EXACT,40/302723,SENDER WATER TEMP.,40-302723-sender-water-temp,Electrical Parts,source_image,0.17,CROSS_REFERENCE_CONFIRMED
Oil Pressure Switch,40/303383,Electrical Part,https://www.antheautoparts.com/product-details/oil-pressure-switch-40-303383-jcb-parts-near-me,https://enterprise.saioautomotive.com/backend/assets/uploads/products/d3NJZVFMYXBDMG95SmJFT2VDOVRSZz09_1745220178_0.jpg,HIGH,40/303383,SWITCH ENGINE OIL PRESSUR,40-303383-switch-engine-oil-pressur,Electrical Parts,source_image,0.4,CROSS_REFERENCE_CONFIRMED
Relay Changeover,40/303388,Electrical Part,https://www.antheautoparts.com/product-details/relay-changeover-40-303388-jcb-spares,https://enterprise.saioautomotive.com/backend/assets/uploads/products/bGp3Mm1xU0V1enpYM2cyV0l4SDBCUT09_1745220292_0.jpg,EXACT,40/303388,12V MINI RELAY 30A/20A,40-303388-12v-mini-relay-30a-20a,Electrical Parts,source_image,0.17,CROSS_REFERENCE_CONFIRMED
"Relay, 12 V Flasher",40/303389 | 716/C6032,Electrical Part,https://www.antheautoparts.com/product-details/relay-12-v-flasher-40-303389-716-c6032-jcb-spares,https://enterprise.saioautomotive.com/backend/assets/uploads/products/NGxvQjhkSVdaTlRMWEd1dkJzOE5wUT09_1745220357_0.jpg,EXACT,40/303389,12V FLASHER,40-303389-12v-flasher,Electrical Parts,source_image,0.25,CROSS_REFERENCE_CONFIRMED
Vickers 12V 30W Solenoid Coil Round Pin,25/221054 | 477/00824,Electrical Part,https://www.antheautoparts.com/product-details/vickers-12v-30w-solenoid-coil-round-pin-25-221054-477-00824-jcb-aftermarket-parts,https://enterprise.saioautomotive.com/backend/assets/uploads/products/SzlxdS92UU96ZUZzcS9idENreFdWZz09_1745220428_0.jpg,EXACT,25/221054,COIL 12V,25-221054-coil-12v,Electrical Parts,source_image,0.29,CROSS_REFERENCE_CONFIRMED
Vickers Solenoid Coil Retaining Nut,477/49892,Electrical Part,https://www.antheautoparts.com/product-details/vickers-solenoid-coil-retaining-nut-477-49892-jcb-spares,https://enterprise.saioautomotive.com/backend/assets/uploads/products/U0svNXovMFpidDI5WUJweHNpYiszQT09_1745220479_0.jpg,UNMATCHED,,,,,,0,EXTERNAL_ONLY_PRODUCT
Water Temp Gauge 24V DC,696/02034 | 333/P9523,Electrical Part,https://www.antheautoparts.com/product-details/water-temp-gauge-24v-dc-696-02034-333-p9523-jcb-parts-near-me,https://enterprise.saioautomotive.com/backend/assets/uploads/products/YmZITW42MngvVzBzYVZEenBjQTFvZz09_1745220546_0.jpg,HIGH,333/P9523,WATER TEMP.GUAGE,333-p9523-water-tempguage,Electrical Parts,source_image,0.33,CROSS_REFERENCE_CONFIRMED
Battery Isolator Switch With Key,701/20800,Electrical Part,https://www.antheautoparts.com/product-details/battery-isolator-switch-with-key-701-20800-jcb-parts,https://enterprise.saioautomotive.com/backend/assets/uploads/products/VzFtMVkwd0ZPZlRVL2hmMTAxSnB0UT09_1745220600_0.jpg,EXACT,701/20800,BATTERYISOLATERSWITCH,701-20800-batteryisolaterswitch,Electrical Parts,source_image,0,CROSS_REFERENCE_CONFIRMED
Water Temperature Switch,701/37400,Electrical Part,https://www.antheautoparts.com/product-details/water-temperature-switch-701-37400-jcb-genuine-parts,https://enterprise.saioautomotive.com/backend/assets/uploads/products/YmhMbVlodlZteXBpRHBTWFQxYWg1QT09_1745220661_0.jpg,UNMATCHED,,,,,,0,EXTERNAL_ONLY_PRODUCT
Switch Engine Oil Pressure 1/8,701/41500 | 701/80225,Electrical Part,https://www.antheautoparts.com/product-details/switch-engine-oil-pressure-1-8-701-41500-701-80225-jcb-genuine-parts,https://enterprise.saioautomotive.com/backend/assets/uploads/products/ZFJUbCtESXZLNUpJT2wxWlRzWDlDUT09_1745222843_0.jpg,EXACT,701/80225,SWITCH,701-80225-switch,Electrical Parts,source_image,0.25,CROSS_REFERENCE_CONFIRMED
Transmission Oil Pressure Switch - Red,701/41600 | 701/37300,Electrical Part,https://www.antheautoparts.com/product-details/transmission-oil-pressure-switch-red-701-41600-701-37300-jcb-parts-online,https://enterprise.saioautomotive.com/backend/assets/uploads/products/MW5uUVBJL21tbHhCQWhRSGF5SHM4QT09_1745222999_0.jpg,UNMATCHED,,,,,,0,EXTERNAL_ONLY_PRODUCT
Transmission Oil Pressure Switch Yellow M10,701/41700,Electrical Part,https://www.antheautoparts.com/product-details/transmission-oil-pressure-switch-yellow-m10-701-41700-jcb-parts-online,https://enterprise.saioautomotive.com/backend/assets/uploads/products/Ri90dTFQdHB1K1lvUSsxYXZVNmFRQT09_1745223043_0.jpg,EXACT,701/41700,SWITCH,701-41700-switch,Electrical Parts,source_image,0.17,CROSS_REFERENCE_CONFIRMED
Switch Brake Micro Red Top,701/41900,Electrical Part,https://www.antheautoparts.com/product-details/switch-brake-micro-red-top-701-41900-replacement-jcb-parts,https://enterprise.saioautomotive.com/backend/assets/uploads/products/MUpQdUVYZEZNZDlCNkI0QjAvOHV5QT09_1745223087_0.jpg,EXACT,701/41900,SWITCH,701-41900-switch,Electrical Parts,source_image,0.2,CROSS_REFERENCE_CONFIRMED
Oil Pressure Switch Grey 3/8,701/43700 | 701/80100,Electrical Part,https://www.antheautoparts.com/product-details/oil-pressure-switch-grey-3-8-701-43700-701-80100-jcb-parts-online,https://enterprise.saioautomotive.com/backend/assets/uploads/products/T0VSclNlZkNDTnF4bGJpdVh2QWtlZz09_1745223142_0.jpg,EXACT,701/43700,SWITCH-OILPRESSURE',701-43700-switch-oilpressure,Electrical Parts,source_image,0.2,CROSS_REFERENCE_CONFIRMED
"Rocker Switch 12V, 4 Pin Round Pin",701/60000,Electrical Part,https://www.antheautoparts.com/product-details/rocker-switch-12v-4-pin-round-pin-701-60000-jcb-spares,https://enterprise.saioautomotive.com/backend/assets/uploads/products/aVVOeGE3YTdKL243TmZveTJtV003UT09_1745223216_0.jpg,EXACT,701/60000,SWITCH panel,701-60000-switch-panel,Electrical Parts,source_image,0.17,CROSS_REFERENCE_CONFIRMED
"Rocker Switch 12V, 6 Pin",701/60001,Electrical Part,https://www.antheautoparts.com/product-details/rocker-switch-12v-6-pin-701-60001-jcb-parts-online,https://enterprise.saioautomotive.com/backend/assets/uploads/products/ai9yTit2cUlSQ0NXSU1raWordERLUT09_1745223627_0.jpg,EXACT,701/60001,SWITCH PANEL 12V 2POS SPCO RW,701-60001-switch-panel-12v-2pos-spco-rw,Electrical Parts,source_image,0.25,CROSS_REFERENCE_CONFIRMED
Ignition Switch With 2 Keys,701/80184 | 701/45500,Electrical Part,https://www.antheautoparts.com/product-details/ignition-switch-with-2-keys-701-80184-701-45500-jcb-parts-online,https://enterprise.saioautomotive.com/backend/assets/uploads/products/MGZ5RmpwSVJwcVE5cmhyem5SMUpxUT09_1745223706_0.jpg,HIGH,701/80184,SWITCH IGNITION,701-80184-switch-ignition,Electrical Parts,source_image,0.67,CROSS_REFERENCE_CONFIRMED
Switch Footbrake White Top,701/80266 | 701/44800 | 701/80234,Electrical Part,https://www.antheautoparts.com/product-details/switch-footbrake-white-top-701-80266-701-44800-701-80234-jcb-parts,https://enterprise.saioautomotive.com/backend/assets/uploads/products/MnR0amE0V1VJTUsxR0dDUExGSmRWUT09_1745223755_0.jpg,EXACT,701/80266,SWITCHBRAKELIGHT,701-80266-switchbrakelight,Electrical Parts,source_image,0,CROSS_REFERENCE_CONFIRMED
Water Temperature Switch,701/80317,Electrical Part,https://www.antheautoparts.com/product-details/water-temperature-switch-701-80317-jcb-spares,https://enterprise.saioautomotive.com/backend/assets/uploads/products/MCtBaDlOUEZFYzBhUG4xa1VuSDlRdz09_1745223846_0.jpg,HIGH,701/80317,Switch engine water temperature,701-80317-switch-engine-water-temperature,Electrical Parts,source_image,0.75,CROSS_REFERENCE_CONFIRMED
Oil Pressure Switch,701/80320,Electrical Part,https://www.antheautoparts.com/product-details/oil-pressure-switch-701-80320-jcb-parts-catalog,https://enterprise.saioautomotive.com/backend/assets/uploads/products/eWN0UEk5NUdOR0FoRGFjZTB1aGNwZz09_1745223897_0.jpg,UNMATCHED,,,,,,0,EXTERNAL_ONLY_PRODUCT
Switch Oil Pressure 5/8,701/80324,Electrical Part,https://www.antheautoparts.com/product-details/switch-oil-pressure-5-8-701-80324-jcb-spare-parts,https://enterprise.saioautomotive.com/backend/assets/uploads/products/VTRRT3pOb05FM0dSTVhESjBUR29JZz09_1745223945_0.jpg,HIGH,701/80324,SWITCH oil temperature,701-80324-switch-oil-temperature,Electrical Parts,source_image,0.5,CROSS_REFERENCE_CONFIRMED
Oil Pressure Switch,701/80327,Electrical Part,https://www.antheautoparts.com/product-details/oil-pressure-switch-701-80327-jcb-parts,https://enterprise.saioautomotive.com/backend/assets/uploads/products/Mk1RTmJSSUdaSXFVT1pIYmNhTEZ5dz09_1745228068_0.jpg,HIGH,701/80327,Engine Oil pressure switch,701-80327-engine-oil-pressure-switch,Electrical Parts,source_image,0.75,CROSS_REFERENCE_CONFIRMED
Fuel Gauge,704/31000,Electrical Part,https://www.antheautoparts.com/product-details/fuel-gauge-704-31000-jcb-parts-catalog,https://enterprise.saioautomotive.com/backend/assets/uploads/products/ajF6enNmekVpait5OHVMWmY3Z0hWZz09_1745228122_0.jpg,EXACT,704/31000,GUAGEFUEL,704-31000-guagefuel,Electrical Parts,source_image,0,CROSS_REFERENCE_CONFIRMED
Alarm Buzzer,704/10000,Electrical Part,https://www.antheautoparts.com/product-details/alarm-buzzer-704-10000-replacement-jcb-parts,https://enterprise.saioautomotive.com/backend/assets/uploads/products/N28vRzc4dTZQcTkwMStGWVdJYkVIUT09_1745228246_0.jpg,HIGH,704/10000,BUZZER RELAY,704-10000-buzzer-relay,Electrical Parts,source_image,0.33,CROSS_REFERENCE_CONFIRMED
Water Temperature Gauge,704/31100,Electrical Part,https://www.antheautoparts.com/product-details/water-temperature-gauge-704-31100-jcb-parts,https://enterprise.saioautomotive.com/backend/assets/uploads/products/a1kyZURIS0dycFdiQ3NzMm1qS0FwQT09_1745228315_0.jpg,EXACT,704/31100,GUAGETEMP.,704-31100-guagetemp,Electrical Parts,source_image,0,CROSS_REFERENCE_CONFIRMED
"Relay, Blue",716/09500,Electrical Part,https://www.antheautoparts.com/product-details/relay-blue-716-09500-jcb-parts-catalog,https://enterprise.saioautomotive.com/backend/assets/uploads/products/VUkwTGhiMDIzT3RROGRDQWxzdWF4Zz09_1745228364_0.jpg,HIGH,716/09500,RELAY,716-09500-relay,Electrical Parts,source_image,0.5,CROSS_REFERENCE_CONFIRMED
"Relay, Green",716/09800,Electrical Part,https://www.antheautoparts.com/product-details/relay-green-716-09800-replacement-jcb-parts,https://enterprise.saioautomotive.com/backend/assets/uploads/products/QjE1eXFUbnZiOHN6RWx6OXd6ekJxQT09_1745228412_0.jpg,HIGH,716/09800,Relay Green,716-09800-relay-green,Electrical Parts,source_image,1,CROSS_REFERENCE_CONFIRMED
Sender Water Temperature,716/24200,Electrical Part,https://www.antheautoparts.com/product-details/sender-water-temperature-716-24200-jcb-parts-online,https://enterprise.saioautomotive.com/backend/assets/uploads/products/WlQ2aGZoTjhMcUZ5R0NkUVJwY0JKUT09_1745228524_0.jpg,EXACT,716/24200,SENSORWATERTEMP,716-24200-sensorwatertemp,Electrical Parts,source_image,0,CROSS_REFERENCE_CONFIRMED
Water Temperature Sensor,716/30126,Electrical Part,https://www.antheautoparts.com/product-details/water-temperature-sensor-716-30126-jcb-parts-near-me,https://enterprise.saioautomotive.com/backend/assets/uploads/products/elRWNUN2bEFSQ1JnNE5ZODd0TEdkUT09_1745228623_0.jpg,HIGH,716/30126,SENSOR water temperature,716-30126-sensor-water-temperature,Electrical Parts,source_image,1,CROSS_REFERENCE_CONFIRMED
Glow Plug Thermostart Perkins ENG,717/00100,Electrical Part,https://www.antheautoparts.com/product-details/glow-plug-thermostart-perkins-eng-717-00100-jcb-spare-parts-dealer,https://enterprise.saioautomotive.com/backend/assets/uploads/products/UW1pWFJPMzBNTytBNU05U1NIRU41dz09_1745228667_0.jpg,EXACT,717/00100,THERMOSTART-CAV,717-00100-thermostart-cav,Electrical Parts,source_image,0.17,CROSS_REFERENCE_CONFIRMED
Fuse 40 AMP,717/11040,Electrical Part,https://www.antheautoparts.com/product-details/fuse-40-amp-717-11040-jcb-spare-parts-dealer,https://enterprise.saioautomotive.com/backend/assets/uploads/products/TitldncweVlQVndybFVUU1R1SFlWQT09_1745228719_0.jpg,EXACT,717/11040,FUSE40AMP,717-11040-fuse40amp,Electrical Parts,source_image,0,CROSS_REFERENCE_CONFIRMED
Fuse 60 AMP,717/11060,Electrical Part,https://www.antheautoparts.com/product-details/fuse-60-amp-717-11060-jcb-parts-near-me,https://enterprise.saioautomotive.com/backend/assets/uploads/products/ZEgvNU02K0pZSjFZTmM0Q0t2Slpodz09_1745228867_0.jpg,HIGH,717/11060,FUSE 60 AMP,717-11060-fuse-60-amp,Electrical Parts,source_image,1,CROSS_REFERENCE_CONFIRMED
Switch,701/60016,Electrical Part,https://www.antheautoparts.com/product-details/switch-701-60016-jcb-spares,https://enterprise.saioautomotive.com/backend/assets/uploads/products/NFhsaktPLzA4ZlA2UjFCVWpIbGxDZz09_1745228937_0.jpg,EXACT,701/60016,WITCH3-position,701-60016-witch3-position,Electrical Parts,source_image,0,CROSS_REFERENCE_CONFIRMED
Water Temperature Gauge,704/50099,Electrical Part,https://www.antheautoparts.com/product-details/water-temperature-gauge-704-50099-jcb-aftermarket-parts,https://enterprise.saioautomotive.com/backend/assets/uploads/products/YzRZT3psZmxXM0djUHJzRnhaS1A3UT09_1745229021_0.jpg,UNMATCHED,,,,,,0,EXTERNAL_ONLY_PRODUCT
Switch 12V,701/60003,Electrical Part,https://www.antheautoparts.com/product-details/switch-12v-701-60003-jcb-spare-parts,https://enterprise.saioautomotive.com/backend/assets/uploads/products/Q0o1ZmRmR2JjemFjM0k2eHhOcjQ1dz09_1745229069_0.jpg,HIGH,701/60003,Switch,701-60003-switch,Electrical Parts,source_image,0.5,CROSS_REFERENCE_CONFIRMED
Panel Switch,701/60004,Electrical Part,https://www.antheautoparts.com/product-details/panel-switch-701-60004-jcb-aftermarket-parts,https://enterprise.saioautomotive.com/backend/assets/uploads/products/bm40SlFsSVIrT1VWeGgyWFVsZ2Jhdz09_1745229118_0.jpg,HIGH,701/60004,SWITCH PANEL,701-60004-switch-panel,Electrical Parts,source_image,1,CROSS_REFERENCE_CONFIRMED
Gauge Tacho Hourmeter,704/50097 | 704/D7231,Electrical Part,https://www.antheautoparts.com/product-details/gauge-tacho-hourmeter-704-50097-704-d7231-replacement-jcb-parts,https://enterprise.saioautomotive.com/backend/assets/uploads/products/SHNPMks3aVBrb3RzR0FZaEpZdEYyQT09_1745229196_0.jpg,EXACT,704/D7231,SERVICETACHO/HOURMETER12v,704-d7231-servicetacho-hourmeter12v,Electrical Parts,source_image,0,CROSS_REFERENCE_CONFIRMED
Switch,701/60006,Electrical Part,https://www.antheautoparts.com/product-details/switch-701-60006-jcb-spares,https://enterprise.saioautomotive.com/backend/assets/uploads/products/YkpseDFtckRvOFRLblM3OWtEcDJZdz09_1745229260_0.jpg,HIGH,701/60006,SWITCH,701-60006-switch,Electrical Parts,source_image,1,CROSS_REFERENCE_CONFIRMED
Switch,701/60008,Electrical Part,https://www.antheautoparts.com/product-details/switch-701-60008-jcb-genuine-parts,https://enterprise.saioautomotive.com/backend/assets/uploads/products/bHY4MHJxcHBjQ2NqaVVJbWlqbFUxdz09_1745229310_0.jpg,EXACT,701/60008,SWITCH12V,701-60008-switch12v,Electrical Parts,source_image,0,CROSS_REFERENCE_CONFIRMED
Switch Decal,701/58701,Electrical Part,https://www.antheautoparts.com/product-details/switch-decal-701-58701-jcb-parts-catalog,https://enterprise.saioautomotive.com/backend/assets/uploads/products/R1g2K1VtZ1lHR0FpZkRKQTBtUzRPQT09_1745229528_0.jpg,EXACT,701/58701,DECAL4wdswitch,701-58701-decal4wdswitch,Electrical Parts,source_image,0,CROSS_REFERENCE_CONFIRMED
Actuator Beacon Light Switch Cover,701/58825,Electrical Part,https://www.antheautoparts.com/product-details/actuator-beacon-light-switch-cover-701-58825-jcb-spares,https://enterprise.saioautomotive.com/backend/assets/uploads/products/NUNYY1BNNlFBMENIYXk0aHY1WGp5Zz09_1745229590_0.jpg,EXACT,701/58825,SWITCHACTUATORBEACONLIGHTS,701-58825-switchactuatorbeaconlights,Electrical Parts,source_image,0,CROSS_REFERENCE_CONFIRMED
Switch,701/58821,Electrical Part,https://www.antheautoparts.com/product-details/switch-701-58821-jcb-parts-online,https://enterprise.saioautomotive.com/backend/assets/uploads/products/ajBLYmN3cFlPUlNnRmZ2NGVrVEJ3Zz09_1745229645_0.jpg,HIGH,701/58821,DECAL hazard switch,701-58821-decal-hazard-switch,Electrical Parts,source_image,0.33,CROSS_REFERENCE_CONFIRMED
Front Work Lights Switch Cover,701/58705,Electrical Part,https://www.antheautoparts.com/product-details/front-work-lights-switch-cover-701-58705-jcb-spares,https://enterprise.saioautomotive.com/backend/assets/uploads/products/TzlzVVhPOFYvbEZ3MnRRNG5HcktpZz09_1745229699_0.jpg,HIGH,701/58705,COVER FRONT WORK,701-58705-cover-front-work,Electrical Parts,source_image,0.6,CROSS_REFERENCE_CONFIRMED
Switch Cover,701/58823,Electrical Part,https://www.antheautoparts.com/product-details/switch-cover-701-58823-replacement-jcb-parts,https://enterprise.saioautomotive.com/backend/assets/uploads/products/Y2lpODI2ZUJZS1RDbDIzS091amJYUT09_1745229768_0.jpg,EXACT,701/58823,COVERHSCSWITCH,701-58823-coverhscswitch,Electrical Parts,source_image,0,CROSS_REFERENCE_CONFIRMED
Switch Cover,701/58706,Electrical Part,https://www.antheautoparts.com/product-details/switch-cover-701-58706-jcb-genuine-parts,https://enterprise.saioautomotive.com/backend/assets/uploads/products/ZGg0eGIxV25SVytrRk96Z1RWSC9pdz09_1745229819_0.jpg,HIGH,701/58706,SWITCH COVER,701-58706-switch-cover,Electrical Parts,source_image,1,CROSS_REFERENCE_CONFIRMED
Switch Cover,701/58824,Electrical Part,https://www.antheautoparts.com/product-details/switch-cover-701-58824-jcb-genuine-parts,https://enterprise.saioautomotive.com/backend/assets/uploads/products/d21VMFZoRzZESnJGb2h2OERFOG4wQT09_1745229873_0.jpg,EXACT,701/58824,COVER HEAD LIGH,701-58824-cover-head-ligh,Electrical Parts,source_image,0.25,CROSS_REFERENCE_CONFIRMED
Wiper Washer Switch Cover,701/58707,Electrical Part,https://www.antheautoparts.com/product-details/wiper-washer-switch-cover-701-58707-jcb-parts-online,https://enterprise.saioautomotive.com/backend/assets/uploads/products/ZWQvQ3JPbUhyZjdUaU12WHlhc2JKUT09_1745229927_0.jpg,EXACT,701/58707,DECALSWITCHWASH/PIPE,701-58707-decalswitchwash-pipe,Electrical Parts,source_image,0,CROSS_REFERENCE_CONFIRMED
Switch,701/58826,Electrical Part,https://www.antheautoparts.com/product-details/switch-701-58826-jcb-parts-near-me,https://enterprise.saioautomotive.com/backend/assets/uploads/products/K0dpaTVOdTdEc3dhbWtBU3dBNjEzZz09_1745229984_0.jpg,EXACT,701/58826,DECAL -FR WORKL,701-58826-decal-fr-workl,Electrical Parts,source_image,0,CROSS_REFERENCE_CONFIRMED
Switch Cover,701/58827,Electrical Part,https://www.antheautoparts.com/product-details/switch-cover-701-58827-jcb-parts-near-me,https://enterprise.saioautomotive.com/backend/assets/uploads/products/eHVKMXVobk1RS0ptUWlkUTNlYVpiUT09_1745230049_0.jpg,EXACT,701/58827,SWITCH ACTUATOR REAR WORKLIGHTS,701-58827-switch-actuator-rear-worklights,Electrical Parts,source_image,0.2,CROSS_REFERENCE_CONFIRMED
Motor Front Wiper,714/40147,Electrical Part,https://www.antheautoparts.com/product-details/motor-front-wiper-714-40147-jcb-spares,https://enterprise.saioautomotive.com/backend/assets/uploads/products/L0dWY1BmdVBuWTB5R2U4N3FFc0xzZz09_1745230217_0.jpg,HIGH,714/40147,WIPER MOTOR front,714-40147-wiper-motor-front,Electrical Parts,source_image,1,CROSS_REFERENCE_CONFIRMED
Switch Cover,701/58828,Electrical Part,https://www.antheautoparts.com/product-details/switch-cover-701-58828-jcb-parts-catalog,https://enterprise.saioautomotive.com/backend/assets/uploads/products/d0tKaEhZZjlncGtSUmRRQWlsS2UvZz09_1745230269_0.jpg,EXACT,701/58828,DECAL WSH/WIPE SWTICH,701-58828-decal-wsh-wipe-swtich,Electrical Parts,source_image,0,CROSS_REFERENCE_CONFIRMED
Switch Cover,701/80416,Electrical Part,https://www.antheautoparts.com/product-details/switch-cover-701-80416-jcb-parts-near-me,https://enterprise.saioautomotive.com/backend/assets/uploads/products/Z0d4WEJtemc3dkkrOEZJRExHcG92QT09_1745230329_0.jpg,HIGH,701/80416,SWITCH COVER -DECAL,701-80416-switch-cover-decal,Electrical Parts,source_image,0.67,CROSS_REFERENCE_CONFIRMED
Switch Cover,701/58833,Electrical Part,https://www.antheautoparts.com/product-details/switch-cover-701-58833-replacement-jcb-parts,https://enterprise.saioautomotive.com/backend/assets/uploads/products/Qlc5b2JhWXJzOWtHUmxNRmNHbkUvZz09_1745230423_0.jpg,EXACT,701/58833,SWITCH ACTUATOR-AUX HYD TOOLS,701-58833-switch-actuator-aux-hyd-tools,Electrical Parts,source_image,0.17,CROSS_REFERENCE_CONFIRMED
Switch Cover,701/58835,Electrical Part,https://www.antheautoparts.com/product-details/switch-cover-701-58835-jcb-parts-near-me,https://enterprise.saioautomotive.com/backend/assets/uploads/products/OFpCeVZjUFhMNnF2ZEwwNHRLS0Frdz09_1745230484_0.jpg,UNMATCHED,,,,,,0,EXTERNAL_ONLY_PRODUCT
Switch Cover,701/58838,Electrical Part,https://www.antheautoparts.com/product-details/switch-cover-701-58838-jcb-spares,https://enterprise.saioautomotive.com/backend/assets/uploads/products/TUVVQXdUUGpPbU53d3lQcGNmT2ZQZz09_1745230803_0.jpg,UNMATCHED,,,,,,0,EXTERNAL_ONLY_PRODUCT
Switch Cover,701/58842,Electrical Part,https://www.antheautoparts.com/product-details/switch-cover-701-58842-jcb-genuine-parts,https://enterprise.saioautomotive.com/backend/assets/uploads/products/WW41U1FwdTk1OWVVcVNJOHhraUJqUT09_1745230865_0.jpg,HIGH,701/58842,COVER SRS SWITCH,701-58842-cover-srs-switch,Electrical Parts,source_image,0.67,CROSS_REFERENCE_CONFIRMED
Oil Pressure Switch,701/80591,Electrical Part,https://www.antheautoparts.com/product-details/oil-pressure-switch-701-80591-jcb-parts-online,https://enterprise.saioautomotive.com/backend/assets/uploads/products/ckl1RjRoSDBVQzMrL1Y5dHVtUHVIQT09_1745231008_0.jpg,EXACT,701/80591,SWITCHOILPRESSURE,701-80591-switchoilpressure,Electrical Parts,source_image,0,CROSS_REFERENCE_CONFIRMED
Switch Sender Coolant,320/04588 | 320/A4901,Electrical Part,https://www.antheautoparts.com/product-details/switch-sender-coolant-320-04588-320-a4901-jcb-aftermarket-parts,https://enterprise.saioautomotive.com/backend/assets/uploads/products/TkxkZHVQemFiYVlwdzdKQXpoZVNpdz09_1745231078_0.jpg,HIGH,320/04588,COOLANT SWITCH/SENDER,320-04588-coolant-switch-sender,Electrical Parts,source_image,1,CROSS_REFERENCE_CONFIRMED
Wash Pump Twin Motor 12V,714/20600,Electrical Part,https://www.antheautoparts.com/product-details/wash-pump-twin-motor-12v-714-20600-jcb-spare-parts,https://enterprise.saioautomotive.com/backend/assets/uploads/products/dmppUUUyL2pVaVlZZUNYR1JyOTk3UT09_1745231145_0.jpg,HIGH,714/20600,PUMP screen wash      12v,714-20600-pump-screen-wash-12v,Electrical Parts,source_image,0.5,CROSS_REFERENCE_CONFIRMED
Transmission Oil Temp Switch,701/71300,Electrical Part,https://www.antheautoparts.com/product-details/transmission-oil-temp-switch-701-71300-jcb-parts-online,https://enterprise.saioautomotive.com/backend/assets/uploads/products/c3NHTXZ2MjVjWFU3c2hYVTV1czZ0UT09_1745231236_0.jpg,UNMATCHED,,,,,,0,EXTERNAL_ONLY_PRODUCT
Proximity Switch,701/80312,Electrical Part,https://www.antheautoparts.com/product-details/proximity-switch-701-80312-jcb-parts-near-me,https://enterprise.saioautomotive.com/backend/assets/uploads/products/WmRSRmNnQ3A2YWZscW5KWlljTmdhUT09_1745231290_0.jpg,HIGH,701/80312,PROXIMITY SWITCH,701-80312-proximity-switch,Electrical Parts,source_image,1,CROSS_REFERENCE_CONFIRMED
Working Light,333/J6448,Electrical Part,https://www.antheautoparts.com/product-details/working-light-333-j6448-jcb-genuine-parts,https://enterprise.saioautomotive.com/backend/assets/uploads/products/OExCckxzSGk1OEo2VTMyaDdzZ3FiZz09_1745231415_0.jpg,EXACT,333/J6448,WORKLIGHT#JS220,333-j6448-worklightjs220,Electrical Parts,source_image,0,CROSS_REFERENCE_CONFIRMED
Oil Pressure Switch,701/80626,Electrical Part,https://www.antheautoparts.com/product-details/oil-pressure-switch-701-80626-replacement-jcb-parts,https://enterprise.saioautomotive.com/backend/assets/uploads/products/bFN6OHFIZFkwUGtIUXJPdjQ5cHVqdz09_1745231499_0.jpg,EXACT,701/80626,SWITCH-TRANS.OILPR,701-80626-switch-transoilpr,Electrical Parts,source_image,0.2,CROSS_REFERENCE_CONFIRMED
Belt Tensioner,320/08586,Engine Parts,https://www.antheautoparts.com/product-details/belt-tensioner-320-08586-jcb-parts-near-me,https://enterprise.saioautomotive.com/backend/assets/uploads/products/cVVNaUIyejJpQVRRZ3BkamFlYTJCZz09_1745299412_0.jpg,EXACT,320/08586,PULLEY-IDLER(altno320/08724),320-08586-pulley-idler-altno320-08724,Engine Parts,source_image,0,CROSS_REFERENCE_CONFIRMED
Thermostat Builds LH AA AB AC,02/100192,Engine Parts,https://www.antheautoparts.com/product-details/thermostat-builds-lh-aa-ab-ac-02-100192-jcb-parts-online,https://enterprise.saioautomotive.com/backend/assets/uploads/products/ZmpnendabFdoeWl3N2dPU0Foei9Edz09_1745299464_0.jpg,EXACT,02/100192,THERMOSTAT,02-100192-thermostat,Engine Parts,source_image,0.17,CROSS_REFERENCE_CONFIRMED
Rocker Cover Bush,02/192069,Engine Parts,https://www.antheautoparts.com/product-details/rocker-cover-bush-02-192069-jcb-aftermarket-parts,https://enterprise.saioautomotive.com/backend/assets/uploads/products/L1lQVER3SUVJWXJOVXI0TlFRZ2Y0QT09_1745299513_0.jpg,HIGH,02/192069,BUSH,02-192069-bush,Engine Parts,source_image,0.33,CROSS_REFERENCE_CONFIRMED
Crankshaft Pulley Twin Groove,02/200018,Engine Parts,https://www.antheautoparts.com/product-details/crankshaft-pulley-twin-groove-02-200018-replacement-jcb-parts,https://enterprise.saioautomotive.com/backend/assets/uploads/products/alZRbWxXTGw5YTJWRUlsOXJTcVpSUT09_1745299586_0.jpg,EXACT,02/200018,PULLEY,02-200018-pulley,Engine Parts,source_image,0.25,CROSS_REFERENCE_CONFIRMED
Crankshaft Pulley,02/200877,Engine Parts,https://www.antheautoparts.com/product-details/crankshaft-pulley-02-200877-jcb-parts-near-me,https://enterprise.saioautomotive.com/backend/assets/uploads/products/dXgvRlVBenJ2UUJRWlNmaHVJd2Zvdz09_1745299630_0.jpg,UNMATCHED,,,,,,0,EXTERNAL_ONLY_PRODUCT
Oil Filler Cap For Perkins Engine,02/201099 | 02/201343,Engine Parts,https://www.antheautoparts.com/product-details/oil-filler-cap-for-perkins-engine-02-201099-02-201343-jcb-genuine-parts,https://enterprise.saioautomotive.com/backend/assets/uploads/products/b3kzWkdPRFJodnFrRUJieWFYb0JaQT09_1745299735_0.jpg,EXACT,02/201343,CAP-OILFILTER,02-201343-cap-oilfilter,Engine Parts,source_image,0.17,CROSS_REFERENCE_CONFIRMED
Water Pump,02/201630 | 02/201457 | 332/H0893,Engine Parts,https://www.antheautoparts.com/product-details/water-pump-02-201630-02-201457-332-h0893-jcb-parts-online,https://enterprise.saioautomotive.com/backend/assets/uploads/products/Q05zWVVIWDVqU1VJb0xEeThBY1o3Zz09_1745299796_0.jpg,EXACT,332/H0893,Pumpwater,332-h0893-pumpwater,Engine Parts,source_image,0,CROSS_REFERENCE_CONFIRMED
Engine Mountings,111/30101,Engine Parts,https://www.antheautoparts.com/product-details/engine-mountings-111-30101-jcb-parts-near-me,https://enterprise.saioautomotive.com/backend/assets/uploads/products/T3dacVFqSnZxeUV3b2k3SXdCYkM4QT09_1745299863_0.jpg,EXACT,111/30101,RUBBERMOUNTING,111-30101-rubbermounting,Engine Parts,source_image,0,CROSS_REFERENCE_CONFIRMED
Engine Mounts With Nut/bolt,111/30101 | 1315/3518Z,Engine Parts,https://www.antheautoparts.com/product-details/engine-mounts-with-nut-bolt-111-30101-1315-3518z-jcb-parts-catalog,https://enterprise.saioautomotive.com/backend/assets/uploads/products/K1RkSm96QjYvYWdzeUdoTEZnS2Mvdz09_1745300216_0.jpg,EXACT,111/30101,RUBBERMOUNTING,111-30101-rubbermounting,Engine Parts,source_image,0,CROSS_REFERENCE_CONFIRMED
Joint Universal,116/00416 | 331/34525,Engine Parts,https://www.antheautoparts.com/product-details/joint-universal-116-00416-331-34525-jcb-spare-parts,https://enterprise.saioautomotive.com/backend/assets/uploads/products/OHhEbTFDQys2ZlpCbjZja2JTZUMwUT09_1745300260_0.jpg,EXACT,331/34525,CONTROL PIVOT,331-34525-control-pivot,Engine Parts,source_image,0,CROSS_REFERENCE_CONFIRMED
Radiator Cap Coolant Double Seal 13 PSI,121/60601,Engine Parts,https://www.antheautoparts.com/product-details/radiator-cap-coolant-double-seal-13-psi-121-60601-jcb-spare-parts-dealer,https://enterprise.saioautomotive.com/backend/assets/uploads/products/ZlBzYXlXMmUvWndUaVlGREFTTjdFZz09_1745300302_0.jpg,EXACT,121/60601,CAPCOOLENTFILTER,121-60601-capcoolentfilter,Engine Parts,source_image,0,CROSS_REFERENCE_CONFIRMED
Engine Oil Dipstick Project 9,123/02407,Engine Parts,https://www.antheautoparts.com/product-details/engine-oil-dipstick-project-9-123-02407-jcb-spare-parts,https://enterprise.saioautomotive.com/backend/assets/uploads/products/MzNZYlJXTjk4bEcyQ0p0am56TDRKQT09_1745300351_0.jpg,UNMATCHED,,,,,,0,EXTERNAL_ONLY_PRODUCT
Engine Mounts With Nut/bolt,123/03138 | 1315/3518Z,Engine Parts,https://www.antheautoparts.com/product-details/engine-mounts-with-nut-bolt-123-03138-1315-3518z-jcb-spares,https://enterprise.saioautomotive.com/backend/assets/uploads/products/WGhIZUVISWFCM3hPcE16RURrK2dWQT09_1745300397_0.jpg,EXACT,123/03138,RESILIENTMOUNT,123-03138-resilientmount,Body Parts,source_image,0,CROSS_REFERENCE_CONFIRMED
Dipstick Tube,123/05933,Engine Parts,https://www.antheautoparts.com/product-details/dipstick-tube-123-05933-jcb-aftermarket-parts,https://enterprise.saioautomotive.com/backend/assets/uploads/products/enU3SUVlQkpsYXRCSWxIei9UMjl1dz09_1745300443_0.jpg,EXACT,123/05933,TUBEDIPSTICK',123-05933-tubedipstick,Engine Parts,source_image,0,CROSS_REFERENCE_CONFIRMED
Expansion Tank Cap,123/06578,Engine Parts,https://www.antheautoparts.com/product-details/expansion-tank-cap-123-06578-jcb-spare-parts,https://enterprise.saioautomotive.com/backend/assets/uploads/products/dkFpNjUrL044NHdkSHNDQmxMcUZ1QT09_1745300497_0.jpg,EXACT,123/06578,CAPPRESSURE0.5BAR,123-06578-cappressure05bar,Engine Parts,source_image,0,CROSS_REFERENCE_CONFIRMED
Bolt & Nut M10 X 90,1315/3419Z,Engine Parts,https://www.antheautoparts.com/product-details/bolt-nut-m10-x-90-1315-3419z-jcb-spare-parts-dealer,https://enterprise.saioautomotive.com/backend/assets/uploads/products/WFhpRWxpd0ZqKzA3ZUlBT2NJLzJ3dz09_1745300561_0.jpg,HIGH,1315/3419Z,BOLT M10 x 90 G8.8,1315-3419z-bolt-m10-x-90-g88,Engine Parts,source_image,0.6,CROSS_REFERENCE_CONFIRMED
Fuel Lift Pump Perkins Engine,17/401300,Engine Parts,https://www.antheautoparts.com/product-details/fuel-lift-pump-perkins-engine-17-401300-jcb-parts-online,https://enterprise.saioautomotive.com/backend/assets/uploads/products/dzNkbzJ0aVp2eFdORDl5c0JVYjh0Zz09_1745300603_0.jpg,UNMATCHED,,,,,,0,EXTERNAL_ONLY_PRODUCT
Fuel Lift Pump Perkins Engine,17/913600 | 17/401800,Engine Parts,https://www.antheautoparts.com/product-details/fuel-lift-pump-perkins-engine-17-913600-17-401800-jcb-parts-online,https://enterprise.saioautomotive.com/backend/assets/uploads/products/QnMxaUJpRXhxOHdRUGZGb1ovR2xKZz09_1745300657_0.jpg,EXACT,17/913600,PUMPFUELLIFT,17-913600-pumpfuellift,Engine Parts,source_image,0,CROSS_REFERENCE_CONFIRMED
Fan 20 Puller JCB Engine,30/925526,Engine Parts,https://www.antheautoparts.com/product-details/fan-20-puller-jcb-engine-30-925526-jcb-spare-parts-dealer,https://enterprise.saioautomotive.com/backend/assets/uploads/products/S3J2TDI2R016RzRvZHRMVUJucDBQUT09_1745300708_0.jpg,HIGH,30/925526,ENGINE FAN,30-925526-engine-fan,Engine Parts,source_image,0.5,CROSS_REFERENCE_CONFIRMED
Piston Cooling Jet,320/01722,Engine Parts,https://www.antheautoparts.com/product-details/piston-cooling-jet-320-01722-jcb-spares,https://enterprise.saioautomotive.com/backend/assets/uploads/products/YVJGVnpDdWRMUGRMaHRsNWQ4cnNzUT09_1745300755_0.jpg,HIGH,320/01722,PISTON COOLING JET,320-01722-piston-cooling-jet,Engine Parts,source_image,1,CROSS_REFERENCE_CONFIRMED
Bolt M14x164MM,320/02038 | 320/02006,Engine Parts,https://www.antheautoparts.com/product-details/bolt-m14x164mm-320-02038-320-02006-jcb-spare-parts-dealer,https://enterprise.saioautomotive.com/backend/assets/uploads/products/VU9jY2h3bjFCYTk1WjZYKzdWWVNhZz09_1745300804_0.jpg,EXACT,320/02038,BOLT.MAIN BEAR.M14x164 lg,320-02038-boltmain-bearm14x164-lg,Engine Parts,source_image,0.17,CROSS_REFERENCE_CONFIRMED
Gasket Cylinder Head JCB Engine Diesel Max,320/02617,Engine Parts,https://www.antheautoparts.com/product-details/gasket-cylinder-head-jcb-engine-diesel-max-320-02617-jcb-parts-near-me,https://enterprise.saioautomotive.com/backend/assets/uploads/products/MDl3eGdRclAyTnhncStUdFp6V3dGUT09_1745300857_0.jpg,HIGH,320/02617,GASKET.CYLINDER HEAD 448,320-02617-gasketcylinder-head-448,Engine Parts,source_image,0.43,CROSS_REFERENCE_CONFIRMED
Bush Small End,320/03017,Engine Parts,https://www.antheautoparts.com/product-details/bush-small-end-320-03017-jcb-aftermarket-parts,https://enterprise.saioautomotive.com/backend/assets/uploads/products/cXR6L0NhRHlQSW5xeXhmQll0ZzhSdz09_1745300916_0.jpg,HIGH,320/03017,BUSH.SMALL END,320-03017-bushsmall-end,Engine Parts,source_image,1,CROSS_REFERENCE_CONFIRMED
Connecting Rod For JCB Engine,320/03114 | 320/03379,Engine Parts,https://www.antheautoparts.com/product-details/connecting-rod-for-jcb-engine-320-03114-320-03379-jcb-parts-online,https://enterprise.saioautomotive.com/backend/assets/uploads/products/OEY5RXV1OHRONURTNmttMUlqLy9Rdz09_1745300965_0.jpg,HIGH,320/03114,CONNECTING ROD MACHINING 40 S/E,320-03114-connecting-rod-machining-40-s-e,Engine Parts,source_image,0.4,CROSS_REFERENCE_CONFIRMED
Piston Assembly S/O +5 MM NAT ASP,320/03332 | 320/09236,Engine Parts,https://www.antheautoparts.com/product-details/piston-assembly-s-o-5-mm-nat-asp-320-03332-320-09236-jcb-spare-parts,https://enterprise.saioautomotive.com/backend/assets/uploads/products/MHkyOFkrdEVvWWNNMitvT1NXQWRwZz09_1745301041_0.jpg,EXACT,320/09236,Kit-pistonoversiz,320-09236-kit-pistonoversiz,Engine Parts,source_image,0,CROSS_REFERENCE_CONFIRMED
Valve Inlet For JCB Engine,320/03520 | 320/03697,Engine Parts,https://www.antheautoparts.com/product-details/valve-inlet-for-jcb-engine-320-03520-320-03697-jcb-spare-parts-dealer,https://enterprise.saioautomotive.com/backend/assets/uploads/products/bUgrYnFzK1ZKTHdiRFJsWjJhSFp5QT09_1745301088_0.jpg,HIGH,320/03520,INLET VALVE VARROC,320-03520-inlet-valve-varroc,Engine Parts,source_image,0.5,CROSS_REFERENCE_CONFIRMED
Valve Outlet For JCB Engine,320/03521 | 320/03698,Engine Parts,https://www.antheautoparts.com/product-details/valve-outlet-for-jcb-engine-320-03521-320-03698-jcb-parts,https://enterprise.saioautomotive.com/backend/assets/uploads/products/cmNCeTRqanl6dHVvbnV3Wk84eGFDQT09_1745301131_0.jpg,EXACT,320/03521,VALVE EXHAUST VARROC,320-03521-valve-exhaust-varroc,Engine Parts,source_image,0.2,CROSS_REFERENCE_CONFIRMED
Tappet Valve For JCB Engine,320/03524,Engine Parts,https://www.antheautoparts.com/product-details/tappet-valve-for-jcb-engine-320-03524-jcb-parts-online,https://enterprise.saioautomotive.com/backend/assets/uploads/products/STNWNmx1VFdvOUI1bXJNNVhyMkFpQT09_1745301182_0.jpg,HIGH,320/03524,TAPPET,320-03524-tappet,Engine Parts,source_image,0.33,CROSS_REFERENCE_CONFIRMED
Seal Valve Stem,320/03533,Engine Parts,https://www.antheautoparts.com/product-details/seal-valve-stem-320-03533-jcb-genuine-parts,https://enterprise.saioautomotive.com/backend/assets/uploads/products/cEVsK0tkeUVHUnNvMmFDT0tKblJtdz09_1745301230_0.jpg,HIGH,320/03533,SEAL - VALVE STEM,320-03533-seal-valve-stem,Engine Parts,source_image,1,CROSS_REFERENCE_CONFIRMED
Pushrod For JCB Engine,320/03677,Engine Parts,https://www.antheautoparts.com/product-details/pushrod-for-jcb-engine-320-03677-jcb-spares,https://enterprise.saioautomotive.com/backend/assets/uploads/products/ZkR4b0ZmbkxZNmZmRjFQS0lqSUFidz09_1745301276_0.jpg,HIGH,320/03677,PUSHROD,320-03677-pushrod,Engine Parts,source_image,0.5,CROSS_REFERENCE_CONFIRMED
Oil Filler Cap,320/04090,Engine Parts,https://www.antheautoparts.com/product-details/oil-filler-cap-320-04090-jcb-parts,https://enterprise.saioautomotive.com/backend/assets/uploads/products/SmVTNkNubzJaWThJREp3WHlRNFlBQT09_1745301319_0.jpg,EXACT,320/04090,CAP.OilFiller,320-04090-capoilfiller,Engine Parts,source_image,0.25,CROSS_REFERENCE_CONFIRMED
Gasket Oil Cooler Cover,320/04113,Engine Parts,https://www.antheautoparts.com/product-details/gasket-oil-cooler-cover-320-04113-jcb-parts,https://enterprise.saioautomotive.com/backend/assets/uploads/products/d2piZW8zVDBXSDR0NEtJNUJVQUJuUT09_1745301364_0.jpg,HIGH,320/04113,GASKET-OIL COOLER,320-04113-gasket-oil-cooler,Engine Parts,source_image,0.75,CROSS_REFERENCE_CONFIRMED
Oil Pump ABI For JCB Engine,320/04186,Engine Parts,https://www.antheautoparts.com/product-details/oil-pump-abi-for-jcb-engine-320-04186-jcb-spares,https://enterprise.saioautomotive.com/backend/assets/uploads/products/YmxHZzF6WWk3cTNoWGt6c0dDa1RJQT09_1745301413_0.jpg,HIGH,320/04186,ENGINE OIL PUMP 62L 6.0 BAR,320-04186-engine-oil-pump-62l-60-bar,Engine Parts,source_image,0.5,CROSS_REFERENCE_CONFIRMED
Dipstick & Tube Assembly For JCB Engine,320/04195 | 320/04249,Engine Parts,https://www.antheautoparts.com/product-details/dipstick-tube-assembly-for-jcb-engine-320-04195-320-04249-jcb-spare-parts,https://enterprise.saioautomotive.com/backend/assets/uploads/products/ZGFwSmhNV0hISDNuZU9udFlLV29Hdz09_1745301468_0.jpg,EXACT,320/04249,BLADE ASSY -SHORT,320-04249-blade-assy-short,Engine Parts,source_image,0,CROSS_REFERENCE_CONFIRMED
Gasket Water Inlet Pipe,320/04501,Engine Parts,https://www.antheautoparts.com/product-details/gasket-water-inlet-pipe-320-04501-jcb-aftermarket-parts,https://enterprise.saioautomotive.com/backend/assets/uploads/products/S05hMHFNUHpJN1ByQThZV25mbVJhZz09_1745301581_0.jpg,HIGH,320/04501,GASKET.WATER INLET PIPE,320-04501-gasketwater-inlet-pipe,Engine Parts,source_image,1,CROSS_REFERENCE_CONFIRMED
Water Pump For JCB Diesel Max Engine,320/04542,Engine Parts,https://www.antheautoparts.com/product-details/water-pump-for-jcb-diesel-max-engine-320-04542-jcb-parts-near-me,https://enterprise.saioautomotive.com/backend/assets/uploads/products/dVRIYmYzcG9pYXZHUDFQODBnWnN0dz09_1745301634_0.jpg,HIGH,320/04542,WATER PUMP ABI,320-04542-water-pump-abi,Engine Parts,source_image,0.33,CROSS_REFERENCE_CONFIRMED
Thermostat ABI For JCB Engine,320/04618,Engine Parts,https://www.antheautoparts.com/product-details/thermostat-abi-for-jcb-engine-320-04618-jcb-spare-parts,https://enterprise.saioautomotive.com/backend/assets/uploads/products/STR5OWlpdldoaWgwVXJKbFRJMnZaUT09_1745301684_0.jpg,HIGH,320/04618,THERMOSTAT,320-04618-thermostat,Engine Parts,source_image,0.33,CROSS_REFERENCE_CONFIRMED
Thermostat Housing,320/04739,Engine Parts,https://www.antheautoparts.com/product-details/thermostat-housing-320-04739-jcb-spare-parts,https://enterprise.saioautomotive.com/backend/assets/uploads/products/cGE5eGMyelFDOWZBS3VYRGR4MHhMdz09_1745301879_0.jpg,HIGH,320/04739,HOUSING.WATER THERMOSTAT,320-04739-housingwater-thermostat,Engine Parts,source_image,0.67,CROSS_REFERENCE_CONFIRMED
Connector Water Inlet,320/04758 | 320/04547,Engine Parts,https://www.antheautoparts.com/product-details/connector-water-inlet-320-04758-320-04547-jcb-spare-parts,https://enterprise.saioautomotive.com/backend/assets/uploads/products/UTNPVzRtaWZTVXdIY2xHeDlDQjBLdz09_1745301943_0.jpg,HIGH,320/04758,CONNECTOR WATER INLET,320-04758-connector-water-inlet,Engine Parts,source_image,1,CROSS_REFERENCE_CONFIRMED
Thermostat Housing,320/04540 | 320/04890,Engine Parts,https://www.antheautoparts.com/product-details/thermostat-housing-320-04540-320-04890-jcb-spares,https://enterprise.saioautomotive.com/backend/assets/uploads/products/cHduNDVCNG9YeFdUUm8rdVpKbldEZz09_1745302052_0.jpg,HIGH,320/04890,THERMOSTAT HOUSING,320-04890-thermostat-housing,Engine Parts,source_image,1,CROSS_REFERENCE_CONFIRMED
Lift Pump To Filter,320/07041 | 320/07052,Engine Parts,https://www.antheautoparts.com/product-details/lift-pump-to-filter-320-07041-320-07052-jcb-aftermarket-parts,https://enterprise.saioautomotive.com/backend/assets/uploads/products/NHE2eUZqQ0JML1k4Vi9kQjFJdW10dz09_1745302113_0.jpg,EXACT,320/07041,PIPE.LP FUEL.FILTER TO F.I.P,320-07041-pipelp-fuelfilter-to-fip,Engine Parts,source_image,0.29,CROSS_REFERENCE_CONFIRMED
Snap Rings For Fuel Pipes,320/07189,Engine Parts,https://www.antheautoparts.com/product-details/snap-rings-for-fuel-pipes-320-07189-jcb-spare-parts,https://enterprise.saioautomotive.com/backend/assets/uploads/products/WFZuWHpSSmp0eE1YLy9ac05jS1R3UT09_1745302171_0.jpg,EXACT,320/07189,SNAPRING(LOCAL),320-07189-snapring-local,Engine Parts,source_image,0,CROSS_REFERENCE_CONFIRMED
Fuel Lift Pump,320/07201 | 320/07037 | 320/A7161 | 320/07040,Engine Parts,https://www.antheautoparts.com/product-details/fuel-lift-pump-320-07201-320-07037-320-a7161-320-07040-jcb-parts-catalog,https://enterprise.saioautomotive.com/backend/assets/uploads/products/NDc1amFGZnd1ZDZOOFdTQytMcXRHdz09_1745302244_0.jpg,EXACT,320/07201,LIFTPUMP.DIESELF,320-07201-liftpumpdieself,Category under review,placeholder_image,0,DISCOVERED_IMAGE_REFERENCE_FOR_REVIEW
Seal Rocker Cover,320/07580,Engine Parts,https://www.antheautoparts.com/product-details/seal-rocker-cover-320-07580-jcb-parts-online,https://enterprise.saioautomotive.com/backend/assets/uploads/products/aUxJNE9hQVVvRmlTVzU4UnlET2FQQT09_1745302294_0.jpg,HIGH,320/07580,ROCKER COVER SEAL,320-07580-rocker-cover-seal,Engine Parts,source_image,1,CROSS_REFERENCE_CONFIRMED
Oil Filler Cap,320/07753,Engine Parts,https://www.antheautoparts.com/product-details/oil-filler-cap-320-07753-jcb-spares,https://enterprise.saioautomotive.com/backend/assets/uploads/products/UWk5dzBCSEkvcmtIOWpmSkhVYU12Zz09_1745302372_0.jpg,HIGH,320/07753,OIL FILLER CAP,320-07753-oil-filler-cap,Engine Parts,source_image,1,CROSS_REFERENCE_CONFIRMED
Hub Fan Drive Assembly JCB Engine,320/08550,Engine Parts,https://www.antheautoparts.com/product-details/hub-fan-drive-assembly-jcb-engine-320-08550-jcb-spare-parts-dealer,https://enterprise.saioautomotive.com/backend/assets/uploads/products/dWZrd0xsVmY5Qi9pU2Q5VU9iQ1E4UT09_1745302448_0.jpg,EXACT,320/08550,FAN HUB ASSY.ABI,320-08550-fan-hub-assyabi,Engine Parts,source_image,0.29,CROSS_REFERENCE_CONFIRMED
Belt Idler Tensioner,320/08588,Engine Parts,https://www.antheautoparts.com/product-details/belt-idler-tensioner-320-08588-jcb-genuine-parts,https://enterprise.saioautomotive.com/backend/assets/uploads/products/d0lyUnVPeDdzYXNHZUtkR21HMlFmQT09_1745302521_0.jpg,UNMATCHED,,,,,,0,EXTERNAL_ONLY_PRODUCT
Belt Drive JCB Engine 1835MM,320/08598,Engine Parts,https://www.antheautoparts.com/product-details/belt-drive-jcb-engine-1835mm-320-08598-jcb-spare-parts,https://enterprise.saioautomotive.com/backend/assets/uploads/products/UWpsdUhla3RZTUxuR0VwUXhPTjNrdz09_1745302590_0.jpg,EXACT,320/08598,BELTFRONT8PK1835AR3,320-08598-beltfront8pk1835ar3,Engine Parts,source_image,0,CROSS_REFERENCE_CONFIRMED
Belt Drive 8PK L = 1855,320/08599,Engine Parts,https://www.antheautoparts.com/product-details/belt-drive-8pk-l-1855-320-08599-replacement-jcb-parts,https://enterprise.saioautomotive.com/backend/assets/uploads/products/K01JSDRpY3c0ME02M0kzMmtLZXp4UT09_1745302655_0.jpg,EXACT,320/08599,CORREIA ACIONAMENTO AQUECEDOR,320-08599-correia-acionamento-aquecedor,Engine Parts,source_image,0,CROSS_REFERENCE_CONFIRMED
Belt Drive 8PK L = 2121,320/08600,Engine Parts,https://www.antheautoparts.com/product-details/belt-drive-8pk-l-2121-320-08600-jcb-spares,https://enterprise.saioautomotive.com/backend/assets/uploads/products/VUpucFF4Y3Rkc1Q3TzRreHdmbUNVZz09_1745302708_0.jpg,EXACT,320/08600,BELT.FRONT8PKtbaAR3#VM117,320-08600-beltfront8pktbaar3vm117,Engine Parts,source_image,0.17,CROSS_REFERENCE_CONFIRMED
Belt Drive 8PK L = 1955,320/08601,Engine Parts,https://www.antheautoparts.com/product-details/belt-drive-8pk-l-1955-320-08601-jcb-genuine-parts,https://enterprise.saioautomotive.com/backend/assets/uploads/products/S25zUEtMckdwWUxXWFhBRGlwTjdzZz09_1745302770_0.jpg,EXACT,320/08601,BELTFRONT8PK1955AR3,320-08601-beltfront8pk1955ar3,Engine Parts,source_image,0,CROSS_REFERENCE_CONFIRMED
Belt Drive 8PK L = 2093,320/08605,Engine Parts,https://www.antheautoparts.com/product-details/belt-drive-8pk-l-2093-320-08605-jcb-parts-near-me,https://enterprise.saioautomotive.com/backend/assets/uploads/products/N3NpdkdXNmVWZmp4M2JNUTgrMHJHQT09_1745302820_0.jpg,EXACT,320/08605,BELT.FRONT 8PK 2101 AR3,320-08605-beltfront-8pk-2101-ar3,Engine Parts,source_image,0.29,CROSS_REFERENCE_CONFIRMED
Belt Drive 8PK L = 2110,320/08606,Engine Parts,https://www.antheautoparts.com/product-details/belt-drive-8pk-l-2110-320-08606-jcb-spare-parts,https://enterprise.saioautomotive.com/backend/assets/uploads/products/c2JIUVZCbmxsdHU1alRhTzdQV285QT09_1745302871_0.jpg,EXACT,320/08606,BELTFRONT8PK2110AR3,320-08606-beltfront8pk2110ar3,Engine Parts,source_image,0,CROSS_REFERENCE_CONFIRMED
Belt Drive 8PK L = 2002,320/08608,Engine Parts,https://www.antheautoparts.com/product-details/belt-drive-8pk-l-2002-320-08608-jcb-aftermarket-parts,https://enterprise.saioautomotive.com/backend/assets/uploads/products/aXR1ZUFIZXlMRjFpd2pGdTBDcTUyUT09_1745302941_0.jpg,HIGH,320/08608,BELT FRONT 8PK 2002 AR3,320-08608-belt-front-8pk-2002-ar3,Engine Parts,source_image,0.5,CROSS_REFERENCE_CONFIRMED
Belt Drive 8PK L = 1995,320/08609,Engine Parts,https://www.antheautoparts.com/product-details/belt-drive-8pk-l-1995-320-08609-jcb-aftermarket-parts,https://enterprise.saioautomotive.com/backend/assets/uploads/products/U01MdDh3NTVNMGVqSmx5dWpJcjhVUT09_1745302992_0.jpg,EXACT,320/08609,BELT 8PK1995 AR3,320-08609-belt-8pk1995-ar3,Engine Parts,source_image,0.17,CROSS_REFERENCE_CONFIRMED
Adjuster Auto Tensioner,320/08651 | 320/08657 | 320/08759 | 320/A8586 | 320/085,Engine Parts,https://www.antheautoparts.com/product-details/adjuster-auto-tensioner-320-08651-320-08657-320-08759-320-a8586-320-085-jcb-aftermarket-parts,https://enterprise.saioautomotive.com/backend/assets/uploads/products/NVZKWEp5YncxN1VoVUdSTXMyRUl1QT09_1745303163_0.jpg,EXACT,320/08651,AUTOTENSIONER(alt320/08759),320-08651-autotensioner-alt320-08759,Category under review,placeholder_image,0,DISCOVERED_IMAGE_REFERENCE_FOR_REVIEW
Crankshaft JCB Engine,320/09201,Engine Parts,https://www.antheautoparts.com/product-details/crankshaft-jcb-engine-320-09201-replacement-jcb-parts,https://enterprise.saioautomotive.com/backend/assets/uploads/products/,UNMATCHED,,,,,,0,EXTERNAL_ONLY_PRODUCT
Kit Bearing Main Standard,320/09202,Engine Parts,https://www.antheautoparts.com/product-details/kit-bearing-main-standard-320-09202-jcb-spare-parts,https://enterprise.saioautomotive.com/backend/assets/uploads/products/cnMxUzVRbDZYY1dkOHR1aGdURmJjUT09_1745303255_0.jpg,UNMATCHED,,,,,,0,EXTERNAL_ONLY_PRODUCT
Kit - Thrust Washer,320/09208,Engine Parts,https://www.antheautoparts.com/product-details/kit-thrust-washer-320-09208-jcb-parts-online,https://enterprise.saioautomotive.com/backend/assets/uploads/products/Z1E4bXhqVnBucEQvRTRGL1NyRXVTUT09_1745303325_0.jpg,HIGH,320/09208,Kit-thrust washer,320-09208-kit-thrust-washer,Engine Parts,source_image,1,CROSS_REFERENCE_CONFIRMED
Piston & Rings STD Kit NAT ASP Engine,320/09210 | 320/03330,Engine Parts,https://www.antheautoparts.com/product-details/piston-rings-std-kit-nat-asp-engine-320-09210-320-03330-jcb-parts-online,https://enterprise.saioautomotive.com/backend/assets/uploads/products/bVB4MXlJWkVTOVV4SUtkK1k4dWo2QT09_1745303378_0.jpg,EXACT,320/09210,KIT-PISTON,320-09210-kit-piston,Engine Parts,source_image,0.29,CROSS_REFERENCE_CONFIRMED
Top Gasket Kit For JCB Turbo Engine,320/09217,Engine Parts,https://www.antheautoparts.com/product-details/top-gasket-kit-for-jcb-turbo-engine-320-09217-jcb-parts-online,https://enterprise.saioautomotive.com/backend/assets/uploads/products/Q1NtcXdFM2xxUTBJQXJiSkVUbmVaUT09_1745305648_0.jpg,HIGH,320/09217,TOP GASKET KIT TC/TCA,320-09217-top-gasket-kit-tc-tca,Engine Parts,source_image,0.43,CROSS_REFERENCE_CONFIRMED
Piston Assembly O/S + 1.0 MM NAT ASP,320/09237,Engine Parts,https://www.antheautoparts.com/product-details/piston-assembly-o-s-10-mm-nat-asp-320-09237-jcb-spares,https://enterprise.saioautomotive.com/backend/assets/uploads/products/STdyeWRYK2lSK1VqbmM4ZG1SZUtEZz09_1745303557_0.jpg,UNMATCHED,,,,,,0,EXTERNAL_ONLY_PRODUCT
Crankshaft JCB Engine,320/09256 | 320/03336,Engine Parts,https://www.antheautoparts.com/product-details/crankshaft-jcb-engine-320-09256-320-03336-jcb-genuine-parts,https://enterprise.saioautomotive.com/backend/assets/uploads/products/cmE1akhuWnBZSjVzaDRHaThYd05vdz09_1745303615_0.jpg,UNMATCHED,,,,,,0,EXTERNAL_ONLY_PRODUCT
Top Gasket Kit For JCB Turbo Engine,320/09297,Engine Parts,https://www.antheautoparts.com/product-details/top-gasket-kit-for-jcb-turbo-engine-320-09297-jcb-spare-parts,https://enterprise.saioautomotive.com/backend/assets/uploads/products/cmE3UUo4eVZ6L3plbzkwcFNIQm16QT09_1745303763_0.jpg,HIGH,320/09297,Kit-top gasket,320-09297-kit-top-gasket,Engine Parts,source_image,0.6,CROSS_REFERENCE_CONFIRMED
Piston Ring Kit Standard - Turbo,320/09299 | 320/09213,Engine Parts,https://www.antheautoparts.com/product-details/piston-ring-kit-standard-turbo-320-09299-320-09213-jcb-spares,https://enterprise.saioautomotive.com/backend/assets/uploads/products/aGx0NVEyODVOeWVpMHcyelNDbm5nZz09_1745304095_0.jpg,EXACT,320/09299,KitpistonringstAltno.320/09299A,320-09299-kitpistonringstaltno320-09299a,Engine Parts,source_image,0,CROSS_REFERENCE_CONFIRMED
Main Bearing Kit U/S - 0.50MM,320/09337,Engine Parts,https://www.antheautoparts.com/product-details/main-bearing-kit-u-s-050mm-320-09337-jcb-genuine-parts,https://enterprise.saioautomotive.com/backend/assets/uploads/products/aHJKOEdFdTdPRlNDQU9aMWM3WXdaUT09_1745304148_0.jpg,EXACT,320/09337,Kit-MainBearingU(local320/09475),320-09337-kit-mainbearingu-local320-09475,Engine Parts,source_image,0.14,CROSS_REFERENCE_CONFIRMED
Piston Rings Standard Kit,320/09468,Engine Parts,https://www.antheautoparts.com/product-details/piston-rings-standard-kit-320-09468-replacement-jcb-parts,https://enterprise.saioautomotive.com/backend/assets/uploads/products/TmI4NEZjdXVDalhseVVzQlV6VmZjQT09_1745304198_0.jpg,EXACT,320/09468,Piston Ring Kit (Std)   -  4.8 BS3,320-09468-piston-ring-kit-std-48-bs3,Engine Parts,source_image,0.29,CROSS_REFERENCE_CONFIRMED
Bearing Big End STD. MAS20,320/09470 | 320/03310 | 320/03270 | 320/09338,Engine Parts,https://www.antheautoparts.com/product-details/bearing-big-end-std-mas20-320-09470-320-03310-320-03270-320-09338-jcb-parts,https://enterprise.saioautomotive.com/backend/assets/uploads/products/SjJLZnRqMXl2LzhBWlRUbk4wRHhBUT09_1745305703_0.jpg,HIGH,320/09470,Big End Bearing Kit (Std)   -  4.8 BS3,320-09470-big-end-bearing-kit-std-48-bs3,Bearings,placeholder_image,0.57,DISCOVERED_IMAGE_REFERENCE_FOR_REVIEW
Kit Bearing Main Standard,320/09473 | 320/09335,Engine Parts,https://www.antheautoparts.com/product-details/kit-bearing-main-standard-320-09473-320-09335-jcb-parts-near-me,https://enterprise.saioautomotive.com/backend/assets/uploads/products/VmdoZHU2QWg4ZzF5QVp6Z1M0cHJKUT09_1745305802_0.jpg,HIGH,320/09473,Main Bearing Kit (Std)   -  4.8 BS3,320-09473-main-bearing-kit-std-48-bs3,Engine Parts,source_image,0.5,CROSS_REFERENCE_CONFIRMED
Main Bearing Kit U/S - 0.25MM,320/09336 | 320/09474,Engine Parts,https://www.antheautoparts.com/product-details/main-bearing-kit-u-s-025mm-320-09336-320-09474-jcb-aftermarket-parts,https://enterprise.saioautomotive.com/backend/assets/uploads/products/QmVIVStJbElsekFUZmdHWFprRXdFQT09_1745305878_0.jpg,EXACT,320/09336,MAINBRGKIT-0.25,320-09336-mainbrgkit-025,Engine Parts,source_image,0,CROSS_REFERENCE_CONFIRMED
Main Bearing Kit U/S - 0.50MM,320/09475,Engine Parts,https://www.antheautoparts.com/product-details/main-bearing-kit-u-s-050mm-320-09475-jcb-parts-online,https://enterprise.saioautomotive.com/backend/assets/uploads/products/a0dpWDR0MEtsU1d4ZExFbG9jcTcwUT09_1745305936_0.jpg,HIGH,320/09475,Main Bearing Kit (-0.5)   -  4.8 BS3,320-09475-main-bearing-kit-05-48-bs3,Engine Parts,source_image,0.6,CROSS_REFERENCE_CONFIRMED
"Starter Motor 12V, JCB Diesel Max Engine",320/09661,Engine Parts,https://www.antheautoparts.com/product-details/starter-motor-12v-jcb-diesel-max-engine-320-09661-jcb-parts-catalog,https://enterprise.saioautomotive.com/backend/assets/uploads/products/dDlEb0UreGtyUTBtVW03akVwdEg1UT09_1745305984_0.jpg,EXACT,320/09661,STARTER MOTOR BOSCH 3.857GR012V,320-09661-starter-motor-bosch-3857gr012v,Engine Parts,source_image,0.25,CROSS_REFERENCE_CONFIRMED
Connector Quick Connect 90 DEG.,332/C0010,Engine Parts,https://www.antheautoparts.com/product-details/connector-quick-connect-90-deg-332-c0010-jcb-spare-parts,https://enterprise.saioautomotive.com/backend/assets/uploads/products/T2p6ei9wSEYrcHUzZXFURkZ1UlhFUT09_1745306034_0.jpg,HIGH,332/C0010,QUICK CONNECTOR,332-c0010-quick-connector,Engine Parts,source_image,0.4,CROSS_REFERENCE_CONFIRMED
Hose Scavenge,332/C4382,Engine Parts,https://www.antheautoparts.com/product-details/hose-scavenge-332-c4382-jcb-parts,https://enterprise.saioautomotive.com/backend/assets/uploads/products/SFZjZWlCR2hDaXBwWm5aT2hDREJpQT09_1745306085_0.jpg,HIGH,332/C4382,SCAVENGE HOSE,332-c4382-scavenge-hose,Engine Parts,source_image,1,CROSS_REFERENCE_CONFIRMED
Expansion Bottle Cap,477/00223,Engine Parts,https://www.antheautoparts.com/product-details/expansion-bottle-cap-477-00223-replacement-jcb-parts,https://enterprise.saioautomotive.com/backend/assets/uploads/products/WXluaDlFUmhGZkE5QklPMjUxTENRUT09_1745306136_0.jpg,EXACT,477/00223,PRESSURE CAP 1bar,477-00223-pressure-cap-1bar,Engine Parts,source_image,0.2,CROSS_REFERENCE_CONFIRMED
Water Pump JCB Kirloskar Engine,550/42607,Engine Parts,https://www.antheautoparts.com/product-details/water-pump-jcb-kirloskar-engine-550-42607-jcb-parts-catalog,https://enterprise.saioautomotive.com/backend/assets/uploads/products/Zm1oYmlPTUQzRDFxeTZwb1JFMWhsQT09_1745306185_0.jpg,HIGH,550/42607,Water Pump assly.,550-42607-water-pump-assly,Engine Parts,source_image,0.4,CROSS_REFERENCE_CONFIRMED
Diesel Fuel Hose,649/51777,Engine Parts,https://www.antheautoparts.com/product-details/diesel-fuel-hose-649-51777-jcb-spare-parts,https://enterprise.saioautomotive.com/backend/assets/uploads/products/dGFPeUhxVEhlQXBtM3gzUlhmSTlzUT09_1745306232_0.jpg,EXACT,649/51777,FUEL LINE,649-51777-fuel-line,Engine Parts,source_image,0.25,CROSS_REFERENCE_CONFIRMED
Hose Hydraulic Oil Cooler,834/10764,Engine Parts,https://www.antheautoparts.com/product-details/hose-hydraulic-oil-cooler-834-10764-jcb-spare-parts-dealer,https://enterprise.saioautomotive.com/backend/assets/uploads/products/eGthN0lyU0xpM1BBUWNXVlBLTHczdz09_1745306276_0.jpg,EXACT,834/10764,HOSE BAND,834-10764-hose-band,Engine Parts,source_image,0.2,CROSS_REFERENCE_CONFIRMED
Connector Water Outlet,02/202411,Engine Parts,https://www.antheautoparts.com/product-details/connector-water-outlet-02-202411-jcb-spare-parts-dealer,https://enterprise.saioautomotive.com/backend/assets/uploads/products/eTZZL2ViUFZrUTlaL2t6TkFjeFhIZz09_1745306363_0.jpg,HIGH,02/202411,'CONNECTOR',02-202411-connector,Engine Parts,source_image,0.33,CROSS_REFERENCE_CONFIRMED
Pulley,320/08623 | 320/08624,Engine Parts,https://www.antheautoparts.com/product-details/pulley-320-08623-320-08624-jcb-parts-near-me,https://enterprise.saioautomotive.com/backend/assets/uploads/products/TGc0clN1L0RxMDd1azcvSGY3eWYwZz09_1745306473_0.jpg,EXACT,320/08624,IDLER ASSY NON A/C ABI,320-08624-idler-assy-non-a-c-abi,Engine Parts,source_image,0,CROSS_REFERENCE_CONFIRMED
Thermostat,02/203184,Engine Parts,https://www.antheautoparts.com/product-details/thermostat-02-203184-jcb-aftermarket-parts,https://enterprise.saioautomotive.com/backend/assets/uploads/products/T0xQSkhQaWRhSzIvOFoxQVVPa2puZz09_1745306535_0.jpg,EXACT,02/203184,CONNECTOR,02-203184-connector,Engine Parts,source_image,0,CROSS_REFERENCE_CONFIRMED
Tensioner Pulley,320/08628,Engine Parts,https://www.antheautoparts.com/product-details/tensioner-pulley-320-08628-jcb-parts-near-me,https://enterprise.saioautomotive.com/backend/assets/uploads/products/WXJqTkN4QmFId2R1RjhpVysyRldzdz09_1745306588_0.jpg,UNMATCHED,,,,,,0,EXTERNAL_ONLY_PRODUCT
Thermostat For Parkins Engine,4133L507,Engine Parts,https://www.antheautoparts.com/product-details/thermostat-for-parkins-engine-4133l507-jcb-parts-catalog,https://enterprise.saioautomotive.com/backend/assets/uploads/products/WSs5VFVBZVZmbDJWY3ByRjcramZTQT09_1745306638_0.jpg,UNMATCHED,,,,,,0,EXTERNAL_ONLY_PRODUCT
Perkins Engine 20 Cooling Fan With 10 Blade,123/05911 | 262/36800 | 30/925526,Engine Parts,https://www.antheautoparts.com/product-details/perkins-engine-20-cooling-fan-with-10-blade-123-05911-262-36800-30-925526-jcb-genuine-parts,https://enterprise.saioautomotive.com/backend/assets/uploads/products/Nlh0NWpvR09MaXJsWW5GSEVDWE9JZz09_1745306681_0.jpg,EXACT,123/05911,"FAN - 21""",123-05911-fan-21,Engine Parts,source_image,0.13,CROSS_REFERENCE_CONFIRMED
Turbocharger,320/06047,Engine Parts,https://www.antheautoparts.com/product-details/turbocharger-320-06047-jcb-genuine-parts,https://enterprise.saioautomotive.com/backend/assets/uploads/products/OCt4VDNKZTdNTGMrK01lc0FPTzdyZz09_1745306727_0.jpg,EXACT,320/06047,TURBOCHARGER 68 & 74 KW,320-06047-turbocharger-68-74-kw,Engine Parts,source_image,0.25,CROSS_REFERENCE_CONFIRMED
Cylinder Block 444 Dieselmax,320/01802,Engine Parts,https://www.antheautoparts.com/product-details/cylinder-block-444-dieselmax-320-01802-jcb-parts-catalog,https://enterprise.saioautomotive.com/backend/assets/uploads/products/eE9MS0Jmd1RyN1YySlFBMHllODI1dz09_1745310695_0.jpg,UNMATCHED,,,,,,0,EXTERNAL_ONLY_PRODUCT
Fuel Cap Cover With 2 Key,331/45908,Engine Parts,https://www.antheautoparts.com/product-details/fuel-cap-cover-with-2-key-331-45908-jcb-parts-catalog,https://enterprise.saioautomotive.com/backend/assets/uploads/products/NE42ZjBRTXBZRmlhZTZyT3k0cjRXdz09_1745306960_0.jpg,UNMATCHED,,,,,,0,EXTERNAL_ONLY_PRODUCT
Water Tank,128/15480,Engine Parts,https://www.antheautoparts.com/product-details/water-tank-128-15480-jcb-genuine-parts,https://enterprise.saioautomotive.com/backend/assets/uploads/products/em9FNkx0dWY5MFIzVFBjT3VMaHZtZz09_1745307065_0.jpg,EXACT,128/15480,ABI EXPANSION TANK,128-15480-abi-expansion-tank,Engine Parts,source_image,0.25,CROSS_REFERENCE_CONFIRMED
Pulley,320/08530,Engine Parts,https://www.antheautoparts.com/product-details/pulley-320-08530-jcb-parts-online,https://enterprise.saioautomotive.com/backend/assets/uploads/products/VDc5TkROUnpHYzlkanlvYUZsK203UT09_1745309114_0.jpg,HIGH,320/08530,IDLER PULLEY.AIRCON.,320-08530-idler-pulleyaircon,Engine Parts,source_image,0.33,CROSS_REFERENCE_CONFIRMED
Bottle Tank Cooling System,126/02237,Engine Parts,https://www.antheautoparts.com/product-details/bottle-tank-cooling-system-126-02237-jcb-parts,https://enterprise.saioautomotive.com/backend/assets/uploads/products/NWp0dlU3Uk9OdkYvbVVSamYwQ1djZz09_1745309187_0.jpg,UNMATCHED,,,,,,0,EXTERNAL_ONLY_PRODUCT
Expansion Tank,332/U7589,Engine Parts,https://www.antheautoparts.com/product-details/expansion-tank-332-u7589-jcb-parts,https://enterprise.saioautomotive.com/backend/assets/uploads/products/YWtUbDRGZ1VlS3U4U2hlWjBrUnpSUT09_1745309311_0.jpg,HIGH,332/U7589,EXPANSION TANK ABI 426 TO 456,332-u7589-expansion-tank-abi-426-to-456,Engine Parts,source_image,0.33,CROSS_REFERENCE_CONFIRMED
Turbocharger,02/103618,Engine Parts,https://www.antheautoparts.com/product-details/turbocharger-02-103618-jcb-parts-online,https://enterprise.saioautomotive.com/backend/assets/uploads/products/RGhIUTltQTBDcTB3cDVnZlpZUnVKdz09_1745309446_0.jpg,UNMATCHED,,,,,,0,EXTERNAL_ONLY_PRODUCT
Alternator 12 Volt,320/08610,Engine Parts,https://www.antheautoparts.com/product-details/alternator-12-volt-320-08610-jcb-parts-catalog,https://enterprise.saioautomotive.com/backend/assets/uploads/products/YnFMVWRvdm5LMnEvMVBoTmthUGk4UT09_1745309536_0.jpg,EXACT,320/08610,Alternator12V-95A,320-08610-alternator12v-95a,Engine Parts,source_image,0,CROSS_REFERENCE_CONFIRMED
Injector Sleeve,320/02611,Engine Parts,https://www.antheautoparts.com/product-details/injector-sleeve-320-02611-jcb-spare-parts-dealer,https://enterprise.saioautomotive.com/backend/assets/uploads/products/Nm14NkFWNUprWnB3V200aEtzL3I4dz09_1745309621_0.jpg,HIGH,320/02611,INJECTOR SLEEVE - STEEL,320-02611-injector-sleeve-steel,Engine Parts,source_image,0.67,CROSS_REFERENCE_CONFIRMED
Connecting Rod Bolt,320/03040,Engine Parts,https://www.antheautoparts.com/product-details/connecting-rod-bolt-320-03040-jcb-spare-parts-dealer,https://enterprise.saioautomotive.com/backend/assets/uploads/products/TG9IZlBKOUZTTTJLa0xBY0R3aEJNQT09_1745309673_0.jpg,HIGH,320/03040,BOLT M10x57 CONNECTING ROD,320-03040-bolt-m10x57-connecting-rod,Engine Parts,source_image,0.75,CROSS_REFERENCE_CONFIRMED
HEAD GASKET 444,320/02608,Engine Parts,https://www.antheautoparts.com/product-details/head-gasket-444-320-02608-jcb-parts-near-me,https://enterprise.saioautomotive.com/backend/assets/uploads/products/bjluaUlBd0tYWkRRU2ppdE1OUklqQT09_1745309740_0.jpg,EXACT,320/02608,GASKETCYLINDERHEADAltno.320/02616,320-02608-gasketcylinderheadaltno320-02616,Engine Parts,source_image,0,CROSS_REFERENCE_CONFIRMED
Piston Rings O/S +.50MM Kit,320/09469,Engine Parts,https://www.antheautoparts.com/product-details/piston-rings-o-s-50mm-kit-320-09469-jcb-parts,https://enterprise.saioautomotive.com/backend/assets/uploads/products/,HIGH,320/09469,Piston Ring Kit (+0.5)   -  4.8 BS3,320-09469-piston-ring-kit-05-48-bs3,Engine Parts,placeholder_image,0.33,DISCOVERED_IMAGE_REFERENCE_FOR_REVIEW
Big End Bearing Kit U/S - 0.5MM,320/09472 | 320/03312,Engine Parts,https://www.antheautoparts.com/product-details/big-end-bearing-kit-u-s-05mm-320-09472-320-03312-jcb-parts-catalog,https://enterprise.saioautomotive.com/backend/assets/uploads/products/,HIGH,320/09472,Big End Bearing Kit (-0.5)   -  4.8 BS3,320-09472-big-end-bearing-kit-05-48-bs3,Engine Parts,placeholder_image,0.67,DISCOVERED_IMAGE_REFERENCE_FOR_REVIEW
Oil Pump ABI For JCB Engine,,Engine Parts,https://www.antheautoparts.com/product-details/oil-pump-abi-for-jcb-engine-replacement-jcb-parts,https://enterprise.saioautomotive.com/backend/assets/uploads/products/,UNMATCHED,,,,,,0,EXTERNAL_ONLY_PRODUCT
Top Gasket 444 Engine,320/09382,Engine Parts,https://www.antheautoparts.com/product-details/top-gasket-444-engine-320-09382-jcb-parts-near-me,https://enterprise.saioautomotive.com/backend/assets/uploads/products/,HIGH,320/09382,TOP GASKET KIT mec,320-09382-top-gasket-kit-mec,Engine Parts,placeholder_image,0.33,DISCOVERED_IMAGE_REFERENCE_FOR_REVIEW
Pump Fuel Transfer,333/Y7029,Engine Parts,https://www.antheautoparts.com/product-details/pump-fuel-transfer-333-y7029-replacement-jcb-parts,https://enterprise.saioautomotive.com/backend/assets/uploads/products/,HIGH,333/Y7029,PUMP FUEL TRANSFER,333-y7029-pump-fuel-transfer,Engine Parts,placeholder_image,1,DISCOVERED_IMAGE_REFERENCE_FOR_REVIEW
Crankshaft,320/A3103 | 320/03440 | 320/03431 | 320/09201,Engine Parts,https://www.antheautoparts.com/product-details/crankshaft-320-a3103-320-03440-320-03431-320-09201-jcb-spare-parts,https://enterprise.saioautomotive.com/backend/assets/uploads/products/,EXACT,320/03440,CRANKSHAFTMACHINING444LT,320-03440-crankshaftmachining444lt,Engine Parts,placeholder_image,0,DISCOVERED_IMAGE_REFERENCE_FOR_REVIEW
Hose Scavenge,,Engine Parts,https://www.antheautoparts.com/product-details/hose-scavenge-jcb-spare-parts,https://enterprise.saioautomotive.com/backend/assets/uploads/products/,UNMATCHED,,,,,,0,EXTERNAL_ONLY_PRODUCT
Oil Filter JCB Engine,02/100073,Filters,https://www.antheautoparts.com/product-details/oil-filter-jcb-engine-02-100073-jcb-genuine-parts,https://enterprise.saioautomotive.com/backend/assets/uploads/products/R3pENitSVXI1MlVzYm5LODB6cWg0Zz09_1745317659_0.jpg,EXACT,02/100073,FILTERELEMENT,02-100073-filterelement,Filters,source_image,0,CROSS_REFERENCE_CONFIRMED
Oil Filter,02/100284,Filters,https://www.antheautoparts.com/product-details/oil-filter-02-100284-jcb-parts-online,https://enterprise.saioautomotive.com/backend/assets/uploads/products/dTA1YmhuNHBrRGg2NXJJYk1FWGNuUT09_1745317804_0.jpg,HIGH,02/100284,OIL FILTER,02-100284-oil-filter,Filters,source_image,1,CROSS_REFERENCE_CONFIRMED
Precleaner Assembly,126/12800,Filters,https://www.antheautoparts.com/product-details/precleaner-assembly-126-12800-jcb-spares,https://enterprise.saioautomotive.com/backend/assets/uploads/products/cnF6Q0Vobkc1MktqYjVFUEFzam1QUT09_1745317976_0.jpg,EXACT,126/12800,IND. PRE. CLE. GA.,126-12800-ind-pre-cle-ga,Filters,source_image,0,CROSS_REFERENCE_CONFIRMED
Hydraulic Filter Strainer,32/901100,Filters,https://www.antheautoparts.com/product-details/hydraulic-filter-strainer-32-901100-jcb-parts-catalog,https://enterprise.saioautomotive.com/backend/assets/uploads/products/OFg4elhKQXZRZzNXWmpRTVpjOGw1UT09_1745318034_0.jpg,HIGH,32/901100,STRAINER,32-901100-strainer,Filters,source_image,0.33,CROSS_REFERENCE_CONFIRMED
Strainer Suction Transmission,32/902200,Filters,https://www.antheautoparts.com/product-details/strainer-suction-transmission-32-902200-jcb-parts-near-me,https://enterprise.saioautomotive.com/backend/assets/uploads/products/ZWg4UjNxRHFBZ3dmamRMTTc2TGltZz09_1745318077_0.jpg,HIGH,32/902200,SUCTION STRAINER,32-902200-suction-strainer,Filters,source_image,0.67,CROSS_REFERENCE_CONFIRMED
Precleaner Cap With Nut,32/903101 | 32/903102,Filters,https://www.antheautoparts.com/product-details/precleaner-cap-with-nut-32-903101-32-903102-jcb-aftermarket-parts,https://enterprise.saioautomotive.com/backend/assets/uploads/products/UVc4Qm9BNURjWk53SER6NzgxQ0ZvQT09_1745318335_0.jpg,EXACT,32/903101,COVER,32-903101-cover,Filters,source_image,0,CROSS_REFERENCE_CONFIRMED
Precleaner Bowl,32/903103,Filters,https://www.antheautoparts.com/product-details/precleaner-bowl-32-903103-jcb-genuine-parts,https://enterprise.saioautomotive.com/backend/assets/uploads/products/QTVrS0NHUHM5WnZqbC9Vb1ltWTJmUT09_1745318375_0.jpg,EXACT,32/903103,BOWLAIRFILTER,32-903103-bowlairfilter,Filters,source_image,0,CROSS_REFERENCE_CONFIRMED
Hydraulic Element Filter 125 Micron,32/904200,Filters,https://www.antheautoparts.com/product-details/hydraulic-element-filter-125-micron-32-904200-jcb-spare-parts,https://enterprise.saioautomotive.com/backend/assets/uploads/products/dUx2eGNHZmp0SGVkeHZlR0lEUFBZUT09_1745318433_0.jpg,EXACT,32/904200,SUCTIONSTRAINER,32-904200-suctionstrainer,Filters,source_image,0,CROSS_REFERENCE_CONFIRMED
Plastic Fuel Sediment Bowl,32/904709,Filters,https://www.antheautoparts.com/product-details/plastic-fuel-sediment-bowl-32-904709-jcb-spare-parts-dealer,https://enterprise.saioautomotive.com/backend/assets/uploads/products/VTRJYzRBN3l3eTFld3VwbDYxclBRUT09_1745318531_0.jpg,EXACT,32/904709,BOWLASSY,32-904709-bowlassy,Filters,source_image,0,CROSS_REFERENCE_CONFIRMED
Hydraulic Tank Filter Strainer,32/908100,Filters,https://www.antheautoparts.com/product-details/hydraulic-tank-filter-strainer-32-908100-jcb-spare-parts,https://enterprise.saioautomotive.com/backend/assets/uploads/products/Zlc2bVovVzlHdld6YzZTWDhiYzBkZz09_1745318600_0.jpg,UNMATCHED,,,,,,0,EXTERNAL_ONLY_PRODUCT
Hydraulic Filter,32/910100,Filters,https://www.antheautoparts.com/product-details/hydraulic-filter-32-910100-jcb-genuine-parts,https://enterprise.saioautomotive.com/backend/assets/uploads/products/MnUzb2RmM0hBY2htYjNVZThoZlJwQT09_1745318643_0.jpg,UNMATCHED,,,,,,0,EXTERNAL_ONLY_PRODUCT
Fuel Filter,32/912001,Filters,https://www.antheautoparts.com/product-details/fuel-filter-32-912001-jcb-spare-parts-dealer,https://enterprise.saioautomotive.com/backend/assets/uploads/products/RWpVUzdSMjdWaHRkMmFrY2d1V252QT09_1745318693_0.jpg,HIGH,32/912001,ELEMENT-FUEL,32-912001-element-fuel,Filters,source_image,0.33,CROSS_REFERENCE_CONFIRMED
Hydraulic Filter,32/913500 | 32/925346,Filters,https://www.antheautoparts.com/product-details/hydraulic-filter-32-913500-32-925346-jcb-parts-online,https://enterprise.saioautomotive.com/backend/assets/uploads/products/M04vcWR1ZG1CNFN4UERGbExGU1BOUT09_1745318790_0.jpg,EXACT,32/925346,FILTER ELEMENT -12U PQ416,32-925346-filter-element-12u-pq416,Filters,source_image,0.2,CROSS_REFERENCE_CONFIRMED
Precleaner Assembly,32/914300 | 32/903100,Filters,https://www.antheautoparts.com/product-details/precleaner-assembly-32-914300-32-903100-jcb-spare-parts-dealer,https://enterprise.saioautomotive.com/backend/assets/uploads/products/NE43NEFENzJ0Wms5aDNOTVNTVldYQT09_1745318842_0.jpg,HIGH,32/914300,PRECLEANER,32-914300-precleaner,Filters,source_image,0.5,CROSS_REFERENCE_CONFIRMED
Transmission Oil Filter 120mm Long,32/915500,Filters,https://www.antheautoparts.com/product-details/transmission-oil-filter-120mm-long-32-915500-jcb-spares,https://enterprise.saioautomotive.com/backend/assets/uploads/products/RW1GbTJiOVgrV3dWeXhUSGdIV1Ezdz09_1745318903_0.jpg,EXACT,32/915500,SUCTION ELEMENT,32-915500-suction-element,Filters,source_image,0,CROSS_REFERENCE_CONFIRMED
Air Filter Housing,32/915800 | 32/920200,Filters,https://www.antheautoparts.com/product-details/air-filter-housing-32-915800-32-920200-replacement-jcb-parts,https://enterprise.saioautomotive.com/backend/assets/uploads/products/MFFhbVl5SXJkc2NJanJnaGwwc1puUT09_1745318968_0.jpg,EXACT,32/920200,FILTERASSEMBLYA',32-920200-filterassemblya,Filters,source_image,0,CROSS_REFERENCE_CONFIRMED
Inner Air Filter For Project 12,32/915801,Filters,https://www.antheautoparts.com/product-details/inner-air-filter-for-project-12-32-915801-jcb-spares,https://enterprise.saioautomotive.com/backend/assets/uploads/products/SnBqem9MMldOY0hKckFzUDVsczVaQT09_1745319041_0.jpg,EXACT,32/915801,AirCleanerElementSafety(Outer)(pc),32-915801-aircleanerelementsafety-outer-pc,Filters,source_image,0,CROSS_REFERENCE_CONFIRMED
Air Filter Element Set Inner & Outer,32/915801 | 32/915802,Filters,https://www.antheautoparts.com/product-details/air-filter-element-set-inner-outer-32-915801-32-915802-jcb-spare-parts-dealer,https://enterprise.saioautomotive.com/backend/assets/uploads/products/dlkvZ290R2UwY3FNQ1o2VmhhV3M0QT09_1745319099_0.jpg,EXACT,32/915801,AirCleanerElementSafety(Outer)(pc),32-915801-aircleanerelementsafety-outer-pc,Filters,source_image,0.13,CROSS_REFERENCE_CONFIRMED
Outer Air Filter For Project 12,32/915802,Filters,https://www.antheautoparts.com/product-details/outer-air-filter-for-project-12-32-915802-jcb-parts-online,https://enterprise.saioautomotive.com/backend/assets/uploads/products/bXIzMUN1aGI4dmNDaFZLTG1LUVRHUT09_1745319200_0.jpg,EXACT,32/915802,AirCleanerElementMain(Outer)(pc),32-915802-aircleanerelementmain-outer-pc,Filters,source_image,0.14,CROSS_REFERENCE_CONFIRMED
Precleaner Assembly,32/916800,Filters,https://www.antheautoparts.com/product-details/precleaner-assembly-32-916800-jcb-parts-near-me,https://enterprise.saioautomotive.com/backend/assets/uploads/products/S2lnbm56bG5EWEFKTktRcXE1TUhqUT09_1745319262_0.jpg,UNMATCHED,,,,,,0,EXTERNAL_ONLY_PRODUCT
"Hydraulic Filter Element, Suction",32/920300,Filters,https://www.antheautoparts.com/product-details/hydraulic-filter-element-suction-32-920300-jcb-parts-near-me,https://enterprise.saioautomotive.com/backend/assets/uploads/products/U0FFRjlVTGQ3N3JpdVhVWWpHaS9zQT09_1745319320_0.jpg,EXACT,32/920300,Hydraulic Strainer,32-920300-hydraulic-strainer,Filters,source_image,0.2,CROSS_REFERENCE_CONFIRMED
"Filter Fuel, Pre-filter",32/922300,Filters,https://www.antheautoparts.com/product-details/filter-fuel-pre-filter-32-922300-replacement-jcb-parts,https://enterprise.saioautomotive.com/backend/assets/uploads/products/TnhYQkZzNmVKVmE3NVlxUVhNZ2drQT09_1745319364_0.jpg,HIGH,32/922300,Filter fuel Pre-filt,32-922300-filter-fuel-pre-filt,Filters,source_image,0.75,CROSS_REFERENCE_CONFIRMED
Air Filter Element Main,32/925682,Filters,https://www.antheautoparts.com/product-details/air-filter-element-main-32-925682-jcb-spares,https://enterprise.saioautomotive.com/backend/assets/uploads/products/bDU1bkhwbHdwK2lOaFYyVlFVNGZzQT09_1745319417_0.jpg,EXACT,32/925682,ELEMENT-AIRPQ145,32-925682-element-airpq145,Filters,source_image,0.2,CROSS_REFERENCE_CONFIRMED
"Air Filters Set, Inner/Outer",32/925682 | 32/925683,Filters,https://www.antheautoparts.com/product-details/air-filters-set-inner-outer-32-925682-32-925683-jcb-parts-catalog,https://enterprise.saioautomotive.com/backend/assets/uploads/products/dEZHUnQ3SWlqTGVRR2dLbWppOEJSQT09_1745319459_0.jpg,EXACT,32/925682,ELEMENT-AIRPQ145,32-925682-element-airpq145,Filters,source_image,0,CROSS_REFERENCE_CONFIRMED
Air Filter Element Safety,32/925683,Filters,https://www.antheautoparts.com/product-details/air-filter-element-safety-32-925683-jcb-spare-parts,https://enterprise.saioautomotive.com/backend/assets/uploads/products/SDZYY1Q1MW04SmpKVkZ0djlQOERSZz09_1745319503_0.jpg,HIGH,32/925683,SAFETY ELEMENT,32-925683-safety-element,Filters,source_image,0.5,CROSS_REFERENCE_CONFIRMED
Element Fuel Filter Primary Sedimenter,32/925694,Filters,https://www.antheautoparts.com/product-details/element-fuel-filter-primary-sedimenter-32-925694-jcb-parts-catalog,https://enterprise.saioautomotive.com/backend/assets/uploads/products/MDltbGx6U25sKytjM0hpM3RoaXpxUT09_1745319562_0.jpg,UNMATCHED,,,,,,0,EXTERNAL_ONLY_PRODUCT
Fuel Filter Bowl Assembly,32/925708,Filters,https://www.antheautoparts.com/product-details/fuel-filter-bowl-assembly-32-925708-jcb-parts,https://enterprise.saioautomotive.com/backend/assets/uploads/products/VVdkUVprZGxaL2I2SjUzNzlNcG9rdz09_1745319609_0.jpg,EXACT,32/925708,GLASS BOWL ASSY,32-925708-glass-bowl-assy,Filters,source_image,0.17,CROSS_REFERENCE_CONFIRMED
Fuel Water Separator Filter,32/925994,Filters,https://www.antheautoparts.com/product-details/fuel-water-separator-filter-32-925994-jcb-spare-parts-dealer,https://enterprise.saioautomotive.com/backend/assets/uploads/products/RUUzK0o4cGwzRTJTNm96dCtmbmxrdz09_1745319700_0.jpg,EXACT,32/925994,ElementFilterCartridge30Micron,32-925994-elementfiltercartridge30micron,Filters,source_image,0,CROSS_REFERENCE_CONFIRMED
Engine Oil Filter,320/04134,Filters,https://www.antheautoparts.com/product-details/engine-oil-filter-320-04134-jcb-parts-near-me,https://enterprise.saioautomotive.com/backend/assets/uploads/products/R1N6MExDams0c0Rhb3FmbzdvcklUUT09_1745319773_0.jpg,HIGH,320/04134,FILTER ENGINE OIL,320-04134-filter-engine-oil,Filters,source_image,1,CROSS_REFERENCE_CONFIRMED
Fuel Filter For Jcb Engine,320/07394 | 320/07155 | 320/07057,Filters,https://www.antheautoparts.com/product-details/fuel-filter-for-jcb-engine-320-07394-320-07155-320-07057-jcb-spares,https://enterprise.saioautomotive.com/backend/assets/uploads/products/bkprcVNvWHZUMTQ1MVRVSTdUNDkzdz09_1745319881_0.jpg,HIGH,320/07394,Fuel Maint Filter 5 micron,320-07394-fuel-maint-filter-5-micron,Filters,source_image,0.4,CROSS_REFERENCE_CONFIRMED
Fuel Filter Assembly - 30,320/A7088 320/07068 320/07280,Filters,https://www.antheautoparts.com/product-details/fuel-filter-assembly-30-320-a7088-320-07068-320-07280-jcb-parts-near-me,https://enterprise.saioautomotive.com/backend/assets/uploads/products/NHdNVWkwc01EVjd0eWpscTBnMllWUT09_1745319989_0.jpg,UNMATCHED,,,,,,0,EXTERNAL_ONLY_PRODUCT
Hydraulic Filter,40/300893,Filters,https://www.antheautoparts.com/product-details/hydraulic-filter-40-300893-replacement-jcb-parts,https://enterprise.saioautomotive.com/backend/assets/uploads/products/RVR4aUhXeVBxclpsRkptamlhNEdRdz09_1745320062_0.jpg,HIGH,40/300893,FILTER ELEMENT,40-300893-filter-element,Filters,source_image,0.33,CROSS_REFERENCE_CONFIRMED
Element Tank Breather,550/48465,Filters,https://www.antheautoparts.com/product-details/element-tank-breather-550-48465-jcb-parts-near-me,https://enterprise.saioautomotive.com/backend/assets/uploads/products/T0xoMTE4MWFmUXhJamEwK3hmdEFRUT09_1745320117_0.jpg,UNMATCHED,,,,,,0,EXTERNAL_ONLY_PRODUCT
Hydraulic Filter,581/00012,Filters,https://www.antheautoparts.com/product-details/hydraulic-filter-581-00012-jcb-spares,https://enterprise.saioautomotive.com/backend/assets/uploads/products/QkVmVjZpUXF3aFNhNDVWdGI2U29hUT09_1745320174_0.jpg,EXACT,581/00012,FILTERELEMENT,581-00012-filterelement,Filters,source_image,0,CROSS_REFERENCE_CONFIRMED
Hydraulic Filter Rod Assembly,581/05607,Filters,https://www.antheautoparts.com/product-details/hydraulic-filter-rod-assembly-581-05607-jcb-parts-near-me,https://enterprise.saioautomotive.com/backend/assets/uploads/products/a3htYk9SbWkvZHVlWUZza2E1YjJKZz09_1745320284_0.jpg,UNMATCHED,,,,,,0,EXTERNAL_ONLY_PRODUCT
Transmission Oil Filter,581/18063 581/M8563,Filters,https://www.antheautoparts.com/product-details/transmission-oil-filter-581-18063-581-m8563-jcb-aftermarket-parts,https://enterprise.saioautomotive.com/backend/assets/uploads/products/LzFIMklwNjRqTU9zVWZ1V25PaUJEUT09_1745320336_0.jpg,UNMATCHED,,,,,,0,EXTERNAL_ONLY_PRODUCT
O Ring Kit For Hydraulic Filter,581/06301 | 581/05609 | 581/05604 | 581/06302,Filters,https://www.antheautoparts.com/product-details/o-ring-kit-for-hydraulic-filter-581-06301-581-05609-581-05604-581-06302-jcb-genuine-parts,https://enterprise.saioautomotive.com/backend/assets/uploads/products/bnRhWDZRdUhQczA2YXBlQXVZMUREZz09_1745320468_0.jpg,EXACT,581/06301,Element Filter,581-06301-element-filter,Filters,source_image,0.2,CROSS_REFERENCE_CONFIRMED
Filter,332/D6723,Filters,https://www.antheautoparts.com/product-details/filter-332-d6723-jcb-parts-near-me,https://enterprise.saioautomotive.com/backend/assets/uploads/products/eEphS1hQQW1KUmNPQ1VrVWJuNFJFQT09_1745320661_0.jpg,HIGH,332/D6723,FILTER/PUMPASSY,332-d6723-filter-pumpassy,Filters,source_image,0.5,CROSS_REFERENCE_CONFIRMED
Oil Filter,320/04133,Filters,https://www.antheautoparts.com/product-details/oil-filter-320-04133-jcb-parts-near-me,https://enterprise.saioautomotive.com/backend/assets/uploads/products/d0VRYXR3Zm5jZ3dnKzZSakhGY1FSZz09_1745320735_0.jpg,HIGH,320/04133,FILTER.ENGINE OIL,320-04133-filterengine-oil,Filters,source_image,0.67,CROSS_REFERENCE_CONFIRMED
Filter Air Intake,32/925716,Filters,https://www.antheautoparts.com/product-details/filter-air-intake-32-925716-jcb-parts,https://enterprise.saioautomotive.com/backend/assets/uploads/products/,EXACT,32/925716,INTAKE-AIRFILTER',32-925716-intake-airfilter,Filters,placeholder_image,0.25,DISCOVERED_IMAGE_REFERENCE_FOR_REVIEW
Filter Assembly,320/07458,Filters,https://www.antheautoparts.com/product-details/filter-assembly-320-07458-jcb-aftermarket-parts,https://enterprise.saioautomotive.com/backend/assets/uploads/products/NkUrYWlsc2JINlpTeDdPOGVSeDdmUT09_1745320944_0.jpg,EXACT,320/07458,FUELLIFTPUMP/FILTER30MICRONJS220,320-07458-fuelliftpump-filter30micronjs220,Filters,source_image,0,CROSS_REFERENCE_CONFIRMED
Filter Air Assembly,32/926084,Filters,https://www.antheautoparts.com/product-details/filter-air-assembly-32-926084-jcb-parts,https://enterprise.saioautomotive.com/backend/assets/uploads/products/emJReHpHNSszakpQMVN1ZzhsVnA2QT09_1745321183_0.jpg,EXACT,32/926084,FILTERAIRINDUCTION-ASSEMBLY',32-926084-filterairinduction-assembly,Filters,source_image,0.25,CROSS_REFERENCE_CONFIRMED
Element Filter,32/925140,Filters,https://www.antheautoparts.com/product-details/element-filter-32-925140-jcb-parts-online,https://enterprise.saioautomotive.com/backend/assets/uploads/products/S2x0VjFKcGtSZUs4bDFTWk85di9RQT09_1745321241_0.jpg,HIGH,32/925140,PLEXUS FILTER,32-925140-plexus-filter,Filters,source_image,0.33,CROSS_REFERENCE_CONFIRMED
Diesel Filter,32/925915,Filters,https://www.antheautoparts.com/product-details/diesel-filter-32-925915-jcb-parts-online,https://enterprise.saioautomotive.com/backend/assets/uploads/products/ZDRRaE1GVFNpMFpwbkV3d1JBWGVVZz09_1745321301_0.jpg,EXACT,32/925915,ELEMENT -  FUEL(local no - 32/925994),32-925915-element-fuel-local-no-32-925994,Filters,source_image,0,CROSS_REFERENCE_CONFIRMED
Air Filter Main & Safety,32/917804 | 32/917805,Filters,https://www.antheautoparts.com/product-details/air-filter-main-safety-32-917804-32-917805-jcb-parts-catalog,https://enterprise.saioautomotive.com/backend/assets/uploads/products/NDRGenpwRVpIKzcrRFNnSmFQR01RZz09_1745321677_0.jpg,HIGH,32/917804,AIR ELEM. MAIN,32-917804-air-elem-main,Filters,source_image,0.4,CROSS_REFERENCE_CONFIRMED
Filter Air Assembly,32/926084,Filters,https://www.antheautoparts.com/product-details/filter-air-assembly-32-926084-jcb-parts-near-me,https://enterprise.saioautomotive.com/backend/assets/uploads/products/YzB3Wm5hanRNZ1dKYlErTmNaUndUUT09_1745321856_0.jpg,EXACT,32/926084,FILTERAIRINDUCTION-ASSEMBLY',32-926084-filterairinduction-assembly,Filters,source_image,0.25,CROSS_REFERENCE_CONFIRMED
Element Filter,32/925140,Filters,https://www.antheautoparts.com/product-details/element-filter-32-925140-jcb-parts,https://enterprise.saioautomotive.com/backend/assets/uploads/products/UGU4dkprWnIySFVWd3FieFpoZWpFQT09_1745321918_0.jpg,HIGH,32/925140,PLEXUS FILTER,32-925140-plexus-filter,Filters,source_image,0.33,CROSS_REFERENCE_CONFIRMED
Diesel Filter,32/925915,Filters,https://www.antheautoparts.com/product-details/diesel-filter-32-925915-jcb-genuine-parts,https://enterprise.saioautomotive.com/backend/assets/uploads/products/MDNOdmZkeWJIQXB1cUFSc2UveWRuZz09_1745322105_0.jpg,EXACT,32/925915,ELEMENT -  FUEL(local no - 32/925994),32-925915-element-fuel-local-no-32-925994,Filters,source_image,0,CROSS_REFERENCE_CONFIRMED
Air Filter Main & Safety,32/917804 | 32/917805,Filters,https://www.antheautoparts.com/product-details/air-filter-main-safety-32-917804-32-917805-jcb-parts,https://enterprise.saioautomotive.com/backend/assets/uploads/products/dnNVekNzNlF0OGh4V0U4YjMvYVhwUT09_1745322187_0.jpg,HIGH,32/917804,AIR ELEM. MAIN,32-917804-air-elem-main,Filters,source_image,0.4,CROSS_REFERENCE_CONFIRMED
Engine Oil Filter,320/04133 | 320/B4420,Filters,https://www.antheautoparts.com/product-details/engine-oil-filter-320-04133-320-b4420-jcb-aftermarket-parts,https://enterprise.saioautomotive.com/backend/assets/uploads/products/ZXFLN3I3aEw1d2l5QkR4UlNGZTE3Zz09_1745322245_0.jpg,HIGH,320/04133,FILTER.ENGINE OIL,320-04133-filterengine-oil,Filters,source_image,1,CROSS_REFERENCE_CONFIRMED
Fuel Filter,320/A7170,Filters,https://www.antheautoparts.com/product-details/fuel-filter-320-a7170-jcb-parts,https://enterprise.saioautomotive.com/backend/assets/uploads/products/UTdZdUI2bFV0OERqWDREUGdkaUptQT09_1745322328_0.jpg,EXACT,320/A7170,[IEFUELFILTER(ELEME-A-1B-07MB-179-08),320-a7170-iefuelfilter-eleme-a-1b-07mb-179-08,Filters,source_image,0,CROSS_REFERENCE_CONFIRMED
Fuel Filter,320/A7124,Filters,https://www.antheautoparts.com/product-details/fuel-filter-320-a7124-jcb-genuine-parts,https://enterprise.saioautomotive.com/backend/assets/uploads/products/b0J2cVRUaHdLSHZ2RGxtem9Hb1V5UT09_1745322376_0.jpg,EXACT,320/A7124,ELEMENT-B-1B-30WL-091-079,320-a7124-element-b-1b-30wl-091-079,Filters,source_image,0,CROSS_REFERENCE_CONFIRMED
Micron Transmission Filter,581/R5206,Filters,https://www.antheautoparts.com/product-details/micron-transmission-filter-581-r5206-jcb-genuine-parts,https://enterprise.saioautomotive.com/backend/assets/uploads/products/,HIGH,581/R5206,FILTER - TRANSMISSION 15 MICRON,581-r5206-filter-transmission-15-micron,Filters,placeholder_image,0.75,DISCOVERED_IMAGE_REFERENCE_FOR_REVIEW
Hydraulic Filter Element Suction,32/920300 | 332/B1918,Filters,https://www.antheautoparts.com/product-details/hydraulic-filter-element-suction-32-920300-332-b1918-jcb-spare-parts,https://enterprise.saioautomotive.com/backend/assets/uploads/products/,EXACT,32/920300,Hydraulic Strainer,32-920300-hydraulic-strainer,Filters,source_image,0.2,CROSS_REFERENCE_CONFIRMED
Hydraulic Filter Cap & Key,32/925421 | 333/Y1376,Filters,https://www.antheautoparts.com/product-details/hydraulic-filter-cap-key-32-925421-333-y1376-jcb-spare-parts-dealer,https://enterprise.saioautomotive.com/backend/assets/uploads/products/WCtrSkVEam02Y1M4SldvaFlzUjFMdz09_1745322582_0.jpg,EXACT,32/925421,FILLER BREATHER CAP,32-925421-filler-breather-cap,Filters,placeholder_image,0.17,DISCOVERED_IMAGE_REFERENCE_FOR_REVIEW
Gasket For Thermostat Housing,02/200145,Gasket,https://www.antheautoparts.com/product-details/gasket-for-thermostat-housing-02-200145-jcb-genuine-parts,https://enterprise.saioautomotive.com/backend/assets/uploads/products/cmJxVmczU1IrSzExQUlwWTFkV291Zz09_1745384186_0.jpg,HIGH,02/200145,GASKET,02-200145-gasket,Gasket,source_image,0.33,CROSS_REFERENCE_CONFIRMED
Gasket Water Pump Perkins,02/201539,Gasket,https://www.antheautoparts.com/product-details/gasket-water-pump-perkins-02-201539-jcb-spares,https://enterprise.saioautomotive.com/backend/assets/uploads/products/cmpJTTJkbHdEN24yYjZZQm1oTnJnZz09_1745384294_0.jpg,UNMATCHED,,,,,,0,EXTERNAL_ONLY_PRODUCT
Head Gasket - 1000 Series,02/201729 | 02/200056,Gasket,https://www.antheautoparts.com/product-details/head-gasket-1000-series-02-201729-02-200056-jcb-genuine-parts,https://enterprise.saioautomotive.com/backend/assets/uploads/products/QzBSWHFHanJrSFZlVmhQdWRzVzZodz09_1745384351_0.jpg,EXACT,02/201729,GASKETCYL.HEAD,02-201729-gasketcylhead,Gasket,source_image,0.2,CROSS_REFERENCE_CONFIRMED
Gasket For Timing Case To Block,02/202326,Gasket,https://www.antheautoparts.com/product-details/gasket-for-timing-case-to-block-02-202326-jcb-parts-online,https://enterprise.saioautomotive.com/backend/assets/uploads/products/NEwzcVFkRW05aEhORjRUNmJqRytZQT09_1745384447_0.jpg,EXACT,02/202326,GASKET,02-202326-gasket,Gasket,source_image,0.2,CROSS_REFERENCE_CONFIRMED
Hydraulic Tank Gasket,123/09018,Gasket,https://www.antheautoparts.com/product-details/hydraulic-tank-gasket-123-09018-jcb-spare-parts,https://enterprise.saioautomotive.com/backend/assets/uploads/products/bFZHOFJiTHg1c2FYOXN1NkNOejdOdz09_1745384490_0.jpg,HIGH,123/09018,GASKET,123-09018-gasket,Gasket,source_image,0.33,CROSS_REFERENCE_CONFIRMED
Intake Manifold Gaskets For JCB Engine,320/05550 | 320/06004,Gasket,https://www.antheautoparts.com/product-details/intake-manifold-gaskets-for-jcb-engine-320-05550-320-06004-jcb-parts,https://enterprise.saioautomotive.com/backend/assets/uploads/products/U1hVYklvUWVWVzJjL0d6L0RSeWpxdz09_1745384550_0.jpg,EXACT,320/05550,GASKETINTAKEMANIFOLD,320-05550-gasketintakemanifold,Gasket,source_image,0,CROSS_REFERENCE_CONFIRMED
Exhaust Manifold Gasket For JCB Engine,320/06004 | 320/06199,Gasket,https://www.antheautoparts.com/product-details/exhaust-manifold-gasket-for-jcb-engine-320-06004-320-06199-jcb-parts-near-me,https://enterprise.saioautomotive.com/backend/assets/uploads/products/SmluUzNVa2R2Rjcwb2FyUy9LekNmUT09_1745384609_0.jpg,HIGH,320/06199,EXHAUST GASKET NA,320-06199-exhaust-gasket-na,Gasket,source_image,0.4,CROSS_REFERENCE_CONFIRMED
Gasket Hydraulic Tank 8 Hole,813/00360,Gasket,https://www.antheautoparts.com/product-details/gasket-hydraulic-tank-8-hole-813-00360-jcb-parts-near-me,https://enterprise.saioautomotive.com/backend/assets/uploads/products/UkJ2VXpwdEVnaGJGazRialR0VjNQQT09_1745384663_0.jpg,EXACT,813/00360,GASKET,813-00360-gasket,Gasket,source_image,0.25,CROSS_REFERENCE_CONFIRMED
Gasket Fuel / Hydraulic Tank,813/00375,Gasket,https://www.antheautoparts.com/product-details/gasket-fuel-hydraulic-tank-813-00375-jcb-parts-online,https://enterprise.saioautomotive.com/backend/assets/uploads/products/b1RBYmt6R09xeW1TVXpTdjc5dmNBUT09_1745384772_0.jpg,EXACT,813/00375,GASKET,813-00375-gasket,Gasket,source_image,0.25,CROSS_REFERENCE_CONFIRMED
Gasket Hydraulic Tank,813/00466,Gasket,https://www.antheautoparts.com/product-details/gasket-hydraulic-tank-813-00466-jcb-spares,https://enterprise.saioautomotive.com/backend/assets/uploads/products/Rmp3dXBFaFA5bTY1NExQenl4M0NuZz09_1745384856_0.jpg,HIGH,813/00466,GASKET,813-00466-gasket,Gasket,source_image,0.33,CROSS_REFERENCE_CONFIRMED
Gasket For Transmission,813/10175 | 813/50010 | 813/50003,Gasket,https://www.antheautoparts.com/product-details/gasket-for-transmission-813-10175-813-50010-813-50003-jcb-parts-near-me,https://enterprise.saioautomotive.com/backend/assets/uploads/products/TjNScnhaSGpiYUdhU3N2NzdtSm1NUT09_1745384899_0.jpg,EXACT,813/10175,GASKET VALVE BLOCK,813-10175-gasket-valve-block,Gasket,source_image,0.25,CROSS_REFERENCE_CONFIRMED
Gasket,813/50027,Gasket,https://www.antheautoparts.com/product-details/gasket-813-50027-jcb-spares,https://enterprise.saioautomotive.com/backend/assets/uploads/products/U0JEUDVFRlRHR042WHZqSUtwOXYrQT09_1745384951_0.jpg,HIGH,813/50027,GASKET - SUCTION STRAINER,813-50027-gasket-suction-strainer,Gasket,source_image,0.33,CROSS_REFERENCE_CONFIRMED
Gasket Gear Lever Housing,813/50042,Gasket,https://www.antheautoparts.com/product-details/gasket-gear-lever-housing-813-50042-jcb-spare-parts,https://enterprise.saioautomotive.com/backend/assets/uploads/products/ZXVLaFZuaitkUFo4VGxQdGxWNE1FUT09_1745385017_0.jpg,HIGH,813/50042,GASKET -GEAR LEVER,813-50042-gasket-gear-lever,Gasket,source_image,0.75,CROSS_REFERENCE_CONFIRMED
Exhaust Gasket,320/06036,Gasket,https://www.antheautoparts.com/product-details/exhaust-gasket-320-06036-jcb-parts-near-me,https://enterprise.saioautomotive.com/backend/assets/uploads/products/OW5iSUlaNFY1Z1Nja3VaWitidlNWUT09_1745385075_0.jpg,EXACT,320/06036,GASKET - TURBO OUTLET,320-06036-gasket-turbo-outlet,Gasket,source_image,0.25,CROSS_REFERENCE_CONFIRMED
Gasket Top Set,320/09216,Gasket,https://www.antheautoparts.com/product-details/gasket-top-set-320-09216-jcb-parts-near-me,https://enterprise.saioautomotive.com/backend/assets/uploads/products/MWVzekJGWWhFT09oRFFuY2hJcHFMQT09_1745385210_0.jpg,HIGH,320/09216,Kit-top gasket NA,320-09216-kit-top-gasket-na,Gasket,source_image,0.4,CROSS_REFERENCE_CONFIRMED
Kit Bottom Gasket 444 Turbo Engine,320/09383,Gasket,https://www.antheautoparts.com/product-details/kit-bottom-gasket-444-turbo-engine-320-09383-jcb-aftermarket-parts,https://enterprise.saioautomotive.com/backend/assets/uploads/products/SlpPbXVreHN6UU9vM3lEN3ZBQ3hUQT09_1745385311_0.jpg,UNMATCHED,,,,,,0,EXTERNAL_ONLY_PRODUCT
Gasket Exhaust Flange Manifold 320,320/06006,Gasket,https://www.antheautoparts.com/product-details/gasket-exhaust-flange-manifold-320-320-06006-jcb-spare-parts,https://enterprise.saioautomotive.com/backend/assets/uploads/products/S3BOa3I1UUUzeFRMeG1xVWpNcDZCdz09_1745385426_0.jpg,EXACT,320/06006,GASKET-TURBO,320-06006-gasket-turbo,Gasket,source_image,0.17,CROSS_REFERENCE_CONFIRMED
Grease Nipple Straight 1/8 BSP,1450/0001,Greasing,https://www.antheautoparts.com/product-details/grease-nipple-straight-1-8-bsp-1450-0001-jcb-spares,https://enterprise.saioautomotive.com/backend/assets/uploads/products/SXhQYzMrODZIYy9yK3hKbjJzOE1kZz09_1745387417_0.jpg,HIGH,1450/0001,GREASE NIPPLE 1/8 BSP,1450-0001-grease-nipple-1-8-bsp,Greasing,source_image,0.75,CROSS_REFERENCE_CONFIRMED
Grease Nipple Straight 1/4 BSP,1450/0002,Greasing,https://www.antheautoparts.com/product-details/grease-nipple-straight-1-4-bsp-1450-0002-jcb-spare-parts,https://enterprise.saioautomotive.com/backend/assets/uploads/products/ZUNMczFNNnVPTEVoRFo3RDVFWW5ZZz09_1745387496_0.jpg,HIGH,1450/0002,GREASE NIPPLE STRAIGHT,1450-0002-grease-nipple-straight,Greasing,source_image,0.75,CROSS_REFERENCE_CONFIRMED
Greasing Nipple 45 Angled,1450/1001,Greasing,https://www.antheautoparts.com/product-details/greasing-nipple-45-angled-1450-1001-jcb-parts-online,https://enterprise.saioautomotive.com/backend/assets/uploads/products/UURpWjRmMEU2OU5tYkVTWk9VaUdkUT09_1745387556_0.jpg,EXACT,1450/1001,GREASE NIPPLE 90 DEG.,1450-1001-grease-nipple-90-deg,Greasing,source_image,0.14,CROSS_REFERENCE_CONFIRMED
Original Groz Grease Gun,992/11300 | 915/07300,Greasing,https://www.antheautoparts.com/product-details/original-groz-grease-gun-992-11300-915-07300-jcb-parts-online,https://enterprise.saioautomotive.com/backend/assets/uploads/products/M2lhTURXT3cyd09kMEo2NFlmUGFzQT09_1745387616_0.jpg,HIGH,992/11300,GUN GREASE,992-11300-gun-grease,Greasing,source_image,0.5,CROSS_REFERENCE_CONFIRMED
Grease Nipple,816/60056A,Greasing,https://www.antheautoparts.com/product-details/grease-nipple-816-60056a-jcb-parts-catalog,https://enterprise.saioautomotive.com/backend/assets/uploads/products/bTYxSVE4UWFFemo3bUlhQnV5cjZCZz09_1745387676_0.jpg,UNMATCHED,,,,,,0,EXTERNAL_ONLY_PRODUCT
Original Groz Grease Gun Nozzle,,Greasing,https://www.antheautoparts.com/product-details/original-groz-grease-gun-nozzle-jcb-spare-parts,https://enterprise.saioautomotive.com/backend/assets/uploads/products/,UNMATCHED,,,,,,0,EXTERNAL_ONLY_PRODUCT
Radiator Hose Bottom,834/00437,Hoses,https://www.antheautoparts.com/product-details/radiator-hose-bottom-834-00437-jcb-parts-catalog,https://enterprise.saioautomotive.com/backend/assets/uploads/products/NzNZY1JqelpyM2ZRY1ByU1RubjYydz09_1745396778_0.jpg,UNMATCHED,,,,,,0,EXTERNAL_ONLY_PRODUCT
Oil Cooler Hose,02/200918,Hoses,https://www.antheautoparts.com/product-details/oil-cooler-hose-02-200918-jcb-spare-parts-dealer,https://enterprise.saioautomotive.com/backend/assets/uploads/products/YkdqV1VmZFRtZE56dncvVFhZTHdOQT09_1745391746_0.jpg,HIGH,02/200918,HOSE,02-200918-hose,Hoses,source_image,0.33,CROSS_REFERENCE_CONFIRMED
Oil Cooler Hose,02/202336,Hoses,https://www.antheautoparts.com/product-details/oil-cooler-hose-02-202336-jcb-parts-catalog,https://enterprise.saioautomotive.com/backend/assets/uploads/products/eVQrVFJYK05WdlJoS1V4cmVMc0haUT09_1745391807_0.jpg,HIGH,02/202336,HOSE,02-202336-hose,Hoses,source_image,0.33,CROSS_REFERENCE_CONFIRMED
Hose Retainer,123/01427 | 346/00138,Hoses,https://www.antheautoparts.com/product-details/hose-retainer-123-01427-346-00138-jcb-genuine-parts,https://enterprise.saioautomotive.com/backend/assets/uploads/products/TkZNNngrTFEwNFF6OS9BOFZyOHA3Zz09_1745391854_0.jpg,HIGH,123/01427,REAR FRAME HOSE RETAINER,123-01427-rear-frame-hose-retainer,Hoses,source_image,0.5,CROSS_REFERENCE_CONFIRMED
"Circuit Hose Clamp, M10",123/05836,Hoses,https://www.antheautoparts.com/product-details/circuit-hose-clamp-m10-123-05836-jcb-spare-parts-dealer,https://enterprise.saioautomotive.com/backend/assets/uploads/products/RVJuYnBaL0Z4dlBRMjZtdFRZRldrQT09_1745391901_0.jpg,EXACT,123/05836,CLAMP,123-05836-clamp,Hoses,source_image,0.25,CROSS_REFERENCE_CONFIRMED
Adaptor 5/8,1604/0005,Hoses,https://www.antheautoparts.com/product-details/adaptor-5-8-1604-0005-jcb-parts-near-me,https://enterprise.saioautomotive.com/backend/assets/uploads/products/R3NRR1gzNnNQN29ocTdYUmorbGRvZz09_1745391960_0.jpg,UNMATCHED,,,,,,0,EXTERNAL_ONLY_PRODUCT
Adaptor 1/2,1604/2053 | 1604/0004,Hoses,https://www.antheautoparts.com/product-details/adaptor-1-2-1604-2053-1604-0004-jcb-spare-parts,https://enterprise.saioautomotive.com/backend/assets/uploads/products/a2xwR2xZNCsxSkVvZGcraVA5amROUT09_1745392050_0.jpg,HIGH,1604/2053,ADAPTOR M/M,1604-2053-adaptor-m-m,Hoses,source_image,1,CROSS_REFERENCE_CONFIRMED
Adaptor 3/4,1604/2055 | 1604/0006,Hoses,https://www.antheautoparts.com/product-details/adaptor-3-4-1604-2055-1604-0006-jcb-genuine-parts,https://enterprise.saioautomotive.com/backend/assets/uploads/products/bkxSenVaYVdsWHZYRzhXdk9oSWVKZz09_1745392109_0.jpg,HIGH,1604/2055,ADAPTOR G3,1604-2055-adaptor-g3,Hoses,source_image,0.5,CROSS_REFERENCE_CONFIRMED
Hose Clip Jubilee 18-28MM,2201/0005,Hoses,https://www.antheautoparts.com/product-details/hose-clip-jubilee-18-28mm-2201-0005-jcb-parts-near-me,https://enterprise.saioautomotive.com/backend/assets/uploads/products/b3VieW1mMTVPaHNkUEx4RlpEYW9XZz09_1745392161_0.jpg,EXACT,2201/0005,CLIP WORMDRIVE 14/27mm,2201-0005-clip-wormdrive-14-27mm,Hoses,source_image,0.13,CROSS_REFERENCE_CONFIRMED
Hose Clip Jubilee 60-80MM,2201/0013,Hoses,https://www.antheautoparts.com/product-details/hose-clip-jubilee-60-80mm-2201-0013-jcb-parts-catalog,https://enterprise.saioautomotive.com/backend/assets/uploads/products/bXlxM1dVMU4wNnIrampzdU8wcnU3QT09_1745392230_0.jpg,EXACT,2201/0013,Worm Drive clip-60,2201-0013-worm-drive-clip-60,Hoses,source_image,0.29,CROSS_REFERENCE_CONFIRMED
Hose Clip Jubilee 60-80MM,2201/0013,Hoses,https://www.antheautoparts.com/product-details/hose-clip-jubilee-60-80mm-2201-0013-jcb-parts-online,https://enterprise.saioautomotive.com/backend/assets/uploads/products/Yk1GcE1JOWs4cmZETC9mQ0dqdEFyUT09_1745392253_0.jpg,EXACT,2201/0013,Worm Drive clip-60,2201-0013-worm-drive-clip-60,Hoses,source_image,0.29,CROSS_REFERENCE_CONFIRMED
Hydraclamp T - Adaptor & Adaptor 1/4' X 9/16',40/303610 | 1620/0002,Hoses,https://www.antheautoparts.com/product-details/hydraclamp-t-adaptor-adaptor-1-4-x-9-16-40-303610-1620-0002-jcb-parts-near-me,https://enterprise.saioautomotive.com/backend/assets/uploads/products/Tk41NmhmTnV0WDgvczM4WEtaSzZ4UT09_1745392489_0.jpg,EXACT,40/303610,TEE ADAPTOR,40-303610-tee-adaptor,Hoses,source_image,0.25,CROSS_REFERENCE_CONFIRMED
Adaptor Elbow Hydraclamp,816/90548,Hoses,https://www.antheautoparts.com/product-details/adaptor-elbow-hydraclamp-816-90548-jcb-parts,https://enterprise.saioautomotive.com/backend/assets/uploads/products/UTJPbjVFak5adkhwSnFBT0FEMFNoQT09_1745392594_0.jpg,HIGH,816/90548,ELBOW ADAPTOR,816-90548-elbow-adaptor,Hoses,source_image,0.67,CROSS_REFERENCE_CONFIRMED
"Adaptor 90' Elbow, 9/16 UNF X 1/4",816/90618,Hoses,https://www.antheautoparts.com/product-details/adaptor-90-elbow-9-16-unf-x-1-4-816-90618-replacement-jcb-parts,https://enterprise.saioautomotive.com/backend/assets/uploads/products/YmFPbnlnNWw2Y2xWaHRrbkRjUFRYdz09_1745392666_0.jpg,HIGH,816/90618,ADAPTOR 90 M/M SWIVEL,816-90618-adaptor-90-m-m-swivel,Hoses,source_image,0.33,CROSS_REFERENCE_CONFIRMED
Water Hose Top,834/00181,Hoses,https://www.antheautoparts.com/product-details/water-hose-top-834-00181-jcb-spares,https://enterprise.saioautomotive.com/backend/assets/uploads/products/d0tPUklrWnM3WXYyZ3J6aUdiUVFoZz09_1745392831_0.jpg,UNMATCHED,,,,,,0,EXTERNAL_ONLY_PRODUCT
Water Hose - Top,834/00261,Hoses,https://www.antheautoparts.com/product-details/water-hose-top-834-00261-jcb-parts-near-me,https://enterprise.saioautomotive.com/backend/assets/uploads/products/N2tXbUh3eDNsNEJ1d3BPVnowY2R4dz09_1745392940_0.jpg,UNMATCHED,,,,,,0,EXTERNAL_ONLY_PRODUCT
Water Hose Elbow - Bottom,834/00262 | 834/00666,Hoses,https://www.antheautoparts.com/product-details/water-hose-elbow-bottom-834-00262-834-00666-replacement-jcb-parts,https://enterprise.saioautomotive.com/backend/assets/uploads/products/TjNKZDV4LzRWN2RDa2tXdWV2Zm5iZz09_1745393019_0.jpg,UNMATCHED,,,,,,0,EXTERNAL_ONLY_PRODUCT
Water Hose - Bottom,834/00263,Hoses,https://www.antheautoparts.com/product-details/water-hose-bottom-834-00263-jcb-parts-catalog,https://enterprise.saioautomotive.com/backend/assets/uploads/products/NkwreFU5SXA4L2Q1K0ZIdWprdWROUT09_1745393278_0.jpg,UNMATCHED,,,,,,0,EXTERNAL_ONLY_PRODUCT
Bottom Radiator Hose,834/00340,Hoses,https://www.antheautoparts.com/product-details/bottom-radiator-hose-834-00340-jcb-spare-parts-dealer,https://enterprise.saioautomotive.com/backend/assets/uploads/products/a0Z0bjl4cmx1M0xZM0NYMXBTc29WQT09_1745393340_0.jpg,UNMATCHED,,,,,,0,EXTERNAL_ONLY_PRODUCT
Water Hose Top,834/00347,Hoses,https://www.antheautoparts.com/product-details/water-hose-top-834-00347-jcb-parts-catalog,https://enterprise.saioautomotive.com/backend/assets/uploads/products/MXVWVnZSTzhMUms4b00xeEczakVzQT09_1745393398_0.jpg,UNMATCHED,,,,,,0,EXTERNAL_ONLY_PRODUCT
Water Hose - Top,834/00401,Hoses,https://www.antheautoparts.com/product-details/water-hose-top-834-00401-jcb-parts-online,https://enterprise.saioautomotive.com/backend/assets/uploads/products/V3ZFVEpOdGwyQU9BWUlCNWh1bTZWUT09_1745395858_0.jpg,UNMATCHED,,,,,,0,EXTERNAL_ONLY_PRODUCT
Bottom Radiator Hose,834/00412,Hoses,https://www.antheautoparts.com/product-details/bottom-radiator-hose-834-00412-jcb-spare-parts,https://enterprise.saioautomotive.com/backend/assets/uploads/products/RVo2Uk10ZW9MSXRmNlMyd1NLK2lHQT09_1745396189_0.jpg,UNMATCHED,,,,,,0,EXTERNAL_ONLY_PRODUCT
Water Hose Elbow,834/00414,Hoses,https://www.antheautoparts.com/product-details/water-hose-elbow-834-00414-jcb-spare-parts-dealer,https://enterprise.saioautomotive.com/backend/assets/uploads/products/QWxPVE82ZnpLaERBM2JEdkV0ckY3dz09_1745396407_0.jpg,EXACT,834/00414,SUCTIONELBOW,834-00414-suctionelbow,Hoses,source_image,0,CROSS_REFERENCE_CONFIRMED
Radiator Hose Bottom,834/00437,Hoses,https://www.antheautoparts.com/product-details/radiator-hose-bottom-834-00437-jcb-spare-parts,https://enterprise.saioautomotive.com/backend/assets/uploads/products/NUxsb1VudlRyTzhwLzRXaHQ2RmRXUT09_1745397518_0.jpg,UNMATCHED,,,,,,0,EXTERNAL_ONLY_PRODUCT
Hose Oil Cooler To Waterpump,834/00450,Hoses,https://www.antheautoparts.com/product-details/hose-oil-cooler-to-waterpump-834-00450-jcb-parts-online,https://enterprise.saioautomotive.com/backend/assets/uploads/products/bS9IVTNlaVZwVzFIQndWbUlZbXZzUT09_1745397907_0.jpg,UNMATCHED,,,,,,0,EXTERNAL_ONLY_PRODUCT
Water Hose Top,834/00528,Hoses,https://www.antheautoparts.com/product-details/water-hose-top-834-00528-jcb-aftermarket-parts,https://enterprise.saioautomotive.com/backend/assets/uploads/products/NDBlekJvYzYvdXpROHd2UUQ5eVRKQT09_1745397953_0.jpg,EXACT,834/00528,TOPHOSE,834-00528-tophose,Hoses,source_image,0,CROSS_REFERENCE_CONFIRMED
Water Hose Bottom,834/00685,Hoses,https://www.antheautoparts.com/product-details/water-hose-bottom-834-00685-jcb-parts,https://enterprise.saioautomotive.com/backend/assets/uploads/products/Z0JVbml3bDQxaGduUU5KSVNUUXJVUT09_1745398031_0.jpg,UNMATCHED,,,,,,0,EXTERNAL_ONLY_PRODUCT
Bottom Hose For Various JCB Models,834/00704,Hoses,https://www.antheautoparts.com/product-details/bottom-hose-for-various-jcb-models-834-00704-jcb-parts-near-me,https://enterprise.saioautomotive.com/backend/assets/uploads/products/NUNLRmEvQ1ZFWFRJUTU1VWpJeVJ2dz09_1745398078_0.jpg,EXACT,834/00704,Hosebottom,834-00704-hosebottom,Hoses,source_image,0,CROSS_REFERENCE_CONFIRMED
Water Hose - Top,834/00739,Hoses,https://www.antheautoparts.com/product-details/water-hose-top-834-00739-jcb-parts-online,https://enterprise.saioautomotive.com/backend/assets/uploads/products/a0dCZkJrdEl4NmtkNC9CVVUvK1BWdz09_1745398127_0.jpg,UNMATCHED,,,,,,0,EXTERNAL_ONLY_PRODUCT
Hose Suction Hydraulic Oil,834/10756,Hoses,https://www.antheautoparts.com/product-details/hose-suction-hydraulic-oil-834-10756-jcb-spare-parts,https://enterprise.saioautomotive.com/backend/assets/uploads/products/c0pXSTN2aFRZWStpOWwvQkorYzRvQT09_1745398216_0.jpg,UNMATCHED,,,,,,0,EXTERNAL_ONLY_PRODUCT
Circlip,2203/0041,Hoses,https://www.antheautoparts.com/product-details/circlip-2203-0041-jcb-parts,https://enterprise.saioautomotive.com/backend/assets/uploads/products/S2pXeVNDL3lucFI0Nnh4KzdtUEl4UT09_1745398296_0.jpg,HIGH,2203/0041,CIRCLIP,2203-0041-circlip,Hoses,source_image,1,CROSS_REFERENCE_CONFIRMED
Brake House 580MM,649/51240,Hoses,https://www.antheautoparts.com/product-details/brake-house-580mm-649-51240-jcb-spare-parts,https://enterprise.saioautomotive.com/backend/assets/uploads/products/Q1ZXYzlnbk95ZWk1VFhzdU9INUxidz09_1745398387_0.jpg,UNMATCHED,,,,,,0,EXTERNAL_ONLY_PRODUCT
Hose Pipe 3/8Bsp 550 Mm,612/04100,Hoses,https://www.antheautoparts.com/product-details/hose-pipe-3-8bsp-550-mm-612-04100-jcb-parts-near-me,https://enterprise.saioautomotive.com/backend/assets/uploads/products/cmhOQlYrb2pXRmJlbzNacy82bHdRdz09_1745398481_0.jpg,EXACT,612/04100,HOSE,612-04100-hose,Hoses,source_image,0.2,CROSS_REFERENCE_CONFIRMED
CIRCUIT HOSE 1/2BSP 1710 MM,613/36002,Hoses,https://www.antheautoparts.com/product-details/circuit-hose-1-2bsp-1710-mm-613-36002-jcb-spares,https://enterprise.saioautomotive.com/backend/assets/uploads/products/MWwwcjRacS9sbmdrNkJTTmROL1BKUT09_1745398571_0.jpg,EXACT,613/36002,HOSE,613-36002-hose,Hoses,source_image,0.2,CROSS_REFERENCE_CONFIRMED
CIRCUIT HOSE 5/8BSP 2520 MM,629/26900,Hoses,https://www.antheautoparts.com/product-details/circuit-hose-5-8bsp-2520-mm-629-26900-jcb-parts-near-me,https://enterprise.saioautomotive.com/backend/assets/uploads/products/K3lDOTZHV1R6c3dqNFRQOG41WW5QZz09_1745398641_0.jpg,EXACT,629/26900,HOSE 5/8 BSP - 2520MM,629-26900-hose-5-8-bsp-2520mm,Hoses,source_image,0.14,CROSS_REFERENCE_CONFIRMED
Adaptor 5/8'' BSP,1604/2051 | 1604/0002,Hoses,https://www.antheautoparts.com/product-details/adaptor-5-8-bsp-1604-2051-1604-0002-jcb-parts-catalog,https://enterprise.saioautomotive.com/backend/assets/uploads/products/bUVyRC9TVzF0QndaeXI4bHdhYTl1QT09_1745398896_0.jpg,EXACT,1604/2051,ADAPTOR G1/4A M/M,1604-2051-adaptor-g1-4a-m-m,Hoses,placeholder_image,0.25,DISCOVERED_IMAGE_REFERENCE_FOR_REVIEW
Adaptor 3/8'' BSP,1604/2052 | 1604/0003,Hoses,https://www.antheautoparts.com/product-details/adaptor-3-8-bsp-1604-2052-1604-0003-replacement-jcb-parts,https://enterprise.saioautomotive.com/backend/assets/uploads/products/clB0RHhCRkRHdjFVTVJBZmVEblU5Zz09_1745398955_0.jpg,EXACT,1604/2052,ADAPTOR G3/8A M/M,1604-2052-adaptor-g3-8a-m-m,Hoses,placeholder_image,0.25,DISCOVERED_IMAGE_REFERENCE_FOR_REVIEW
Hose Clip Jubilee 44-60MM,2201/0011,Hoses,https://www.antheautoparts.com/product-details/hose-clip-jubilee-44-60mm-2201-0011-jcb-spares,https://enterprise.saioautomotive.com/backend/assets/uploads/products/UlNYb3BJSEtaUmVnM3Z2SER1c05TUT09_1745399009_0.jpg,EXACT,2201/0011,CLIP WORMDRIVE 40/64mm,2201-0011-clip-wormdrive-40-64mm,Hoses,placeholder_image,0.13,DISCOVERED_IMAGE_REFERENCE_FOR_REVIEW
Hose Clip Jubilee 51-70MM,2201/0012,Hoses,https://www.antheautoparts.com/product-details/hose-clip-jubilee-51-70mm-2201-0012-jcb-spare-parts-dealer,https://enterprise.saioautomotive.com/backend/assets/uploads/products/ZC9GQzJFWDkyMkNPamkyK3ZHOHl6dz09_1745399068_0.jpg,EXACT,2201/0012,CLIP WORMDRIVE 46/70mm#JS220,2201-0012-clip-wormdrive-46-70mmjs220,Hoses,placeholder_image,0.25,DISCOVERED_IMAGE_REFERENCE_FOR_REVIEW
Hose Air Con,649/51270,Hoses,https://www.antheautoparts.com/product-details/hose-air-con-649-51270-replacement-jcb-parts,https://enterprise.saioautomotive.com/backend/assets/uploads/products/VlI3WXdBbSs1aVlhS3Jvc2w2c3FJQT09_1745399113_0.jpg,UNMATCHED,,,,,,0,EXTERNAL_ONLY_PRODUCT
Circuit Hose O Rings Kit,828/00237 | 2301/0006 | 2301/0010 | 2301/0011 | 2301/0,Hoses,https://www.antheautoparts.com/product-details/circuit-hose-o-rings-kit-828-00237-2301-0006-2301-0010-2301-0011-2301-0-jcb-parts,https://enterprise.saioautomotive.com/backend/assets/uploads/products/bEdRR1V4aUV4YWlFbFdCOWZmTWZIdz09_1745399163_0.jpg,EXACT,828/00237,O-RING,828-00237-o-ring,Hoses,placeholder_image,0,DISCOVERED_IMAGE_REFERENCE_FOR_REVIEW
Circuit Hose Clamp For 6 Hoses,,Hoses,https://www.antheautoparts.com/product-details/circuit-hose-clamp-for-6-hoses-replacement-jcb-parts,https://enterprise.saioautomotive.com/backend/assets/uploads/products/VFVud2hyWFZwT3UzOW11aW5UUTdjUT09_1745399201_0.jpg,UNMATCHED,,,,,,0,EXTERNAL_ONLY_PRODUCT
HOSE 24 1/2,613/00700,Hoses,https://www.antheautoparts.com/product-details/hose-24-1-2-613-00700-jcb-spare-parts,https://enterprise.saioautomotive.com/backend/assets/uploads/products/UjFKTEw0ZXlReWJ2KzNxY2w3cWI4QT09_1745399252_0.jpg,HIGH,613/00700,HOSE,613-00700-hose,Hoses,placeholder_image,0.5,DISCOVERED_IMAGE_REFERENCE_FOR_REVIEW
Pump Main Hydraulic 33/29 CC/REV,20/903100,Hydraulic/Pump Drive,https://www.antheautoparts.com/product-details/pump-main-hydraulic-33-29-cc-rev-20-903100-jcb-spare-parts-dealer,https://enterprise.saioautomotive.com/backend/assets/uploads/products/V3R3Yk5rY1dkUk1FZ3Q4NC81OHltUT09_1745473162_0.jpg,UNMATCHED,,,,,,0,EXTERNAL_ONLY_PRODUCT
Parker Hydraulic Pump Spline Model Repair Kit,20/902703 20/902901,Hydraulic/Pump Drive,https://www.antheautoparts.com/product-details/parker-hydraulic-pump-spline-model-repair-kit-20-902703-20-902901-jcb-parts,https://enterprise.saioautomotive.com/backend/assets/uploads/products/L0hRODI3K0w2bW5ra2c5TW4vWE1XUT09_1745403080_0.jpg,UNMATCHED,,,,,,0,EXTERNAL_ONLY_PRODUCT
Hydraulic Pump Flange Plate,,Hydraulic/Pump Drive,https://www.antheautoparts.com/product-details/hydraulic-pump-flange-plate-jcb-parts-near-me,https://enterprise.saioautomotive.com/backend/assets/uploads/products/ano2RWZVUjRTVHkxcWZvVlVPeTRIUT09_1745403133_0.jpg,UNMATCHED,,,,,,0,EXTERNAL_ONLY_PRODUCT
Pump Main Hydraulic 33/29 CC/REV,20/903100,Hydraulic/Pump Drive,https://www.antheautoparts.com/product-details/pump-main-hydraulic-33-29-cc-rev-20-903100-replacement-jcb-parts,https://enterprise.saioautomotive.com/backend/assets/uploads/products/MFhvMWNSaUJGZjR2TFRXb2twa3lpdz09_1745403193_0.jpg,UNMATCHED,,,,,,0,EXTERNAL_ONLY_PRODUCT
Pump Main Hydraulic 41/26 CC/REV,20/911200,Hydraulic/Pump Drive,https://www.antheautoparts.com/product-details/pump-main-hydraulic-41-26-cc-rev-20-911200-replacement-jcb-parts,https://enterprise.saioautomotive.com/backend/assets/uploads/products/SitHQmJQUHhXNzlvQVJnT2FsOGIydz09_1745403321_0.jpg,EXACT,20/911200,PUMP MAIN HYDRAULI,20-911200-pump-main-hydrauli,Hydraulic / Pump Drive,source_image,0.25,CROSS_REFERENCE_CONFIRMED
Pump Main Hydraulic 36/26 CC REV,20/912800,Hydraulic/Pump Drive,https://www.antheautoparts.com/product-details/pump-main-hydraulic-36-26-cc-rev-20-912800-jcb-spare-parts-dealer,https://enterprise.saioautomotive.com/backend/assets/uploads/products/N3lxV253MllYZTFjRkNhL25aNnhHQT09_1745403425_0.jpg,UNMATCHED,,,,,,0,EXTERNAL_ONLY_PRODUCT
Loader Valve Block Spool Caps,25/606108 | 25/222109,Hydraulic/Pump Drive,https://www.antheautoparts.com/product-details/loader-valve-block-spool-caps-25-606108-25-222109-jcb-parts-catalog,https://enterprise.saioautomotive.com/backend/assets/uploads/products/cmdpVjIya3N5bFdYY09wdFMyRXhjQT09_1745403490_0.jpg,EXACT,25/606108,COVER,25-606108-cover,Hydraulic / Pump Drive,source_image,0,CROSS_REFERENCE_CONFIRMED
Main Relief Valve,25/618901,Hydraulic/Pump Drive,https://www.antheautoparts.com/product-details/main-relief-valve-25-618901-jcb-spares,https://enterprise.saioautomotive.com/backend/assets/uploads/products/TkhkYk1jSFZJeW5rU3JGUmxySEZCZz09_1745403688_0.jpg,UNMATCHED,,,,,,0,EXTERNAL_ONLY_PRODUCT
Relief Valve Repair Kit,25/618902,Hydraulic/Pump Drive,https://www.antheautoparts.com/product-details/relief-valve-repair-kit-25-618902-replacement-jcb-parts,https://enterprise.saioautomotive.com/backend/assets/uploads/products/S2I3eEY5SFFhNnBlR1gxeVB0d2pVQT09_1745406502_0.jpg,EXACT,25/618902,KIT SEAL,25-618902-kit-seal,Hydraulic / Pump Drive,placeholder_image,0.2,DISCOVERED_IMAGE_REFERENCE_FOR_REVIEW
Valve Block Boot Rubber,25/624302 | 333/Y0793,Hydraulic/Pump Drive,https://www.antheautoparts.com/product-details/valve-block-boot-rubber-25-624302-333-y0793-jcb-aftermarket-parts,https://enterprise.saioautomotive.com/backend/assets/uploads/products/N05FbFJpcTRDUXdBS2dsQUpMeUM2Zz09_1745404237_0.jpg,EXACT,25/624302,BOOT,25-624302-boot,Hydraulic / Pump Drive,source_image,0.25,CROSS_REFERENCE_CONFIRMED
Valve Relief,25/974602,Hydraulic/Pump Drive,https://www.antheautoparts.com/product-details/valve-relief-25-974602-jcb-parts,https://enterprise.saioautomotive.com/backend/assets/uploads/products/NElNWk9nc1pXUHc0dkZLOVhwWjN4Zz09_1745404307_0.jpg,HIGH,25/974602,VALVE,25-974602-valve,Hydraulic / Pump Drive,source_image,0.5,CROSS_REFERENCE_CONFIRMED
Pump Main Hydraulic 33/23 CC/REV,332/F9028,Hydraulic/Pump Drive,https://www.antheautoparts.com/product-details/pump-main-hydraulic-33-23-cc-rev-332-f9028-jcb-parts-catalog,https://enterprise.saioautomotive.com/backend/assets/uploads/products/R3hMV3hRWHdWYUZ4M3F4QkpmdGVGdz09_1745404365_0.jpg,EXACT,332/F9028,TWIN PUMP 33/23ccr,332-f9028-twin-pump-33-23ccr,Hydraulic / Pump Drive,source_image,0.22,CROSS_REFERENCE_CONFIRMED
Pump Main Hydraulic 36/29 CC/REV,332/F9030 20/925580,Hydraulic/Pump Drive,https://www.antheautoparts.com/product-details/pump-main-hydraulic-36-29-cc-rev-332-f9030-20-925580-jcb-parts-online,https://enterprise.saioautomotive.com/backend/assets/uploads/products/Z1QxQmhrMkV0WTY0dHpIdFUvL3hPUT09_1745404418_0.jpg,UNMATCHED,,,,,,0,EXTERNAL_ONLY_PRODUCT
Priority Valve Steering,35/412100,Hydraulic/Pump Drive,https://www.antheautoparts.com/product-details/priority-valve-steering-35-412100-jcb-parts-online,https://enterprise.saioautomotive.com/backend/assets/uploads/products/alg3WVdMaUJxMmlld2x3UGpjSWJ6UT09_1745404472_0.jpg,HIGH,35/412100,PRIORITY VALVE,35-412100-priority-valve,Hydraulic / Pump Drive,source_image,0.67,CROSS_REFERENCE_CONFIRMED
Pump Drive Shaft SS700 Gearbox,459/50431,Hydraulic/Pump Drive,https://www.antheautoparts.com/product-details/pump-drive-shaft-ss700-gearbox-459-50431-jcb-spare-parts-dealer,https://enterprise.saioautomotive.com/backend/assets/uploads/products/V1FyVmYvTzErMGY3aW80Z3dKbTlrUT09_1745404550_0.jpg,EXACT,459/50431,PUMPDRIVESHAFT,459-50431-pumpdriveshaft,Hydraulic / Pump Drive,source_image,0,CROSS_REFERENCE_CONFIRMED
Pump Drive Shaft 32MM,914/35000,Hydraulic/Pump Drive,https://www.antheautoparts.com/product-details/pump-drive-shaft-32mm-914-35000-jcb-parts-online,https://enterprise.saioautomotive.com/backend/assets/uploads/products/aFBkVHhTaGJtYWE0QWhibjBMUjNDUT09_1745404613_0.jpg,UNMATCHED,,,,,,0,EXTERNAL_ONLY_PRODUCT
Yoke Flange,914/35001,Hydraulic/Pump Drive,https://www.antheautoparts.com/product-details/yoke-flange-914-35001-jcb-spare-parts,https://enterprise.saioautomotive.com/backend/assets/uploads/products/RmhXcEpSbEdOSHk1TnA3d3BPQnBjdz09_1745404664_0.jpg,EXACT,914/35001,YOKEFLANGE',914-35001-yokeflange,Hydraulic / Pump Drive,source_image,0,CROSS_REFERENCE_CONFIRMED
Yoke Flange,914/35402,Hydraulic/Pump Drive,https://www.antheautoparts.com/product-details/yoke-flange-914-35402-replacement-jcb-parts,https://enterprise.saioautomotive.com/backend/assets/uploads/products/bWYvVlZ4L21IQ1FRb2FxbWtQTGczUT09_1745404721_0.jpg,UNMATCHED,,,,,,0,EXTERNAL_ONLY_PRODUCT
Pump Drive Shaft 28.5 MM / 1.125,914/37400,Hydraulic/Pump Drive,https://www.antheautoparts.com/product-details/pump-drive-shaft-285-mm-1125-914-37400-jcb-parts-online,https://enterprise.saioautomotive.com/backend/assets/uploads/products/Sk5xNlQzdUdJeW9QTFU0S1prUXVsUT09_1745473665_0.jpg,UNMATCHED,,,,,,0,EXTERNAL_ONLY_PRODUCT
Pump Drive Shaft 25.4 MM / 1,914/60041 | 914/44500,Hydraulic/Pump Drive,https://www.antheautoparts.com/product-details/pump-drive-shaft-254-mm-1-914-60041-914-44500-jcb-parts-catalog,https://enterprise.saioautomotive.com/backend/assets/uploads/products/YlNMZytkQUYyUzhKbDc2OXJDR0xYQT09_1745404934_0.jpg,EXACT,914/60041,PUMP DRIVESHAFT,914-60041-pump-driveshaft,Hydraulic / Pump Drive,source_image,0.17,CROSS_REFERENCE_CONFIRMED
Yoke End 25.4 MM,914/70045,Hydraulic/Pump Drive,https://www.antheautoparts.com/product-details/yoke-end-254-mm-914-70045-jcb-parts-online,https://enterprise.saioautomotive.com/backend/assets/uploads/products/elcxeUZyN0FKc1lSbURHY2dhdWZ3dz09_1745404995_0.jpg,UNMATCHED,,,,,,0,EXTERNAL_ONLY_PRODUCT
Spool For Husco Excavator Valve Block 6 Spool,,Hydraulic/Pump Drive,https://www.antheautoparts.com/product-details/spool-for-husco-excavator-valve-block-6-spool-replacement-jcb-parts,https://enterprise.saioautomotive.com/backend/assets/uploads/products/TUN2eEUzWElDQmlyS2NPMW8zOEVnQT09_1745406560_0.jpg,UNMATCHED,,,,,,0,EXTERNAL_ONLY_PRODUCT
Spool For (Short) For Husco Loader Valve Block 2 Spool & 3 Spool,,Hydraulic/Pump Drive,https://www.antheautoparts.com/product-details/spool-for-short-for-husco-loader-valve-block-2-spool-3-spool-replacement-jcb-parts,https://enterprise.saioautomotive.com/backend/assets/uploads/products/cTZmN3dCQTQ0RTlDZjZoUm03NzZoQT09_1745406588_0.jpg,UNMATCHED,,,,,,0,EXTERNAL_ONLY_PRODUCT
Spool For (Long) For Husco Loader Valve Block 2 Spool & 3 Spool,,Hydraulic/Pump Drive,https://www.antheautoparts.com/product-details/spool-for-long-for-husco-loader-valve-block-2-spool-3-spool-jcb-parts,https://enterprise.saioautomotive.com/backend/assets/uploads/products/MjNFOWsyWUJQOE15K2NYejF3bzNlZz09_1745406614_0.jpg,UNMATCHED,,,,,,0,EXTERNAL_ONLY_PRODUCT
Pump Main Hydraulic 29/23 CC/REV,20/925586,Hydraulic/Pump Drive,https://www.antheautoparts.com/product-details/pump-main-hydraulic-29-23-cc-rev-20-925586-replacement-jcb-parts,https://enterprise.saioautomotive.com/backend/assets/uploads/products/d3FlbTdLNDZIRFJJTDFndi9tUnlGUT09_1745406056_0.jpg,UNMATCHED,,,,,,0,EXTERNAL_ONLY_PRODUCT
Hydraulic Pump,20/925468 | 3349111930,Hydraulic/Pump Drive,https://www.antheautoparts.com/product-details/hydraulic-pump-20-925468-3349111930-jcb-spare-parts,https://enterprise.saioautomotive.com/backend/assets/uploads/products/Q04zQUpsdThEV21yRzk5WVpsVi9vUT09_1745406875_0.jpg,UNMATCHED,,,,,,0,EXTERNAL_ONLY_PRODUCT
Pump Main Hydraulic Twin Pump Gear 36/29 CC/REV,333/G5390,Hydraulic/Pump Drive,https://www.antheautoparts.com/product-details/pump-main-hydraulic-twin-pump-gear-36-29-cc-rev-333-g5390-jcb-parts-catalog,https://enterprise.saioautomotive.com/backend/assets/uploads/products/VHR6NHNBemY3M281WjNJVDR4OElWQT09_1745406799_0.jpg,HIGH,333/G5390,TWIN PUMP 36/29ccr,333-g5390-twin-pump-36-29ccr,Hydraulic / Pump Drive,placeholder_image,0.3,DISCOVERED_IMAGE_REFERENCE_FOR_REVIEW
Twin Hydraulic Pump,333/G5391,Hydraulic/Pump Drive,https://www.antheautoparts.com/product-details/twin-hydraulic-pump-333-g5391-jcb-spare-parts,https://enterprise.saioautomotive.com/backend/assets/uploads/products/QTMxeU5uZ3pZczJlZmhjN2E5OUtkQT09_1745406754_0.jpg,HIGH,333/G5391,TWIN PUMP 37/33ccr,333-g5391-twin-pump-37-33ccr,Hydraulic / Pump Drive,placeholder_image,0.4,DISCOVERED_IMAGE_REFERENCE_FOR_REVIEW
Twin hydraulic pump,20/903200,Hydraulic/Pump Drive,https://www.antheautoparts.com/product-details/twin-hydraulic-pump-20-903200-jcb-spare-parts,https://enterprise.saioautomotive.com/backend/assets/uploads/products/M0RtMzdCVVhYS214UVNqUUNOUmJKQT09_1745406393_0.jpg,HIGH,20/903200,PUMP,20-903200-pump,Hydraulic / Pump Drive,source_image,0.33,CROSS_REFERENCE_CONFIRMED
Indicator Light Lens,700/16001,Light & Lenses,https://www.antheautoparts.com/product-details/indicator-light-lens-700-16001-jcb-genuine-parts,https://enterprise.saioautomotive.com/backend/assets/uploads/products/dXd5OXNZUTkrY0xPV1htNHRjb2phZz09_1744890949_0.jpg,HIGH,700/16001,LENS,700-16001-lens,Light & Lenses,source_image,0.33,CROSS_REFERENCE_CONFIRMED
Headlamp / Headlight Assembly,700/21100 | 262/68200,Light & Lenses,https://www.antheautoparts.com/product-details/headlamp-headlight-assembly-700-21100-262-68200-jcb-spare-parts,https://enterprise.saioautomotive.com/backend/assets/uploads/products/QUpPOTJTRTkwaHNlUWpmcWlJZ0hTZz09_1744891007_0.jpg,EXACT,262/68200,LIGHTHEADLIGHTRHDIP,262-68200-lightheadlightrhdip,Light & Lenses,source_image,0,CROSS_REFERENCE_CONFIRMED
Rear Stop Light Assembly,700/23600,Light & Lenses,https://www.antheautoparts.com/product-details/rear-stop-light-assembly-700-23600-jcb-aftermarket-parts,https://enterprise.saioautomotive.com/backend/assets/uploads/products/aVpxV21KUklyYXRWZFVkWjF1b1l4UT09_1744891073_0.jpg,UNMATCHED,,,,,,0,EXTERNAL_ONLY_PRODUCT
Tail Light Lens,700/26201,Light & Lenses,https://www.antheautoparts.com/product-details/tail-light-lens-700-26201-jcb-parts,https://enterprise.saioautomotive.com/backend/assets/uploads/products/cDRJelRIc3JRS0Zwek1LSFFEcUdMQT09_1744891148_0.jpg,HIGH,700/26201,LENS,700-26201-lens,Light & Lenses,source_image,0.33,CROSS_REFERENCE_CONFIRMED
Front & Rear Working Light 12V With Bulb,700/31800,Light & Lenses,https://www.antheautoparts.com/product-details/front-rear-working-light-12v-with-bulb-700-31800-replacement-jcb-parts,https://enterprise.saioautomotive.com/backend/assets/uploads/products/STBCMEJnenB0V0c2Si95Q3JybFF0UT09_1744891239_0.jpg,UNMATCHED,,,,,,0,EXTERNAL_ONLY_PRODUCT
Headlamp / Headlight Assembly,700/38400,Light & Lenses,https://www.antheautoparts.com/product-details/headlamp-headlight-assembly-700-38400-jcb-spares,https://enterprise.saioautomotive.com/backend/assets/uploads/products/UG5tYU1RWWhDa1RyVXg4cng3anlHQT09_1744949501_0.jpg,EXACT,700/38400,LIGHT HEAD ASSEMBL,700-38400-light-head-assembl,Light & Lenses,source_image,0,CROSS_REFERENCE_CONFIRMED
Rear Working Light 12V Without Bulb,700/38800,Light & Lenses,https://www.antheautoparts.com/product-details/rear-working-light-12v-without-bulb-700-38800-jcb-parts-online,https://enterprise.saioautomotive.com/backend/assets/uploads/products/REYxditybUcrck0yR0ZSazU1U2JmQT09_1744949644_0.jpg,UNMATCHED,,,,,,0,EXTERNAL_ONLY_PRODUCT
Rear Light Unit Complete,700/50018,Light & Lenses,https://www.antheautoparts.com/product-details/rear-light-unit-complete-700-50018-jcb-parts-near-me,https://enterprise.saioautomotive.com/backend/assets/uploads/products/c3o5bEJ0VHZDbWM0dGtVN0x3NXVjdz09_1744949705_0.jpg,EXACT,700/50018,COMBINATION LAMP rear 12v,700-50018-combination-lamp-rear-12v,Light & Lenses,source_image,0.14,CROSS_REFERENCE_CONFIRMED
Rear Light Lens,700/50024,Light & Lenses,https://www.antheautoparts.com/product-details/rear-light-lens-700-50024-jcb-spare-parts,https://enterprise.saioautomotive.com/backend/assets/uploads/products/RjhGSTBsVjJ0dkZkN0JQTmpjdEtQQT09_1744949778_0.jpg,EXACT,700/50024,LENS CRL300 ACRYLI,700-50024-lens-crl300-acryli,Light & Lenses,source_image,0.2,CROSS_REFERENCE_CONFIRMED
Working Light Assembly 12V With Bulb,700/50029,Light & Lenses,https://www.antheautoparts.com/product-details/working-light-assembly-12v-with-bulb-700-50029-jcb-genuine-parts,https://enterprise.saioautomotive.com/backend/assets/uploads/products/RGNSYlJFT2trM0hORm1idzZRY0NyQT09_1744949840_0.jpg,EXACT,700/50029,PEDESTAL MOUNTING WORKLAMP,700-50029-pedestal-mounting-worklamp,Light & Lenses,source_image,0,CROSS_REFERENCE_CONFIRMED
Shovel Pivot Pin W. Zerk Fitting,1019/3832,Pins- JCB,https://www.antheautoparts.com/product-details/shovel-pivot-pin-w-zerk-fitting-1019-3832-jcb-aftermarket-parts,https://enterprise.saioautomotive.com/backend/assets/uploads/products/U1Yya1kvUHB4WjRkTHJyOFh0eGV4UT09_1745470830_0.jpg,HIGH,1019/3832,PIVOT PIN,1019-3832-pivot-pin,Pins,source_image,0.4,CROSS_REFERENCE_CONFIRMED
Cotter Pin,120/30002,Pins- JCB,https://www.antheautoparts.com/product-details/cotter-pin-120-30002-jcb-parts-online,https://enterprise.saioautomotive.com/backend/assets/uploads/products/UTRVSTllZE9YV0lWRDd1cWtuVWFpUT09_1746163549_0.jpg,HIGH,120/30002,COTTER PIN,120-30002-cotter-pin,Pins,source_image,1,CROSS_REFERENCE_CONFIRMED
Pivot Pin,123/00932,Pins- JCB,https://www.antheautoparts.com/product-details/pivot-pin-123-00932-jcb-spare-parts,https://enterprise.saioautomotive.com/backend/assets/uploads/products/SnJDVjRSeWtpcWdmYU9ZOGxQVlRJdz09_1745470941_0.jpg,EXACT,123/00932,LOCKINGPIN,123-00932-lockingpin,Pins,source_image,0,CROSS_REFERENCE_CONFIRMED
King Pin 2wd,191/00618 | 120/30001,Pins- JCB,https://www.antheautoparts.com/product-details/king-pin-2wd-191-00618-120-30001-jcb-spare-parts-dealer,https://enterprise.saioautomotive.com/backend/assets/uploads/products/YU1WZ0hGd1dNTjM4bjFxbEt3am1rQT09_1745471003_0.jpg,EXACT,191/00618,KINGPIN,191-00618-kingpin,Pins,source_image,0,CROSS_REFERENCE_CONFIRMED
Center Mount Kingpost Top Pin,332/G6451,Pins- JCB,https://www.antheautoparts.com/product-details/center-mount-kingpost-top-pin-332-g6451-jcb-spare-parts,https://enterprise.saioautomotive.com/backend/assets/uploads/products/QnV0bzZOdGdTZUZKVHNkR2FCNzl6dz09_1745471226_0.jpg,EXACT,332/G6451,INGPOST PIVOT C/M (Alt. No. 913/10079),332-g6451-ingpost-pivot-c-m-alt-no-913-10079,Pins,source_image,0,CROSS_REFERENCE_CONFIRMED
Diff. Gear Set Trunnion Pin,450/10903 | 458/M3121,Pins- JCB,https://www.antheautoparts.com/product-details/diff-gear-set-trunnion-pin-450-10903-458-m3121-jcb-parts,https://enterprise.saioautomotive.com/backend/assets/uploads/products/R3RZTUI5TWk1OXVWTWlvYUhvRTBqZz09_1745471280_0.jpg,EXACT,450/10903,TRUNNIONPIN,450-10903-trunnionpin,Pins,source_image,0,CROSS_REFERENCE_CONFIRMED
Center Pivot Pin 350MM,811/10011,Pins- JCB,https://www.antheautoparts.com/product-details/center-pivot-pin-350mm-811-10011-jcb-genuine-parts,https://enterprise.saioautomotive.com/backend/assets/uploads/products/azE4SjdYVjdIa2QxaWpteHB3M2RnZz09_1745471331_0.jpg,HIGH,811/10011,PIVOT PIN,811-10011-pivot-pin,Pins,source_image,0.5,CROSS_REFERENCE_CONFIRMED
Axle Assembly Center Pin,811/10059,Pins- JCB,https://www.antheautoparts.com/product-details/axle-assembly-center-pin-811-10059-jcb-genuine-parts,https://enterprise.saioautomotive.com/backend/assets/uploads/products/QzNtTVZ2clk4T1oxZlBvRDQrajA3QT09_1745471387_0.jpg,EXACT,811/10059,PIVOT PIN,811-10059-pivot-pin,Pins,source_image,0.2,CROSS_REFERENCE_CONFIRMED
Loader Arm Pivot Pin,811/10061,Pins- JCB,https://www.antheautoparts.com/product-details/loader-arm-pivot-pin-811-10061-jcb-parts,https://enterprise.saioautomotive.com/backend/assets/uploads/products/ZzJvc1ljeTU1OHVmL0ZsYU16T3Nsdz09_1745471749_0.jpg,EXACT,811/10061,PIVOTPIN,811-10061-pivotpin,Category under review,placeholder_image,0,DISCOVERED_IMAGE_REFERENCE_FOR_REVIEW
Axle Assembly Center Pin,811/10066,Pins- JCB,https://www.antheautoparts.com/product-details/axle-assembly-center-pin-811-10066-jcb-parts-near-me,https://enterprise.saioautomotive.com/backend/assets/uploads/products/VURibUsvRmpPRVZZU1hlUVBnSWJFdz09_1745471814_0.jpg,EXACT,811/10066,PIVOTPIN,811-10066-pivotpin,Pins,source_image,0,CROSS_REFERENCE_CONFIRMED
Pivot Pin Link To Frame,811/10088,Pins- JCB,https://www.antheautoparts.com/product-details/pivot-pin-link-to-frame-811-10088-jcb-aftermarket-parts,https://enterprise.saioautomotive.com/backend/assets/uploads/products/ZUYrNmpYRzYzNWNaY0hSaE1rS0JPQT09_1745471876_0.jpg,UNMATCHED,,,,,,0,EXTERNAL_ONLY_PRODUCT
"Loader Arm Pivot Pin, 50 Dia.",811/10089,Pins- JCB,https://www.antheautoparts.com/product-details/loader-arm-pivot-pin-50-dia-811-10089-jcb-aftermarket-parts,https://enterprise.saioautomotive.com/backend/assets/uploads/products/SGNWdGJuS1RFZHo0b2MvWlpWdmI4dz09_1745474362_0.jpg,UNMATCHED,,,,,,0,EXTERNAL_ONLY_PRODUCT
Front Axle Main Pin,811/10091,Pins- JCB,https://www.antheautoparts.com/product-details/front-axle-main-pin-811-10091-replacement-jcb-parts,https://enterprise.saioautomotive.com/backend/assets/uploads/products/aTRENEkxcndLeHRoS0FVN3pGTXcvZz09_1745474477_0.jpg,EXACT,811/10091,PIVOT PIN,811-10091-pivot-pin,Pins,source_image,0.2,CROSS_REFERENCE_CONFIRMED
Dipper Arm Pivot Pin,811/20005,Pins- JCB,https://www.antheautoparts.com/product-details/dipper-arm-pivot-pin-811-20005-jcb-spares,https://enterprise.saioautomotive.com/backend/assets/uploads/products/bVdxSThpSDNIUzRrVFZEaFRXUEIwZz09_1745474535_0.jpg,EXACT,811/20005,PIVOTPIN,811-20005-pivotpin,Category under review,placeholder_image,0,DISCOVERED_IMAGE_REFERENCE_FOR_REVIEW
"Pivot Pin, Lever Link",811/20043,Pins- JCB,https://www.antheautoparts.com/product-details/pivot-pin-lever-link-811-20043-jcb-parts-near-me,https://enterprise.saioautomotive.com/backend/assets/uploads/products/NUhHaTIvL2Q5Qm5tcXQwZ3k0UVZMdz09_1745474602_0.jpg,HIGH,811/20043,PIVOT PIN (S)  1 C_SB,811-20043-pivot-pin-s-1-c-sb,Pins,source_image,0.4,CROSS_REFERENCE_CONFIRMED
"Pivot Pin, Arm Loader",811/20053,Pins- JCB,https://www.antheautoparts.com/product-details/pivot-pin-arm-loader-811-20053-replacement-jcb-parts,https://enterprise.saioautomotive.com/backend/assets/uploads/products/SWcxNVdiM3JwSmwrVHB1NzlvK1VuQT09_1745474653_0.jpg,EXACT,811/20053,PIVOTPIN,811-20053-pivotpin,Pins,source_image,0,CROSS_REFERENCE_CONFIRMED
Pivot Pin,811/20061,Pins- JCB,https://www.antheautoparts.com/product-details/pivot-pin-811-20061-jcb-parts-near-me,https://enterprise.saioautomotive.com/backend/assets/uploads/products/MW1BRjZuam9aMTkwYXlQMFQ2eVEzUT09_1745474722_0.jpg,HIGH,811/20061,pivot pin,811-20061-pivot-pin,Pins,source_image,1,CROSS_REFERENCE_CONFIRMED
Pivot Pin,811/30048,Pins- JCB,https://www.antheautoparts.com/product-details/pivot-pin-811-30048-jcb-aftermarket-parts,https://enterprise.saioautomotive.com/backend/assets/uploads/products/b0lCOHRMK2dTR3M3bkwwcTlCWDk3dz09_1745474780_0.jpg,HIGH,811/30048,PIVOT PIN,811-30048-pivot-pin,Pins,source_image,1,CROSS_REFERENCE_CONFIRMED
Dipper Arm Pivot Pin,811/50007,Pins- JCB,https://www.antheautoparts.com/product-details/dipper-arm-pivot-pin-811-50007-jcb-spare-parts,https://enterprise.saioautomotive.com/backend/assets/uploads/products/bFY5Vjdsa2RRaktsY1h3V0g0WWEzQT09_1745474837_0.jpg,UNMATCHED,,,,,,0,EXTERNAL_ONLY_PRODUCT
Kingpost Pivot Pin,811/50167,Pins- JCB,https://www.antheautoparts.com/product-details/kingpost-pivot-pin-811-50167-jcb-parts-near-me,https://enterprise.saioautomotive.com/backend/assets/uploads/products/S21IblhpV1ZHOVVIcGd6Q2JsbmhqUT09_1745475025_0.jpg,EXACT,811/50167,PIVOTPIN,811-50167-pivotpin,Pins,source_image,0,CROSS_REFERENCE_CONFIRMED
Pivot Pin Dipper Stick & Tipping Link,811/50267,Pins- JCB,https://www.antheautoparts.com/product-details/pivot-pin-dipper-stick-tipping-link-811-50267-jcb-spare-parts,https://enterprise.saioautomotive.com/backend/assets/uploads/products/UE9FT29QUEMwZ0NQYUIzV1VXVncyQT09_1745475080_0.jpg,EXACT,811/50267,PIVOT PINS - 31.75MM NOMI _SB,811-50267-pivot-pins-3175mm-nomi-sb,Pins,source_image,0.09,CROSS_REFERENCE_CONFIRMED
Boom Base Pin,811/50272,Pins- JCB,https://www.antheautoparts.com/product-details/boom-base-pin-811-50272-jcb-spare-parts-dealer,https://enterprise.saioautomotive.com/backend/assets/uploads/products/aS9GRFFzSE1nMnJBcFVLejJPL2E2Zz09_1745475138_0.jpg,UNMATCHED,,,,,,0,EXTERNAL_ONLY_PRODUCT
Kingpost Top Pivot Pin,811/50277,Pins- JCB,https://www.antheautoparts.com/product-details/kingpost-top-pivot-pin-811-50277-jcb-spare-parts-dealer,https://enterprise.saioautomotive.com/backend/assets/uploads/products/WUxlek9ab3EwTmJTclE2Q0NhS211UT09_1745475184_0.jpg,UNMATCHED,,,,,,0,EXTERNAL_ONLY_PRODUCT
"Pivot Pin, Boom",811/50365,Pins- JCB,https://www.antheautoparts.com/product-details/pivot-pin-boom-811-50365-jcb-parts-near-me,https://enterprise.saioautomotive.com/backend/assets/uploads/products/UlF4WitTZ2E4dzJEU25mSk1XeFROUT09_1745475245_0.jpg,HIGH,811/50365,PIVOT PIN,811-50365-pivot-pin,Pins,source_image,0.67,CROSS_REFERENCE_CONFIRMED
"Pivot Pin, Dipper",811/50367 | 811/50375,Pins- JCB,https://www.antheautoparts.com/product-details/pivot-pin-dipper-811-50367-811-50375-jcb-spare-parts,https://enterprise.saioautomotive.com/backend/assets/uploads/products/cTZ5cEk3MDUvSnVxSlRITmJyVDR4QT09_1745475318_0.jpg,EXACT,811/50367,PIVOTPIN,811-50367-pivotpin,Pins,source_image,0,CROSS_REFERENCE_CONFIRMED
Pivot Pin,811/50368,Pins- JCB,https://www.antheautoparts.com/product-details/pivot-pin-811-50368-jcb-spare-parts,https://enterprise.saioautomotive.com/backend/assets/uploads/products/enN3d1ZPNjdIVzF5SlVockJoaVp6QT09_1745475364_0.jpg,EXACT,811/50368,PIVOTPIN,811-50368-pivotpin,Pins,source_image,0,CROSS_REFERENCE_CONFIRMED
Pivot Pin,811/50369,Pins- JCB,https://www.antheautoparts.com/product-details/pivot-pin-811-50369-jcb-spare-parts-dealer,https://enterprise.saioautomotive.com/backend/assets/uploads/products/VnJHUG5IRDdIT2VJdnZ0M3JKTncvUT09_1745475444_0.jpg,HIGH,811/50369,pivot pin,811-50369-pivot-pin,Pins,source_image,1,CROSS_REFERENCE_CONFIRMED
"Pivot Pin, Boom Dipper",811/50371,Pins- JCB,https://www.antheautoparts.com/product-details/pivot-pin-boom-dipper-811-50371-jcb-spares,https://enterprise.saioautomotive.com/backend/assets/uploads/products/c0VVNGl4QUdURGdBdEVBYTJKT2VzUT09_1745475500_0.jpg,EXACT,811/50371,PIVOTPIN,811-50371-pivotpin,Pins,source_image,0,CROSS_REFERENCE_CONFIRMED
"Pivot Pin, Boom Dipper",811/50372,Pins- JCB,https://www.antheautoparts.com/product-details/pivot-pin-boom-dipper-811-50372-jcb-aftermarket-parts,https://enterprise.saioautomotive.com/backend/assets/uploads/products/OVFoZVo5U0d1czVGWG9rbWxySUxXZz09_1745475562_0.jpg,EXACT,811/50372,PIVOT PIN 59.95/59.87x350,811-50372-pivot-pin-5995-5987x350,Pins,source_image,0.29,CROSS_REFERENCE_CONFIRMED
"Pivot Pin, Clamshovel",811/50398 | 811/90478,Pins- JCB,https://www.antheautoparts.com/product-details/pivot-pin-clamshovel-811-50398-811-90478-jcb-parts-online,https://enterprise.saioautomotive.com/backend/assets/uploads/products/aGVjZy9PUE5hM0Rxcml2azAyK2dQQT09_1745475616_0.jpg,HIGH,811/50398,PIVOT PIN,811-50398-pivot-pin,Pins,source_image,0.67,CROSS_REFERENCE_CONFIRMED
Pivot Pin,811/50400,Pins- JCB,https://www.antheautoparts.com/product-details/pivot-pin-811-50400-jcb-spare-parts-dealer,https://enterprise.saioautomotive.com/backend/assets/uploads/products/WHJ1ZHRUWHVQWUFETm5WU2RhL3ZnUT09_1745475726_0.jpg,UNMATCHED,,,,,,0,EXTERNAL_ONLY_PRODUCT
"Pivot Pin, Dipper Stick",811/50436,Pins- JCB,https://www.antheautoparts.com/product-details/pivot-pin-dipper-stick-811-50436-jcb-spare-parts-dealer,https://enterprise.saioautomotive.com/backend/assets/uploads/products/TURJZFEwdzZSQlNwM0lDZ3R1UDFlQT09_1745475821_0.jpg,EXACT,811/50436,PINPIVOT,811-50436-pinpivot,Pins,placeholder_image,0,DISCOVERED_IMAGE_REFERENCE_FOR_REVIEW
"Pivot Pin, Dipper",811/50437,Pins- JCB,https://www.antheautoparts.com/product-details/pivot-pin-dipper-811-50437-jcb-spares,https://enterprise.saioautomotive.com/backend/assets/uploads/products/THRwdHpQdDhNcGhaYnNSeDM1VW9zdz09_1745475877_0.jpg,HIGH,811/50437,PIVOT PIN 50X266MM,811-50437-pivot-pin-50x266mm,Pins,source_image,0.5,CROSS_REFERENCE_CONFIRMED
"Slew Swing Pin, 172MM",811/50482,Pins- JCB,https://www.antheautoparts.com/product-details/slew-swing-pin-172mm-811-50482-jcb-aftermarket-parts,https://enterprise.saioautomotive.com/backend/assets/uploads/products/dU5sUFhWekVBdkNDTHRVRmNQcDZLZz09_1745475941_0.jpg,UNMATCHED,,,,,,0,EXTERNAL_ONLY_PRODUCT
Kingpost Pin,811/50483,Pins- JCB,https://www.antheautoparts.com/product-details/kingpost-pin-811-50483-jcb-spares,https://enterprise.saioautomotive.com/backend/assets/uploads/products/Ry9lbWR3R1lwNlZTNnRWRFZBY2JQUT09_1745476018_0.jpg,EXACT,811/50483,PIVOT PIN 50X250MM,811-50483-pivot-pin-50x250mm,Pins,source_image,0.25,CROSS_REFERENCE_CONFIRMED
"Pivot Pin, Boom",811/50520,Pins- JCB,https://www.antheautoparts.com/product-details/pivot-pin-boom-811-50520-jcb-parts,https://enterprise.saioautomotive.com/backend/assets/uploads/products/eklkRTRwTTdoWDVKOE1Zb1hjaVVLdz09_1745476080_0.jpg,HIGH,811/50520,PIVOT PIN 50X275MM,811-50520-pivot-pin-50x275mm,Pins,source_image,0.5,CROSS_REFERENCE_CONFIRMED
Stabiliser Pivot Pin,811/50530 | 811/90590,Pins- JCB,https://www.antheautoparts.com/product-details/stabiliser-pivot-pin-811-50530-811-90590-jcb-parts-catalog,https://enterprise.saioautomotive.com/backend/assets/uploads/products/cmV3SjVOQW9rWTB0RXdwQnpJdHBTUT09_1745476197_0.jpg,HIGH,811/50530,PIVOT PIN,811-50530-pivot-pin,Pins,source_image,0.67,CROSS_REFERENCE_CONFIRMED
"Pivot Pin, Boom Dipper",811/50569,Pins- JCB,https://www.antheautoparts.com/product-details/pivot-pin-boom-dipper-811-50569-jcb-spare-parts-dealer,https://enterprise.saioautomotive.com/backend/assets/uploads/products/c2JKYklzWWpsOWg3UnFJejc2YlE4dz09_1745476306_0.jpg,HIGH,811/50569,PIVOT PIN 60X322MM,811-50569-pivot-pin-60x322mm,Pins,placeholder_image,0.4,DISCOVERED_IMAGE_REFERENCE_FOR_REVIEW
Pivot Pin,811/70001 | 811/90471,Pins- JCB,https://www.antheautoparts.com/product-details/pivot-pin-811-70001-811-90471-jcb-parts,https://enterprise.saioautomotive.com/backend/assets/uploads/products/bGZYYzZXVUxyQ0c0UGhMVEUzaWFxZz09_1745476366_0.jpg,EXACT,811/70001,PIVOTPIN,811-70001-pivotpin,Pins,source_image,0,CROSS_REFERENCE_CONFIRMED
Pivot Pin With Grease Hole,811/70003 | 811/90472,Pins- JCB,https://www.antheautoparts.com/product-details/pivot-pin-with-grease-hole-811-70003-811-90472-jcb-parts-near-me,https://enterprise.saioautomotive.com/backend/assets/uploads/products/TmJOTlZ6andBM3RBUXFucEx2OHA4QT09_1745476419_0.jpg,EXACT,811/70003,PIVOTPIN-CENTER,811-70003-pivotpin-center,Pins,source_image,0,CROSS_REFERENCE_CONFIRMED
Lower King Pin,811/70005 | 811/70072,Pins- JCB,https://www.antheautoparts.com/product-details/lower-king-pin-811-70005-811-70072-jcb-spare-parts-dealer,https://enterprise.saioautomotive.com/backend/assets/uploads/products/V1lmd1VSRUZ4NitIYVg0ZUFqQmJ5UT09_1745476491_0.jpg,UNMATCHED,,,,,,0,EXTERNAL_ONLY_PRODUCT
Front Axle Pin,811/70018,Pins- JCB,https://www.antheautoparts.com/product-details/front-axle-pin-811-70018-jcb-parts,https://enterprise.saioautomotive.com/backend/assets/uploads/products/Mi9jeFY0RG5PTDZoTXhsWC9wVHB6Zz09_1745476555_0.jpg,EXACT,811/70018,PIVOT PIN,811-70018-pivot-pin,Pins,source_image,0.25,CROSS_REFERENCE_CONFIRMED
Kingpost Pivot Pin,811/70071,Pins- JCB,https://www.antheautoparts.com/product-details/kingpost-pivot-pin-811-70071-jcb-spares,https://enterprise.saioautomotive.com/backend/assets/uploads/products/U2MvMmNNbVN0ZjZlbHhjbWljOW9SUT09_1745476664_0.jpg,UNMATCHED,,,,,,0,EXTERNAL_ONLY_PRODUCT
"Pivot Pin, Kingpost Lower",811/70078,Pins- JCB,https://www.antheautoparts.com/product-details/pivot-pin-kingpost-lower-811-70078-jcb-spares,https://enterprise.saioautomotive.com/backend/assets/uploads/products/c3VjSTlJNzlHUVZpUVhaNkIrNWNPUT09_1745476716_0.jpg,UNMATCHED,,,,,,0,EXTERNAL_ONLY_PRODUCT
Pivot Pin,811/70080 | 811/90585,Pins- JCB,https://www.antheautoparts.com/product-details/pivot-pin-811-70080-811-90585-jcb-parts-catalog,https://enterprise.saioautomotive.com/backend/assets/uploads/products/SERMTDM5RkdRYnAvWXpJQVkyOUtuUT09_1745476815_0.jpg,HIGH,811/70080,PIVOT PIN,811-70080-pivot-pin,Pins,source_image,1,CROSS_REFERENCE_CONFIRMED
"Pivot Pin, Kingpost Lower",811/70098,Pins- JCB,https://www.antheautoparts.com/product-details/pivot-pin-kingpost-lower-811-70098-jcb-parts-near-me,https://enterprise.saioautomotive.com/backend/assets/uploads/products/bThQT3FVT3IyK24xYUhvM2xMUmg0Zz09_1745476885_0.jpg,EXACT,811/70098,PIVOTPIN60X440MM,811-70098-pivotpin60x440mm,Pins,source_image,0,CROSS_REFERENCE_CONFIRMED
Pivot Pin,811/70108 | 811/90587,Pins- JCB,https://www.antheautoparts.com/product-details/pivot-pin-811-70108-811-90587-replacement-jcb-parts,https://enterprise.saioautomotive.com/backend/assets/uploads/products/Z29LamFLRlJsMFJSa3IzZGhXS054QT09_1745476944_0.jpg,HIGH,811/90587,PIVOT PIN -44.92/44.82 x 208,811-90587-pivot-pin-4492-4482-x-208,Pins,source_image,0.33,CROSS_REFERENCE_CONFIRMED
Pivot Pins,811/80001 | 811/90483,Pins- JCB,https://www.antheautoparts.com/product-details/pivot-pins-811-80001-811-90483-jcb-parts-catalog,https://enterprise.saioautomotive.com/backend/assets/uploads/products/WjQ5enlrNnBZNzhZOW1xeU14WFpudz09_1745476996_0.jpg,EXACT,811/80001,PIVOTPIN,811-80001-pivotpin,Pins,source_image,0,CROSS_REFERENCE_CONFIRMED
Centermount Stabiliser Ram Pivot Pin,811/80008 | 1019/2030,Pins- JCB,https://www.antheautoparts.com/product-details/centermount-stabiliser-ram-pivot-pin-811-80008-1019-2030-jcb-spare-parts,https://enterprise.saioautomotive.com/backend/assets/uploads/products/Wm5ZRzQvYXpBQzk4aGlOelJ3VTE0dz09_1745477065_0.jpg,EXACT,811/80008,PIVOTPIN,811-80008-pivotpin,Pins,placeholder_image,0,DISCOVERED_IMAGE_REFERENCE_FOR_REVIEW
Shovel Pivot Pin W. Zerk Fitting,811/80013,Pins- JCB,https://www.antheautoparts.com/product-details/shovel-pivot-pin-w-zerk-fitting-811-80013-jcb-spare-parts,https://enterprise.saioautomotive.com/backend/assets/uploads/products/a0pDZURjdU9lWDJaeUM3eTNpV1FuQT09_1745477150_0.jpg,UNMATCHED,,,,,,0,EXTERNAL_ONLY_PRODUCT
"Pivot Pin, Dipper",811/80014 | 1019/2059,Pins- JCB,https://www.antheautoparts.com/product-details/pivot-pin-dipper-811-80014-1019-2059-replacement-jcb-parts,https://enterprise.saioautomotive.com/backend/assets/uploads/products/WEgyL2VLeTRaYTU1NVFrQkVLT1JxZz09_1745477218_0.jpg,UNMATCHED,,,,,,0,EXTERNAL_ONLY_PRODUCT
Pivot Pin,811/80018 | 811/90485,Pins- JCB,https://www.antheautoparts.com/product-details/pivot-pin-811-80018-811-90485-jcb-spare-parts,https://enterprise.saioautomotive.com/backend/assets/uploads/products/REZTeHczR1g1RmZ6dkdmbkxCbDdXZz09_1745477283_0.jpg,EXACT,811/90485,PIVOTPIN,811-90485-pivotpin,Pins,source_image,0,CROSS_REFERENCE_CONFIRMED
Pivot Pin,811/80020,Pins- JCB,https://www.antheautoparts.com/product-details/pivot-pin-811-80020-jcb-parts,https://enterprise.saioautomotive.com/backend/assets/uploads/products/OWk4TVZDY0R3UllpM1hmQXM5dmNrZz09_1745477508_0.jpg,UNMATCHED,,,,,,0,EXTERNAL_ONLY_PRODUCT
Pivot Pin,811/80022,Pins- JCB,https://www.antheautoparts.com/product-details/pivot-pin-811-80022-replacement-jcb-parts,https://enterprise.saioautomotive.com/backend/assets/uploads/products/azNxdUdYWE5oRDExSzhZWDgrdGpudz09_1745477630_0.jpg,UNMATCHED,,,,,,0,EXTERNAL_ONLY_PRODUCT
"Loader Arm Pivot Pin, 50.8 DIA",811/90061 | 811/90593,Pins- JCB,https://www.antheautoparts.com/product-details/loader-arm-pivot-pin-508-dia-811-90061-811-90593-jcb-spare-parts,https://enterprise.saioautomotive.com/backend/assets/uploads/products/S1RVem5tY1FxNDhGU2FjbEJKVXlWdz09_1745477764_0.jpg,EXACT,811/90061,PIVOTPIN,811-90061-pivotpin,Pins,source_image,0,CROSS_REFERENCE_CONFIRMED
Kingpost Pin Top,811/90165,Pins- JCB,https://www.antheautoparts.com/product-details/kingpost-pin-top-811-90165-jcb-spare-parts-dealer,https://enterprise.saioautomotive.com/backend/assets/uploads/products/bTJReDJUbGhCNjhhcGZwN0hXbjltdz09_1745477865_0.jpg,EXACT,811/90165,PIVOTPIN-KINGPOST,811-90165-pivotpin-kingpost,Pins,source_image,0.25,CROSS_REFERENCE_CONFIRMED
Slew Swing Pin,811/90198,Pins- JCB,https://www.antheautoparts.com/product-details/slew-swing-pin-811-90198-jcb-parts,https://enterprise.saioautomotive.com/backend/assets/uploads/products/L3F2MHVYa2NsTFYxeFp3T0p0OEJDdz09_1745477910_0.jpg,EXACT,811/90198,P-PIN 54.985/54.970X172,811-90198-p-pin-54985-54970x172,Pins,source_image,0.17,CROSS_REFERENCE_CONFIRMED
Pivot Pin,811/90409,Pins- JCB,https://www.antheautoparts.com/product-details/pivot-pin-811-90409-jcb-genuine-parts,https://enterprise.saioautomotive.com/backend/assets/uploads/products/ZE9LbzdnTHpWRU1ENnZCUncrS0VwQT09_1745477961_0.jpg,EXACT,811/90409,PIN 44.95/44.85x206,811-90409-pin-4495-4485x206,Pins,source_image,0.2,CROSS_REFERENCE_CONFIRMED
"Pivot Pin, Shovel",811/90469 | 811/80007 | 1019/2028,Pins- JCB,https://www.antheautoparts.com/product-details/pivot-pin-shovel-811-90469-811-80007-1019-2028-jcb-parts-online,https://enterprise.saioautomotive.com/backend/assets/uploads/products/VUVxZGlidGZRelRmb09CdCs4M1E1UT09_1745478014_0.jpg,EXACT,811/90469,PIVOTPIN,811-90469-pivotpin,Pins,source_image,0,CROSS_REFERENCE_CONFIRMED
"Pivot Pin Black, Loader Arm",811/90473 | 811/10111,Pins- JCB,https://www.antheautoparts.com/product-details/pivot-pin-black-loader-arm-811-90473-811-10111-jcb-spare-parts,https://enterprise.saioautomotive.com/backend/assets/uploads/products/SXN2Z3JWd2NuNFRkbE8zaUowUTBkdz09_1745478112_0.jpg,EXACT,811/90473,PIVOTPIN-59.91x247,811-90473-pivotpin-5991x247,Pins,source_image,0,CROSS_REFERENCE_CONFIRMED
"Pivot Pin, Arm Loader",811/90486 | 811/90214,Pins- JCB,https://www.antheautoparts.com/product-details/pivot-pin-arm-loader-811-90486-811-90214-jcb-spare-parts,https://enterprise.saioautomotive.com/backend/assets/uploads/products/L1ZuV3hFcjdUa2RrNkp2REdyTUZRZz09_1745478167_0.jpg,EXACT,811/90486,PIVOTPIN59.91x247,811-90486-pivotpin5991x247,Pins,source_image,0,CROSS_REFERENCE_CONFIRMED
"Pivot Pin, Dipper",811/90583 | 811/50373,Pins- JCB,https://www.antheautoparts.com/product-details/pivot-pin-dipper-811-90583-811-50373-jcb-parts-catalog,https://enterprise.saioautomotive.com/backend/assets/uploads/products/ald3WTBRMk1HUWN6MGNJUWc5cXUydz09_1745478253_0.jpg,HIGH,811/50373,PIVOT PIN,811-50373-pivot-pin,Pins,source_image,0.67,CROSS_REFERENCE_CONFIRMED
Kingpost Pin,911/12300,Pins- JCB,https://www.antheautoparts.com/product-details/kingpost-pin-911-12300-jcb-parts,https://enterprise.saioautomotive.com/backend/assets/uploads/products/NC9DTmE0RnFHOHJtdFpnWHlYZkczZz09_1745478327_0.jpg,EXACT,911/12300,PIVOTPIN,911-12300-pivotpin,Pins,source_image,0,CROSS_REFERENCE_CONFIRMED
Rear Bucket Pin,911/12400,Pins- JCB,https://www.antheautoparts.com/product-details/rear-bucket-pin-911-12400-jcb-spare-parts-dealer,https://enterprise.saioautomotive.com/backend/assets/uploads/products/ck5QZFpORzMxMGh6VmdhLzdiT0xLdz09_1745478380_0.jpg,EXACT,911/12400,WA PIVOT PIN,911-12400-wa-pivot-pin,Pins,source_image,0.2,CROSS_REFERENCE_CONFIRMED
Bucket Pivot Pin,911/16600,Pins- JCB,https://www.antheautoparts.com/product-details/bucket-pivot-pin-911-16600-jcb-spares,https://enterprise.saioautomotive.com/backend/assets/uploads/products/b3ZTZGt1K0REMjlhQ3VJWi9HQ2N4UT09_1745478523_0.jpg,UNMATCHED,,,,,,0,EXTERNAL_ONLY_PRODUCT
Front Axle Pivot Pin 4wd,911/22800,Pins- JCB,https://www.antheautoparts.com/product-details/front-axle-pivot-pin-4wd-911-22800-jcb-parts,https://enterprise.saioautomotive.com/backend/assets/uploads/products/MmtqSEZUa1ZPblpCakZIVy9wQW5Vdz09_1745478586_0.jpg,HIGH,911/22800,W.A.PIVOT PIN,911-22800-wapivot-pin,Pins,source_image,0.4,CROSS_REFERENCE_CONFIRMED
Kingpost Pin Bottom,911/40048,Pins- JCB,https://www.antheautoparts.com/product-details/kingpost-pin-bottom-911-40048-jcb-genuine-parts,https://enterprise.saioautomotive.com/backend/assets/uploads/products/ck15aENhYWxxYmlnU2hnQzRvblVrUT09_1745478669_0.jpg,EXACT,911/40048,PIVOT PIN/KEEP PLATE WA,911-40048-pivot-pin-keep-plate-wa,Pins,source_image,0.14,CROSS_REFERENCE_CONFIRMED
Kingpost Pin Bottom,911/40104,Pins- JCB,https://www.antheautoparts.com/product-details/kingpost-pin-bottom-911-40104-jcb-parts-catalog,https://enterprise.saioautomotive.com/backend/assets/uploads/products/K3V5Z2p3cUhPKzFoZ2ZJNHdSeG9HUT09_1745478933_0.jpg,HIGH,911/40104,WA BOTTOM PIN,911-40104-wa-bottom-pin,Pins,source_image,0.5,CROSS_REFERENCE_CONFIRMED
Kingpost Top Pin,913/10078,Pins- JCB,https://www.antheautoparts.com/product-details/kingpost-top-pin-913-10078-jcb-spares,https://enterprise.saioautomotive.com/backend/assets/uploads/products/dVFENFZZazBLTXJ6dU02Sm9kMmdQZz09_1745479012_0.jpg,UNMATCHED,,,,,,0,EXTERNAL_ONLY_PRODUCT
Kingpost Pin Bottom,913/10080,Pins- JCB,https://www.antheautoparts.com/product-details/kingpost-pin-bottom-913-10080-jcb-genuine-parts,https://enterprise.saioautomotive.com/backend/assets/uploads/products/N1hLYk4xdFRhdjVubFQ4b09xV3BiQT09_1745479090_0.jpg,UNMATCHED,,,,,,0,EXTERNAL_ONLY_PRODUCT
Pin Reaction,450/10213,Pins- JCB,https://www.antheautoparts.com/product-details/pin-reaction-450-10213-jcb-spare-parts-dealer,https://enterprise.saioautomotive.com/backend/assets/uploads/products/NkdFdWE4MUlZZHJELzhWaXNnQlhqQT09_1745479182_0.jpg,HIGH,450/10213,REACTION PIN,450-10213-reaction-pin,Pins,source_image,1,CROSS_REFERENCE_CONFIRMED
Oil Pump Seal,04/500219 | 20/915901 | 20/MM4617 | 904/M9407,Seals & Seals Kit,https://www.antheautoparts.com/product-details/oil-pump-seal-04-500219-20-915901-20-mm4617-904-m9407-jcb-parts,https://enterprise.saioautomotive.com/backend/assets/uploads/products/UDZxTDJYZUtUV3grdXJDTVh3bnZHUT09_1745493103_0.jpg,HIGH,20/915901,SEAL,20-915901-seal,Seals & Seal Kits,source_image,0.33,CROSS_REFERENCE_CONFIRMED
Kingpost Carriage Seal,123/04237,Seals & Seals Kit,https://www.antheautoparts.com/product-details/kingpost-carriage-seal-123-04237-replacement-jcb-parts,https://enterprise.saioautomotive.com/backend/assets/uploads/products/MEcrMndiSFBCN0NWMlhnaml6TjAwZz09_1745493207_0.jpg,HIGH,123/04237,SEAL,123-04237-seal,Seals & Seal Kits,source_image,0.33,CROSS_REFERENCE_CONFIRMED
Dowty Seal 3/8,1406/0015 KHJ0891,Seals & Seals Kit,https://www.antheautoparts.com/product-details/dowty-seal-3-8-1406-0015-khj0891-jcb-parts-catalog,https://enterprise.saioautomotive.com/backend/assets/uploads/products/cEZxby90Z3QzWlNyYmVQcW95d0c4QT09_1745493315_0.jpg,UNMATCHED,,,,,,0,EXTERNAL_ONLY_PRODUCT
Dowty Seal 1/2,1406/0018 20/200601,Seals & Seals Kit,https://www.antheautoparts.com/product-details/dowty-seal-1-2-1406-0018-20-200601-jcb-aftermarket-parts,https://enterprise.saioautomotive.com/backend/assets/uploads/products/MEd0QjV3eGJoZW1KVFVPV2RBak45Zz09_1745493377_0.jpg,UNMATCHED,,,,,,0,EXTERNAL_ONLY_PRODUCT
Dowty Seal 3/4,1406/0021,Seals & Seals Kit,https://www.antheautoparts.com/product-details/dowty-seal-3-4-1406-0021-jcb-parts,https://enterprise.saioautomotive.com/backend/assets/uploads/products/S2hML1JtVmlCRDQyY2tiLytOWDQzdz09_1745493428_0.jpg,EXACT,1406/0021,BONDED WASHER,1406-0021-bonded-washer,Seals & Seal Kits,source_image,0,CROSS_REFERENCE_CONFIRMED
Dowty Seal 1,1406/0026,Seals & Seals Kit,https://www.antheautoparts.com/product-details/dowty-seal-1-1406-0026-jcb-aftermarket-parts,https://enterprise.saioautomotive.com/backend/assets/uploads/products/dnNTR0lGQ3Y0SXRxTHplSkgzNEZhQT09_1745493477_0.jpg,EXACT,1406/0026,BONDED WASHER,1406-0026-bonded-washer,Seals & Seal Kits,source_image,0,CROSS_REFERENCE_CONFIRMED
Transmission Oil Seal,20/900401,Seals & Seals Kit,https://www.antheautoparts.com/product-details/transmission-oil-seal-20-900401-jcb-spares,https://enterprise.saioautomotive.com/backend/assets/uploads/products/TzBTZlZvNGdtbUdmUVNuRDlkbkdiZz09_1745493780_0.jpg,EXACT,20/900401,SEAL-SHAFT,20-900401-seal-shaft,Seals & Seal Kits,source_image,0.25,CROSS_REFERENCE_CONFIRMED
Transmission O Ring,20/900402,Seals & Seals Kit,https://www.antheautoparts.com/product-details/transmission-o-ring-20-900402-jcb-parts-near-me,https://enterprise.saioautomotive.com/backend/assets/uploads/products/dzVDR21EQlZsNWZaMjMrdE5seGJJdz09_1745493833_0.jpg,UNMATCHED,,,,,,0,EXTERNAL_ONLY_PRODUCT
Hydraulic Pump Repair Seal Kit - Parker,20/902901,Seals & Seals Kit,https://www.antheautoparts.com/product-details/hydraulic-pump-repair-seal-kit-parker-20-902901-jcb-parts,https://enterprise.saioautomotive.com/backend/assets/uploads/products/bCtKNUNsdW9aTjdZcVVuOE5IOXI4dz09_1745493910_0.jpg,EXACT,20/902901,IT SEAL PUMP,20-902901-it-seal-pump,Seals & Seal Kits,source_image,0.29,CROSS_REFERENCE_CONFIRMED
Kingpost Seal,206/20705,Seals & Seals Kit,https://www.antheautoparts.com/product-details/kingpost-seal-206-20705-jcb-aftermarket-parts,https://enterprise.saioautomotive.com/backend/assets/uploads/products/dkxzbmtxbXI1MnMrcWF2YkpoTFpkQT09_1745494047_0.jpg,HIGH,206/20705,SEAL,206-20705-seal,Seals & Seal Kits,source_image,0.5,CROSS_REFERENCE_CONFIRMED
Kit ARV Service Kit,25/222305,Seals & Seals Kit,https://www.antheautoparts.com/product-details/kit-arv-service-kit-25-222305-jcb-spare-parts-dealer,https://enterprise.saioautomotive.com/backend/assets/uploads/products/ZkplbHVIaFRmb0I1WVJOcFZBUDcrZz09_1745494239_0.jpg,EXACT,25/222305,KIT SEAL,25-222305-kit-seal,Seals & Seal Kits,source_image,0.25,CROSS_REFERENCE_CONFIRMED
Wiper Seal,25/222661,Seals & Seals Kit,https://www.antheautoparts.com/product-details/wiper-seal-25-222661-jcb-parts-catalog,https://enterprise.saioautomotive.com/backend/assets/uploads/products/TldMVkJTTFU4Tk1iakxIdlpkN3FUQT09_1745494299_0.jpg,HIGH,25/222661,WIPER SEAL,25-222661-wiper-seal,Seals & Seal Kits,source_image,1,CROSS_REFERENCE_CONFIRMED
Kit ARV Service Kit,25/610301,Seals & Seals Kit,https://www.antheautoparts.com/product-details/kit-arv-service-kit-25-610301-replacement-jcb-parts,https://enterprise.saioautomotive.com/backend/assets/uploads/products/eGtSQXVEaFlFUUhvRTREOWJ2UVVOQT09_1745494392_0.jpg,UNMATCHED,,,,,,0,EXTERNAL_ONLY_PRODUCT
Spool Seal,25/975703 | 25/221208,Seals & Seals Kit,https://www.antheautoparts.com/product-details/spool-seal-25-975703-25-221208-jcb-parts-catalog,https://enterprise.saioautomotive.com/backend/assets/uploads/products/U2VDeGFQcDdKUU1JYlRmSytudEI0QT09_1745494618_0.jpg,HIGH,25/221208,SEAL,25-221208-seal,Seals & Seal Kits,source_image,0.5,CROSS_REFERENCE_CONFIRMED
Wiper Valve Seal,25/975704,Seals & Seals Kit,https://www.antheautoparts.com/product-details/wiper-valve-seal-25-975704-jcb-genuine-parts,https://enterprise.saioautomotive.com/backend/assets/uploads/products/bmZiK20rak5oN2xJRHBLTlFqV2tZUT09_1745494694_0.jpg,HIGH,25/975704,SEAL,25-975704-seal,Seals & Seal Kits,source_image,0.33,CROSS_REFERENCE_CONFIRMED
Oil Seal,,Seals & Seals Kit,https://www.antheautoparts.com/product-details/oil-seal-jcb-parts-catalog,https://enterprise.saioautomotive.com/backend/assets/uploads/products/ODJweWtIR3VNRlNHWGJHbWp2SGNkUT09_1745494813_0.jpg,UNMATCHED,,,,,,0,EXTERNAL_ONLY_PRODUCT
Seal Fuel Injector For JCB Engine,320/07504,Seals & Seals Kit,https://www.antheautoparts.com/product-details/seal-fuel-injector-for-jcb-engine-320-07504-jcb-spare-parts-dealer,https://enterprise.saioautomotive.com/backend/assets/uploads/products/MFlXY0d1N2kwWkVtYzFJcFZoamR2UT09_1745494884_0.jpg,HIGH,320/07504,SEAL FUEL INJECTOR,320-07504-seal-fuel-injector,Seals & Seal Kits,source_image,0.75,CROSS_REFERENCE_CONFIRMED
Seal Kit Valve Steering,35/404202 | 35/412202,Seals & Seals Kit,https://www.antheautoparts.com/product-details/seal-kit-valve-steering-35-404202-35-412202-jcb-genuine-parts,https://enterprise.saioautomotive.com/backend/assets/uploads/products/cjN0S1NjYXZLZGp5Z0FnMkFGdW5rUT09_1745494972_0.jpg,EXACT,35/404202,REPAIR KIT,35-404202-repair-kit,Seals & Seal Kits,source_image,0.2,CROSS_REFERENCE_CONFIRMED
"Seal, Pivot Pin",40/303398,Seals & Seals Kit,https://www.antheautoparts.com/product-details/seal-pivot-pin-40-303398-jcb-genuine-parts,https://enterprise.saioautomotive.com/backend/assets/uploads/products/RCsxV3pYT2RQRGlVOTh0RVUrYUt2UT09_1745495032_0.jpg,EXACT,40/303398,SEAL 60-70-5,40-303398-seal-60-70-5,Seals & Seal Kits,source_image,0.2,CROSS_REFERENCE_CONFIRMED
Hydraulic Filter Seal,581/05604,Seals & Seals Kit,https://www.antheautoparts.com/product-details/hydraulic-filter-seal-581-05604-jcb-spare-parts,https://enterprise.saioautomotive.com/backend/assets/uploads/products/ZEsvWTZZWEdKZkw4bjJ4aW1ORmVxdz09_1745495105_0.jpg,HIGH,581/05604,SEAL,581-05604-seal,Seals & Seal Kits,source_image,0.33,CROSS_REFERENCE_CONFIRMED
Brake Piston Seal,813/00184,Seals & Seals Kit,https://www.antheautoparts.com/product-details/brake-piston-seal-813-00184-jcb-spare-parts-dealer,https://enterprise.saioautomotive.com/backend/assets/uploads/products/K0swYUJZL3gvRlhzWTJLMEJyamhtUT09_1745495162_0.jpg,EXACT,813/00184,BRAKESEAL,813-00184-brakeseal,Seals & Seal Kits,source_image,0,CROSS_REFERENCE_CONFIRMED
Seal,813/00376,Seals & Seals Kit,https://www.antheautoparts.com/product-details/seal-813-00376-replacement-jcb-parts,https://enterprise.saioautomotive.com/backend/assets/uploads/products/MUVlbWhLWS9CM3NYQytEQlFHZlFoQT09_1745495218_0.jpg,HIGH,813/00376,SEAL,813-00376-seal,Seals & Seal Kits,source_image,1,CROSS_REFERENCE_CONFIRMED
"Pivot Pin Seal, Grease",813/00412,Seals & Seals Kit,https://www.antheautoparts.com/product-details/pivot-pin-seal-grease-813-00412-jcb-parts-near-me,https://enterprise.saioautomotive.com/backend/assets/uploads/products/QWs5dWxIRUxjNkYwaHRGNEZKa3lEZz09_1745495549_0.jpg,UNMATCHED,,,,,,0,EXTERNAL_ONLY_PRODUCT
"Pivot Pin Seal, Grease",813/00415,Seals & Seals Kit,https://www.antheautoparts.com/product-details/pivot-pin-seal-grease-813-00415-jcb-genuine-parts,https://enterprise.saioautomotive.com/backend/assets/uploads/products/cTU1QkFYTVIxb1lTMC9Yb0V1SlpFUT09_1745495608_0.jpg,HIGH,813/00415,PIVOT PIN SEAL; 75 DIA,813-00415-pivot-pin-seal-75-dia,Seals & Seal Kits,source_image,0.5,CROSS_REFERENCE_CONFIRMED
"Pivot Pin Seal, Grease",813/00425,Seals & Seals Kit,https://www.antheautoparts.com/product-details/pivot-pin-seal-grease-813-00425-jcb-parts-catalog,https://enterprise.saioautomotive.com/backend/assets/uploads/products/c1U3cG9kM1hFTUZEYjdway9yeWVqdz09_1745495838_0.jpg,UNMATCHED,,,,,,0,EXTERNAL_ONLY_PRODUCT
"Seal Pivot Pin Grease, 50MM",813/00426,Seals & Seals Kit,https://www.antheautoparts.com/product-details/seal-pivot-pin-grease-50mm-813-00426-jcb-parts-online,https://enterprise.saioautomotive.com/backend/assets/uploads/products/S3VOVU1CaXZPNjZ5UWNnUGtzNGh3QT09_1745495896_0.jpg,HIGH,813/00426,SEAL PIVOT PIN 50X60X5,813-00426-seal-pivot-pin-50x60x5,Seals & Seal Kits,placeholder_image,0.5,DISCOVERED_IMAGE_REFERENCE_FOR_REVIEW
"Grease Seal, Assorted Machines",813/00427,Seals & Seals Kit,https://www.antheautoparts.com/product-details/grease-seal-assorted-machines-813-00427-jcb-parts,https://enterprise.saioautomotive.com/backend/assets/uploads/products/YlA3SElaQlZNTGRVdzAwY3ovQml1Zz09_1745495946_0.jpg,EXACT,813/00427,SEAL:PIVOTPIN,813-00427-sealpivotpin,Seals & Seal Kits,source_image,0.2,CROSS_REFERENCE_CONFIRMED
"Pivot Pin Grease Seal, Assorted Machines",813/00456,Seals & Seals Kit,https://www.antheautoparts.com/product-details/pivot-pin-grease-seal-assorted-machines-813-00456-jcb-parts-online,https://enterprise.saioautomotive.com/backend/assets/uploads/products/M1hWcGhXdnYrSTN4TlFPVHBXUVB1UT09_1745561117_0.jpg,EXACT,813/00456,SEAL 70-83.5-6,813-00456-seal-70-835-6,Seals & Seal Kits,source_image,0.13,CROSS_REFERENCE_CONFIRMED
Pivot Pin Dust Seal,813/00460,Seals & Seals Kit,https://www.antheautoparts.com/product-details/pivot-pin-dust-seal-813-00460-jcb-spares,https://enterprise.saioautomotive.com/backend/assets/uploads/products/VmlDVDQrU3YwMlVOZ2ZLUGNTMDdyZz09_1745561368_0.jpg,EXACT,813/00460,SEALPIVOTPIN55X65X5X7,813-00460-sealpivotpin55x65x5x7,Seals & Seal Kits,source_image,0,CROSS_REFERENCE_CONFIRMED
Brake Piston Seal For Project 9 & 12,813/50026,Seals & Seals Kit,https://www.antheautoparts.com/product-details/brake-piston-seal-for-project-9-12-813-50026-jcb-aftermarket-parts,https://enterprise.saioautomotive.com/backend/assets/uploads/products/S1NyZnBzTFpaak91b0RvTGJnNzFOQT09_1745561453_0.jpg,HIGH,813/50026,BRAKE SEAL,813-50026-brake-seal,Seals & Seal Kits,source_image,0.4,CROSS_REFERENCE_CONFIRMED
Transmission O Ring,813/50041 | 04/500218,Seals & Seals Kit,https://www.antheautoparts.com/product-details/transmission-o-ring-813-50041-04-500218-jcb-spares,https://enterprise.saioautomotive.com/backend/assets/uploads/products/RUNKczJ5VU0zZjQzNDVoNkdHNk5WZz09_1745561536_0.jpg,HIGH,813/50041,SEAL RING,813-50041-seal-ring,Seals & Seal Kits,source_image,0.33,CROSS_REFERENCE_CONFIRMED
King Post Carriage Seal Top & O Ring,828/00137 | 2407/0227,Seals & Seals Kit,https://www.antheautoparts.com/product-details/king-post-carriage-seal-top-o-ring-828-00137-2407-0227-jcb-spare-parts,https://enterprise.saioautomotive.com/backend/assets/uploads/products/RzE1UmZMWktjZmVkY0srOTFhQkIxQT09_1745561635_0.jpg,EXACT,828/00137,KINGPOSTSEAL,828-00137-kingpostseal,Seals & Seal Kits,source_image,0,CROSS_REFERENCE_CONFIRMED
Kingpost O Ring,828/00148,Seals & Seals Kit,https://www.antheautoparts.com/product-details/kingpost-o-ring-828-00148-jcb-parts-catalog,https://enterprise.saioautomotive.com/backend/assets/uploads/products/S1dRU2lXcFhsSjM2bU9LaFZGSTg5UT09_1745561731_0.jpg,UNMATCHED,,,,,,0,EXTERNAL_ONLY_PRODUCT
Hub O Ring,828/00196,Seals & Seals Kit,https://www.antheautoparts.com/product-details/hub-o-ring-828-00196-replacement-jcb-parts,https://enterprise.saioautomotive.com/backend/assets/uploads/products/RU5TZ2VDSVBsclUwMjlSZmJUU0JXUT09_1745561781_0.jpg,HIGH,828/00196,O-RING SEAL,828-00196-o-ring-seal,Seals & Seal Kits,source_image,0.33,CROSS_REFERENCE_CONFIRMED
Transmission O Ring 39.7MM ID,828/00224,Seals & Seals Kit,https://www.antheautoparts.com/product-details/transmission-o-ring-397mm-id-828-00224-jcb-parts-near-me,https://enterprise.saioautomotive.com/backend/assets/uploads/products/eWRrZnRZbHJNajh0cGZIdFRUMzlsZz09_1745561844_0.jpg,EXACT,828/00224,O RING,828-00224-o-ring,Seals & Seal Kits,source_image,0.2,CROSS_REFERENCE_CONFIRMED
Transmission O Ring 123.5MM,828/00414 | 828/00154,Seals & Seals Kit,https://www.antheautoparts.com/product-details/transmission-o-ring-1235mm-828-00414-828-00154-jcb-parts-near-me,https://enterprise.saioautomotive.com/backend/assets/uploads/products/aVEvQzdkdkh1QzR4OGh2eFlOVC9ndz09_1745561896_0.jpg,EXACT,828/00414,O-RING,828-00414-o-ring,Seals & Seal Kits,source_image,0.25,CROSS_REFERENCE_CONFIRMED
Transmission Overhaul O Ring Kit,828/00414 | 828/00224 | 904/50020 | 828/00207,Seals & Seals Kit,https://www.antheautoparts.com/product-details/transmission-overhaul-o-ring-kit-828-00414-828-00224-904-50020-828-00207-jcb-spare-parts-dealer,https://enterprise.saioautomotive.com/backend/assets/uploads/products/QVRqZ2c1ZHczcGZ2MEZVNlNyQStuUT09_1745562138_0.jpg,EXACT,828/00414,O-RING,828-00414-o-ring,Seals & Seal Kits,source_image,0.25,CROSS_REFERENCE_CONFIRMED
Transmission O Ring,828/10180,Seals & Seals Kit,https://www.antheautoparts.com/product-details/transmission-o-ring-828-10180-jcb-spare-parts,https://enterprise.saioautomotive.com/backend/assets/uploads/products/Tm03dTdQcndyWXJGMFBKNHpYalNFQT09_1745562255_0.jpg,HIGH,828/10180,O RING,828-10180-o-ring,Seals & Seal Kits,source_image,0.5,CROSS_REFERENCE_CONFIRMED
Transmission Seal Ring Dia. 35,904/5002,Seals & Seals Kit,https://www.antheautoparts.com/product-details/transmission-seal-ring-dia-35-904-5002-jcb-genuine-parts,https://enterprise.saioautomotive.com/backend/assets/uploads/products/bGg0bFh6WktUWXRLbmlJeUVqVW9WUT09_1745563361_0.jpg,UNMATCHED,,,,,,0,EXTERNAL_ONLY_PRODUCT
Diaphragm HM360 & HM360Q Rammer S25 & S25N,903/04610,Seals & Seals Kit,https://www.antheautoparts.com/product-details/diaphragm-hm360-hm360q-rammer-s25-s25n-903-04610-jcb-genuine-parts,https://enterprise.saioautomotive.com/backend/assets/uploads/products/MEdoY3lmTURSVVRlQm1yNFBPMWtaZz09_1745562380_0.jpg,EXACT,903/04610,DIAPHRAGM,903-04610-diaphragm,Seals & Seal Kits,source_image,0.17,CROSS_REFERENCE_CONFIRMED
Pinion Oil Seal,904/05100,Seals & Seals Kit,https://www.antheautoparts.com/product-details/pinion-oil-seal-904-05100-jcb-spare-parts-dealer,https://enterprise.saioautomotive.com/backend/assets/uploads/products/RnJtNVpVU016dkZHWnMwN2haSHFtQT09_1745562478_0.jpg,EXACT,904/05100,SEAL - DUAL LIP,904-05100-seal-dual-lip,Seals & Seal Kits,source_image,0.2,CROSS_REFERENCE_CONFIRMED
Oil Seal Front Axle,904/06200,Seals & Seals Kit,https://www.antheautoparts.com/product-details/oil-seal-front-axle-904-06200-jcb-parts,https://enterprise.saioautomotive.com/backend/assets/uploads/products/QlZhWjlZTWE4ZVZsemFiYXRuQmFSQT09_1745562568_0.jpg,EXACT,904/06200,OILSEAL(ALT-40/303621),904-06200-oilseal-alt-40-303621,Seals & Seal Kits,source_image,0,CROSS_REFERENCE_CONFIRMED
Front Axle Grease Seal,904/06500,Seals & Seals Kit,https://www.antheautoparts.com/product-details/front-axle-grease-seal-904-06500-jcb-parts-near-me,https://enterprise.saioautomotive.com/backend/assets/uploads/products/aTR6TDZ4cCtud1creGJHTXpiZ0l3dz09_1745562643_0.jpg,EXACT,904/06500,OIL SEAL,904-06500-oil-seal,Seals & Seal Kits,source_image,0.2,CROSS_REFERENCE_CONFIRMED
King Pin Oil Seal,904/06700,Seals & Seals Kit,https://www.antheautoparts.com/product-details/king-pin-oil-seal-904-06700-jcb-genuine-parts,https://enterprise.saioautomotive.com/backend/assets/uploads/products/b1RveWtiQnZYTmxMTU9IRWtGckR5UT09_1745562703_0.jpg,EXACT,904/06700,TRUNNION SEAL,904-06700-trunnion-seal,Seals & Seal Kits,source_image,0.2,CROSS_REFERENCE_CONFIRMED
Steering Assembly Wiper Seal,904/09300,Seals & Seals Kit,https://www.antheautoparts.com/product-details/steering-assembly-wiper-seal-904-09300-jcb-spare-parts-dealer,https://enterprise.saioautomotive.com/backend/assets/uploads/products/MEdUOVE4VFpKREdhdGNOeUdObEJnQT09_1745562761_0.jpg,HIGH,904/09300,WIPER SEAL,904-09300-wiper-seal,Seals & Seal Kits,source_image,0.5,CROSS_REFERENCE_CONFIRMED
Hydra Clamp Seal,904/09400,Seals & Seals Kit,https://www.antheautoparts.com/product-details/hydra-clamp-seal-904-09400-jcb-aftermarket-parts,https://enterprise.saioautomotive.com/backend/assets/uploads/products/TWZNOUNoYng2d1JwRXRuL2hPc2pQZz09_1745562831_0.jpg,EXACT,904/09400,PISTON SEAL,904-09400-piston-seal,Seals & Seal Kits,source_image,0.25,CROSS_REFERENCE_CONFIRMED
Hydra Clamp Seal,904/20140,Seals & Seals Kit,https://www.antheautoparts.com/product-details/hydra-clamp-seal-904-20140-jcb-spare-parts-dealer,https://enterprise.saioautomotive.com/backend/assets/uploads/products/aWhCd0RNRy9xaWZySDk3M2JYMjNCZz09_1745562887_0.jpg,EXACT,904/20140,PISTONCARRIAGECLAMP,904-20140-pistoncarriageclamp,Seals & Seal Kits,source_image,0,CROSS_REFERENCE_CONFIRMED
"Front & Rear Axle Seal, Triple Lip",904/20172,Seals & Seals Kit,https://www.antheautoparts.com/product-details/front-rear-axle-seal-triple-lip-904-20172-jcb-parts-online,https://enterprise.saioautomotive.com/backend/assets/uploads/products/NGJpdnlrWXNZQTMyeTJaSGZFaGNXdz09_1745562956_0.jpg,EXACT,904/20172,TRIPLELIPSEAL,904-20172-triplelipseal,Seals & Seal Kits,source_image,0,CROSS_REFERENCE_CONFIRMED
Transmission Pump Oil Seal,904/20226,Seals & Seals Kit,https://www.antheautoparts.com/product-details/transmission-pump-oil-seal-904-20226-replacement-jcb-parts,https://enterprise.saioautomotive.com/backend/assets/uploads/products/YmZCc0c0YTI0SjhOT0RmVWNUZVVkQT09_1745563024_0.jpg,HIGH,904/20226,Seal Transmission Pump,904-20226-seal-transmission-pump,Seals & Seal Kits,source_image,0.75,CROSS_REFERENCE_CONFIRMED
Hydra Clamp Seal,904/20336,Seals & Seals Kit,https://www.antheautoparts.com/product-details/hydra-clamp-seal-904-20336-jcb-parts,https://enterprise.saioautomotive.com/backend/assets/uploads/products/OUxoRi9LOW13UXVhcktQbnREV3Njdz09_1745563096_0.jpg,EXACT,904/20336,PISTON carriage clamp,904-20336-piston-carriage-clamp,Seals & Seal Kits,source_image,0.2,CROSS_REFERENCE_CONFIRMED
Oil Seal,904/50009,Seals & Seals Kit,https://www.antheautoparts.com/product-details/oil-seal-904-50009-jcb-parts-near-me,https://enterprise.saioautomotive.com/backend/assets/uploads/products/Yi9jcUc3dTliNWVKa3paM2pySXAydz09_1745563178_0.jpg,UNMATCHED,,,,,,0,EXTERNAL_ONLY_PRODUCT
Transmission Seal Ring Dia. 35,904/5002,Seals & Seals Kit,https://www.antheautoparts.com/product-details/transmission-seal-ring-dia-35-904-5002-jcb-spare-parts-dealer,https://enterprise.saioautomotive.com/backend/assets/uploads/products/WW5TSDZENEYweGpxVTF0ZkxlU3U0Zz09_1745563613_0.jpg,UNMATCHED,,,,,,0,EXTERNAL_ONLY_PRODUCT
Front Axle Seal,904/50023,Seals & Seals Kit,https://www.antheautoparts.com/product-details/front-axle-seal-904-50023-jcb-spare-parts-dealer,https://enterprise.saioautomotive.com/backend/assets/uploads/products/RXVaQlZtTXhnYzMwMzkrNUxiY0luUT09_1745563675_0.jpg,EXACT,904/50023,SEAL - TRIPLE LIP,904-50023-seal-triple-lip,Seals & Seal Kits,source_image,0.2,CROSS_REFERENCE_CONFIRMED
Seal Ring,904/50024,Seals & Seals Kit,https://www.antheautoparts.com/product-details/seal-ring-904-50024-jcb-genuine-parts,https://enterprise.saioautomotive.com/backend/assets/uploads/products/Y1gzd0FpQTFyZThEU3hIYnJ2TThkUT09_1745563739_0.jpg,EXACT,904/50024,SEALINGRING,904-50024-sealingring,Seals & Seal Kits,source_image,0,CROSS_REFERENCE_CONFIRMED
Rear & Front Hub Seal,904/50033 | 904/50021 | 904/M6779,Seals & Seals Kit,https://www.antheautoparts.com/product-details/rear-front-hub-seal-904-50033-904-50021-904-m6779-jcb-parts-near-me,https://enterprise.saioautomotive.com/backend/assets/uploads/products/dFBkOTE5Yzg1UmtFdGZ6YW41K0szZz09_1745563800_0.jpg,EXACT,904/50033,SEAL-CASSETTE(OBS),904-50033-seal-cassette-obs,Seals & Seal Kits,source_image,0.17,CROSS_REFERENCE_CONFIRMED
Oil Seal,904/50040 | 904/50006 | 904/08000,Seals & Seals Kit,https://www.antheautoparts.com/product-details/oil-seal-904-50040-904-50006-904-08000-jcb-parts-near-me,https://enterprise.saioautomotive.com/backend/assets/uploads/products/cnlOdzlWdWFPSFpHN2xkWnR0UHF2dz09_1745563860_0.jpg,HIGH,904/50040,SEAL,904-50040-seal,Seals & Seal Kits,source_image,0.5,CROSS_REFERENCE_CONFIRMED
Seal Pivot Pin Grease,904/50043,Seals & Seals Kit,https://www.antheautoparts.com/product-details/seal-pivot-pin-grease-904-50043-jcb-genuine-parts,https://enterprise.saioautomotive.com/backend/assets/uploads/products/WVpUU1ZmQmF4ZHVvUkpGZEllNkF2dz09_1745563949_0.jpg,UNMATCHED,,,,,,0,EXTERNAL_ONLY_PRODUCT
Oil Seal,904/50047,Seals & Seals Kit,https://www.antheautoparts.com/product-details/oil-seal-904-50047-jcb-parts,https://enterprise.saioautomotive.com/backend/assets/uploads/products/bXU1ZmV5aDRNYTF3QW4zRVZPR2pGQT09_1745564009_0.jpg,HIGH,904/50047,SEAL,904-50047-seal,Seals & Seal Kits,source_image,0.5,CROSS_REFERENCE_CONFIRMED
Kit Seal Pump,920/01013,Seals & Seals Kit,https://www.antheautoparts.com/product-details/kit-seal-pump-920-01013-jcb-spares,https://enterprise.saioautomotive.com/backend/assets/uploads/products/SzZqY1A2U0tGUE1Kcnd0QlhpZ1NIQT09_1745564085_0.jpg,EXACT,920/01013,KITSEAL,920-01013-kitseal,Seals & Seal Kits,source_image,0,CROSS_REFERENCE_CONFIRMED
Hydraulic Pump Repair Seal Kit - David Brown,920/01647,Seals & Seals Kit,https://www.antheautoparts.com/product-details/hydraulic-pump-repair-seal-kit-david-brown-920-01647-jcb-parts,https://enterprise.saioautomotive.com/backend/assets/uploads/products/aXFGODN0c1JhdnJJRENuVVE0ck1EQT09_1745564202_0.jpg,EXACT,920/01647,KITSEAL,920-01647-kitseal,Category under review,placeholder_image,0,DISCOVERED_IMAGE_REFERENCE_FOR_REVIEW
Seal Kit HM360 & HM360Q Rammer S25 & S25N,983/10322,Seals & Seals Kit,https://www.antheautoparts.com/product-details/seal-kit-hm360-hm360q-rammer-s25-s25n-983-10322-jcb-aftermarket-parts,https://enterprise.saioautomotive.com/backend/assets/uploads/products/U1V5dXJkRDNPN0cvQ21ZMElFUzE5dz09_1745564262_0.jpg,HIGH,983/10322,SEAL KIT HM360,983-10322-seal-kit-hm360,Seals & Seal Kits,source_image,0.43,CROSS_REFERENCE_CONFIRMED
Hydraulic Cylinder Seal Kit 60MM X Rod 90MM Cylinder,332/E8224,Seals & Seals Kit,https://www.antheautoparts.com/product-details/hydraulic-cylinder-seal-kit-60mm-x-rod-90mm-cylinder-332-e8224-jcb-spare-parts-dealer,https://enterprise.saioautomotive.com/backend/assets/uploads/products/bGE5TzgrU0FCY3NHK0I4cncwSmdPdz09_1745564546_0.jpg,EXACT,332/E8224,SEAL KIT 90X60,332-e8224-seal-kit-90x60,Seals & Seal Kits,source_image,0.25,CROSS_REFERENCE_CONFIRMED
Hydraulic Cylinder Seal Kit 60MM Rod X 100MM Cylinder,991/00012,Seals & Seals Kit,https://www.antheautoparts.com/product-details/hydraulic-cylinder-seal-kit-60mm-rod-x-100mm-cylinder-991-00012-jcb-parts,https://enterprise.saioautomotive.com/backend/assets/uploads/products/SWVCbVgxUnMza1dMNXpJejNqTTArQT09_1745564737_0.jpg,EXACT,991/00012,RAMSEALKIT,991-00012-ramsealkit,Seals & Seal Kits,source_image,0,CROSS_REFERENCE_CONFIRMED
Hydraulic Cylinder Seal Kit 50MM Rod X 90MM Cylinder,991/00013,Seals & Seals Kit,https://www.antheautoparts.com/product-details/hydraulic-cylinder-seal-kit-50mm-rod-x-90mm-cylinder-991-00013-jcb-aftermarket-parts,https://enterprise.saioautomotive.com/backend/assets/uploads/products/V1BJd254VUtoTHlZb2hRMTBOZTJ0QT09_1745564802_0.jpg,EXACT,991/00013,KITRAMSEAL',991-00013-kitramseal,Seals & Seal Kits,source_image,0,CROSS_REFERENCE_CONFIRMED
Boom Swing Lift Cylinder Seal Kit 60MM X Rod 110MM Cylinder,991/00014,Seals & Seals Kit,https://www.antheautoparts.com/product-details/boom-swing-lift-cylinder-seal-kit-60mm-x-rod-110mm-cylinder-991-00014-jcb-aftermarket-parts,https://enterprise.saioautomotive.com/backend/assets/uploads/products/QjlqbERPNmlaaThFMmFHMjVMR082Zz09_1745564859_0.jpg,UNMATCHED,,,,,,0,EXTERNAL_ONLY_PRODUCT
Hydraulic Cylinder Seal Kit 40MM Rod X 70MM Cylinder,991/00015,Seals & Seals Kit,https://www.antheautoparts.com/product-details/hydraulic-cylinder-seal-kit-40mm-rod-x-70mm-cylinder-991-00015-jcb-spares,https://enterprise.saioautomotive.com/backend/assets/uploads/products/a0RuNkZrTG4xdDhRdHQ0ekU3dWNodz09_1745564961_0.jpg,UNMATCHED,,,,,,0,EXTERNAL_ONLY_PRODUCT
Hydraulic Cylinder Seal Kit 50MM Rod X 80MM Cylinder,991/00016,Seals & Seals Kit,https://www.antheautoparts.com/product-details/hydraulic-cylinder-seal-kit-50mm-rod-x-80mm-cylinder-991-00016-jcb-spare-parts-dealer,https://enterprise.saioautomotive.com/backend/assets/uploads/products/WWdzclJtMFluRkJ0VW0wbmVubDRnZz09_1745565101_0.jpg,UNMATCHED,,,,,,0,EXTERNAL_ONLY_PRODUCT
Hydraulic Cylinder Seal Kit 40MM Rod X 70MM Cylinder,991/00025,Seals & Seals Kit,https://www.antheautoparts.com/product-details/hydraulic-cylinder-seal-kit-40mm-rod-x-70mm-cylinder-991-00025-jcb-parts,https://enterprise.saioautomotive.com/backend/assets/uploads/products/R0t2SGpJTlQxeWRYU1p4dk82ZVk2QT09_1745565190_0.jpg,UNMATCHED,,,,,,0,EXTERNAL_ONLY_PRODUCT
Hydraulic Cylinder Seal Kit 50MM Rod X 80MM Cylinder,991/00026,Seals & Seals Kit,https://www.antheautoparts.com/product-details/hydraulic-cylinder-seal-kit-50mm-rod-x-80mm-cylinder-991-00026-jcb-genuine-parts,https://enterprise.saioautomotive.com/backend/assets/uploads/products/ekFzdlVVMExLUVU4S1hBWWxMTUI0Zz09_1745565286_0.jpg,UNMATCHED,,,,,,0,EXTERNAL_ONLY_PRODUCT
Bucket Cylinder Seal Kit 50MM Rod X 90MM Cylinder,991/00027,Seals & Seals Kit,https://www.antheautoparts.com/product-details/bucket-cylinder-seal-kit-50mm-rod-x-90mm-cylinder-991-00027-jcb-parts-catalog,https://enterprise.saioautomotive.com/backend/assets/uploads/products/L3pmWWJ6NUttbEl0MVdhTUlmVFRSUT09_1745565443_0.jpg,UNMATCHED,,,,,,0,EXTERNAL_ONLY_PRODUCT
Dipper Hydraulic Cylinder Seal Kit 60MM Rod X 100MM Cylinder,991/00028,Seals & Seals Kit,https://www.antheautoparts.com/product-details/dipper-hydraulic-cylinder-seal-kit-60mm-rod-x-100mm-cylinder-991-00028-jcb-genuine-parts,https://enterprise.saioautomotive.com/backend/assets/uploads/products/RHM4WEFOdU9UN2w0RXZnSkpmRTJjZz09_1745568798_0.jpg,UNMATCHED,,,,,,0,EXTERNAL_ONLY_PRODUCT
Hydraulic Cylinder Seal Kit 65MM Rod X 120MM Cylinder,991/00030,Seals & Seals Kit,https://www.antheautoparts.com/product-details/hydraulic-cylinder-seal-kit-65mm-rod-x-120mm-cylinder-991-00030-jcb-aftermarket-parts,https://enterprise.saioautomotive.com/backend/assets/uploads/products/ak4rTElMUjBFTDNCRTFlRkowaGJtUT09_1745568948_0.jpg,UNMATCHED,,,,,,0,EXTERNAL_ONLY_PRODUCT
Hydraulic Cylinder Seal Kit 30MM Rod X 70MM Cylinder,991/00036,Seals & Seals Kit,https://www.antheautoparts.com/product-details/hydraulic-cylinder-seal-kit-30mm-rod-x-70mm-cylinder-991-00036-jcb-spare-parts-dealer,https://enterprise.saioautomotive.com/backend/assets/uploads/products/RWtaemJDbW9vZGpkaWxuK1ZRUlBYZz09_1745569046_0.jpg,EXACT,991/00036,SEALKITS,991-00036-sealkits,Seals & Seal Kits,source_image,0,CROSS_REFERENCE_CONFIRMED
Hydraulic Cylinder Seal Kit 60MM Rod X 100MM Cylinder,991/00055,Seals & Seals Kit,https://www.antheautoparts.com/product-details/hydraulic-cylinder-seal-kit-60mm-rod-x-100mm-cylinder-991-00055-jcb-spare-parts-dealer,https://enterprise.saioautomotive.com/backend/assets/uploads/products/bGgrYmpRVDNoK1gxZE13NllaaEpxdz09_1745569093_0.jpg,UNMATCHED,,,,,,0,EXTERNAL_ONLY_PRODUCT
Hydraulic Cylinder Seal Kit 65MM Rod X 120MM Cylinder,991/00056,Seals & Seals Kit,https://www.antheautoparts.com/product-details/hydraulic-cylinder-seal-kit-65mm-rod-x-120mm-cylinder-991-00056-jcb-spare-parts,https://enterprise.saioautomotive.com/backend/assets/uploads/products/NEZQSjhKa0EvMGlnZklNajZlWkRCQT09_1745569139_0.jpg,UNMATCHED,,,,,,0,EXTERNAL_ONLY_PRODUCT
Hydraulic Cylinder Seal Kit 40MM Rod X 70MM Cylinder,991/00095,Seals & Seals Kit,https://www.antheautoparts.com/product-details/hydraulic-cylinder-seal-kit-40mm-rod-x-70mm-cylinder-991-00095-jcb-parts-online,https://enterprise.saioautomotive.com/backend/assets/uploads/products/MVozeldua2VRS3ZiSFlZbkNOWlpIdz09_1745569198_0.jpg,UNMATCHED,,,,,,0,EXTERNAL_ONLY_PRODUCT
Bucket Lift Cylinder Seal Kit 50MM Rod X 90MM Cylinder,991/00096,Seals & Seals Kit,https://www.antheautoparts.com/product-details/bucket-lift-cylinder-seal-kit-50mm-rod-x-90mm-cylinder-991-00096-jcb-parts-near-me,https://enterprise.saioautomotive.com/backend/assets/uploads/products/UUExdTFVek1UaWtDY3kvSFM5aTZpUT09_1745569243_0.jpg,UNMATCHED,,,,,,0,EXTERNAL_ONLY_PRODUCT
Hydraulic Cylinder Seal Kit 25MM Rod X 50MM Cylinder,991/00097,Seals & Seals Kit,https://www.antheautoparts.com/product-details/hydraulic-cylinder-seal-kit-25mm-rod-x-50mm-cylinder-991-00097-jcb-spare-parts-dealer,https://enterprise.saioautomotive.com/backend/assets/uploads/products/MTljaFJtR0c1bXRnVFBpdlFKYk5pZz09_1745569329_0.jpg,EXACT,991/00097,KITSEAL,991-00097-kitseal,Seals & Seal Kits,source_image,0,CROSS_REFERENCE_CONFIRMED
Hydraulic Cylinder Seal Kit 30MM Rod X 60MM Cylinder,991/00098,Seals & Seals Kit,https://www.antheautoparts.com/product-details/hydraulic-cylinder-seal-kit-30mm-rod-x-60mm-cylinder-991-00098-jcb-aftermarket-parts,https://enterprise.saioautomotive.com/backend/assets/uploads/products/bklWYUNCSFZKNTlKcDcrcWhNVTVSUT09_1745569378_0.jpg,EXACT,991/00098,KITSEAL,991-00098-kitseal,Seals & Seal Kits,source_image,0,CROSS_REFERENCE_CONFIRMED
Lift Ram Seal Kit 50MM Rod X 80MM Cylinder,991/00102,Seals & Seals Kit,https://www.antheautoparts.com/product-details/lift-ram-seal-kit-50mm-rod-x-80mm-cylinder-991-00102-jcb-parts-near-me,https://enterprise.saioautomotive.com/backend/assets/uploads/products/L2NSUWhrOHhtNU1JbCtrQmwvSWtPdz09_1745569451_0.jpg,EXACT,991/00102,SEALKIT,991-00102-sealkit,Seals & Seal Kits,source_image,0,CROSS_REFERENCE_CONFIRMED
Assorted Cylinder Seal Kit 50MM Rod X 90MM Cylinder,991/00103,Seals & Seals Kit,https://www.antheautoparts.com/product-details/assorted-cylinder-seal-kit-50mm-rod-x-90mm-cylinder-991-00103-replacement-jcb-parts,https://enterprise.saioautomotive.com/backend/assets/uploads/products/a1JZSDR6Mk1HZkE0Njh1NUsyVlRFUT09_1745582348_0.jpg,UNMATCHED,,,,,,0,EXTERNAL_ONLY_PRODUCT
Hydraulic Cylinder Seal Kit 50MM Rod X 110MM Cylinder,991/00109,Seals & Seals Kit,https://www.antheautoparts.com/product-details/hydraulic-cylinder-seal-kit-50mm-rod-x-110mm-cylinder-991-00109-replacement-jcb-parts,https://enterprise.saioautomotive.com/backend/assets/uploads/products/WlBlVVI3ZE5OMGEwZTl1QWZ4bmlqQT09_1745570097_0.jpg,EXACT,991/00109,KITSEAL,991-00109-kitseal,Seals & Seal Kits,source_image,0,CROSS_REFERENCE_CONFIRMED
Slew Ram Seal Kit 110MM,991/00018,Seals & Seals Kit,https://www.antheautoparts.com/product-details/slew-ram-seal-kit-110mm-991-00018-replacement-jcb-parts,https://enterprise.saioautomotive.com/backend/assets/uploads/products/bzZXN2VwTTZWMUxkTmdKcmhjenBiZz09_1745570950_0.jpg,HIGH,991/00018,SEAL KIT,991-00018-seal-kit,Seals & Seal Kits,source_image,0.4,CROSS_REFERENCE_CONFIRMED
Hydraulic Cylinder Seal Kit 70MM Rod X 130MM Cylinder,991/00120,Seals & Seals Kit,https://www.antheautoparts.com/product-details/hydraulic-cylinder-seal-kit-70mm-rod-x-130mm-cylinder-991-00120-jcb-aftermarket-parts,https://enterprise.saioautomotive.com/backend/assets/uploads/products/Uy9iSkRwZVJFMEVNWWEvMG83NVhyZz09_1745570643_0.jpg,EXACT,991/00120,SEALKIT,991-00120-sealkit,Seals & Seal Kits,source_image,0,CROSS_REFERENCE_CONFIRMED
Boom Cylinder Seal Kit 65MM Rod X 120MM Cylinder,991/00135,Seals & Seals Kit,https://www.antheautoparts.com/product-details/boom-cylinder-seal-kit-65mm-rod-x-120mm-cylinder-991-00135-jcb-spare-parts-dealer,https://enterprise.saioautomotive.com/backend/assets/uploads/products/OVR0L2lUSHpveDZIWjlmYXZFazE5dz09_1745571266_0.jpg,EXACT,991/00135,SEALKIT,991-00135-sealkit,Category under review,placeholder_image,0,DISCOVERED_IMAGE_REFERENCE_FOR_REVIEW
Hydraulic Cylinder Seal Kit 65MM Rod X 130MM Cylinder,991/00141,Seals & Seals Kit,https://www.antheautoparts.com/product-details/hydraulic-cylinder-seal-kit-65mm-rod-x-130mm-cylinder-991-00141-jcb-aftermarket-parts,https://enterprise.saioautomotive.com/backend/assets/uploads/products/Z2R6RVlubVBTZWIrNWlRRHRYTUZpUT09_1745571327_0.jpg,UNMATCHED,,,,,,0,EXTERNAL_ONLY_PRODUCT
Boom Cylinder Seal Kit 75MM Rod X 140MM Cylinder,991/00144,Seals & Seals Kit,https://www.antheautoparts.com/product-details/boom-cylinder-seal-kit-75mm-rod-x-140mm-cylinder-991-00144-jcb-parts,https://enterprise.saioautomotive.com/backend/assets/uploads/products/QThpS1Z0elQ4RStDWmN5RmRCUFV6Zz09_1745571712_0.jpg,EXACT,991/00144,KITSEAL,991-00144-kitseal,Seals & Seal Kits,source_image,0,CROSS_REFERENCE_CONFIRMED
Dipper Ram Seal Kit 65MM Rod X 110MM Cylinder,991/00146,Seals & Seals Kit,https://www.antheautoparts.com/product-details/dipper-ram-seal-kit-65mm-rod-x-110mm-cylinder-991-00146-jcb-parts-catalog,https://enterprise.saioautomotive.com/backend/assets/uploads/products/aE40bVpxeHp0UkcvaEsrS09VSW1ZQT09_1745571762_0.jpg,UNMATCHED,,,,,,0,EXTERNAL_ONLY_PRODUCT
Lift Ram Seal Kit 80MM Rod X 160MM Cylinder,991/00159,Seals & Seals Kit,https://www.antheautoparts.com/product-details/lift-ram-seal-kit-80mm-rod-x-160mm-cylinder-991-00159-jcb-aftermarket-parts,https://enterprise.saioautomotive.com/backend/assets/uploads/products/K3ZndmRTUCt1R2UvbjM1bzZmWVlTQT09_1745571824_0.jpg,EXACT,991/00159,SEALKIT,991-00159-sealkit,Seals & Seal Kits,source_image,0,CROSS_REFERENCE_CONFIRMED
Hydraulic Cylinder Seal Kit 50MM Rod X 90MM Cylinder,991/00157,Seals & Seals Kit,https://www.antheautoparts.com/product-details/hydraulic-cylinder-seal-kit-50mm-rod-x-90mm-cylinder-991-00157-jcb-spare-parts,https://enterprise.saioautomotive.com/backend/assets/uploads/products/dEdUUTNCcU9xNC9SbjZqL0x1ckJ0Zz09_1745571889_0.jpg,EXACT,991/00157,SEAL KIT SERVICE,991-00157-seal-kit-service,Seals & Seal Kits,placeholder_image,0.25,DISCOVERED_IMAGE_REFERENCE_FOR_REVIEW
Hydraulic Cylinder Seal Kit 60MM Rod X 120MM Cylinder,991/000158,Seals & Seals Kit,https://www.antheautoparts.com/product-details/hydraulic-cylinder-seal-kit-60mm-rod-x-120mm-cylinder-991-000158-jcb-parts-online,https://enterprise.saioautomotive.com/backend/assets/uploads/products/Y0NHcmFhSktkL1Riekt0UENTKzVBdz09_1745571950_0.jpg,UNMATCHED,,,,,,0,EXTERNAL_ONLY_PRODUCT
Hydraulic Cylinder Seal Kit 50MM Rod X 90MM Cylinder,991/00163,Seals & Seals Kit,https://www.antheautoparts.com/product-details/hydraulic-cylinder-seal-kit-50mm-rod-x-90mm-cylinder-991-00163-jcb-parts-near-me,https://enterprise.saioautomotive.com/backend/assets/uploads/products/aFJBZ0ZHeTNHSmxIUENMMDNRcHZadz09_1745572005_0.jpg,UNMATCHED,,,,,,0,EXTERNAL_ONLY_PRODUCT
Hydraulic Cylinder Seal Kit 60MM Rod X 100MM Cylinder,991/10142,Seals & Seals Kit,https://www.antheautoparts.com/product-details/hydraulic-cylinder-seal-kit-60mm-rod-x-100mm-cylinder-991-10142-jcb-spares,https://enterprise.saioautomotive.com/backend/assets/uploads/products/TXMydXd6d2M4UzRQOG5JTUVtS0NOZz09_1745572068_0.jpg,UNMATCHED,,,,,,0,EXTERNAL_ONLY_PRODUCT
Hydraulic Cylinder Seal Kit 60MM Rod X 100MM Cylinder,991/10142,Seals & Seals Kit,https://www.antheautoparts.com/product-details/hydraulic-cylinder-seal-kit-60mm-rod-x-100mm-cylinder-991-10142-replacement-jcb-parts,https://enterprise.saioautomotive.com/backend/assets/uploads/products/WGxXK3kwbGNIVUgyMUdITFRYbjFEUT09_1745572071_0.jpg,UNMATCHED,,,,,,0,EXTERNAL_ONLY_PRODUCT
Hydraulic Cylinder Seal Kit 40MM Rod X 70MM Cylinder,991/10151,Seals & Seals Kit,https://www.antheautoparts.com/product-details/hydraulic-cylinder-seal-kit-40mm-rod-x-70mm-cylinder-991-10151-replacement-jcb-parts,https://enterprise.saioautomotive.com/backend/assets/uploads/products/WlJQdWtVaFZHdHhlM1pGMTVoQUNYZz09_1745572133_0.jpg,UNMATCHED,,,,,,0,EXTERNAL_ONLY_PRODUCT
Hydraulic Cylinder Seal Kit 70MM X 40MM Cylinder,991/10152,Seals & Seals Kit,https://www.antheautoparts.com/product-details/hydraulic-cylinder-seal-kit-70mm-x-40mm-cylinder-991-10152-jcb-genuine-parts,https://enterprise.saioautomotive.com/backend/assets/uploads/products/dXExMGhzN2tUUXJIVHZ3VUdTd1ZoUT09_1745572206_0.jpg,EXACT,991/10152,SEALKIT,991-10152-sealkit,Seals & Seal Kits,source_image,0,CROSS_REFERENCE_CONFIRMED
Hydraulic Cylinder Seal Kit 50MM Rod X 90MM Cylinder,991/20009,Seals & Seals Kit,https://www.antheautoparts.com/product-details/hydraulic-cylinder-seal-kit-50mm-rod-x-90mm-cylinder-991-20009-jcb-spare-parts,https://enterprise.saioautomotive.com/backend/assets/uploads/products/RFVnK0cxdCt6dnhGZmxMaDlKNGtuUT09_1745572438_0.jpg,EXACT,991/20009,SERVICE SEAL KIT 90x50,991-20009-service-seal-kit-90x50,Seals & Seal Kits,source_image,0.22,CROSS_REFERENCE_CONFIRMED
Hydraulic Cylinder Seal Kit 50MM Rod X 80MM Cylinder,991/20022,Seals & Seals Kit,https://www.antheautoparts.com/product-details/hydraulic-cylinder-seal-kit-50mm-rod-x-80mm-cylinder-991-20022-jcb-spares,https://enterprise.saioautomotive.com/backend/assets/uploads/products/eFpidmJwc2syWXlFa1AyNkRVajhIUT09_1745572520_0.jpg,EXACT,991/20022,Kit-sealuniversal80x50,991-20022-kit-sealuniversal80x50,Seals & Seal Kits,source_image,0.13,CROSS_REFERENCE_CONFIRMED
Hydraulic Cylinder Seal Kit 60MM Rod X 100MM Cylinder,991/20023,Seals & Seals Kit,https://www.antheautoparts.com/product-details/hydraulic-cylinder-seal-kit-60mm-rod-x-100mm-cylinder-991-20023-jcb-parts-catalog,https://enterprise.saioautomotive.com/backend/assets/uploads/products/aDNYdzNqbTNDb05Da1Zyb3VzdzJidz09_1745572582_0.jpg,EXACT,991/20023,UNIVERSAL SEAL KIT,991-20023-universal-seal-kit,Seals & Seal Kits,source_image,0.25,CROSS_REFERENCE_CONFIRMED
Hydraulic Cylinder Seal Kit 30MM Rod X 60MM Cylinder,991/20024,Seals & Seals Kit,https://www.antheautoparts.com/product-details/hydraulic-cylinder-seal-kit-30mm-rod-x-60mm-cylinder-991-20024-jcb-genuine-parts,https://enterprise.saioautomotive.com/backend/assets/uploads/products/TWV1WXVsRVYrYkF2bWg5WDd1TWRRZz09_1745572644_0.jpg,EXACT,991/20024,UNIVERSALSEALKIT,991-20024-universalsealkit,Seals & Seal Kits,source_image,0,CROSS_REFERENCE_CONFIRMED
Lift Ram Seal Kit,991/20028,Seals & Seals Kit,https://www.antheautoparts.com/product-details/lift-ram-seal-kit-991-20028-jcb-parts-catalog,https://enterprise.saioautomotive.com/backend/assets/uploads/products/N2tpRTE1Mm5BZ1orNURvbWdIQzFXZz09_1745572706_0.jpg,EXACT,991/20028,KitSeal160*90,991-20028-kitseal16090,Seals & Seal Kits,source_image,0,CROSS_REFERENCE_CONFIRMED
Lift Ram Seal Kit,991/20029,Seals & Seals Kit,https://www.antheautoparts.com/product-details/lift-ram-seal-kit-991-20029-jcb-spares,https://enterprise.saioautomotive.com/backend/assets/uploads/products/Q1hSOE9BRFFnbzl6SVU4WDVDaGF0dz09_1745572783_0.jpg,HIGH,991/20029,Kit-seal,991-20029-kit-seal,Seals & Seal Kits,source_image,0.5,CROSS_REFERENCE_CONFIRMED
Hydraulic Cylinder Seal Kit 60MM Rod X 110MM Cylinder,991/20030,Seals & Seals Kit,https://www.antheautoparts.com/product-details/hydraulic-cylinder-seal-kit-60mm-rod-x-110mm-cylinder-991-20030-replacement-jcb-parts,https://enterprise.saioautomotive.com/backend/assets/uploads/products/UEZVbUdtbERjU2Q0QjFsUG0zV3ZoQT09_1745572880_0.jpg,EXACT,991/20030,Service Seal Kit UNIV 110,991-20030-service-seal-kit-univ-110,Seals & Seal Kits,source_image,0.2,CROSS_REFERENCE_CONFIRMED
Hydraulic Cylinder Seal Kit 65MM Rod X 120MM Cylinder,991/20038,Seals & Seals Kit,https://www.antheautoparts.com/product-details/hydraulic-cylinder-seal-kit-65mm-rod-x-120mm-cylinder-991-20038-jcb-parts-near-me,https://enterprise.saioautomotive.com/backend/assets/uploads/products/d1dON1FXb3ZMUzNGemR5R29NT1lKZz09_1745572940_0.jpg,EXACT,991/20038,SERVICESEALKIT120x65U,991-20038-servicesealkit120x65u,Seals & Seal Kits,source_image,0,CROSS_REFERENCE_CONFIRMED
Hydraulic Cylinder Seal Kit 65MM Rod X 120MM Cylinder,991/00115,Seals & Seals Kit,https://www.antheautoparts.com/product-details/hydraulic-cylinder-seal-kit-65mm-rod-x-120mm-cylinder-991-00115-replacement-jcb-parts,https://enterprise.saioautomotive.com/backend/assets/uploads/products/dnlhK0xMUjh1K3psY1VNaUhkZExnQT09_1745573017_0.jpg,EXACT,991/00115,KITSEAL,991-00115-kitseal,Seals & Seal Kits,source_image,0,CROSS_REFERENCE_CONFIRMED
Hydraulic Cylinder Seal Kit 60MM Rod X 110MM Cylinder,991/00148,Seals & Seals Kit,https://www.antheautoparts.com/product-details/hydraulic-cylinder-seal-kit-60mm-rod-x-110mm-cylinder-991-00148-jcb-parts-near-me,https://enterprise.saioautomotive.com/backend/assets/uploads/products/cHU3SkRZY1RsanFRaXhlc0VodDNFdz09_1745573072_0.jpg,UNMATCHED,,,,,,0,EXTERNAL_ONLY_PRODUCT
Hydraulic Cylinder Seal Kit 40MM Rod X 70MM Cylinder,991/00100,Seals & Seals Kit,https://www.antheautoparts.com/product-details/hydraulic-cylinder-seal-kit-40mm-rod-x-70mm-cylinder-991-00100-replacement-jcb-parts,https://enterprise.saioautomotive.com/backend/assets/uploads/products/aUt4SEt0L0NscU05UmE1d21EVjFodz09_1745573135_0.jpg,EXACT,991/00100,SEALKIT(ALT-991/10152),991-00100-sealkit-alt-991-10152,Seals & Seal Kits,source_image,0,CROSS_REFERENCE_CONFIRMED
Hydraulic Cylinder Seal Kit 60MM Rod X 110MM Cylinder,991/00110,Seals & Seals Kit,https://www.antheautoparts.com/product-details/hydraulic-cylinder-seal-kit-60mm-rod-x-110mm-cylinder-991-00110-jcb-spare-parts-dealer,https://enterprise.saioautomotive.com/backend/assets/uploads/products/QzVnY0FLL1VqSWhDNEpNelNwenMwdz09_1745573211_0.jpg,EXACT,991/00110,KITSEAL,991-00110-kitseal,Seals & Seal Kits,source_image,0,CROSS_REFERENCE_CONFIRMED
Stabiliser Dipper Cylinder Seal Kit 40MM Rod X 70MM,991/00122,Seals & Seals Kit,https://www.antheautoparts.com/product-details/stabiliser-dipper-cylinder-seal-kit-40mm-rod-x-70mm-991-00122-jcb-parts,https://enterprise.saioautomotive.com/backend/assets/uploads/products/alp4SXRlOFJTSVc2Um9FVDNObEZXdz09_1745573278_0.jpg,UNMATCHED,,,,,,0,EXTERNAL_ONLY_PRODUCT
Lift Ram Cylinder Seal kit 50MM Rod X 80MM Cylinder,991/00123,Seals & Seals Kit,https://www.antheautoparts.com/product-details/lift-ram-cylinder-seal-kit-50mm-rod-x-80mm-cylinder-991-00123-jcb-aftermarket-parts,https://enterprise.saioautomotive.com/backend/assets/uploads/products/U2xwTUdESDhFaUp3T2dqcUFybXNOZz09_1745573332_0.jpg,EXACT,991/00123,SEALKIT,991-00123-sealkit,Seals & Seal Kits,source_image,0,CROSS_REFERENCE_CONFIRMED
Bucket Lift Cylinder Seal Kit 50MM Rod X 90MM Cylinder,991/00127,Seals & Seals Kit,https://www.antheautoparts.com/product-details/bucket-lift-cylinder-seal-kit-50mm-rod-x-90mm-cylinder-991-00127-jcb-genuine-parts,https://enterprise.saioautomotive.com/backend/assets/uploads/products/LzR2aFJKa2FRMkF6N3A4OFJXeTk2UT09_1745573394_0.jpg,EXACT,991/00127,KITSEAL,991-00127-kitseal,Seals & Seal Kits,source_image,0,CROSS_REFERENCE_CONFIRMED
Dipper Ram Cylinder Seal Kit 60MM Rod X 100MM Cylinder,991/00130,Seals & Seals Kit,https://www.antheautoparts.com/product-details/dipper-ram-cylinder-seal-kit-60mm-rod-x-100mm-cylinder-991-00130-replacement-jcb-parts,https://enterprise.saioautomotive.com/backend/assets/uploads/products/ZTlFSEJRditxalQ0MXNCYzB1OWRZUT09_1745573459_0.jpg,EXACT,991/00130,RAMSEALKIT,991-00130-ramsealkit,Seals & Seal Kits,source_image,0,CROSS_REFERENCE_CONFIRMED
Boom Ram Seal Kit 60MM Rod X 110MM Cylinder,991/00131,Seals & Seals Kit,https://www.antheautoparts.com/product-details/boom-ram-seal-kit-60mm-rod-x-110mm-cylinder-991-00131-jcb-parts-near-me,https://enterprise.saioautomotive.com/backend/assets/uploads/products/alhFV1JPcTh4eGtjeHk1U0pVbTNOdz09_1745573612_0.jpg,HIGH,991/00131,RAM SEAL KIT,991-00131-ram-seal-kit,Seals & Seal Kits,source_image,0.38,CROSS_REFERENCE_CONFIRMED
Hydraulic Cylinder Seal Kit 60MM Rod X 100MM Cylinder,991/00145 | 991/00107,Seals & Seals Kit,https://www.antheautoparts.com/product-details/hydraulic-cylinder-seal-kit-60mm-rod-x-100mm-cylinder-991-00145-991-00107-jcb-parts-catalog,https://enterprise.saioautomotive.com/backend/assets/uploads/products/Um5wTTlzUjVPV0FIY2RUalZaTEtBQT09_1745573690_0.jpg,EXACT,991/00145,SEALKIT,991-00145-sealkit,Seals & Seal Kits,source_image,0,CROSS_REFERENCE_CONFIRMED
Hydraulic Cylinder Seal Kit 60MM Rod X 90MM Cylinder,991/00147,Seals & Seals Kit,https://www.antheautoparts.com/product-details/hydraulic-cylinder-seal-kit-60mm-rod-x-90mm-cylinder-991-00147-jcb-genuine-parts,https://enterprise.saioautomotive.com/backend/assets/uploads/products/dHFTNzFEenRxRUt1ZmVJNk12ZVoyUT09_1745573744_0.jpg,EXACT,991/00147,KITSEAL90X60MM,991-00147-kitseal90x60mm,Seals & Seal Kits,source_image,0,CROSS_REFERENCE_CONFIRMED
Slew Swing Seal Kit 60MM Rod X 100MM Cylinder,991/00152,Seals & Seals Kit,https://www.antheautoparts.com/product-details/slew-swing-seal-kit-60mm-rod-x-100mm-cylinder-991-00152-jcb-spare-parts,https://enterprise.saioautomotive.com/backend/assets/uploads/products/MGwrTE9POVJveWw1WjJRVlUrY0xDdz09_1745573842_0.jpg,UNMATCHED,,,,,,0,EXTERNAL_ONLY_PRODUCT
Steering Ram Seal Kit 45 MM Rod X 75MM Cylinder,991/00156,Seals & Seals Kit,https://www.antheautoparts.com/product-details/steering-ram-seal-kit-45-mm-rod-x-75mm-cylinder-991-00156-replacement-jcb-parts,https://enterprise.saioautomotive.com/backend/assets/uploads/products/NFZ1ZC9XbWlReHIrcUJRN3h5VHpXQT09_1745573913_0.jpg,EXACT,991/00156,KIT-SEALTRACK ROD,991-00156-kit-sealtrack-rod,Seals & Seal Kits,source_image,0.2,CROSS_REFERENCE_CONFIRMED
Hydraulic Cylinder Seal Kit 40MM Rod X 70MM Cylinder,991/20021,Seals & Seals Kit,https://www.antheautoparts.com/product-details/hydraulic-cylinder-seal-kit-40mm-rod-x-70mm-cylinder-991-20021-jcb-spares,https://enterprise.saioautomotive.com/backend/assets/uploads/products/TG1xelVuT3RLb1dYeXdRdFE2V21hZz09_1745574034_0.jpg,EXACT,991/20021,UNIVERSAL SEAL KIT,991-20021-universal-seal-kit,Seals & Seal Kits,placeholder_image,0.25,DISCOVERED_IMAGE_REFERENCE_FOR_REVIEW
Hydraulic Cylinder Seal Kit 30MM Rod X 70MM Cylinder,991/00099,Seals & Seals Kit,https://www.antheautoparts.com/product-details/hydraulic-cylinder-seal-kit-30mm-rod-x-70mm-cylinder-991-00099-jcb-genuine-parts,https://enterprise.saioautomotive.com/backend/assets/uploads/products/QzhFM2JUNXUzU3ZSRmc4RkJxZ1FXZz09_1745574092_0.jpg,EXACT,991/00099,SEALKIT,991-00099-sealkit,Seals & Seal Kits,source_image,0,CROSS_REFERENCE_CONFIRMED
Seal Kit,448/17205,Seals & Seals Kit,https://www.antheautoparts.com/product-details/seal-kit-448-17205-jcb-parts-near-me,https://enterprise.saioautomotive.com/backend/assets/uploads/products/ZHFXSGJaUFFHeFp3dkZkUDkraHZkUT09_1745574163_0.jpg,EXACT,448/17205,KitSeal,448-17205-kitseal,Seals & Seal Kits,source_image,0,CROSS_REFERENCE_CONFIRMED
O-Ring,,Seals & Seals Kit,https://www.antheautoparts.com/product-details/o-ring-jcb-aftermarket-parts,https://enterprise.saioautomotive.com/backend/assets/uploads/products/ZE9QeWRCNm1ydUVtZXJjc3JYQXdZQT09_1745574221_0.jpg,UNMATCHED,,,,,,0,EXTERNAL_ONLY_PRODUCT
Seal Kit Rocker Cover,320/09200,Seals & Seals Kit,https://www.antheautoparts.com/product-details/seal-kit-rocker-cover-320-09200-replacement-jcb-parts,https://enterprise.saioautomotive.com/backend/assets/uploads/products/Uy9HVE5CQzFKRjdpT0UvWHJIOVZoZz09_1745574288_0.jpg,EXACT,320/09200,KIT-SEALROCKER,320-09200-kit-sealrocker,Seals & Seal Kits,source_image,0.2,CROSS_REFERENCE_CONFIRMED
Oil Seal,320/03119,Seals & Seals Kit,https://www.antheautoparts.com/product-details/oil-seal-320-03119-jcb-genuine-parts,https://enterprise.saioautomotive.com/backend/assets/uploads/products/K2ZrZU5hbk1SRDBKN0kwYzZhVlJ5UT09_1745574341_0.jpg,EXACT,320/03119,CRANK SEAL FRONT - 85MM,320-03119-crank-seal-front-85mm,Seals & Seal Kits,source_image,0.2,CROSS_REFERENCE_CONFIRMED
Brake Piston Seal Kit,813/50012 | 813/50026,Seals & Seals Kit,https://www.antheautoparts.com/product-details/brake-piston-seal-kit-813-50012-813-50026-replacement-jcb-parts,https://enterprise.saioautomotive.com/backend/assets/uploads/products/SXk1SE1jMy9VUHhxRW5ZbDV0VXlQdz09_1745574423_0.jpg,EXACT,813/50012,BRAKESEAL,813-50012-brakeseal,Seals & Seal Kits,source_image,0,CROSS_REFERENCE_CONFIRMED
Exhaust Valve Seal,320/02596,Seals & Seals Kit,https://www.antheautoparts.com/product-details/exhaust-valve-seal-320-02596-jcb-parts-near-me,https://enterprise.saioautomotive.com/backend/assets/uploads/products/QUNZT3VrMUMwbFA3MlgvMkc0M3FGZz09_1745574513_0.jpg,EXACT,320/02596,EXHAUSTVALVESEAT(LOCAL),320-02596-exhaustvalveseat-local,Seals & Seal Kits,source_image,0,CROSS_REFERENCE_CONFIRMED
Cylinder Seal Kit,550/42888,Seals & Seals Kit,https://www.antheautoparts.com/product-details/cylinder-seal-kit-550-42888-jcb-spare-parts,https://enterprise.saioautomotive.com/backend/assets/uploads/products/MmlWK0NUT2xRNE0yRktBUFR5SzRBUT09_1745574581_0.jpg,HIGH,550/42888,SEAL KIT,550-42888-seal-kit,Seals & Seal Kits,placeholder_image,0.67,DISCOVERED_IMAGE_REFERENCE_FOR_REVIEW
Cylinder Seal Kit,550/42895,Seals & Seals Kit,https://www.antheautoparts.com/product-details/cylinder-seal-kit-550-42895-jcb-parts-online,https://enterprise.saioautomotive.com/backend/assets/uploads/products/MkV0WU03bythUFphbTE5bktNd2doUT09_1745574696_0.jpg,HIGH,550/42895,SEAL KIT,550-42895-seal-kit,Seals & Seal Kits,placeholder_image,0.67,DISCOVERED_IMAGE_REFERENCE_FOR_REVIEW
MASKING RING,448/04802,Seals & Seals Kit,https://www.antheautoparts.com/product-details/masking-ring-448-04802-jcb-parts-near-me,https://enterprise.saioautomotive.com/backend/assets/uploads/products/WS8xcVVTNGtGWlFZUHgxelRzNkVaZz09_1745574761_0.jpg,HIGH,448/04802,MASKING RING,448-04802-masking-ring,Seals & Seal Kits,source_image,1,CROSS_REFERENCE_CONFIRMED
Stub Axle Washer,120/30006 | 458/20541,Shim/ Spacer/Washer,https://www.antheautoparts.com/product-details/stub-axle-washer-120-30006-458-20541-jcb-aftermarket-parts,https://enterprise.saioautomotive.com/backend/assets/uploads/products/VGtZekl4d0lzM1BXbHk3WE9nV2tnQT09_1745575624_0.jpg,HIGH,120/30006,WASHER,120-30006-washer,Shim / Spacer / Washer,source_image,0.33,CROSS_REFERENCE_CONFIRMED
Circlip,2203/0054,Shim/ Spacer/Washer,https://www.antheautoparts.com/product-details/circlip-2203-0054-jcb-genuine-parts,https://enterprise.saioautomotive.com/backend/assets/uploads/products/MTBmSmhuS1FlOWlvNDVqNGZEWE8wdz09_1745575687_0.jpg,HIGH,2203/0054,CIRCLIP - EXTERNAL 40MM,2203-0054-circlip-external-40mm,Shim / Spacer / Washer,source_image,0.33,CROSS_REFERENCE_CONFIRMED
Gear Housing Circlip Internal 78MM,2203/1080,Shim/ Spacer/Washer,https://www.antheautoparts.com/product-details/gear-housing-circlip-internal-78mm-2203-1080-jcb-parts-near-me,https://enterprise.saioautomotive.com/backend/assets/uploads/products/T29sdmY1bHR2dlVSSmlYYXphNWtNQT09_1745575772_0.jpg,HIGH,2203/1080,CIRCLIP-INTERNAL,2203-1080-circlip-internal,Shim / Spacer / Washer,source_image,0.4,CROSS_REFERENCE_CONFIRMED
Collapsible Spacer,445/03005 | 921/53400 | 921/52600,Shim/ Spacer/Washer,https://www.antheautoparts.com/product-details/collapsible-spacer-445-03005-921-53400-921-52600-jcb-spare-parts-dealer,https://enterprise.saioautomotive.com/backend/assets/uploads/products/RitqVzZRaEJYSm9ZZm94ajdGV3p1QT09_1745575826_0.jpg,HIGH,445/03005,COLLAPSIBLE SPACER,445-03005-collapsible-spacer,Shim / Spacer / Washer,source_image,1,CROSS_REFERENCE_CONFIRMED
Shim Kit,445/04700,Shim/ Spacer/Washer,https://www.antheautoparts.com/product-details/shim-kit-445-04700-jcb-parts-online,https://enterprise.saioautomotive.com/backend/assets/uploads/products/S1ZzU3VEdHQwYllZODArbDFIZ1l0QT09_1745575888_0.jpg,HIGH,445/04700,SHIM KIT,445-04700-shim-kit,Shim / Spacer / Washer,source_image,1,CROSS_REFERENCE_CONFIRMED
Oil Baffle,445/40204,Shim/ Spacer/Washer,https://www.antheautoparts.com/product-details/oil-baffle-445-40204-jcb-spare-parts-dealer,https://enterprise.saioautomotive.com/backend/assets/uploads/products/eitmSEJGOG5aY2U2Z0hRR2FTcy9JUT09_1745575989_0.jpg,HIGH,445/40204,OIL BAFFLE PLATE,445-40204-oil-baffle-plate,Shim / Spacer / Washer,source_image,0.67,CROSS_REFERENCE_CONFIRMED
King Post Carriage Thrust Washer 8MM,808/00207,Shim/ Spacer/Washer,https://www.antheautoparts.com/product-details/king-post-carriage-thrust-washer-8mm-808-00207-jcb-spare-parts,https://enterprise.saioautomotive.com/backend/assets/uploads/products/Y2FXQ3c0YjVqNVBzU0J6VGo0QmE5dz09_1745576036_0.jpg,HIGH,808/00207,THRUST WASHER,808-00207-thrust-washer,Shim / Spacer / Washer,source_image,0.33,CROSS_REFERENCE_CONFIRMED
Diff Gear Set Thrust Washer,808/00209 | 808/00210,Shim/ Spacer/Washer,https://www.antheautoparts.com/product-details/diff-gear-set-thrust-washer-808-00209-808-00210-jcb-aftermarket-parts,https://enterprise.saioautomotive.com/backend/assets/uploads/products/UEhVUmNNYjJZS0s2NStiWm1wWjNvdz09_1745576136_0.jpg,HIGH,808/00209,SIDE GEAR WASHER,808-00209-side-gear-washer,Shim / Spacer / Washer,source_image,0.33,CROSS_REFERENCE_CONFIRMED
Thrust Washer Side Gear,808/00210,Shim/ Spacer/Washer,https://www.antheautoparts.com/product-details/thrust-washer-side-gear-808-00210-replacement-jcb-parts,https://enterprise.saioautomotive.com/backend/assets/uploads/products/L1Q5aTUvaDZWbkRNMVZWMEd2RDdsQT09_1745576198_0.jpg,EXACT,808/00210,SPHERICAL WASHER,808-00210-spherical-washer,Axle & Wheel Parts,generated_image,0.2,CROSS_REFERENCE_CONFIRMED
Gear Lever Assy. Spring,814/00233,Shim/ Spacer/Washer,https://www.antheautoparts.com/product-details/gear-lever-assy-spring-814-00233-jcb-parts-catalog,https://enterprise.saioautomotive.com/backend/assets/uploads/products/eXd1VjZpMldBYUVaeENHeGxCc3ZNdz09_1745576249_0.jpg,EXACT,814/00233,SPRING,814-00233-spring,Shim / Spacer / Washer,source_image,0.25,CROSS_REFERENCE_CONFIRMED
Spring,814/00382,Shim/ Spacer/Washer,https://www.antheautoparts.com/product-details/spring-814-00382-jcb-spare-parts,https://enterprise.saioautomotive.com/backend/assets/uploads/products/aGJpcXI1TnRJaDlpWlVTNGIrRkxIZz09_1745576323_0.jpg,HIGH,814/00382,TORSION SPRING,814-00382-torsion-spring,Shim / Spacer / Washer,source_image,0.5,CROSS_REFERENCE_CONFIRMED
Spring,814/00441,Shim/ Spacer/Washer,https://www.antheautoparts.com/product-details/spring-814-00441-jcb-spare-parts-dealer,https://enterprise.saioautomotive.com/backend/assets/uploads/products/TjRJMlVrUy9LdzRIVnlFWTJsU2Z0UT09_1745576375_0.jpg,HIGH,814/00441,TORSION SPRING,814-00441-torsion-spring,Shim / Spacer / Washer,source_image,0.5,CROSS_REFERENCE_CONFIRMED
Bucket Pin Washer 1.5MM,819/00049,Shim/ Spacer/Washer,https://www.antheautoparts.com/product-details/bucket-pin-washer-15mm-819-00049-replacement-jcb-parts,https://enterprise.saioautomotive.com/backend/assets/uploads/products/VnQxWEFueFhxR0hZOTdiWXhmbW4yQT09_1745576427_0.jpg,EXACT,819/00049,SHIM,819-00049-shim,Shim / Spacer / Washer,source_image,0,CROSS_REFERENCE_CONFIRMED
Spacer 5MM,819/00099,Shim/ Spacer/Washer,https://www.antheautoparts.com/product-details/spacer-5mm-819-00099-jcb-aftermarket-parts,https://enterprise.saioautomotive.com/backend/assets/uploads/products/eUJZUHB4TmNxZ3paYUUybmJzNUg5UT09_1745576484_0.jpg,HIGH,819/00099,SPACER 60x80x5,819-00099-spacer-60x80x5,Shim / Spacer / Washer,source_image,0.33,CROSS_REFERENCE_CONFIRMED
"Shim, 1.4mm",819/00100,Shim/ Spacer/Washer,https://www.antheautoparts.com/product-details/shim-14mm-819-00100-jcb-parts-online,https://enterprise.saioautomotive.com/backend/assets/uploads/products/QmQxalVTTE9FdG4rZjZadWFuNXJxdz09_1745576572_0.jpg,HIGH,819/00100,SHIM,819-00100-shim,Shim / Spacer / Washer,source_image,0.5,CROSS_REFERENCE_CONFIRMED
Front Axle Spacer 3.5MM,819/00132,Shim/ Spacer/Washer,https://www.antheautoparts.com/product-details/front-axle-spacer-35mm-819-00132-jcb-aftermarket-parts,https://enterprise.saioautomotive.com/backend/assets/uploads/products/aTdHc21FZ2dPT3Znc0xpMWVrRUJ2QT09_1745576635_0.jpg,EXACT,819/00132,SPACER,819-00132-spacer,Shim / Spacer / Washer,source_image,0.25,CROSS_REFERENCE_CONFIRMED
Front Axle Spacer 4MM,819/00133,Shim/ Spacer/Washer,https://www.antheautoparts.com/product-details/front-axle-spacer-4mm-819-00133-replacement-jcb-parts,https://enterprise.saioautomotive.com/backend/assets/uploads/products/RTlHTDQyWW1mRkRna2pqQk9XOUw4QT09_1745576693_0.jpg,EXACT,819/00133,SPACER 50x120x4.0m,819-00133-spacer-50x120x40m,Shim / Spacer / Washer,placeholder_image,0.17,DISCOVERED_IMAGE_REFERENCE_FOR_REVIEW
Front Axle Spacer 4.5MM,819/00134,Shim/ Spacer/Washer,https://www.antheautoparts.com/product-details/front-axle-spacer-45mm-819-00134-jcb-parts-near-me,https://enterprise.saioautomotive.com/backend/assets/uploads/products/Q2RFR09udG40Tm00a1VscnJTNjAyUT09_1745576750_0.jpg,EXACT,819/00134,SPACER,819-00134-spacer,Shim / Spacer / Washer,placeholder_image,0.25,DISCOVERED_IMAGE_REFERENCE_FOR_REVIEW
Front Axle Spacer 5MM,819/00135,Shim/ Spacer/Washer,https://www.antheautoparts.com/product-details/front-axle-spacer-5mm-819-00135-jcb-genuine-parts,https://enterprise.saioautomotive.com/backend/assets/uploads/products/YWJiSXI3Y1R2Si9EWGRIcWpWQ21ydz09_1745576808_0.jpg,EXACT,819/00135,SPACER,819-00135-spacer,Shim / Spacer / Washer,source_image,0.25,CROSS_REFERENCE_CONFIRMED
Front Axle Spacer 5.5MM,819/00136,Shim/ Spacer/Washer,https://www.antheautoparts.com/product-details/front-axle-spacer-55mm-819-00136-jcb-spare-parts,https://enterprise.saioautomotive.com/backend/assets/uploads/products/YitqK28xV1luQ245NGFMbmpBenhaQT09_1745576863_0.jpg,EXACT,819/00136,SPACER,819-00136-spacer,Shim / Spacer / Washer,source_image,0.25,CROSS_REFERENCE_CONFIRMED
Front Axle Spacer 6MM,819/00137,Shim/ Spacer/Washer,https://www.antheautoparts.com/product-details/front-axle-spacer-6mm-819-00137-jcb-parts-near-me,https://enterprise.saioautomotive.com/backend/assets/uploads/products/NVc2cHhwaEV0eHlHdU5RL3dKUHZiUT09_1745576917_0.jpg,EXACT,819/00137,SPACER,819-00137-spacer,Shim / Spacer / Washer,source_image,0.25,CROSS_REFERENCE_CONFIRMED
"Shim, 1.4MM",819/00143,Shim/ Spacer/Washer,https://www.antheautoparts.com/product-details/shim-14mm-819-00143-jcb-parts-near-me,https://enterprise.saioautomotive.com/backend/assets/uploads/products/Y0dvVTRaZ3FOenFkbmZkb1pvbVdSQT09_1745577128_0.jpg,HIGH,819/00143,SHIM 60x130x1.4,819-00143-shim-60x130x14,Shim / Spacer / Washer,source_image,0.33,CROSS_REFERENCE_CONFIRMED
Circlip,821/00209,Shim/ Spacer/Washer,https://www.antheautoparts.com/product-details/circlip-821-00209-jcb-parts-near-me,https://enterprise.saioautomotive.com/backend/assets/uploads/products/c01BVDcwdVdES0Z3OXJNTWdpZGJVZz09_1745577181_0.jpg,EXACT,821/00209,LSHAPEDCIRCLIPCD2983,821-00209-lshapedcirclipcd2983,Shim / Spacer / Washer,source_image,0,CROSS_REFERENCE_CONFIRMED
Hub Circlip,821/00210,Shim/ Spacer/Washer,https://www.antheautoparts.com/product-details/hub-circlip-821-00210-jcb-parts-online,https://enterprise.saioautomotive.com/backend/assets/uploads/products/MzhSSGpJYWxsYkgxS25YVGxYRFlxdz09_1745577246_0.jpg,HIGH,821/00210,CIRCLIP - INTERNAL,821-00210-circlip-internal,Axle & Wheel Parts,generated_image,0.33,CROSS_REFERENCE_CONFIRMED
"Circlip, Pivot Pin",821/00297,Shim/ Spacer/Washer,https://www.antheautoparts.com/product-details/circlip-pivot-pin-821-00297-jcb-parts-catalog,https://enterprise.saioautomotive.com/backend/assets/uploads/products/Q3Q5RFNPQU53T1lURUhsckUwMGl0dz09_1745577318_0.jpg,EXACT,821/00297,CIRCLIP 60mm,821-00297-circlip-60mm,Shim / Spacer / Washer,source_image,0.25,CROSS_REFERENCE_CONFIRMED
Shim .95MM,823/00237,Shim/ Spacer/Washer,https://www.antheautoparts.com/product-details/shim-95mm-823-00237-jcb-parts-online,https://enterprise.saioautomotive.com/backend/assets/uploads/products/YVZOS1N0dkt6bksvUkM0U0lrdWs2dz09_1745577436_0.jpg,HIGH,823/00237,SHIM,823-00237-shim,Shim / Spacer / Washer,source_image,0.5,CROSS_REFERENCE_CONFIRMED
Ring Clip 35MM,823/00334,Shim/ Spacer/Washer,https://www.antheautoparts.com/product-details/ring-clip-35mm-823-00334-jcb-spare-parts-dealer,https://enterprise.saioautomotive.com/backend/assets/uploads/products/bjRIYUR4OXBIbm9yTjZwdjBjVVU5QT09_1745577489_0.jpg,EXACT,823/00334,KLIPRING,823-00334-klipring,Shim / Spacer / Washer,source_image,0,CROSS_REFERENCE_CONFIRMED
Bucket Pin Washers,823/00470,Shim/ Spacer/Washer,https://www.antheautoparts.com/product-details/bucket-pin-washers-823-00470-jcb-genuine-parts,https://enterprise.saioautomotive.com/backend/assets/uploads/products/R0FpVjFqS1NKdW1IZTNCSUJicXdzQT09_1745577544_0.jpg,EXACT,823/00470,WASHER,823-00470-washer,Shim / Spacer / Washer,source_image,0,CROSS_REFERENCE_CONFIRMED
"Shim, 1.4MM",823/00471,Shim/ Spacer/Washer,https://www.antheautoparts.com/product-details/shim-14mm-823-00471-replacement-jcb-parts,https://enterprise.saioautomotive.com/backend/assets/uploads/products/Z3NJa0p3TVQ3WFhZdFhQc3NKSnJQZz09_1745577596_0.jpg,HIGH,823/00471,SHIM 1.4mm,823-00471-shim-14mm,Shim / Spacer / Washer,source_image,1,CROSS_REFERENCE_CONFIRMED
Hydraclamp Tab Washer,823/00476,Shim/ Spacer/Washer,https://www.antheautoparts.com/product-details/hydraclamp-tab-washer-823-00476-jcb-spares,https://enterprise.saioautomotive.com/backend/assets/uploads/products/bW1Ec0J3SmVEWGx4ZHlrV3hXZ2lPZz09_1745577656_0.jpg,HIGH,823/00476,TAB WASHER,823-00476-tab-washer,Shim / Spacer / Washer,source_image,0.67,CROSS_REFERENCE_CONFIRMED
Washer Clamp LH,823/00576 | 823/10331,Shim/ Spacer/Washer,https://www.antheautoparts.com/product-details/washer-clamp-lh-823-00576-823-10331-jcb-parts-online,https://enterprise.saioautomotive.com/backend/assets/uploads/products/aWpSd1R6REkzbUxtWXI2SmEzZHVlQT09_1745577717_0.jpg,HIGH,823/00576,L/H CLAMP WASHER,823-00576-l-h-clamp-washer,Shim / Spacer / Washer,source_image,0.67,CROSS_REFERENCE_CONFIRMED
Washer Clamp RH,823/00577 | 823/10332,Shim/ Spacer/Washer,https://www.antheautoparts.com/product-details/washer-clamp-rh-823-00577-823-10332-jcb-parts-near-me,https://enterprise.saioautomotive.com/backend/assets/uploads/products/R1dQblN4SmdVWWtzampaRjRpRWd5QT09_1745577811_0.jpg,HIGH,823/00577,R/H CLAMP WASHER,823-00577-r-h-clamp-washer,Shim / Spacer / Washer,source_image,0.67,CROSS_REFERENCE_CONFIRMED
"Thrust Washer, 6MM",823/10270 | 123/05227,Shim/ Spacer/Washer,https://www.antheautoparts.com/product-details/thrust-washer-6mm-823-10270-123-05227-jcb-spares,https://enterprise.saioautomotive.com/backend/assets/uploads/products/N3BMNDdtNU5PdlJjcWI3SkNKT3dkZz09_1745577942_0.jpg,HIGH,823/10270,THRUST WASHER KING POST,823-10270-thrust-washer-king-post,Shim / Spacer / Washer,source_image,0.4,CROSS_REFERENCE_CONFIRMED
Lynch Pins,826/00512,Shim/ Spacer/Washer,https://www.antheautoparts.com/product-details/lynch-pins-826-00512-jcb-spare-parts,https://enterprise.saioautomotive.com/backend/assets/uploads/products/Yk1Ja3ZncSt3SHpmTEowdGdPRTBsUT09_1745578047_0.jpg,EXACT,826/00512,8.9MM X 57MM LYNCH PIN,826-00512-89mm-x-57mm-lynch-pin,Shim / Spacer / Washer,source_image,0.2,CROSS_REFERENCE_CONFIRMED
Kingpost & Carriage Thrust Washer,#831/00114,Shim/ Spacer/Washer,https://www.antheautoparts.com/product-details/kingpost-carriage-thrust-washer-831-00114-jcb-parts-near-me,https://enterprise.saioautomotive.com/backend/assets/uploads/products/dTF2V3ZEdUw5R25Yc2lBYnlURG4wUT09_1745578108_0.jpg,HIGH,831/00114,THRUST WASHER_SB,831-00114-thrust-washer-sb,Shim / Spacer / Washer,source_image,0.4,CROSS_REFERENCE_CONFIRMED
Clip Safety,913/00005,Shim/ Spacer/Washer,https://www.antheautoparts.com/product-details/clip-safety-913-00005-jcb-parts-online,https://enterprise.saioautomotive.com/backend/assets/uploads/products/a0lIZHJRTFBaM0JDS001NE9zRzJRQT09_1745578177_0.jpg,HIGH,913/00005,CLEVIS CLIP,913-00005-clevis-clip,Shim / Spacer / Washer,source_image,0.33,CROSS_REFERENCE_CONFIRMED
King Pin Shims,921/00807,Shim/ Spacer/Washer,https://www.antheautoparts.com/product-details/king-pin-shims-921-00807-jcb-spare-parts,https://enterprise.saioautomotive.com/backend/assets/uploads/products/a3dsVlNiNFZIZkIrUVhRTEV6V2V2UT09_1745578241_0.jpg,EXACT,921/00807,SHIM 0.5,921-00807-shim-05,Shim / Spacer / Washer,source_image,0,CROSS_REFERENCE_CONFIRMED
"Thrust Washer, 7MM",998/00006,Shim/ Spacer/Washer,https://www.antheautoparts.com/product-details/thrust-washer-7mm-998-00006-jcb-spare-parts-dealer,https://enterprise.saioautomotive.com/backend/assets/uploads/products/aEdGelJEbFY2QVdhaEo1WFhLT2syUT09_1745578338_0.jpg,UNMATCHED,,,,,,0,EXTERNAL_ONLY_PRODUCT
"Thrust Washer, 4MM",998/00007,Shim/ Spacer/Washer,https://www.antheautoparts.com/product-details/thrust-washer-4mm-998-00007-jcb-spare-parts-dealer,https://enterprise.saioautomotive.com/backend/assets/uploads/products/Z0piWmdjZ0hvb1V5QkZxdmlpY25jUT09_1745578413_0.jpg,EXACT,998/00007,WASHER4MMTHRUST,998-00007-washer4mmthrust,Shim / Spacer / Washer,source_image,0,CROSS_REFERENCE_CONFIRMED
Shim,921/01900,Shim/ Spacer/Washer,https://www.antheautoparts.com/product-details/shim-921-01900-replacement-jcb-parts,https://enterprise.saioautomotive.com/backend/assets/uploads/products/NEFXNld2S0tBRms5UDhEN3piUWhuUT09_1745578467_0.jpg,EXACT,921/01900,SHIMKIT(40/303432),921-01900-shimkit-40-303432,Shim / Spacer / Washer,source_image,0,CROSS_REFERENCE_CONFIRMED
Washer,823/00377,Shim/ Spacer/Washer,https://www.antheautoparts.com/product-details/washer-823-00377-jcb-parts,https://enterprise.saioautomotive.com/backend/assets/uploads/products/c2U0UDE3cnpGT1JDeUt4cG9qM2RMUT09_1745578526_0.jpg,HIGH,823/00377,PLAIN WASHER,823-00377-plain-washer,Shim / Spacer / Washer,placeholder_image,0.5,DISCOVERED_IMAGE_REFERENCE_FOR_REVIEW
Solenoid - Pump Cut Off,17/105201,Solenoid,https://www.antheautoparts.com/product-details/solenoid-pump-cut-off-17-105201-replacement-jcb-parts,https://enterprise.saioautomotive.com/backend/assets/uploads/products/cFMzM2VDME5yODZuZDRrdjZ3OHJiZz09_1745579142_0.jpg,EXACT,17/105201,SOLENOID,17-105201-solenoid,Solenoid,source_image,0.25,CROSS_REFERENCE_CONFIRMED
Genuine Vickers Eaton 3 Pin Solenoid Valve Assy,25/101100 25/918800,Solenoid,https://www.antheautoparts.com/product-details/genuine-vickers-eaton-3-pin-solenoid-valve-assy-25-101100-25-918800-jcb-aftermarket-parts,https://enterprise.saioautomotive.com/backend/assets/uploads/products/TU1lNENBQWN4M2VpNC9QSFkxSHNLdz09_1745579231_0.jpg,UNMATCHED,,,,,,0,EXTERNAL_ONLY_PRODUCT
3 Pin Solenoid Valve Assy,25/103000,Solenoid,https://www.antheautoparts.com/product-details/3-pin-solenoid-valve-assy-25-103000-jcb-aftermarket-parts,https://enterprise.saioautomotive.com/backend/assets/uploads/products/ZEVlNDZvejEwUUl1ODAwL3BXL25nZz09_1745579321_0.jpg,EXACT,25/103000,SOLENOIDVALVE,25-103000-solenoidvalve,Electrical Parts,source_image,0,CROSS_REFERENCE_CONFIRMED
Solenoid Valve Assembly,25/105100,Solenoid,https://www.antheautoparts.com/product-details/solenoid-valve-assembly-25-105100-jcb-spare-parts,https://enterprise.saioautomotive.com/backend/assets/uploads/products/THZ6WElvRkhub3dXODRneWVvenZ3dz09_1745579381_0.jpg,UNMATCHED,,,,,,0,EXTERNAL_ONLY_PRODUCT
Solenoid Valve Assembly,25/105200,Solenoid,https://www.antheautoparts.com/product-details/solenoid-valve-assembly-25-105200-jcb-parts-near-me,https://enterprise.saioautomotive.com/backend/assets/uploads/products/NXF3NHVvM0R1dHdEbkkzZHdsc1NhQT09_1745579503_0.jpg,UNMATCHED,,,,,,0,EXTERNAL_ONLY_PRODUCT
Solenoid Valve Assembly,25/220994,Solenoid,https://www.antheautoparts.com/product-details/solenoid-valve-assembly-25-220994-jcb-parts-near-me,https://enterprise.saioautomotive.com/backend/assets/uploads/products/eWdPai9CajNGb0VzVWpDdXBKYzVwUT09_1745579588_0.jpg,UNMATCHED,,,,,,0,EXTERNAL_ONLY_PRODUCT
Valve Solenoid,25/220998 | 25/MM6396,Solenoid,https://www.antheautoparts.com/product-details/valve-solenoid-25-220998-25-mm6396-jcb-parts-catalog,https://enterprise.saioautomotive.com/backend/assets/uploads/products/VVQvakM3WVI4L1NGY1pJS1dmaWFiZz09_1745579659_0.jpg,HIGH,25/220998,Valve solenoid,25-220998-valve-solenoid,Electrical Parts,placeholder_image,1,DISCOVERED_IMAGE_REFERENCE_FOR_REVIEW
Hydraforce Solenoid Assembly,25/222657,Solenoid,https://www.antheautoparts.com/product-details/hydraforce-solenoid-assembly-25-222657-jcb-spare-parts-dealer,https://enterprise.saioautomotive.com/backend/assets/uploads/products/eVY0L1YvOTdEaVJNbnhiRTI0M2dxZz09_1745579731_0.jpg,EXACT,25/222657,Solonoid cartidge valve,25-222657-solonoid-cartidge-valve,Solenoid,source_image,0,CROSS_REFERENCE_CONFIRMED
Solenoid Coil,25/974628,Solenoid,https://www.antheautoparts.com/product-details/solenoid-coil-25-974628-jcb-parts-catalog,https://enterprise.saioautomotive.com/backend/assets/uploads/products/SHBaOHJWeGoyWUlBOXl3QzlDNjlVUT09_1745579915_0.jpg,HIGH,25/974628,COIL,25-974628-coil,Solenoid,source_image,0.5,CROSS_REFERENCE_CONFIRMED
Valve Assembly,445/10200,Solenoid,https://www.antheautoparts.com/product-details/valve-assembly-445-10200-jcb-aftermarket-parts,https://enterprise.saioautomotive.com/backend/assets/uploads/products/bDhZNnZkVjB3VC95ZTFLa3ArV0RTQT09_1745579987_0.jpg,EXACT,445/10200,GASOLENOIDADAPTOR,445-10200-gasolenoidadaptor,Solenoid,source_image,0,CROSS_REFERENCE_CONFIRMED
Solenoid Valve Assembly,459/M2874 | 25/220990 | 25/220804,Solenoid,https://www.antheautoparts.com/product-details/solenoid-valve-assembly-459-m2874-25-220990-25-220804-replacement-jcb-parts,https://enterprise.saioautomotive.com/backend/assets/uploads/products/aUVpMFpzdXJ4Y0M4aUk5Y2FWbXJRUT09_1745580049_0.jpg,EXACT,459/M2874,Valvesolenoidassembly,459-m2874-valvesolenoidassembly,Solenoid,source_image,0,CROSS_REFERENCE_CONFIRMED
Vickers 12V 30W Solenoid Coil Flat Pin,477/00824 | 02/124661,Solenoid,https://www.antheautoparts.com/product-details/vickers-12v-30w-solenoid-coil-flat-pin-477-00824-02-124661-jcb-parts-near-me,https://enterprise.saioautomotive.com/backend/assets/uploads/products/V2JKcVVQS3hVdnlRR1U0ZTM4cHc1dz09_1745580120_0.jpg,UNMATCHED,,,,,,0,EXTERNAL_ONLY_PRODUCT
Solenoid Switch Starter Motor,714/40160,Solenoid,https://www.antheautoparts.com/product-details/solenoid-switch-starter-motor-714-40160-jcb-aftermarket-parts,https://enterprise.saioautomotive.com/backend/assets/uploads/products/V2o5cDlqNzgrZzkwNjgzT1BtSHVUQT09_1745580170_0.jpg,UNMATCHED,,,,,,0,EXTERNAL_ONLY_PRODUCT
Delphi Solenoid Fuel Pump ESOS,716/30255 | 716/30098,Solenoid,https://www.antheautoparts.com/product-details/delphi-solenoid-fuel-pump-esos-716-30255-716-30098-jcb-aftermarket-parts,https://enterprise.saioautomotive.com/backend/assets/uploads/products/cTFSeUFJd3JVbGhCOTFxNWk2K283Zz09_1745580235_0.jpg,HIGH,716/30255,SOLENOID ESOS,716-30255-solenoid-esos,Solenoid,source_image,0.4,CROSS_REFERENCE_CONFIRMED
Solenoid Coil 12V 30W,717/20142,Solenoid,https://www.antheautoparts.com/product-details/solenoid-coil-12v-30w-717-20142-jcb-parts-catalog,https://enterprise.saioautomotive.com/backend/assets/uploads/products/RVd1U0sxSHVEbEVXK3NkRmtNZU1JUT09_1745580286_0.jpg,UNMATCHED,,,,,,0,EXTERNAL_ONLY_PRODUCT
Hydraulic Solenoid Valve,25/220992,Solenoid,https://www.antheautoparts.com/product-details/hydraulic-solenoid-valve-25-220992-jcb-parts-near-me,https://enterprise.saioautomotive.com/backend/assets/uploads/products/TTk2NkFkKzV3ZEhTQmJJbkg5REx6Zz09_1745580362_0.jpg,HIGH,25/220992,VALVE SOLENOID,25-220992-valve-solenoid,Solenoid,source_image,0.67,CROSS_REFERENCE_CONFIRMED
Hydraulic Solenoid,25/222913,Solenoid,https://www.antheautoparts.com/product-details/hydraulic-solenoid-25-222913-jcb-spare-parts-dealer,https://enterprise.saioautomotive.com/backend/assets/uploads/products/SSt0NTVzUnFVdkg5T1lqalN1OXlkUT09_1745580418_0.jpg,EXACT,25/222913,VALVE - CARTRIDGE,25-222913-valve-cartridge,Solenoid,source_image,0,CROSS_REFERENCE_CONFIRMED
Torque Converter,03/300001,Torque Converter,https://www.antheautoparts.com/product-details/torque-converter-03-300001-jcb-parts-near-me,https://enterprise.saioautomotive.com/backend/assets/uploads/products/RC9iTUFNZXZoVWdWVzlmNnBnZnFNZz09_1745640965_0.jpg,HIGH,03/300001,TORQUE CONVERTOR,03-300001-torque-convertor,Torque Converter,source_image,0.33,CROSS_REFERENCE_CONFIRMED
Torque Converter,04/500100 | 04/500600,Torque Converter,https://www.antheautoparts.com/product-details/torque-converter-04-500100-04-500600-jcb-spare-parts-dealer,https://enterprise.saioautomotive.com/backend/assets/uploads/products/ajhlTlE4T1JZbldsd1oxLzRSYnFoQT09_1745641077_0.jpg,EXACT,04/500100,TORQUECONVERTER,04-500100-torqueconverter,Torque Converter,source_image,0,CROSS_REFERENCE_CONFIRMED
Torque Converter,04/600650 | 04/501600,Torque Converter,https://www.antheautoparts.com/product-details/torque-converter-04-600650-04-501600-jcb-spare-parts,https://enterprise.saioautomotive.com/backend/assets/uploads/products/YUNjeDNZaVlZaDBwNGNkdllDRlIvUT09_1745641166_0.jpg,UNMATCHED,,,,,,0,EXTERNAL_ONLY_PRODUCT
Torque Converter,04/501200,Torque Converter,https://www.antheautoparts.com/product-details/torque-converter-04-501200-jcb-parts-near-me,https://enterprise.saioautomotive.com/backend/assets/uploads/products/b2tIWGdLM2xFMFB5cEhlaXV6UjdiQT09_1745641233_0.jpg,UNMATCHED,,,,,,0,EXTERNAL_ONLY_PRODUCT
Torque Converter,04/500800,Torque Converter,https://www.antheautoparts.com/product-details/torque-converter-04-500800-jcb-genuine-parts,https://enterprise.saioautomotive.com/backend/assets/uploads/products/RXhxZFBGTi9UdnpPaG1IUFByVFBRUT09_1745641291_0.jpg,EXACT,04/500800,WH-11TORQUECONVERTOR,04-500800-wh-11torqueconvertor,Torque Converter,source_image,0,CROSS_REFERENCE_CONFIRMED
Torque Converter,04/600581,Torque Converter,https://www.antheautoparts.com/product-details/torque-converter-04-600581-jcb-genuine-parts,https://enterprise.saioautomotive.com/backend/assets/uploads/products/Z25FOFBXRitCbXhDRVE0MUJmRVpBQT09_1745641340_0.jpg,UNMATCHED,,,,,,0,EXTERNAL_ONLY_PRODUCT
Torque Converter,04/600784,Torque Converter,https://www.antheautoparts.com/product-details/torque-converter-04-600784-jcb-parts-near-me,https://enterprise.saioautomotive.com/backend/assets/uploads/products/YlBVMGF0RURTTFpBeWZuZU9QY3dlZz09_1745641391_0.jpg,EXACT,04/600784,CONVERTOR - W300 (2.52)-4DX,04-600784-convertor-w300-252-4dx,Torque Converter,source_image,0,CROSS_REFERENCE_CONFIRMED
Torque Converter,04/600786,Torque Converter,https://www.antheautoparts.com/product-details/torque-converter-04-600786-jcb-aftermarket-parts,https://enterprise.saioautomotive.com/backend/assets/uploads/products/eGM5aC9xNnZ1cFVtdWxhU1hwTUpydz09_1745641471_0.jpg,HIGH,04/600786,TORQUE CONVERTOR W,04-600786-torque-convertor-w,Torque Converter,placeholder_image,0.33,DISCOVERED_IMAGE_REFERENCE_FOR_REVIEW
Torque Converter,04/600868,Torque Converter,https://www.antheautoparts.com/product-details/torque-converter-04-600868-jcb-parts-near-me,https://enterprise.saioautomotive.com/backend/assets/uploads/products/bXRJS0l2clh0ajROd1NnNU9hMmZ2QT09_1745641525_0.jpg,EXACT,04/600868,TORQUE CONVERTOR -LUC,04-600868-torque-convertor-luc,Torque Converter,source_image,0.25,CROSS_REFERENCE_CONFIRMED
Drive Plate Kit,04/600864,Torque Converter,https://www.antheautoparts.com/product-details/drive-plate-kit-04-600864-jcb-aftermarket-parts,https://enterprise.saioautomotive.com/backend/assets/uploads/products/UEQ3K2JUYTdocjI5ZnVGWG1qZnRndz09_1745641580_0.jpg,EXACT,04/600864,"/8"" BULKHEAD ADAPTOR",04-600864-8-bulkhead-adaptor,Torque Converter,source_image,0,CROSS_REFERENCE_CONFIRMED
Drive Plate Kit,04/600136,Torque Converter,https://www.antheautoparts.com/product-details/drive-plate-kit-04-600136-jcb-parts-catalog,https://enterprise.saioautomotive.com/backend/assets/uploads/products/TnhNb1ZlMm9zaWpiVS9DdmdGM0J3dz09_1745641633_0.jpg,UNMATCHED,,,,,,0,EXTERNAL_ONLY_PRODUCT
Drive Plate Kit,04/500300,Torque Converter,https://www.antheautoparts.com/product-details/drive-plate-kit-04-500300-jcb-parts-online,https://enterprise.saioautomotive.com/backend/assets/uploads/products/QzNCTThQWk56NXEzdTFyaE0vL2x6dz09_1745641706_0.jpg,HIGH,04/500300,DRIVE PLATE KIT,04-500300-drive-plate-kit,Torque Converter,placeholder_image,1,DISCOVERED_IMAGE_REFERENCE_FOR_REVIEW
Transmission Friction Plate,04/500230,Transmission & Gear Parts,https://www.antheautoparts.com/product-details/transmission-friction-plate-04-500230-jcb-spare-parts,https://enterprise.saioautomotive.com/backend/assets/uploads/products/RmlzcjA1VUduTXZHdG5JSlY5VWxmUT09_1745646814_0.jpg,UNMATCHED,,,,,,0,EXTERNAL_ONLY_PRODUCT
"Counter Plate, Borg Warner",04/500231,Transmission & Gear Parts,https://www.antheautoparts.com/product-details/counter-plate-borg-warner-04-500231-jcb-parts-near-me,https://enterprise.saioautomotive.com/backend/assets/uploads/products/RnF1QnEwVGNHelNTRE9SM0dsUVdCdz09_1745646876_0.jpg,UNMATCHED,,,,,,0,EXTERNAL_ONLY_PRODUCT
Transmission Oil Dipstick,123/02459,Transmission & Gear Parts,https://www.antheautoparts.com/product-details/transmission-oil-dipstick-123-02459-jcb-spare-parts-dealer,https://enterprise.saioautomotive.com/backend/assets/uploads/products/SmN0M1lGcFN5clR0blBmZEJJbTkydz09_1745646924_0.jpg,UNMATCHED,,,,,,0,EXTERNAL_ONLY_PRODUCT
Nut Male 1'' Sealastic,155/10600,Transmission & Gear Parts,https://www.antheautoparts.com/product-details/nut-male-1-sealastic-155-10600-jcb-parts-online,https://enterprise.saioautomotive.com/backend/assets/uploads/products/eVVsRHZPTW9xK2tzanE0dU1NYVpoUT09_1745646974_0.jpg,EXACT,155/10600,Lock nut and Seal,155-10600-lock-nut-and-seal,Seals & Seal Kits,placeholder_image,0.2,DISCOVERED_IMAGE_REFERENCE_FOR_REVIEW
Transmission Oil Cooler,30/921200 | 30/925441 | 923/02700,Transmission & Gear Parts,https://www.antheautoparts.com/product-details/transmission-oil-cooler-30-921200-30-925441-923-02700-jcb-spare-parts,https://enterprise.saioautomotive.com/backend/assets/uploads/products/MUJaK1hqYkVIVnl5UWRRSHF0MTdMUT09_1745647049_0.jpg,EXACT,30/921200,COOLERTRANS.,30-921200-coolertrans,Transmission & Gear Parts,source_image,0,CROSS_REFERENCE_CONFIRMED
Counter Plate Clutch,331/16516,Transmission & Gear Parts,https://www.antheautoparts.com/product-details/counter-plate-clutch-331-16516-jcb-spares,https://enterprise.saioautomotive.com/backend/assets/uploads/products/S3BLaHdUSWZDZTgwK1lFNEFPQ1RYZz09_1745647104_0.jpg,EXACT,331/16516,COUNTERPLATE,331-16516-counterplate,Transmission & Gear Parts,source_image,0,CROSS_REFERENCE_CONFIRMED
Friction Plate Clutch,331/16520,Transmission & Gear Parts,https://www.antheautoparts.com/product-details/friction-plate-clutch-331-16520-jcb-parts-near-me,https://enterprise.saioautomotive.com/backend/assets/uploads/products/RFFYSUx0TDdBa1VZdFZrYytKZThFQT09_1745647166_0.jpg,EXACT,331/16520,FRICATIONPLATE,331-16520-fricationplate,Transmission & Gear Parts,source_image,0,CROSS_REFERENCE_CONFIRMED
Mount,331/40347,Transmission & Gear Parts,https://www.antheautoparts.com/product-details/mount-331-40347-replacement-jcb-parts,https://enterprise.saioautomotive.com/backend/assets/uploads/products/azFrUXVQdGtxNy8xbnVRU3pyWFIvZz09_1745647228_0.jpg,UNMATCHED,,,,,,0,EXTERNAL_ONLY_PRODUCT
Layshaft,332/Y8857,Transmission & Gear Parts,https://www.antheautoparts.com/product-details/layshaft-332-y8857-jcb-genuine-parts,https://enterprise.saioautomotive.com/backend/assets/uploads/products/SENwb013VEIwYnJmVFRIbWJReVQ5dz09_1745647279_0.jpg,HIGH,332/Y8857,LAYSHAFT -L/R,332-y8857-layshaft-l-r,Transmission & Gear Parts,source_image,1,CROSS_REFERENCE_CONFIRMED
Main Shaft Sleeve,445/03003,Transmission & Gear Parts,https://www.antheautoparts.com/product-details/main-shaft-sleeve-445-03003-jcb-genuine-parts,https://enterprise.saioautomotive.com/backend/assets/uploads/products/UTA3RlhLbE5VTk1hbmNzdmdockpVdz09_1745647337_0.jpg,UNMATCHED,,,,,,0,EXTERNAL_ONLY_PRODUCT
Gear 3RD - 31T,445/03007,Transmission & Gear Parts,https://www.antheautoparts.com/product-details/gear-3rd-31t-445-03007-jcb-genuine-parts,https://enterprise.saioautomotive.com/backend/assets/uploads/products/M0FweUNaMURYN2tzakRBWTJNQzM4QT09_1745647545_0.jpg,EXACT,445/03007,THIRDGEAR,445-03007-thirdgear,Transmission & Gear Parts,source_image,0,CROSS_REFERENCE_CONFIRMED
Gear 3ND - 40Teeth,445/03009,Transmission & Gear Parts,https://www.antheautoparts.com/product-details/gear-3nd-40teeth-445-03009-jcb-parts-catalog,https://enterprise.saioautomotive.com/backend/assets/uploads/products/YjdnOU0zQk1LZzN5MW91cC9PWWcrUT09_1745647614_0.jpg,EXACT,445/03009,SECOND GEAR,445-03009-second-gear,Transmission & Gear Parts,source_image,0.25,CROSS_REFERENCE_CONFIRMED
Lay Shaft Sleeve,445/03010,Transmission & Gear Parts,https://www.antheautoparts.com/product-details/lay-shaft-sleeve-445-03010-jcb-aftermarket-parts,https://enterprise.saioautomotive.com/backend/assets/uploads/products/OHRqd2sxOWRqOEpVUFp5MkpubGwvZz09_1745647716_0.jpg,EXACT,445/03010,HUB SLEEVE,445-03010-hub-sleeve,Transmission & Gear Parts,source_image,0.25,CROSS_REFERENCE_CONFIRMED
Gear 1ST - 44,445/03012,Transmission & Gear Parts,https://www.antheautoparts.com/product-details/gear-1st-44-445-03012-jcb-parts-catalog,https://enterprise.saioautomotive.com/backend/assets/uploads/products/QkJxSmRETTZ0MnVFY3hWY2w0ejRtUT09_1745647764_0.jpg,EXACT,445/03012,FIRSTGEAR,445-03012-firstgear,Transmission & Gear Parts,source_image,0,CROSS_REFERENCE_CONFIRMED
Transmission Shaft,445/03014,Transmission & Gear Parts,https://www.antheautoparts.com/product-details/transmission-shaft-445-03014-jcb-spare-parts-dealer,https://enterprise.saioautomotive.com/backend/assets/uploads/products/ZHJTUFdvN05lMXlNMitYRWhjNUU0Zz09_1745647815_0.jpg,UNMATCHED,,,,,,0,EXTERNAL_ONLY_PRODUCT
Gear Lever Assy. Pin,445/03023,Transmission & Gear Parts,https://www.antheautoparts.com/product-details/gear-lever-assy-pin-445-03023-replacement-jcb-parts,https://enterprise.saioautomotive.com/backend/assets/uploads/products/OUZmWlMzT2JKaC84aTdpQXF3YUdrdz09_1745647917_0.jpg,EXACT,445/03023,PIVOT PIN,445-03023-pivot-pin,Transmission & Gear Parts,source_image,0.2,CROSS_REFERENCE_CONFIRMED
Transmission Friction Plate,445/03205,Transmission & Gear Parts,https://www.antheautoparts.com/product-details/transmission-friction-plate-445-03205-jcb-parts,https://enterprise.saioautomotive.com/backend/assets/uploads/products/L25la3lWU2d5L2w1UVYxMUJMVFFwZz09_1745648114_0.jpg,HIGH,445/03205,FRICTION PLATE,445-03205-friction-plate,Transmission & Gear Parts,source_image,0.67,CROSS_REFERENCE_CONFIRMED
Transmission Counter Plate,445/03206,Transmission & Gear Parts,https://www.antheautoparts.com/product-details/transmission-counter-plate-445-03206-jcb-parts-near-me,https://enterprise.saioautomotive.com/backend/assets/uploads/products/UE9tbXluV2tUbUdsSEJMdzN1Ni9tdz09_1745648160_0.jpg,HIGH,445/03206,COUNTER PLATE,445-03206-counter-plate,Transmission & Gear Parts,source_image,0.67,CROSS_REFERENCE_CONFIRMED
Synchroniser Assembly,445/03300,Transmission & Gear Parts,https://www.antheautoparts.com/product-details/synchroniser-assembly-445-03300-jcb-spare-parts,https://enterprise.saioautomotive.com/backend/assets/uploads/products/NXhDWGpZc3pyckM0VHpZOVVHQUNVZz09_1745648217_0.jpg,HIGH,445/03300,SYNCHRONISER ASSY,445-03300-synchroniser-assy,Transmission & Gear Parts,source_image,0.33,CROSS_REFERENCE_CONFIRMED
Lever Gear Shift Top,445/05501,Transmission & Gear Parts,https://www.antheautoparts.com/product-details/lever-gear-shift-top-445-05501-jcb-spare-parts-dealer,https://enterprise.saioautomotive.com/backend/assets/uploads/products/T0Y1TE16ZnZWZ2ZHbDJkdGwrLzBoQT09_1745648272_0.jpg,HIGH,445/05501,TOP GEAR SHIFT LEVER,445-05501-top-gear-shift-lever,Transmission & Gear Parts,source_image,1,CROSS_REFERENCE_CONFIRMED
Gear Lever Shift Bottom,445/05503,Transmission & Gear Parts,https://www.antheautoparts.com/product-details/gear-lever-shift-bottom-445-05503-jcb-parts-online,https://enterprise.saioautomotive.com/backend/assets/uploads/products/UGRmbFNvZjQzUEFoT0ZSOWdUcEk4dz09_1745648336_0.jpg,HIGH,445/05503,GEAR SHIFT BOT STAB L,445-05503-gear-shift-bot-stab-l,Transmission & Gear Parts,source_image,0.33,CROSS_REFERENCE_CONFIRMED
Lever Gear Assy. Kit W. Turret Housing,445/10800 | 459/101542,Transmission & Gear Parts,https://www.antheautoparts.com/product-details/lever-gear-assy-kit-w-turret-housing-445-10800-459-101542-jcb-genuine-parts,https://enterprise.saioautomotive.com/backend/assets/uploads/products/VmRNWTdYTnN4dkwxbnFSQSt2SytlZz09_1745648389_0.jpg,UNMATCHED,,,,,,0,EXTERNAL_ONLY_PRODUCT
Gear Change Turret Housing,445/10801,Transmission & Gear Parts,https://www.antheautoparts.com/product-details/gear-change-turret-housing-445-10801-jcb-parts-near-me,https://enterprise.saioautomotive.com/backend/assets/uploads/products/cW5jc1dlWTZTRDJkUlNpUkFVc05Zdz09_1745648446_0.jpg,UNMATCHED,,,,,,0,EXTERNAL_ONLY_PRODUCT
Gear Shift Ball Turret Seating,445/10802,Transmission & Gear Parts,https://www.antheautoparts.com/product-details/gear-shift-ball-turret-seating-445-10802-jcb-parts-near-me,https://enterprise.saioautomotive.com/backend/assets/uploads/products/bzVMMWJBREYwV0U1VmptWS9MQW1oUT09_1745648501_0.jpg,HIGH,445/10802,GEAR SHIFT BALL SEATING,445-10802-gear-shift-ball-seating,Transmission & Gear Parts,source_image,0.8,CROSS_REFERENCE_CONFIRMED
Gear Shift Turret Washers,445/10803,Transmission & Gear Parts,https://www.antheautoparts.com/product-details/gear-shift-turret-washers-445-10803-jcb-spare-parts-dealer,https://enterprise.saioautomotive.com/backend/assets/uploads/products/MkI3R0QvUTYzQmZoSnZPQ3NsVVhpZz09_1745648555_0.jpg,HIGH,445/10803,GEAR SHIFT BALL WASHER,445-10803-gear-shift-ball-washer,Transmission & Gear Parts,source_image,0.33,CROSS_REFERENCE_CONFIRMED
"Thrust Washer, Transmission",445/12303 | 445/19808,Transmission & Gear Parts,https://www.antheautoparts.com/product-details/thrust-washer-transmission-445-12303-445-19808-replacement-jcb-parts,https://enterprise.saioautomotive.com/backend/assets/uploads/products/MFFUQnQxWjY3czFrR1FXMy9USEUzQT09_1745648667_0.jpg,HIGH,445/12303,WASHER - THRUST,445-12303-washer-thrust,Transmission & Gear Parts,source_image,0.67,CROSS_REFERENCE_CONFIRMED
Transmission Counter Plate,445/12307,Transmission & Gear Parts,https://www.antheautoparts.com/product-details/transmission-counter-plate-445-12307-jcb-genuine-parts,https://enterprise.saioautomotive.com/backend/assets/uploads/products/a2hGWURHU1NPdkdycVVvbW40R3htQT09_1745648764_0.jpg,HIGH,445/12307,COUNTER PLATE,445-12307-counter-plate,Transmission & Gear Parts,source_image,0.67,CROSS_REFERENCE_CONFIRMED
Housing Plate Carrier Assy. 22T & 45T,445/12600 | 449/02001,Transmission & Gear Parts,https://www.antheautoparts.com/product-details/housing-plate-carrier-assy-22t-45t-445-12600-449-02001-jcb-aftermarket-parts,https://enterprise.saioautomotive.com/backend/assets/uploads/products/RWQ0cllmemdobENCZXdxekFKSldZZz09_1745648849_0.jpg,EXACT,449/02001,GEAR-22T&PLATESUPPORT,449-02001-gear-22tplatesupport,Transmission & Gear Parts,source_image,0.13,CROSS_REFERENCE_CONFIRMED
Pressure Plate 4MM,445/12703 | 449/10601,Transmission & Gear Parts,https://www.antheautoparts.com/product-details/pressure-plate-4mm-445-12703-449-10601-jcb-parts-online,https://enterprise.saioautomotive.com/backend/assets/uploads/products/bEhEbVFvRVd1MVhGdlU3Q1JsL1hEdz09_1745648920_0.jpg,EXACT,445/12703,PRESSUREPLATE,445-12703-pressureplate,Transmission & Gear Parts,source_image,0,CROSS_REFERENCE_CONFIRMED
Gear Idler 35T,,Transmission & Gear Parts,https://www.antheautoparts.com/product-details/gear-idler-35t-jcb-aftermarket-parts,https://enterprise.saioautomotive.com/backend/assets/uploads/products/UHZraEV3Z2hRSW91RENFeW1OUkNkUT09_1745649163_0.jpg,UNMATCHED,,,,,,0,EXTERNAL_ONLY_PRODUCT
Transmission Friction Plate,445/30011,Transmission & Gear Parts,https://www.antheautoparts.com/product-details/transmission-friction-plate-445-30011-jcb-parts-catalog,https://enterprise.saioautomotive.com/backend/assets/uploads/products/aWVnY1ZxaVk4UnpkUk9naGl1M1hZUT09_1745649247_0.jpg,HIGH,445/30011,FRICTION PLATE,445-30011-friction-plate,Transmission & Gear Parts,source_image,0.67,CROSS_REFERENCE_CONFIRMED
Gear 38 Tooth,445/64301,Transmission & Gear Parts,https://www.antheautoparts.com/product-details/gear-38-tooth-445-64301-jcb-spares,https://enterprise.saioautomotive.com/backend/assets/uploads/products/YnJBdUlXVEc3Q0VzcHdTTmpxNnFSQT09_1745649308_0.jpg,EXACT,445/64301,TRANSFERGEAR,445-64301-transfergear,Transmission & Gear Parts,source_image,0,CROSS_REFERENCE_CONFIRMED
Gear 36 Tooth,445/64401,Transmission & Gear Parts,https://www.antheautoparts.com/product-details/gear-36-tooth-445-64401-jcb-parts-online,https://enterprise.saioautomotive.com/backend/assets/uploads/products/RzlRTXhRK3VRSGtsSU1Dek1xK3A1Zz09_1745649363_0.jpg,EXACT,445/64401,TRANSFER GEAR,445-64401-transfer-gear,Transmission & Gear Parts,source_image,0.25,CROSS_REFERENCE_CONFIRMED
Lay Shaft,445/70401,Transmission & Gear Parts,https://www.antheautoparts.com/product-details/lay-shaft-445-70401-jcb-genuine-parts,https://enterprise.saioautomotive.com/backend/assets/uploads/products/aFBXM3R3NkhnRi9YdWM2S1kzczRVdz09_1745649442_0.jpg,EXACT,445/70401,LAYSHAFT,445-70401-layshaft,Transmission & Gear Parts,source_image,0,CROSS_REFERENCE_CONFIRMED
Lay Shaft,445/70501,Transmission & Gear Parts,https://www.antheautoparts.com/product-details/lay-shaft-445-70501-jcb-parts-online,https://enterprise.saioautomotive.com/backend/assets/uploads/products/RnJiRm9DeUNzd0k3akkvYjc2TlZwdz09_1745649490_0.jpg,UNMATCHED,,,,,,0,EXTERNAL_ONLY_PRODUCT
Gear Housing Plate Carrier Assy. 31T / 45T,449/02002,Transmission & Gear Parts,https://www.antheautoparts.com/product-details/gear-housing-plate-carrier-assy-31t-45t-449-02002-jcb-parts-online,https://enterprise.saioautomotive.com/backend/assets/uploads/products/MEc3cVZwbTQvbWxsbFM0YjJvemgzdz09_1745649553_0.jpg,EXACT,449/02002,3&PLATESUPPORT,449-02002-3platesupport,Transmission & Gear Parts,source_image,0,CROSS_REFERENCE_CONFIRMED
Disc Spring,449/05500,Transmission & Gear Parts,https://www.antheautoparts.com/product-details/disc-spring-449-05500-jcb-parts,https://enterprise.saioautomotive.com/backend/assets/uploads/products/d3JxbFErb2gxNWlaV3FVSisrQ00zdz09_1745649616_0.jpg,HIGH,449/05500,DISC SPRING ASSY.,449-05500-disc-spring-assy,Transmission & Gear Parts,source_image,0.67,CROSS_REFERENCE_CONFIRMED
Housing Plate Carrier Assy. 22T & 45T,449/10003,Transmission & Gear Parts,https://www.antheautoparts.com/product-details/housing-plate-carrier-assy-22t-45t-449-10003-replacement-jcb-parts,https://enterprise.saioautomotive.com/backend/assets/uploads/products/MTB1WDV5TklHay9RbUFqSkl4Rk9Sdz09_1745649676_0.jpg,HIGH,449/10003,Housing plate carrier assy 22T & 45T,449-10003-housing-plate-carrier-assy-22t-45t,Transmission & Gear Parts,source_image,1,CROSS_REFERENCE_CONFIRMED
Transmission Piston Assy,449/10900 | 449/M2160 | 445/73503,Transmission & Gear Parts,https://www.antheautoparts.com/product-details/transmission-piston-assy-449-10900-449-m2160-445-73503-jcb-parts-catalog,https://enterprise.saioautomotive.com/backend/assets/uploads/products/cWMrVXRhMG5DSEMyanlHcUxpVWxRUT09_1745649746_0.jpg,EXACT,449/M2160,G.A. PISTON - CLUTCH,449-m2160-ga-piston-clutch,Transmission & Gear Parts,source_image,0.25,CROSS_REFERENCE_CONFIRMED
Transmission Piston Assembly,459/10096,Transmission & Gear Parts,https://www.antheautoparts.com/product-details/transmission-piston-assembly-459-10096-jcb-aftermarket-parts,https://enterprise.saioautomotive.com/backend/assets/uploads/products/VGFRVWZoZXhFQWJPd3p1VG5yNDA1QT09_1745649835_0.jpg,EXACT,459/10096,GA PISTON - CLUTCH,459-10096-ga-piston-clutch,Transmission & Gear Parts,source_image,0.2,CROSS_REFERENCE_CONFIRMED
Gear Change Turret Housing,459/10143 | 459/30295,Transmission & Gear Parts,https://www.antheautoparts.com/product-details/gear-change-turret-housing-459-10143-459-30295-jcb-spare-parts,https://enterprise.saioautomotive.com/backend/assets/uploads/products/QUlDSVEzd3hoNWJGVHN3ZnNBOTVLQT09_1745649925_0.jpg,EXACT,459/10143,GAGEARLEVERTURRET,459-10143-gagearleverturret,Transmission & Gear Parts,placeholder_image,0,DISCOVERED_IMAGE_REFERENCE_FOR_REVIEW
Gear 2ND - 40 Teeth,459/50202,Transmission & Gear Parts,https://www.antheautoparts.com/product-details/gear-2nd-40-teeth-459-50202-jcb-parts-catalog,https://enterprise.saioautomotive.com/backend/assets/uploads/products/bTFEQytiRFJtaks3dkVQWnlzOUg0Zz09_1745649998_0.jpg,EXACT,459/50202,2NDGEAR,459-50202-2ndgear,Transmission & Gear Parts,source_image,0,CROSS_REFERENCE_CONFIRMED
Gear 31T & Plate Carrier,459/50428,Transmission & Gear Parts,https://www.antheautoparts.com/product-details/gear-31t-plate-carrier-459-50428-jcb-spares,https://enterprise.saioautomotive.com/backend/assets/uploads/products/Sk90cGpVZzY1elpEUkVqYzRkckUzZz09_1745650055_0.jpg,HIGH,459/50428,GEAR 31T,459-50428-gear-31t,Transmission & Gear Parts,source_image,0.5,CROSS_REFERENCE_CONFIRMED
Gear 22T & Plate Carrier,459/50429,Transmission & Gear Parts,https://www.antheautoparts.com/product-details/gear-22t-plate-carrier-459-50429-jcb-aftermarket-parts,https://enterprise.saioautomotive.com/backend/assets/uploads/products/M1hUWnA5c2pURXhmR0VDa3pYclJxZz09_1745650113_0.jpg,HIGH,459/50429,GEAR 22T,459-50429-gear-22t,Transmission & Gear Parts,source_image,0.5,CROSS_REFERENCE_CONFIRMED
Gear 2ND 40T SS700,459/50511,Transmission & Gear Parts,https://www.antheautoparts.com/product-details/gear-2nd-40t-ss700-459-50511-jcb-aftermarket-parts,https://enterprise.saioautomotive.com/backend/assets/uploads/products/bzRxQzR2VTE1Vy94WTRVblVNODRaUT09_1745650211_0.jpg,HIGH,459/50511,GEAR -2ND,459-50511-gear-2nd,Transmission & Gear Parts,placeholder_image,0.5,DISCOVERED_IMAGE_REFERENCE_FOR_REVIEW
Lever Bottom Gearshift,459/70271,Transmission & Gear Parts,https://www.antheautoparts.com/product-details/lever-bottom-gearshift-459-70271-jcb-spares,https://enterprise.saioautomotive.com/backend/assets/uploads/products/enB6ZCt1NXVJenBDZjZIaFUvdGpVUT09_1745650262_0.jpg,EXACT,459/70271,GEAR SHIFT LEVER -BTM,459-70271-gear-shift-lever-btm,Transmission & Gear Parts,source_image,0.17,CROSS_REFERENCE_CONFIRMED
Gear 34T & Plate Carrier,459/M8200,Transmission & Gear Parts,https://www.antheautoparts.com/product-details/gear-34t-plate-carrier-459-m8200-jcb-spare-parts-dealer,https://enterprise.saioautomotive.com/backend/assets/uploads/products/dzJXV2RpblFBVDB2dmZVa0lHQkhtUT09_1745650340_0.jpg,UNMATCHED,,,,,,0,EXTERNAL_ONLY_PRODUCT
Transmission Pump,20/925552,Transmission & Pumps,https://www.antheautoparts.com/product-details/transmission-pump-20-925552-jcb-genuine-parts,https://enterprise.saioautomotive.com/backend/assets/uploads/products/c1lGaWhjeFB0UjhzV3VibGNQeUM2Zz09_1745651454_0.jpg,HIGH,20/925552,PUMP ASSEMBLY,20-925552-pump-assembly,Transmission & Pumps,source_image,0.33,CROSS_REFERENCE_CONFIRMED
Transmission Pump,20/925000,Transmission & Pumps,https://www.antheautoparts.com/product-details/transmission-pump-20-925000-jcb-spare-parts,https://enterprise.saioautomotive.com/backend/assets/uploads/products/Myt6SFlXb0thL0F3UG5SeS9UWGgzdz09_1745651539_0.jpg,EXACT,20/925000,PUMPASSEMBLY,20-925000-pumpassembly,Transmission & Pumps,source_image,0,CROSS_REFERENCE_CONFIRMED
Transmission Pump,20/925020,Transmission & Pumps,https://www.antheautoparts.com/product-details/transmission-pump-20-925020-jcb-genuine-parts,https://enterprise.saioautomotive.com/backend/assets/uploads/products/YVVLV2hxdjNvU1Zaa0pVcEUxRmMxdz09_1745651600_0.jpg,UNMATCHED,,,,,,0,EXTERNAL_ONLY_PRODUCT
Transmission Pump,20/500217,Transmission & Pumps,https://www.antheautoparts.com/product-details/transmission-pump-20-500217-jcb-parts-near-me,https://enterprise.saioautomotive.com/backend/assets/uploads/products/Z0NZOXViUjdzZUQvblhxeVBCdTQ2dz09_1745651690_0.jpg,UNMATCHED,,,,,,0,EXTERNAL_ONLY_PRODUCT
Transmission Oil Pump,20/925327,Transmission & Pumps,https://www.antheautoparts.com/product-details/transmission-oil-pump-20-925327-jcb-parts-online,https://enterprise.saioautomotive.com/backend/assets/uploads/products/V21TTytYaUFvUnhrdm1XT0lVemw4dz09_1745651799_0.jpg,HIGH,20/925327,GA PUMP - TRANSMISSION,20-925327-ga-pump-transmission,Transmission & Pumps,source_image,0.5,CROSS_REFERENCE_CONFIRMED
Prop Shaft Cross Strap,166/00525,U. J. Cross /Spider Kit,https://www.antheautoparts.com/product-details/prop-shaft-cross-strap-166-00525-jcb-spares,https://enterprise.saioautomotive.com/backend/assets/uploads/products/ZnBja2JlOGx2ell4WjZQT1RwL24vUT09_1745656152_0.jpg,UNMATCHED,,,,,,0,EXTERNAL_ONLY_PRODUCT
Universal Joint Kit,333/G3318,U. J. Cross /Spider Kit,https://www.antheautoparts.com/product-details/universal-joint-kit-333-g3318-jcb-parts-near-me,https://enterprise.saioautomotive.com/backend/assets/uploads/products/enlsS09CMU1ObDdZQnlidG00blBOZz09_1745656314_0.jpg,EXACT,333/G3318,KitSpider,333-g3318-kitspider,U.J. Cross / Spider Kit,source_image,0,CROSS_REFERENCE_CONFIRMED
Prop Shaft Strap Bolt,826/00892 | 826/11635,U. J. Cross /Spider Kit,https://www.antheautoparts.com/product-details/prop-shaft-strap-bolt-826-00892-826-11635-replacement-jcb-parts,https://enterprise.saioautomotive.com/backend/assets/uploads/products/cTAwcEIxWTlXa3dPTmdvNklMRVRhdz09_1745656378_0.jpg,EXACT,826/00892,SET SCREW 3/8UNFx3/4,826-00892-set-screw-3-8unfx3-4,U.J. Cross / Spider Kit,source_image,0,CROSS_REFERENCE_CONFIRMED
Universal Joint,914/10803 | 914/60080 | 914/36201 | 914/60315,U. J. Cross /Spider Kit,https://www.antheautoparts.com/product-details/universal-joint-914-10803-914-60080-914-36201-914-60315-jcb-genuine-parts,https://enterprise.saioautomotive.com/backend/assets/uploads/products/TldFT2kydWhHWDZQOUhBUWVobnc5QT09_1745656635_0.jpg,HIGH,914/10803,SPIDER UNIVERSAL,914-10803-spider-universal,U.J. Cross / Spider Kit,source_image,0.33,CROSS_REFERENCE_CONFIRMED
Universal Joint For Front & Rear Prop Shaft,914/35401 | 914/56401,U. J. Cross /Spider Kit,https://www.antheautoparts.com/product-details/universal-joint-for-front-rear-prop-shaft-914-35401-914-56401-jcb-parts,https://enterprise.saioautomotive.com/backend/assets/uploads/products/MzU0S2IvQkFPRmdycFBUNGpyenRWUT09_1745656687_0.jpg,EXACT,914/35401,SPIDERKIT,914-35401-spiderkit,U.J. Cross / Spider Kit,source_image,0,CROSS_REFERENCE_CONFIRMED
Universal Joint - 82 X 27MM,914/37801,U. J. Cross /Spider Kit,https://www.antheautoparts.com/product-details/universal-joint-82-x-27mm-914-37801-jcb-spares,https://enterprise.saioautomotive.com/backend/assets/uploads/products/UVp5YmVKOHIzQWVoS01mYVdTZStEQT09_1745656756_0.jpg,UNMATCHED,,,,,,0,EXTERNAL_ONLY_PRODUCT
"Kit Spider, 126MM X 35MM Bearing Cup",914/45301,U. J. Cross /Spider Kit,https://www.antheautoparts.com/product-details/kit-spider-126mm-x-35mm-bearing-cup-914-45301-jcb-spare-parts-dealer,https://enterprise.saioautomotive.com/backend/assets/uploads/products/V0xELzR4ajlvYWNkK0h5T0trUDRVQT09_1745656857_0.jpg,UNMATCHED,,,,,,0,EXTERNAL_ONLY_PRODUCT
Spider Kit Assembly,914/80206 | 914/80207,U. J. Cross /Spider Kit,https://www.antheautoparts.com/product-details/spider-kit-assembly-914-80206-914-80207-jcb-parts-online,https://enterprise.saioautomotive.com/backend/assets/uploads/products/c214Z25LNFNJZVlGSzc2VDZMVXR2QT09_1745656979_0.jpg,EXACT,914/80206,KITSPIDER,914-80206-kitspider,U.J. Cross / Spider Kit,source_image,0,CROSS_REFERENCE_CONFIRMED
Spider Kit Assembly,914/86202,U. J. Cross /Spider Kit,https://www.antheautoparts.com/product-details/spider-kit-assembly-914-86202-jcb-aftermarket-parts,https://enterprise.saioautomotive.com/backend/assets/uploads/products/YXlIcjlJdXdDcDFnNldRZ2JsRndYdz09_1745657034_0.jpg,EXACT,914/86202,SPIDER ASSY,914-86202-spider-assy,U.J. Cross / Spider Kit,source_image,0.25,CROSS_REFERENCE_CONFIRMED
Drive Shaft Universal Joint Cross,998/10361,U. J. Cross /Spider Kit,https://www.antheautoparts.com/product-details/drive-shaft-universal-joint-cross-998-10361-jcb-spare-parts-dealer,https://enterprise.saioautomotive.com/backend/assets/uploads/products/UFVzTkZNWWM5M3pVUDlxUVYydFU4UT09_1745657137_0.jpg,UNMATCHED,,,,,,0,EXTERNAL_ONLY_PRODUCT
Prop Shaft Cross Strap,116/00525,U. J. Cross /Spider Kit,https://www.antheautoparts.com/product-details/prop-shaft-cross-strap-116-00525-jcb-aftermarket-parts,https://enterprise.saioautomotive.com/backend/assets/uploads/products/QnJHU01XWjRUMkJTb3FvUm5LUlhkdz09_1745657192_0.jpg,UNMATCHED,,,,,,0,EXTERNAL_ONLY_PRODUCT
Bottom Wear Slides,123/03215,Wear Pads & Wear Slides- JCB,https://www.antheautoparts.com/product-details/bottom-wear-slides-123-03215-jcb-parts,https://enterprise.saioautomotive.com/backend/assets/uploads/products/cEF3QUFrTTFOM3hwOXE2aGtVenpjdz09_1745659600_0.jpg,UNMATCHED,,,,,,0,EXTERNAL_ONLY_PRODUCT
Top Wear Slides For Extending Dipper,123/04764,Wear Pads & Wear Slides- JCB,https://www.antheautoparts.com/product-details/top-wear-slides-for-extending-dipper-123-04764-jcb-parts-near-me,https://enterprise.saioautomotive.com/backend/assets/uploads/products/QzhnRGpqeUR2QmNpeGVac0dYaTY0Zz09_1745659669_0.jpg,UNMATCHED,,,,,,0,EXTERNAL_ONLY_PRODUCT
Stabiliser Spacer,123/06012,Wear Pads & Wear Slides- JCB,https://www.antheautoparts.com/product-details/stabiliser-spacer-123-06012-jcb-spare-parts,https://enterprise.saioautomotive.com/backend/assets/uploads/products/VXJlZGxMWU1GaHhIZFpKUmErc3k5UT09_1745659734_0.jpg,HIGH,123/06012,SPACER,123-06012-spacer,Wear Pads / Wear Plates,source_image,0.5,CROSS_REFERENCE_CONFIRMED
Stabiliser Spacer,123/06012,Wear Pads & Wear Slides- JCB,https://www.antheautoparts.com/product-details/stabiliser-spacer-123-06012-jcb-spares,https://enterprise.saioautomotive.com/backend/assets/uploads/products/ZmNsbHdSTXRvSkR1MThRaUwyL2M4UT09_1745659738_0.jpg,HIGH,123/06012,SPACER,123-06012-spacer,Wear Pads / Wear Plates,source_image,0.5,CROSS_REFERENCE_CONFIRMED
Wear Pad- Lower,123/06014,Wear Pads & Wear Slides- JCB,https://www.antheautoparts.com/product-details/wear-pad-lower-123-06014-jcb-parts,https://enterprise.saioautomotive.com/backend/assets/uploads/products/RllsWGRqVWFmSmFoNWNMckFxMFpCZz09_1745659821_0.jpg,HIGH,123/06014,LOWER WEAR PAD 6mm,123-06014-lower-wear-pad-6mm,Wear Pads / Wear Plates,source_image,0.75,CROSS_REFERENCE_CONFIRMED
Top Wear Slides For Extending Dipper,123/06189,Wear Pads & Wear Slides- JCB,https://www.antheautoparts.com/product-details/top-wear-slides-for-extending-dipper-123-06189-jcb-spares,https://enterprise.saioautomotive.com/backend/assets/uploads/products/b0R5dFpGdkZwejFTUWFTRzkwQTFpZz09_1745659973_0.jpg,UNMATCHED,,,,,,0,EXTERNAL_ONLY_PRODUCT
Plastic Wear Pad For Jack Leg Stabiliser,123/07665,Wear Pads & Wear Slides- JCB,https://www.antheautoparts.com/product-details/plastic-wear-pad-for-jack-leg-stabiliser-123-07665-jcb-parts,https://enterprise.saioautomotive.com/backend/assets/uploads/products/eXJKYXRJVEpvWllJOGNTTE56dDh1UT09_1745660035_0.jpg,EXACT,123/07665,LOWERWEARTPADADJUSTAB,123-07665-lowerweartpadadjustab,Wear Pads / Wear Plates,source_image,0,CROSS_REFERENCE_CONFIRMED
Wear Pad,159/69899,Wear Pads & Wear Slides- JCB,https://www.antheautoparts.com/product-details/wear-pad-159-69899-jcb-genuine-parts,https://enterprise.saioautomotive.com/backend/assets/uploads/products/a1MxZVpqVzJxdXZqaW9lQjR2eTVoUT09_1745660114_0.jpg,EXACT,159/69899,PADWEARASSY,159-69899-padwearassy,Wear Pads / Wear Plates,source_image,0,CROSS_REFERENCE_CONFIRMED
Liftall Wear Pad,159/69914,Wear Pads & Wear Slides- JCB,https://www.antheautoparts.com/product-details/liftall-wear-pad-159-69914-jcb-parts-catalog,https://enterprise.saioautomotive.com/backend/assets/uploads/products/V3pKNXQ3RTBsMUNMaWFUenJuTkRrQT09_1745660176_0.jpg,HIGH,159/69914,WEAR PAD ASSEMBLY,159-69914-wear-pad-assembly,Wear Pads / Wear Plates,source_image,0.5,CROSS_REFERENCE_CONFIRMED
Liftall Wear Pad,160/00982,Wear Pads & Wear Slides- JCB,https://www.antheautoparts.com/product-details/liftall-wear-pad-160-00982-jcb-spare-parts,https://enterprise.saioautomotive.com/backend/assets/uploads/products/UVVWbmF0M01PYVJHTXVRWEtzUEljZz09_1745660233_0.jpg,HIGH,160/00982,WEAR PAD ASSY,160-00982-wear-pad-assy,Wear Pads / Wear Plates,source_image,0.5,CROSS_REFERENCE_CONFIRMED
Wear Pad,160/00991,Wear Pads & Wear Slides- JCB,https://www.antheautoparts.com/product-details/wear-pad-160-00991-jcb-parts-near-me,https://enterprise.saioautomotive.com/backend/assets/uploads/products/VFJJS2JwSHRLUGtKcUZGendCbTBUdz09_1745660314_0.jpg,HIGH,160/00991,WEAR PAD ASSY 150 X 95MM,160-00991-wear-pad-assy-150-x-95mm,Wear Pads / Wear Plates,source_image,0.4,CROSS_REFERENCE_CONFIRMED
Wear Pad,160/00992,Wear Pads & Wear Slides- JCB,https://www.antheautoparts.com/product-details/wear-pad-160-00992-jcb-parts-near-me,https://enterprise.saioautomotive.com/backend/assets/uploads/products/TUgxeVl0LzEyb2FYbiszZHdQV0hxZz09_1745660371_0.jpg,HIGH,160/00992,WEAR PAD ASSY 150 X 60MM,160-00992-wear-pad-assy-150-x-60mm,Wear Pads / Wear Plates,source_image,0.4,CROSS_REFERENCE_CONFIRMED
5MM Upper Wear Pad For Stabiliser (Nylon),331/20550,Wear Pads & Wear Slides- JCB,https://www.antheautoparts.com/product-details/5mm-upper-wear-pad-for-stabiliser-nylon-331-20550-jcb-genuine-parts,https://enterprise.saioautomotive.com/backend/assets/uploads/products/byt4Q2JrZzlKY0dzZHovOURLTlFmZz09_1745660420_0.jpg,HIGH,331/20550,UPPER WEAR PAD 5mm,331-20550-upper-wear-pad-5mm,Wear Pads / Wear Plates,source_image,0.67,CROSS_REFERENCE_CONFIRMED
6MM Upper Wear Pad For Stabiliser (Nylon),331/20552,Wear Pads & Wear Slides- JCB,https://www.antheautoparts.com/product-details/6mm-upper-wear-pad-for-stabiliser-nylon-331-20552-jcb-parts-online,https://enterprise.saioautomotive.com/backend/assets/uploads/products/d2prTG9lWGRyeU9ZemR3UWJaazVsdz09_1745660476_0.jpg,HIGH,331/20552,UPPER WEAR PAD 6mm,331-20552-upper-wear-pad-6mm,Wear Pads / Wear Plates,source_image,0.67,CROSS_REFERENCE_CONFIRMED
7MM Upper Wear Pad For Stabiliser,331/20556,Wear Pads & Wear Slides- JCB,https://www.antheautoparts.com/product-details/7mm-upper-wear-pad-for-stabiliser-331-20556-jcb-spare-parts-dealer,https://enterprise.saioautomotive.com/backend/assets/uploads/products/NlV6UUZnWDNmWk5wWVBLc3lhV055QT09_1745660526_0.jpg,HIGH,331/20556,UPPER WEAR PAD 7mm,331-20556-upper-wear-pad-7mm,Wear Pads / Wear Plates,source_image,0.8,CROSS_REFERENCE_CONFIRMED
Adjuster For Stabiliser Leg,331/22379,Wear Pads & Wear Slides- JCB,https://www.antheautoparts.com/product-details/adjuster-for-stabiliser-leg-331-22379-jcb-parts-near-me,https://enterprise.saioautomotive.com/backend/assets/uploads/products/eFdCSFNvQVNERzhVSWFaSmZxalhHdz09_1745660582_0.jpg,UNMATCHED,,,,,,0,EXTERNAL_ONLY_PRODUCT
Teflon Wear Pad For Stabiliser Leg,331/22380,Wear Pads & Wear Slides- JCB,https://www.antheautoparts.com/product-details/teflon-wear-pad-for-stabiliser-leg-331-22380-jcb-parts-catalog,https://enterprise.saioautomotive.com/backend/assets/uploads/products/eENBSGFFZ2tzL3RjTU03dEgvTURLZz09_1745660638_0.jpg,EXACT,331/22380,WEARPAD,331-22380-wearpad,Wear Pads / Wear Plates,source_image,0,CROSS_REFERENCE_CONFIRMED
Bottom Wear Slides,331/27389,Wear Pads & Wear Slides- JCB,https://www.antheautoparts.com/product-details/bottom-wear-slides-331-27389-jcb-aftermarket-parts,https://enterprise.saioautomotive.com/backend/assets/uploads/products/Y1ZUdVpNbDJwaW5uT2xIeGdEbzQ3UT09_1745660695_0.jpg,HIGH,331/27389,BOTTOM WEAR STRIP,331-27389-bottom-wear-strip,Wear Pads / Wear Plates,source_image,0.5,CROSS_REFERENCE_CONFIRMED
Spreader Plates For Extradig Dipper,,Wear Pads & Wear Slides- JCB,https://www.antheautoparts.com/product-details/spreader-plates-for-extradig-dipper-jcb-parts-catalog,https://enterprise.saioautomotive.com/backend/assets/uploads/products/eW54ajVVOWJ2ZkpIUkpRRy9OL3BFZz09_1745660742_0.jpg,UNMATCHED,,,,,,0,EXTERNAL_ONLY_PRODUCT
FRONT BUMPER LOWER,71711M62S00-5PK,General JCB Parts,https://www.antheautoparts.com/product-details/front-bumper-lower-71711m62s00-5pk-jcb-parts,https://enterprise.saioautomotive.com/backend/assets/uploads/products/WTRQbk03Um00TUVUMVdSbC9FV2ZkQT09_1752749751_0.jpg,UNMATCHED,,,,,,0,EXTERNAL_ONLY_PRODUCT
"HEADLAMP ASSY, LH",35300M62S00,General JCB Parts,https://www.antheautoparts.com/product-details/headlamp-assy-lh-35300m62s00-jcb-parts-catalog,https://enterprise.saioautomotive.com/backend/assets/uploads/products/UmViZk80SGxlcmR4N3liMkZSOUlvUT09_1752818360_0.jpg,UNMATCHED,,,,,,0,EXTERNAL_ONLY_PRODUCT
"HEADLAMP ASSY, RH",35100M62S00,General JCB Parts,https://www.antheautoparts.com/product-details/headlamp-assy-rh-35100m62s00-jcb-aftermarket-parts,https://enterprise.saioautomotive.com/backend/assets/uploads/products/Q3liV2NDMmp3TUVndVhMQXM3ZUZ6Zz09_1752818550_0.jpg,UNMATCHED,,,,,,0,EXTERNAL_ONLY_PRODUCT
"LAMP UNIT RR COMB, LH",35750M62S00,General JCB Parts,https://www.antheautoparts.com/product-details/lamp-unit-rr-comb-lh-35750m62s00-jcb-spare-parts-dealer,https://enterprise.saioautomotive.com/backend/assets/uploads/products/MFg5b1VabU5oNlI1QVVNMVVpalVwQT09_1752818781_0.jpg,UNMATCHED,,,,,,0,EXTERNAL_ONLY_PRODUCT
"LAMP UNIT RR COMB, RH",35650M62S00,General JCB Parts,https://www.antheautoparts.com/product-details/lamp-unit-rr-comb-rh-35650m62s00-jcb-spares,https://enterprise.saioautomotive.com/backend/assets/uploads/products/clk2NU01N3NFaDFhRjFScUdRWFV3Zz09_1752819320_0.jpg,UNMATCHED,,,,,,0,EXTERNAL_ONLY_PRODUCT
RADIATOR ASSY T1,17700M62SA0,General JCB Parts,https://www.antheautoparts.com/product-details/radiator-assy-t1-17700m62sa0-jcb-parts,https://enterprise.saioautomotive.com/backend/assets/uploads/products/,UNMATCHED,,,,,,0,EXTERNAL_ONLY_PRODUCT
RADIATOR ASSY T2,17700M62S00,General JCB Parts,https://www.antheautoparts.com/product-details/radiator-assy-t2-17700m62s00-jcb-parts,https://enterprise.saioautomotive.com/backend/assets/uploads/products/ZURLdFA4VjJ5cTJwd1BLNzQwOEIvZz09_1752820244_0.jpg,UNMATCHED,,,,,,0,EXTERNAL_ONLY_PRODUCT
CONDENSER ASSY,95310M62S00,General JCB Parts,https://www.antheautoparts.com/product-details/condenser-assy-95310m62s00-jcb-spare-parts-dealer,https://enterprise.saioautomotive.com/backend/assets/uploads/products/MlExSTRtL2NWd3E1VjJvQmZ3ZTlBUT09_1752820366_0.jpg,UNMATCHED,,,,,,0,EXTERNAL_ONLY_PRODUCT
FRONT BUMPER UPPER,71721M62S00-5PK,General JCB Parts,https://www.antheautoparts.com/product-details/front-bumper-upper-71721m62s00-5pk-jcb-parts-near-me,https://enterprise.saioautomotive.com/backend/assets/uploads/products/OTVXeGE5Z01LeFduaTBiK1dxSVRyZz09_1752744327_0.jpg,UNMATCHED,,,,,,0,EXTERNAL_ONLY_PRODUCT
HOLDER LH FRONT BUMPER,71732M62S00,General JCB Parts,https://www.antheautoparts.com/product-details/holder-lh-front-bumper-71732m62s00-jcb-parts-online,https://enterprise.saioautomotive.com/backend/assets/uploads/products/VUlERlR4Q0FtdzNtT0daSUhCTFRFdz09_1752744866_0.jpg,UNMATCHED,,,,,,0,EXTERNAL_ONLY_PRODUCT
HOLDER RH FRONT BUMPER,71731M62S00,General JCB Parts,https://www.antheautoparts.com/product-details/holder-rh-front-bumper-71731m62s00-jcb-parts-catalog,https://enterprise.saioautomotive.com/backend/assets/uploads/products/WHBuenpzWUlIUERrNG9YZ0ZEVEtMZz09_1752744990_0.jpg,UNMATCHED,,,,,,0,EXTERNAL_ONLY_PRODUCT
TOW CAP BUMPER,71712M62S00-5PK,General JCB Parts,https://www.antheautoparts.com/product-details/tow-cap-bumper-71712m62s00-5pk-jcb-aftermarket-parts,https://enterprise.saioautomotive.com/backend/assets/uploads/products/bVozOCtEcThlUXZIUzVmTTI4R1RUZz09_1752745075_0.jpg,UNMATCHED,,,,,,0,EXTERNAL_ONLY_PRODUCT
"BUMPER BRACKET, PARK SET",71089M62S00-5PK,General JCB Parts,https://www.antheautoparts.com/product-details/bumper-bracket-park-set-71089m62s00-5pk-jcb-genuine-parts,https://enterprise.saioautomotive.com/backend/assets/uploads/products/dHUzb0UxSWpzditaaHk0N0JCQjhsUT09_1752745268_0.jpg,UNMATCHED,,,,,,0,EXTERNAL_ONLY_PRODUCT
"BUMPER, REAR SIDE LH",71822M62S00-5PK,General JCB Parts,https://www.antheautoparts.com/product-details/bumper-rear-side-lh-71822m62s00-5pk-jcb-genuine-parts,https://enterprise.saioautomotive.com/backend/assets/uploads/products/cTJ2V3cvR0s0MThjd0tYQTY0QjhFUT09_1752745355_0.jpg,UNMATCHED,,,,,,0,EXTERNAL_ONLY_PRODUCT
"BUMPER, REAR SIDE RH",71821M62S00-5PK,General JCB Parts,https://www.antheautoparts.com/product-details/bumper-rear-side-rh-71821m62s00-5pk-jcb-parts-online,https://enterprise.saioautomotive.com/backend/assets/uploads/products/d24rSWVEUC9qbmxTMjRVQVBzRitvZz09_1752745445_0.jpg,UNMATCHED,,,,,,0,EXTERNAL_ONLY_PRODUCT
"HOLDER, RR BUMPER SIDE RH",71831M62S00,General JCB Parts,https://www.antheautoparts.com/product-details/holder-rr-bumper-side-rh-71831m62s00-jcb-parts-online,https://enterprise.saioautomotive.com/backend/assets/uploads/products/SmkybHN5NWhQSWRxSmJVekN2NzJ6UT09_1752745584_0.jpg,UNMATCHED,,,,,,0,EXTERNAL_ONLY_PRODUCT
"HOLDER, RR BUMPER SIDE LH",71832M62S00,General JCB Parts,https://www.antheautoparts.com/product-details/holder-rr-bumper-side-lh-71832m62s00-jcb-parts,https://enterprise.saioautomotive.com/backend/assets/uploads/products/Z052c1BwVlk5Um95Q2JvVzBzeENDZz09_1752745802_0.jpg,UNMATCHED,,,,,,0,EXTERNAL_ONLY_PRODUCT
REAR BUMPER CLIPS,09409M10L04,General JCB Parts,https://www.antheautoparts.com/product-details/rear-bumper-clips-09409m10l04-jcb-genuine-parts,https://enterprise.saioautomotive.com/backend/assets/uploads/products/MzB2T0NNOEtiZzc5T0ZRK1BTNmhVQT09_1752746380_0.jpg,UNMATCHED,,,,,,0,EXTERNAL_ONLY_PRODUCT
BACK TRUNK,69100M62S00,General JCB Parts,https://www.antheautoparts.com/product-details/back-trunk-69100m62s00-jcb-parts,https://enterprise.saioautomotive.com/backend/assets/uploads/products/,UNMATCHED,,,,,,0,EXTERNAL_ONLY_PRODUCT
FRONT FENDER RH,57611M62S00,General JCB Parts,https://www.antheautoparts.com/product-details/front-fender-rh-57611m62s00-jcb-parts-catalog,https://enterprise.saioautomotive.com/backend/assets/uploads/products/MjlQWHpvaHJzSW1yUlFIdjRzcVRsZz09_1752746589_0.jpg,UNMATCHED,,,,,,0,EXTERNAL_ONLY_PRODUCT
FRONT FENDER LH,57711M62S00,General JCB Parts,https://www.antheautoparts.com/product-details/front-fender-lh-57711m62s00-jcb-parts-near-me,https://enterprise.saioautomotive.com/backend/assets/uploads/products/,UNMATCHED,,,,,,0,EXTERNAL_ONLY_PRODUCT
FENDER LINING LH,72322M62S00,General JCB Parts,https://www.antheautoparts.com/product-details/fender-lining-lh-72322m62s00-jcb-parts-catalog,https://enterprise.saioautomotive.com/backend/assets/uploads/products/cmZmRmhyNGVPeEI0Y1lkcDg0M2Q0UT09_1752746770_0.jpg,UNMATCHED,,,,,,0,EXTERNAL_ONLY_PRODUCT
FENDER LINING RH,72321M62S00,General JCB Parts,https://www.antheautoparts.com/product-details/fender-lining-rh-72321m62s00-jcb-parts-near-me,https://enterprise.saioautomotive.com/backend/assets/uploads/products/d0VkcVNXVkZZbTJ0WU8vNm1CRGp0Zz09_1752746919_0.jpg,UNMATCHED,,,,,,0,EXTERNAL_ONLY_PRODUCT
FRONT HOOD,57300M62S00,General JCB Parts,https://www.antheautoparts.com/product-details/front-hood-57300m62s00-jcb-genuine-parts,https://enterprise.saioautomotive.com/backend/assets/uploads/products/YUJxcEZXaGVXVXRMTkFORTlXNGdiUT09_1752747013_0.jpg,UNMATCHED,,,,,,0,EXTERNAL_ONLY_PRODUCT
HOOD CABLE,82160M62S00,General JCB Parts,https://www.antheautoparts.com/product-details/hood-cable-82160m62s00-jcb-parts,https://enterprise.saioautomotive.com/backend/assets/uploads/products/UEU4dklyWmVNd3hIMHZpSXBKdUh1QT09_1752747313_0.jpg,UNMATCHED,,,,,,0,EXTERNAL_ONLY_PRODUCT
HOOD HINGE LH,57420M62S00,General JCB Parts,https://www.antheautoparts.com/product-details/hood-hinge-lh-57420m62s00-jcb-spare-parts-dealer,https://enterprise.saioautomotive.com/backend/assets/uploads/products/YStaaG1SVFZYdWx4NDBnWG5nVUlEdz09_1752747404_0.jpg,UNMATCHED,,,,,,0,EXTERNAL_ONLY_PRODUCT
HOOD HINGE RH,57410M62S00,General JCB Parts,https://www.antheautoparts.com/product-details/hood-hinge-rh-57410m62s00-jcb-genuine-parts,https://enterprise.saioautomotive.com/backend/assets/uploads/products/M3JXUlgxM2lNYVZnUDZyQWorWjN2QT09_1752747483_0.jpg,UNMATCHED,,,,,,0,EXTERNAL_ONLY_PRODUCT
"HANDLE ASSY, SIDE DOOR OUT RH (BLACK)",82801M69R50-5PK,General JCB Parts,https://www.antheautoparts.com/product-details/handle-assy-side-door-out-rh-black-82801m69r50-5pk-jcb-spare-parts,https://enterprise.saioautomotive.com/backend/assets/uploads/products/U0dieHJtZ2NpUUI4ajdrVHpmMStEQT09_1752748324_0.jpg,UNMATCHED,,,,,,0,EXTERNAL_ONLY_PRODUCT
"HANDLE ASSY, SIDE DOOR OUT LH (BLACK)",82802M69R50-5PK,General JCB Parts,https://www.antheautoparts.com/product-details/handle-assy-side-door-out-lh-black-82802m69r50-5pk-jcb-spares,https://enterprise.saioautomotive.com/backend/assets/uploads/products/cVdWWDVldytoSjZkSVEzUXQ3dUJCUT09_1752748415_0.jpg,UNMATCHED,,,,,,0,EXTERNAL_ONLY_PRODUCT
"HANDLE, SIDE DOOR INSIDE RH",83110M62S00,General JCB Parts,https://www.antheautoparts.com/product-details/handle-side-door-inside-rh-83110m62s00-jcb-spares,https://enterprise.saioautomotive.com/backend/assets/uploads/products/aVhlSGlFUDlaVStWcG5tcFc2WlpEdz09_1752748487_0.jpg,UNMATCHED,,,,,,0,EXTERNAL_ONLY_PRODUCT
"HANDLE, SIDE DOOR INSIDE LH",83130M62S00,General JCB Parts,https://www.antheautoparts.com/product-details/handle-side-door-inside-lh-83130m62s00-jcb-aftermarket-parts,https://enterprise.saioautomotive.com/backend/assets/uploads/products/,UNMATCHED,,,,,,0,EXTERNAL_ONLY_PRODUCT
"MIRROR ASSY, OUT REAR VIEW RH (BLACK)",84701M62S10-5PK,General JCB Parts,https://www.antheautoparts.com/product-details/mirror-assy-out-rear-view-rh-black-84701m62s10-5pk-jcb-spares,https://enterprise.saioautomotive.com/backend/assets/uploads/products/b3c3RkV3QWVSMDBZQmJuMWVaZGw4QT09_1752748989_0.jpg,UNMATCHED,,,,,,0,EXTERNAL_ONLY_PRODUCT
"MIRROR ASSY, OUT REAR VIEW LH (BLACK)",84702M62S10-5PK,General JCB Parts,https://www.antheautoparts.com/product-details/mirror-assy-out-rear-view-lh-black-84702m62s10-5pk-jcb-genuine-parts,https://enterprise.saioautomotive.com/backend/assets/uploads/products/TkV6dnN5dExuSldNU3ZtQlBGeDE2Zz09_1752749067_0.jpg,UNMATCHED,,,,,,0,EXTERNAL_ONLY_PRODUCT
"GLASS, BACK DOOR WINDOW",84570M62S00,General JCB Parts,https://www.antheautoparts.com/product-details/glass-back-door-window-84570m62s00-jcb-parts-online,https://enterprise.saioautomotive.com/backend/assets/uploads/products/,UNMATCHED,,,,,,0,EXTERNAL_ONLY_PRODUCT
FRONT WINDSHIELD GLASS,84510M62S00,General JCB Parts,https://www.antheautoparts.com/product-details/front-windshield-glass-84510m62s00-jcb-parts,https://enterprise.saioautomotive.com/backend/assets/uploads/products/,UNMATCHED,,,,,,0,EXTERNAL_ONLY_PRODUCT
FRONT DOOR RH,68001M62S00,General JCB Parts,https://www.antheautoparts.com/product-details/front-door-rh-68001m62s00-jcb-parts,https://enterprise.saioautomotive.com/backend/assets/uploads/products/,UNMATCHED,,,,,,0,EXTERNAL_ONLY_PRODUCT
FRONT DOOR LH,68002M62S10,General JCB Parts,https://www.antheautoparts.com/product-details/front-door-lh-68002m62s10-jcb-parts-online,https://enterprise.saioautomotive.com/backend/assets/uploads/products/,UNMATCHED,,,,,,0,EXTERNAL_ONLY_PRODUCT
REAR DOOR RH,68003M62S00,General JCB Parts,https://www.antheautoparts.com/product-details/rear-door-rh-68003m62s00-jcb-spares,https://enterprise.saioautomotive.com/backend/assets/uploads/products/,UNMATCHED,,,,,,0,EXTERNAL_ONLY_PRODUCT
REAR DOOR LH,68004M62S00,General JCB Parts,https://www.antheautoparts.com/product-details/rear-door-lh-68004m62s00-jcb-genuine-parts,https://enterprise.saioautomotive.com/backend/assets/uploads/products/,UNMATCHED,,,,,,0,EXTERNAL_ONLY_PRODUCT
BALANCER BACK DOOR RH,81850M62S00,General JCB Parts,https://www.antheautoparts.com/product-details/balancer-back-door-rh-81850m62s00-jcb-parts-near-me,https://enterprise.saioautomotive.com/backend/assets/uploads/products/elY3dlE0TkdOa3h3VEppbE1YeUJxZz09_1752750655_0.jpg,UNMATCHED,,,,,,0,EXTERNAL_ONLY_PRODUCT
BALANCER BACK DOOR LH,81860M62S00,General JCB Parts,https://www.antheautoparts.com/product-details/balancer-back-door-lh-81860m62s00-replacement-jcb-parts,https://enterprise.saioautomotive.com/backend/assets/uploads/products/MUE4TTR2aWxJRjc3Z0ZEeUFYclg4QT09_1752750794_0.jpg,UNMATCHED,,,,,,0,EXTERNAL_ONLY_PRODUCT
BUMPER LOGO S,77811M54GC0-0PG,General JCB Parts,https://www.antheautoparts.com/product-details/bumper-logo-s-77811m54gc0-0pg-jcb-genuine-parts,https://enterprise.saioautomotive.com/backend/assets/uploads/products/cTlYODBWVG11c2xtVGk4V28yeVQrZz09_1752751698_0.jpg,UNMATCHED,,,,,,0,EXTERNAL_ONLY_PRODUCT
SEAT BELT LH,84901M62S40-BHE,General JCB Parts,https://www.antheautoparts.com/product-details/seat-belt-lh-84901m62s40-bhe-jcb-parts-online,https://enterprise.saioautomotive.com/backend/assets/uploads/products/,UNMATCHED,,,,,,0,EXTERNAL_ONLY_PRODUCT
SEAT BELT RH,84902M62S50-BHE,General JCB Parts,https://www.antheautoparts.com/product-details/seat-belt-rh-84902m62s50-bhe-jcb-parts-catalog,https://enterprise.saioautomotive.com/backend/assets/uploads/products/,UNMATCHED,,,,,,0,EXTERNAL_ONLY_PRODUCT
HEADLIGHT BULB H4,09471M12182,General JCB Parts,https://www.antheautoparts.com/product-details/headlight-bulb-h4-09471m12182-jcb-parts-online,https://enterprise.saioautomotive.com/backend/assets/uploads/products/MkJMTmpmYWFQaUU5aEt1N2RYZzBYdz09_1752822890_0.jpg,UNMATCHED,,,,,,0,EXTERNAL_ONLY_PRODUCT
"""HEADLIGHT BULB (12V 21W) (AMBER)",09471M12186,General JCB Parts,https://www.antheautoparts.com/product-details/headlight-bulb-12v-21w-amber-09471m12186-jcb-parts-near-me,https://enterprise.saioautomotive.com/backend/assets/uploads/products/TXBmMzE1UDM4ZEhXR0UyODBnd2c0UT09_1752823085_0.jpg,UNMATCHED,,,,,,0,EXTERNAL_ONLY_PRODUCT
HEADLIGHT BULB (12V 5W),09471M12216,General JCB Parts,https://www.antheautoparts.com/product-details/headlight-bulb-12v-5w-09471m12216-jcb-spare-parts,https://enterprise.saioautomotive.com/backend/assets/uploads/products/blhlYk9yOHAzTERKUmcvd3J5b3V6dz09_1752823393_0.jpg,UNMATCHED,,,,,,0,EXTERNAL_ONLY_PRODUCT
"TAIL LIGHT BULB (12V,P21W)",09471M12045,General JCB Parts,https://www.antheautoparts.com/product-details/tail-light-bulb-12v-p21w-09471m12045-jcb-parts,https://enterprise.saioautomotive.com/backend/assets/uploads/products/,UNMATCHED,,,,,,0,EXTERNAL_ONLY_PRODUCT
"BULB (12V,21W) (AMBER)",09471M12245,General JCB Parts,https://www.antheautoparts.com/product-details/bulb-12v-21w-amber-09471m12245-replacement-jcb-parts,https://enterprise.saioautomotive.com/backend/assets/uploads/products/cXVsbG1vaUYzeTlkN3dBS2c4bERKdz09_1752826777_0.jpg,UNMATCHED,,,,,,0,EXTERNAL_ONLY_PRODUCT
BULB (12V21W/5W),09471M12046,General JCB Parts,https://www.antheautoparts.com/product-details/bulb-12v21w-5w-09471m12046-jcb-genuine-parts,https://enterprise.saioautomotive.com/backend/assets/uploads/products/,UNMATCHED,,,,,,0,EXTERNAL_ONLY_PRODUCT
SPARK PLUG,09482M00609,General JCB Parts,https://www.antheautoparts.com/product-details/spark-plug-09482m00609-jcb-spares,https://enterprise.saioautomotive.com/backend/assets/uploads/products/VU13M2dZNHFxL1BVR2JpRWtuenUyQT09_1752827810_0.jpg,UNMATCHED,,,,,,0,EXTERNAL_ONLY_PRODUCT
LAMP ASSY SIDE TURN SIGNAL,36410M75F30,General JCB Parts,https://www.antheautoparts.com/product-details/lamp-assy-side-turn-signal-36410m75f30-jcb-spare-parts-dealer,https://enterprise.saioautomotive.com/backend/assets/uploads/products/LzJrS3h1L1BtTHFkZVZJcjVpcUNsQT09_1752839695_0.jpg,UNMATCHED,,,,,,0,EXTERNAL_ONLY_PRODUCT
"SIDE INDICATOR BULB (12V,5W)",09471M12216,General JCB Parts,https://www.antheautoparts.com/product-details/side-indicator-bulb-12v-5w-09471m12216-jcb-spare-parts,https://enterprise.saioautomotive.com/backend/assets/uploads/products/c0xqWS9jU2xQZExhK0xLOGY3dnNCdz09_1752903294_0.jpg,UNMATCHED,,,,,,0,EXTERNAL_ONLY_PRODUCT
"SWITCH ASSY, P/W AND HAZARD",37990M62S00,General JCB Parts,https://www.antheautoparts.com/product-details/switch-assy-p-w-and-hazard-37990m62s00-jcb-spare-parts,https://enterprise.saioautomotive.com/backend/assets/uploads/products/,UNMATCHED,,,,,,0,EXTERNAL_ONLY_PRODUCT
ALTERNATOR,31400M69R00,General JCB Parts,https://www.antheautoparts.com/product-details/alternator-31400m69r00-jcb-spares,https://enterprise.saioautomotive.com/backend/assets/uploads/products/cnZtSkt0MHhyS0VqU3gzU0xzb3A1Zz09_1752903929_0.jpg,UNMATCHED,,,,,,0,EXTERNAL_ONLY_PRODUCT
"SET, STOP LAMP SWITCH",37740M79G00,General JCB Parts,https://www.antheautoparts.com/product-details/set-stop-lamp-switch-37740m79g00-jcb-parts-catalog,https://enterprise.saioautomotive.com/backend/assets/uploads/products/ais0N0piZWxEeUpqMWpSYkRBSlVnZz09_1752904124_0.jpg,UNMATCHED,,,,,,0,EXTERNAL_ONLY_PRODUCT
COMPRESSOR,95200M62S00,General JCB Parts,https://www.antheautoparts.com/product-details/compressor-95200m62s00-jcb-spare-parts,https://enterprise.saioautomotive.com/backend/assets/uploads/products/,UNMATCHED,,,,,,0,EXTERNAL_ONLY_PRODUCT
STARTER MOTOR,31100M55R01,General JCB Parts,https://www.antheautoparts.com/product-details/starter-motor-31100m55r01-replacement-jcb-parts,https://enterprise.saioautomotive.com/backend/assets/uploads/products/,UNMATCHED,,,,,,0,EXTERNAL_ONLY_PRODUCT
IGNITION COIL,33400M68P00,General JCB Parts,https://www.antheautoparts.com/product-details/ignition-coil-33400m68p00-jcb-parts-catalog,https://enterprise.saioautomotive.com/backend/assets/uploads/products/WnhqSkJFL0w5dkorSnFSaXdIcEJoQT09_1752905050_0.jpg,UNMATCHED,,,,,,0,EXTERNAL_ONLY_PRODUCT
"CONTROLLER ASSY, IMM",33970M55R00,General JCB Parts,https://www.antheautoparts.com/product-details/controller-assy-imm-33970m55r00-jcb-parts,https://enterprise.saioautomotive.com/backend/assets/uploads/products/TW4wU1RWUmpGZi9LNUUyYjhzR05Gdz09_1752905209_0.jpg,UNMATCHED,,,,,,0,EXTERNAL_ONLY_PRODUCT
HORN,38500M62S00,General JCB Parts,https://www.antheautoparts.com/product-details/horn-38500m62s00-jcb-spares,https://enterprise.saioautomotive.com/backend/assets/uploads/products/,UNMATCHED,,,,,,0,EXTERNAL_ONLY_PRODUCT
COMPRESSOR BELT,95141M62S00,General JCB Parts,https://www.antheautoparts.com/product-details/compressor-belt-95141m62s00-jcb-parts,https://enterprise.saioautomotive.com/backend/assets/uploads/products/blJhTkUxTlFxWENQbk9KczdMMTBNdz09_1752905770_0.jpg,UNMATCHED,,,,,,0,EXTERNAL_ONLY_PRODUCT
CRANKSHAFT,12221M71M00,General JCB Parts,https://www.antheautoparts.com/product-details/crankshaft-12221m71m00-jcb-genuine-parts,https://enterprise.saioautomotive.com/backend/assets/uploads/products/Mk13cURFMXNRNGlUcnplUXlsYWt6QT09_1752905983_0.jpg,UNMATCHED,,,,,,0,EXTERNAL_ONLY_PRODUCT
CONNROD ASSY,12160M68K00,General JCB Parts,https://www.antheautoparts.com/product-details/connrod-assy-12160m68k00-jcb-genuine-parts,https://enterprise.saioautomotive.com/backend/assets/uploads/products/,UNMATCHED,,,,,,0,EXTERNAL_ONLY_PRODUCT