asset_id,source_image_url,source_product_name,source_part_numbers,source_product_url,matched_rre_part_number,matched_rre_slug,current_rre_image_status,reuse_allowed,rights_review_status,workflow_state,recommended_action,notes
img_b06b06da7ab4,https://enterprise.saioautomotive.com/backend/assets/uploads/products/MXY4cjhsTGNTYnhiY2V0Vlo3Y0RZZz09_1745472811_0.jpg,,106/40001 | 400/N6589,https://www.antheautoparts.com/product-details/wheel-nuts-3-4-106-40001-400-n6589-jcb-parts,400/N6589,400-n6589-wheel-nut,generated_image,false,RRE_GENERATED_AVAILABLE,RIGHTS_REVIEW_COMPLETE,PRESERVE_EXISTING_RRE_GENERATED_ASSET,RRE generated visual asset is already assigned.
img_0a3f4d8e8564,https://enterprise.saioautomotive.com/backend/assets/uploads/products/NHZwYjd1akswNUVSMm9FZXhEWTVVdz09_1745473412_0.jpg,,120/30009,https://www.antheautoparts.com/product-details/hub-cap-2wd-machines-120-30009-jcb-spares,N/A,N/A,N/A,false,UNMATCHED_EXTERNAL_REFERENCE,RIGHTS_REVIEW_COMPLETE,STAGED_AS_TECHNICAL_REFERENCE,External part not currently in RRE master catalog. Image staged in reference archive.
img_a665a7546e2d,https://enterprise.saioautomotive.com/backend/assets/uploads/products/cUx2TXdiYjJ5RFlzOFM4R3pUTXJ5UT09_1744450443_0.jpg,,121/16702,https://www.antheautoparts.com/product-details/2wd-front-hub-121-16702-jcb-parts-catalog,N/A,N/A,N/A,false,UNMATCHED_EXTERNAL_REFERENCE,RIGHTS_REVIEW_COMPLETE,STAGED_AS_TECHNICAL_REFERENCE,External part not currently in RRE master catalog. Image staged in reference archive.
img_7ea4df431897,https://enterprise.saioautomotive.com/backend/assets/uploads/products/NXREYUI2TXJnbHZYdUtsWE4yOTNjZz09_1744457202_0.jpg,,123/00363,https://www.antheautoparts.com/product-details/carrier-left-hand-123-00363-jcb-spares,N/A,N/A,N/A,false,UNMATCHED_EXTERNAL_REFERENCE,RIGHTS_REVIEW_COMPLETE,STAGED_AS_TECHNICAL_REFERENCE,External part not currently in RRE master catalog. Image staged in reference archive.
img_8c86f809b85f,https://enterprise.saioautomotive.com/backend/assets/uploads/products/djNFNVhidXVJd3NwNGFzR0NiT3VJdz09_1744458057_0.jpg,,123/00362,https://www.antheautoparts.com/product-details/carrier-right-hand-123-00362-jcb-genuine-parts,N/A,N/A,N/A,false,UNMATCHED_EXTERNAL_REFERENCE,RIGHTS_REVIEW_COMPLETE,STAGED_AS_TECHNICAL_REFERENCE,External part not currently in RRE master catalog. Image staged in reference archive.
img_84fb3948f3a2,https://enterprise.saioautomotive.com/backend/assets/uploads/products/cmsra2MzdUhNVU9GUzVPNlFaa3ZJUT09_1744458698_0.jpg,,1305/3428z | 1340/0403z,https://www.antheautoparts.com/product-details/bolt-nut-1-2-x-3-3-4-1305-3428z-1340-0403z-replacement-jcb-parts,1305/3428Z,1305-3428z-bolt,placeholder_image,false,FLAGGED_FOR_RRE_ASSET_GENERATION,RIGHTS_REVIEW_COMPLETE,GENERATE_NEW_RRE_ASSET_FROM_REFERENCE,"External photo serves strictly as a technical visual reference to produce an unbranded, high-resolution RRE International asset."
img_2b5a83da6aea,https://enterprise.saioautomotive.com/backend/assets/uploads/products/ZDdseWNmNTJvb3Z5dEdjT0xHNnRhQT09_1744459016_0.jpg,,1305/3430z | 1340/0403z,https://www.antheautoparts.com/product-details/bolt-nut-m12-1305-3430z-1340-0403z-jcb-spares,1305/3430Z,1305-3430z-bolt,placeholder_image,false,FLAGGED_FOR_RRE_ASSET_GENERATION,RIGHTS_REVIEW_COMPLETE,GENERATE_NEW_RRE_ASSET_FROM_REFERENCE,"External photo serves strictly as a technical visual reference to produce an unbranded, high-resolution RRE International asset."
img_bcbf3212991d,https://enterprise.saioautomotive.com/backend/assets/uploads/products/TEttdnRoVlREZVEwMlZyQjBxT0JCdz09_1744459310_0.jpg,,1315/3418z | 1370/0303z,https://www.antheautoparts.com/product-details/bolt-nut-m10x80-1315-3418z-1370-0303z-jcb-parts-catalog,1315/3418Z,1315-3418z-bolt-m10-x-80-g88,placeholder_image,false,FLAGGED_FOR_RRE_ASSET_GENERATION,RIGHTS_REVIEW_COMPLETE,GENERATE_NEW_RRE_ASSET_FROM_REFERENCE,"External photo serves strictly as a technical visual reference to produce an unbranded, high-resolution RRE International asset."
img_c1d335cdfd4d,https://enterprise.saioautomotive.com/backend/assets/uploads/products/SGNDcG1IQkFMM2NUS3JGUDI4L1dMUT09_1744608815_0.jpg,,1315/3518z | 1370/0403z,https://www.antheautoparts.com/product-details/bolt-nut-m12x80-1315-3518z-1370-0403z-jcb-parts,1315/3518Z,1315-3518z-bolt-m12x80,source_image,false,RRE_ORIGINAL_AVAILABLE,RIGHTS_REVIEW_COMPLETE,PRESERVE_EXISTING_RRE_ORIGINAL_PHOTO,RRE already possesses an authentic catalog photograph for this SKU; external image kept purely as secondary cross-reference.
img_cb09caec3d9c,https://enterprise.saioautomotive.com/backend/assets/uploads/products/SitpMC9GYTRVOSt6R1lnOW1qRDYzZz09_1744608915_0.jpg,,1315/3520z | 1370/0401z,https://www.antheautoparts.com/product-details/bolt-nut-m12x100-1315-3520z-1370-0401z-jcb-parts,1315/3520Z,1315-3520z-bolt-m12-x-100-g88,placeholder_image,false,FLAGGED_FOR_RRE_ASSET_GENERATION,RIGHTS_REVIEW_COMPLETE,GENERATE_NEW_RRE_ASSET_FROM_REFERENCE,"External photo serves strictly as a technical visual reference to produce an unbranded, high-resolution RRE International asset."
img_8a53ae228ab6,https://enterprise.saioautomotive.com/backend/assets/uploads/products/ckRRakxMTnZpakZPN0hPRFNXU3dOQT09_1744608992_0.jpg,,1315/3522z,https://www.antheautoparts.com/product-details/bolt-nut-m12-x-120-1315-3522z-jcb-parts-catalog,1315/3522Z,1315-3522z-bolt-m12-x-120-g88,placeholder_image,false,FLAGGED_FOR_RRE_ASSET_GENERATION,RIGHTS_REVIEW_COMPLETE,GENERATE_NEW_RRE_ASSET_FROM_REFERENCE,"External photo serves strictly as a technical visual reference to produce an unbranded, high-resolution RRE International asset."
img_17ab01180d47,https://enterprise.saioautomotive.com/backend/assets/uploads/products/eWdyUEx4eDhFOUo0akZ0dzdBQ3I3UT09_1744609080_0.jpg,,35/409900 | 35/410700,https://www.antheautoparts.com/product-details/genuine-eaton-valve-steering-2ws-35-409900-35-410700-replacement-jcb-parts,35/410700,35-410700-w-p-trk-steer-valve-200ccr-antisho,placeholder_image,false,FLAGGED_FOR_RRE_ASSET_GENERATION,RIGHTS_REVIEW_COMPLETE,GENERATE_NEW_RRE_ASSET_FROM_REFERENCE,"External photo serves strictly as a technical visual reference to produce an unbranded, high-resolution RRE International asset."
img_9cf1c6f48182,https://enterprise.saioautomotive.com/backend/assets/uploads/products/anJHT0ZuMWk4Tm14U2xWOVdJbFEyQT09_1744609153_0.jpg,,41/923900,https://www.antheautoparts.com/product-details/front-wheel-rim-9x18-41-923900-jcb-spares,N/A,N/A,N/A,false,UNMATCHED_EXTERNAL_REFERENCE,RIGHTS_REVIEW_COMPLETE,STAGED_AS_TECHNICAL_REFERENCE,External part not currently in RRE master catalog. Image staged in reference archive.
img_c5fc68d97d94,https://enterprise.saioautomotive.com/backend/assets/uploads/products/YU00SDlPR1RKNjFuSU4rZXBPUWlZUT09_1744609281_0.jpg,,41/927100,https://www.antheautoparts.com/product-details/front-wheel-rim-11x18-4wd-41-927100-jcb-spares,41/927100,41-927100-rimwheel11x18,placeholder_image,false,FLAGGED_FOR_RRE_ASSET_GENERATION,RIGHTS_REVIEW_COMPLETE,GENERATE_NEW_RRE_ASSET_FROM_REFERENCE,"External photo serves strictly as a technical visual reference to produce an unbranded, high-resolution RRE International asset."
img_7bd92cee9fcb,https://enterprise.saioautomotive.com/backend/assets/uploads/products/MDVFMU9mS2l4M3MzdWI1clRTQ0lLQT09_1744609352_0.jpg,,448/10900 | 458/70031,https://www.antheautoparts.com/product-details/crown-wheel-pinion-33t-11t-m24-448-10900-458-70031-jcb-parts-catalog,448/10900,448-10900-gearcrownwheelpinion,placeholder_image,false,FLAGGED_FOR_RRE_ASSET_GENERATION,RIGHTS_REVIEW_COMPLETE,GENERATE_NEW_RRE_ASSET_FROM_REFERENCE,"External photo serves strictly as a technical visual reference to produce an unbranded, high-resolution RRE International asset."
img_7a339c1e7eaf,https://enterprise.saioautomotive.com/backend/assets/uploads/products/NW5zR3ExWXhYaWQ1NHM5Z3NHUTlMZz09_1744609481_0.jpg,,450/10205,https://www.antheautoparts.com/product-details/annulus-ring-gear-450-10205-jcb-parts-near-me,450/10205,450-10205-annulus-ring,placeholder_image,false,FLAGGED_FOR_RRE_ASSET_GENERATION,RIGHTS_REVIEW_COMPLETE,GENERATE_NEW_RRE_ASSET_FROM_REFERENCE,"External photo serves strictly as a technical visual reference to produce an unbranded, high-resolution RRE International asset."
img_5d8ff577d933,https://enterprise.saioautomotive.com/backend/assets/uploads/products/b0tMb0hUemhuTG5tY2Y4dHpXMXhlQT09_1744609647_0.jpg,,128/10370,https://www.antheautoparts.com/product-details/steering-link-2ws-complete-kit-128-10370-jcb-spare-parts-dealer,N/A,N/A,N/A,false,UNMATCHED_EXTERNAL_REFERENCE,RIGHTS_REVIEW_COMPLETE,STAGED_AS_TECHNICAL_REFERENCE,External part not currently in RRE master catalog. Image staged in reference archive.
img_5f9c9ab60b52,https://enterprise.saioautomotive.com/backend/assets/uploads/products/MURMTDZBdWszTVVmNVVkYlhjM1VsZz09_1744609829_0.jpg,,448/10900 | 458/70031,https://www.antheautoparts.com/product-details/crown-wheel-pinion-33t-11t-m24-448-10900-458-70031-jcb-genuine-parts,448/10900,448-10900-gearcrownwheelpinion,placeholder_image,false,FLAGGED_FOR_RRE_ASSET_GENERATION,RIGHTS_REVIEW_COMPLETE,GENERATE_NEW_RRE_ASSET_FROM_REFERENCE,"External photo serves strictly as a technical visual reference to produce an unbranded, high-resolution RRE International asset."
img_ab5d7c8e4e31,https://enterprise.saioautomotive.com/backend/assets/uploads/products/dm11eG0vT3RqZUZySjNRZ2k2TmpuQT09_1744612314_0.jpg,,450/10205 | 450/10206 | 450/12403 | 907/50200),https://www.antheautoparts.com/product-details/hub-gear-set-complete-450-10205-450-10206-450-12403-907-50200-jcb-parts,450/10205,450-10205-annulus-ring,placeholder_image,false,FLAGGED_FOR_RRE_ASSET_GENERATION,RIGHTS_REVIEW_COMPLETE,GENERATE_NEW_RRE_ASSET_FROM_REFERENCE,"External photo serves strictly as a technical visual reference to produce an unbranded, high-resolution RRE International asset."
img_fa6842e80f53,https://enterprise.saioautomotive.com/backend/assets/uploads/products/azdxWDRjQXEvVzNhdTJFazZPYlJtQT09_1744612615_0.jpg,,450/10206,https://www.antheautoparts.com/product-details/planet-gear-450-10206-jcb-aftermarket-parts,450/10206,450-10206-gear-planet,placeholder_image,false,FLAGGED_FOR_RRE_ASSET_GENERATION,RIGHTS_REVIEW_COMPLETE,GENERATE_NEW_RRE_ASSET_FROM_REFERENCE,"External photo serves strictly as a technical visual reference to produce an unbranded, high-resolution RRE International asset."
img_6015a2f148a2,https://enterprise.saioautomotive.com/backend/assets/uploads/products/c1d4UXBSOTRxTnI5UE9RaHc3MWh0dz09_1744612684_0.jpg,,450/10221 | 450/11100 | 458/10226 | 458/20446,https://www.antheautoparts.com/product-details/hub-5-stud-450-10221-450-11100-458-10226-458-20446-jcb-spare-parts,458/20446,458-20446-wheel-brg-carrier,placeholder_image,false,FLAGGED_FOR_RRE_ASSET_GENERATION,RIGHTS_REVIEW_COMPLETE,GENERATE_NEW_RRE_ASSET_FROM_REFERENCE,"External photo serves strictly as a technical visual reference to produce an unbranded, high-resolution RRE International asset."
img_4e6fd93333b3,https://enterprise.saioautomotive.com/backend/assets/uploads/products/Z1lteVdqUGdRN1J1RTQwUXZCYkhpdz09_1744612757_0.jpg,,450/10800,https://www.antheautoparts.com/product-details/differential-casing-housing-without-gears-450-10800-jcb-parts,450/10800,450-10800-casing-assydiff,placeholder_image,false,FLAGGED_FOR_RRE_ASSET_GENERATION,RIGHTS_REVIEW_COMPLETE,GENERATE_NEW_RRE_ASSET_FROM_REFERENCE,"External photo serves strictly as a technical visual reference to produce an unbranded, high-resolution RRE International asset."
img_a3e1f812d4cf,https://enterprise.saioautomotive.com/backend/assets/uploads/products/ZXNObnVvbmNsNW43T1NSZG9vU29MUT09_1744613400_0.jpg,,450/10900,https://www.antheautoparts.com/product-details/differential-casing-assy-complete-with-gears-450-10900-jcb-parts-online,450/10900,450-10900-differential-assembly,generated_image,false,RRE_GENERATED_AVAILABLE,RIGHTS_REVIEW_COMPLETE,PRESERVE_EXISTING_RRE_GENERATED_ASSET,RRE generated visual asset is already assigned.
img_3e4abc98dbe3,https://enterprise.saioautomotive.com/backend/assets/uploads/products/U1E5WENSbHcxRktUaVdhYmxRZTZCUT09_1744613460_0.jpg,,450/11000,https://www.antheautoparts.com/product-details/differential-gear-set-450-11000-jcb-parts-online,450/11000,450-11000-differential-gear-set,placeholder_image,false,FLAGGED_FOR_RRE_ASSET_GENERATION,RIGHTS_REVIEW_COMPLETE,GENERATE_NEW_RRE_ASSET_FROM_REFERENCE,"External photo serves strictly as a technical visual reference to produce an unbranded, high-resolution RRE International asset."
img_f5ae4ff8fe98,https://enterprise.saioautomotive.com/backend/assets/uploads/products/N0c1MGFZNkZvNFZQS29WY1UvcWM2UT09_1744613517_0.jpg,,450/12401 | 450/10216 | 458/M4230 | 334/Y3895,https://www.antheautoparts.com/product-details/hub-carrier-5-stud-450-12401-450-10216-458-m4230-334-y3895-jcb-genuine-parts,450/10216,450-10216-carrierplanetaryhub,placeholder_image,false,FLAGGED_FOR_RRE_ASSET_GENERATION,RIGHTS_REVIEW_COMPLETE,GENERATE_NEW_RRE_ASSET_FROM_REFERENCE,"External photo serves strictly as a technical visual reference to produce an unbranded, high-resolution RRE International asset."
img_f008a30a8dbb,https://enterprise.saioautomotive.com/backend/assets/uploads/products/Ry9ENEtQV2R5b3dsZ3ZGczlIMk9iUT09_1744613595_0.jpg,,450/12702,https://www.antheautoparts.com/product-details/annulus-carrier-450-12702-jcb-parts-catalog,450/12702,450-12702-annulus-carrier,placeholder_image,false,FLAGGED_FOR_RRE_ASSET_GENERATION,RIGHTS_REVIEW_COMPLETE,GENERATE_NEW_RRE_ASSET_FROM_REFERENCE,"External photo serves strictly as a technical visual reference to produce an unbranded, high-resolution RRE International asset."
img_f39db83707b7,https://enterprise.saioautomotive.com/backend/assets/uploads/products/eENpUFpOQzV2QnZ5RXRrYXJtWXM3UT09_1744613708_0.jpg,,453/00303,https://www.antheautoparts.com/product-details/axle-breather-453-00303-jcb-aftermarket-parts,453/00303,453-00303-breater-plastic,placeholder_image,false,FLAGGED_FOR_RRE_ASSET_GENERATION,RIGHTS_REVIEW_COMPLETE,GENERATE_NEW_RRE_ASSET_FROM_REFERENCE,"External photo serves strictly as a technical visual reference to produce an unbranded, high-resolution RRE International asset."
img_bee0b395dd90,https://enterprise.saioautomotive.com/backend/assets/uploads/products/QkhSaTNOYkYrVUJ6SkZmSGl4UHdzUT09_1744613814_0.jpg,,453/01803,https://www.antheautoparts.com/product-details/annulus-ring-gear-for-2cx-407-409-520-etc-453-01803-jcb-aftermarket-parts,453/01803,453-01803-gearannulus,placeholder_image,false,FLAGGED_FOR_RRE_ASSET_GENERATION,RIGHTS_REVIEW_COMPLETE,GENERATE_NEW_RRE_ASSET_FROM_REFERENCE,"External photo serves strictly as a technical visual reference to produce an unbranded, high-resolution RRE International asset."
img_1a29df09f7cd,https://enterprise.saioautomotive.com/backend/assets/uploads/products/ZjdFc0dIb2VZaFhNeXhKWWx4NUhPUT09_1744621043_0.jpg,,453/04402,https://www.antheautoparts.com/product-details/annulus-carrier-453-04402-jcb-spare-parts,453/04402,453-04402-annulus-carrier-machined,placeholder_image,false,FLAGGED_FOR_RRE_ASSET_GENERATION,RIGHTS_REVIEW_COMPLETE,GENERATE_NEW_RRE_ASSET_FROM_REFERENCE,"External photo serves strictly as a technical visual reference to produce an unbranded, high-resolution RRE International asset."
img_378b31ec3f59,https://enterprise.saioautomotive.com/backend/assets/uploads/products/QVhXYTd4akdNL3ZIazlUN2ZzYTg4UT09_1744621195_0.jpg,,458/20371 | 458/20236,https://www.antheautoparts.com/product-details/brake-piston-458-20371-458-20236-jcb-parts-online,458/20371,458-20371-brakepiston,source_image,false,RRE_ORIGINAL_AVAILABLE,RIGHTS_REVIEW_COMPLETE,PRESERVE_EXISTING_RRE_ORIGINAL_PHOTO,RRE already possesses an authentic catalog photograph for this SKU; external image kept purely as secondary cross-reference.
img_4bffd061e163,https://enterprise.saioautomotive.com/backend/assets/uploads/products/Lzl4b3RkWm1rcjNiQ3VucU15dGhwQT09_1744630576_0.jpg,,126/02253 | 335/y6895,https://www.antheautoparts.com/product-details/track-rod-assembly-126-02253-335-y6895-jcb-spares,126/02253,126-02253-link-rod,placeholder_image,false,FLAGGED_FOR_RRE_ASSET_GENERATION,RIGHTS_REVIEW_COMPLETE,GENERATE_NEW_RRE_ASSET_FROM_REFERENCE,"External photo serves strictly as a technical visual reference to produce an unbranded, high-resolution RRE International asset."
img_7bb3eedb0acc,https://enterprise.saioautomotive.com/backend/assets/uploads/products/aGxaaWF6My8zeTRMWnlWejZ1VFpnZz09_1744630690_0.jpg,,1321/0509,https://www.antheautoparts.com/product-details/screw-trunnion-m12-x-35-1321-0509-jcb-aftermarket-parts,1321/0509,1321-0509-setscrew-m12-x-35-lg,source_image,false,RRE_ORIGINAL_AVAILABLE,RIGHTS_REVIEW_COMPLETE,PRESERVE_EXISTING_RRE_ORIGINAL_PHOTO,RRE already possesses an authentic catalog photograph for this SKU; external image kept purely as secondary cross-reference.
img_d8b7397cab2e,https://enterprise.saioautomotive.com/backend/assets/uploads/products/SFY5emh2Y0QyQVhNZlVrc2gxREduQT09_1744630769_0.jpg,,331/14861,https://www.antheautoparts.com/product-details/swivel-joint-track-rod-331-14861-replacement-jcb-parts,331/14861,331-14861-joint-ball,placeholder_image,false,FLAGGED_FOR_RRE_ASSET_GENERATION,RIGHTS_REVIEW_COMPLETE,GENERATE_NEW_RRE_ASSET_FROM_REFERENCE,"External photo serves strictly as a technical visual reference to produce an unbranded, high-resolution RRE International asset."
img_a61a27ca1046,https://enterprise.saioautomotive.com/backend/assets/uploads/products/QzVxaGN1c0daMGxWaG1nOUxvd2ZZZz09_1744630832_0.jpg,,331/36009 | 45/905400,https://www.antheautoparts.com/product-details/steering-coupling-331-36009-45-905400-replacement-jcb-parts,331/36009,331-36009-flexible-coupling,placeholder_image,false,FLAGGED_FOR_RRE_ASSET_GENERATION,RIGHTS_REVIEW_COMPLETE,GENERATE_NEW_RRE_ASSET_FROM_REFERENCE,"External photo serves strictly as a technical visual reference to produce an unbranded, high-resolution RRE International asset."
img_e5c71c15947a,https://enterprise.saioautomotive.com/backend/assets/uploads/products/VU1IMFFPcUhoU1g2dUZCOVBVUTMrdz09_1744630979_0.jpg,,35/411700,https://www.antheautoparts.com/product-details/genuine-danfoss-valve-steering-35-411700-jcb-genuine-parts,N/A,N/A,N/A,false,UNMATCHED_EXTERNAL_REFERENCE,RIGHTS_REVIEW_COMPLETE,STAGED_AS_TECHNICAL_REFERENCE,External part not currently in RRE master catalog. Image staged in reference archive.
img_e82d9bd7a9cc,https://enterprise.saioautomotive.com/backend/assets/uploads/products/YlY2MjczS3hHTWNXN1hTcndzSXFVUT09_1744631064_0.jpg,,440/00709,https://www.antheautoparts.com/product-details/planet-gear-440-00709-jcb-spare-parts-dealer,440/00709,440-00709-planet-gear,placeholder_image,false,FLAGGED_FOR_RRE_ASSET_GENERATION,RIGHTS_REVIEW_COMPLETE,GENERATE_NEW_RRE_ASSET_FROM_REFERENCE,"External photo serves strictly as a technical visual reference to produce an unbranded, high-resolution RRE International asset."
img_3bb0a5ecca4d,https://enterprise.saioautomotive.com/backend/assets/uploads/products/US81L1kveXdDVkdVV2JCSnVqa3oyQT09_1744631384_0.jpg,,448/17902,https://www.antheautoparts.com/product-details/track-rod-end-male-448-17902-jcb-spares,448/17902,448-17902-ball-joint-50mm,placeholder_image,false,FLAGGED_FOR_RRE_ASSET_GENERATION,RIGHTS_REVIEW_COMPLETE,GENERATE_NEW_RRE_ASSET_FROM_REFERENCE,"External photo serves strictly as a technical visual reference to produce an unbranded, high-resolution RRE International asset."
img_4ce156a88976,https://enterprise.saioautomotive.com/backend/assets/uploads/products/ZGU1bnJObytTbm1vTzA3WGYwSFVvUT09_1744631579_0.jpg,,448/42602,https://www.antheautoparts.com/product-details/joint-knuckle-swivel-left-hand-448-42602-jcb-genuine-parts,448/42602,448-42602-hub-swivel-machined,placeholder_image,false,FLAGGED_FOR_RRE_ASSET_GENERATION,RIGHTS_REVIEW_COMPLETE,GENERATE_NEW_RRE_ASSET_FROM_REFERENCE,"External photo serves strictly as a technical visual reference to produce an unbranded, high-resolution RRE International asset."
img_eca153d05d36,https://enterprise.saioautomotive.com/backend/assets/uploads/products/NGhSQ0hmc29ibHBGTnRScTBMT2t2dz09_1744631655_0.jpg,,448/42703,https://www.antheautoparts.com/product-details/joint-knuckle-swivel-right-hand-448-42703-jcb-spare-parts,448/42703,448-42703-joint,placeholder_image,false,FLAGGED_FOR_RRE_ASSET_GENERATION,RIGHTS_REVIEW_COMPLETE,GENERATE_NEW_RRE_ASSET_FROM_REFERENCE,"External photo serves strictly as a technical visual reference to produce an unbranded, high-resolution RRE International asset."
img_f25a72548b95,https://enterprise.saioautomotive.com/backend/assets/uploads/products/WCs5cXJnN3JMd3hUTE1KakwyVytTZz09_1744632016_0.jpg,,450/10208,https://www.antheautoparts.com/product-details/rear-hub-thrust-pad-450-10208-jcb-spare-parts-dealer,450/10208,450-10208-thrust-pad,placeholder_image,false,FLAGGED_FOR_RRE_ASSET_GENERATION,RIGHTS_REVIEW_COMPLETE,GENERATE_NEW_RRE_ASSET_FROM_REFERENCE,"External photo serves strictly as a technical visual reference to produce an unbranded, high-resolution RRE International asset."
img_b4f4b0f8b2bb,https://enterprise.saioautomotive.com/backend/assets/uploads/products/SElkZ1JkbWI2cDNGcy80OFNaMERGQT09_1744693124_0.jpg,,450/12403,https://www.antheautoparts.com/product-details/sun-gear-450-12403-jcb-parts-near-me,450/12403,450-12403-sun-gear-shot-peene,placeholder_image,false,FLAGGED_FOR_RRE_ASSET_GENERATION,RIGHTS_REVIEW_COMPLETE,GENERATE_NEW_RRE_ASSET_FROM_REFERENCE,"External photo serves strictly as a technical visual reference to produce an unbranded, high-resolution RRE International asset."
img_74e0324262f6,https://enterprise.saioautomotive.com/backend/assets/uploads/products/eTVSRWJ5aDQwTTVOUGxKZ0tncWhjUT09_1744693228_0.jpg,,450/27200 | 450/17900 | 458/20813,https://www.antheautoparts.com/product-details/yoke-flange-450-27200-450-17900-458-20813-jcb-parts-online,458/20813,458-20813-couplingyoke-1480,placeholder_image,false,FLAGGED_FOR_RRE_ASSET_GENERATION,RIGHTS_REVIEW_COMPLETE,GENERATE_NEW_RRE_ASSET_FROM_REFERENCE,"External photo serves strictly as a technical visual reference to produce an unbranded, high-resolution RRE International asset."
img_e48d0c548aab,https://enterprise.saioautomotive.com/backend/assets/uploads/products/Sy8vWndzVGZhUHF2cDAvRTcrMUtTUT09_1744693535_0.jpg,,453/00304,https://www.antheautoparts.com/product-details/trunnion-453-00304-jcb-aftermarket-parts,453/00304,453-00304-trunnion,placeholder_image,false,FLAGGED_FOR_RRE_ASSET_GENERATION,RIGHTS_REVIEW_COMPLETE,GENERATE_NEW_RRE_ASSET_FROM_REFERENCE,"External photo serves strictly as a technical visual reference to produce an unbranded, high-resolution RRE International asset."
img_7a2d1f9aa02a,https://enterprise.saioautomotive.com/backend/assets/uploads/products/cTk3MTA5alV6a0daZHdDMEFCTXlqZz09_1744693718_0.jpg,,453/23400,https://www.antheautoparts.com/product-details/track-rod-link-steer-assembly-453-23400-jcb-parts-catalog,453/23400,453-23400-linksteerga,placeholder_image,false,FLAGGED_FOR_RRE_ASSET_GENERATION,RIGHTS_REVIEW_COMPLETE,GENERATE_NEW_RRE_ASSET_FROM_REFERENCE,"External photo serves strictly as a technical visual reference to produce an unbranded, high-resolution RRE International asset."
img_245445d4a3b6,https://enterprise.saioautomotive.com/backend/assets/uploads/products/aUhUbnZZSHN2K216dGFEL1E5UU5MZz09_1744694307_0.jpg,,450/10200,https://www.antheautoparts.com/product-details/planet-gear-450-10200-jcb-parts,N/A,N/A,N/A,false,UNMATCHED_EXTERNAL_REFERENCE,RIGHTS_REVIEW_COMPLETE,STAGED_AS_TECHNICAL_REFERENCE,External part not currently in RRE master catalog. Image staged in reference archive.
img_ebfe7fc583be,https://enterprise.saioautomotive.com/backend/assets/uploads/products/NGVydEVDa2ZXQklVeHI3V28rVUVFUT09_1744694366_0.jpg,,458/20061 | 453/30401,https://www.antheautoparts.com/product-details/trunnion-458-20061-453-30401-jcb-aftermarket-parts,458/20061,458-20061-trunion,placeholder_image,false,FLAGGED_FOR_RRE_ASSET_GENERATION,RIGHTS_REVIEW_COMPLETE,GENERATE_NEW_RRE_ASSET_FROM_REFERENCE,"External photo serves strictly as a technical visual reference to produce an unbranded, high-resolution RRE International asset."
img_3d84441aac5e,https://enterprise.saioautomotive.com/backend/assets/uploads/products/a0krM3R0YU02b28wWklLQkc1K3M1Zz09_1744694765_0.jpg,,458/20371 | 458/20236,https://www.antheautoparts.com/product-details/brake-piston-458-20371-458-20236-jcb-genuine-parts,458/20371,458-20371-brakepiston,source_image,false,RRE_ORIGINAL_AVAILABLE,RIGHTS_REVIEW_COMPLETE,PRESERVE_EXISTING_RRE_ORIGINAL_PHOTO,RRE already possesses an authentic catalog photograph for this SKU; external image kept purely as secondary cross-reference.
img_dd99a3992f57,https://enterprise.saioautomotive.com/backend/assets/uploads/products/TlR0WmlCWXZuKytKdjE3WWlzQU1nZz09_1744694824_0.jpg,,458/20403,https://www.antheautoparts.com/product-details/cover-plate-hub-seal-458-20403-replacement-jcb-parts,458/20403,458-20403-hub-seal-cover-plate,placeholder_image,false,FLAGGED_FOR_RRE_ASSET_GENERATION,RIGHTS_REVIEW_COMPLETE,GENERATE_NEW_RRE_ASSET_FROM_REFERENCE,"External photo serves strictly as a technical visual reference to produce an unbranded, high-resolution RRE International asset."
img_f135a8c4aefa,https://enterprise.saioautomotive.com/backend/assets/uploads/products/SzIwdm11c0xQRjNLR3Z0NEFDOXFIdz09_1744694907_0.jpg,,458/20668,https://www.antheautoparts.com/product-details/crown-wheel-pinion-13t-38t-458-20668-jcb-spare-parts,N/A,N/A,N/A,false,UNMATCHED_EXTERNAL_REFERENCE,RIGHTS_REVIEW_COMPLETE,STAGED_AS_TECHNICAL_REFERENCE,External part not currently in RRE master catalog. Image staged in reference archive.
img_f3d50a0bfb5b,https://enterprise.saioautomotive.com/backend/assets/uploads/products/ZDF5L1JVNlh4QjJwZE9QNUM4M0Q0UT09_1744694958_0.jpg,,458/20672,https://www.antheautoparts.com/product-details/crown-wheel-pinion-11t-37t-m30-458-20672-replacement-jcb-parts,458/20672,458-20672-crown-wheel-pinion-30kph,placeholder_image,false,FLAGGED_FOR_RRE_ASSET_GENERATION,RIGHTS_REVIEW_COMPLETE,GENERATE_NEW_RRE_ASSET_FROM_REFERENCE,"External photo serves strictly as a technical visual reference to produce an unbranded, high-resolution RRE International asset."
img_8933b9d23479,https://enterprise.saioautomotive.com/backend/assets/uploads/products/RmxSaGVBbkJNeVptQmNSTjNSd0hJdz09_1744695006_0.jpg,,458/70035 | 453/00900,https://www.antheautoparts.com/product-details/crown-wheel-pinion-11t-37t-m24-458-70035-453-00900-jcb-parts-catalog,458/70035,458-70035-crown-wheel-pinion,placeholder_image,false,FLAGGED_FOR_RRE_ASSET_GENERATION,RIGHTS_REVIEW_COMPLETE,GENERATE_NEW_RRE_ASSET_FROM_REFERENCE,"External photo serves strictly as a technical visual reference to produce an unbranded, high-resolution RRE International asset."
img_7a6d2555a7a5,https://enterprise.saioautomotive.com/backend/assets/uploads/products/cGhmc2hjRHNGcXpRMTBVZk9aa2ZCUT09_1744695180_0.jpg,,450/10700 | 458/70037,https://www.antheautoparts.com/product-details/crown-wheel-pinion-13t-38t-m24-450-10700-458-70037-jcb-spare-parts-dealer,N/A,N/A,N/A,false,UNMATCHED_EXTERNAL_REFERENCE,RIGHTS_REVIEW_COMPLETE,STAGED_AS_TECHNICAL_REFERENCE,External part not currently in RRE master catalog. Image staged in reference archive.
img_573eb660d746,https://enterprise.saioautomotive.com/backend/assets/uploads/products/dW1oRjVCQVRYaEgrUzU5bU1zU0lNdz09_1744695273_0.jpg,,458/70188 | 458/M1352,https://www.antheautoparts.com/product-details/crown-wheel-pinion-13t-38t-m30-458-70188-458-m1352-jcb-parts-near-me,458/M1352,458-m1352-spiralbevelpinion13t-assypart-458,placeholder_image,false,FLAGGED_FOR_RRE_ASSET_GENERATION,RIGHTS_REVIEW_COMPLETE,GENERATE_NEW_RRE_ASSET_FROM_REFERENCE,"External photo serves strictly as a technical visual reference to produce an unbranded, high-resolution RRE International asset."
img_351d0ea617da,https://enterprise.saioautomotive.com/backend/assets/uploads/products/WXFVTG1IRVd0VWtSNlVxdzdPZGh6dz09_1744695329_0.jpg,,458/70189,https://www.antheautoparts.com/product-details/crown-wheel-pinion-13t-38t-m24-458-70189-jcb-aftermarket-parts,N/A,N/A,N/A,false,UNMATCHED_EXTERNAL_REFERENCE,RIGHTS_REVIEW_COMPLETE,STAGED_AS_TECHNICAL_REFERENCE,External part not currently in RRE master catalog. Image staged in reference archive.
img_2e5e00c7a941,https://enterprise.saioautomotive.com/backend/assets/uploads/products/TC92OExONEtrb2V5RkpQaTU0KzdqZz09_1744695379_0.jpg,,458/70246,https://www.antheautoparts.com/product-details/crown-wheel-pinion-rh-spiral-13t-33t-m30-458-70246-jcb-spares,458/70246,458-70246-crownwheel-pinion-assy,placeholder_image,false,FLAGGED_FOR_RRE_ASSET_GENERATION,RIGHTS_REVIEW_COMPLETE,GENERATE_NEW_RRE_ASSET_FROM_REFERENCE,"External photo serves strictly as a technical visual reference to produce an unbranded, high-resolution RRE International asset."
img_a7b6bff96ec6,https://enterprise.saioautomotive.com/backend/assets/uploads/products/aklQcFZNOHFsSjlvSG10cC9lVjVSZz09_1744695433_0.jpg,,458/70248,https://www.antheautoparts.com/product-details/crown-wheel-pinion-13t-rh-spiral-458-70248-jcb-spare-parts,458/70248,458-70248-pinionshaft,placeholder_image,false,FLAGGED_FOR_RRE_ASSET_GENERATION,RIGHTS_REVIEW_COMPLETE,GENERATE_NEW_RRE_ASSET_FROM_REFERENCE,"External photo serves strictly as a technical visual reference to produce an unbranded, high-resolution RRE International asset."
img_df7f1962fedf,https://enterprise.saioautomotive.com/backend/assets/uploads/products/bWVSTllGbTZDRjNpbW5tMVFzb2I1UT09_1744695492_0.jpg,,458/70249,https://www.antheautoparts.com/product-details/crown-wheel-pinion-13t-38t-m30-rh-spiral-458-70249-replacement-jcb-parts,N/A,N/A,N/A,false,UNMATCHED_EXTERNAL_REFERENCE,RIGHTS_REVIEW_COMPLETE,STAGED_AS_TECHNICAL_REFERENCE,External part not currently in RRE master catalog. Image staged in reference archive.
img_8c76931e1df2,https://enterprise.saioautomotive.com/backend/assets/uploads/products/cE1aeHNtSWFqKzlSNGwzSmdMN3ZUdz09_1744695548_0.jpg,,458/70258,https://www.antheautoparts.com/product-details/crown-wheel-pinion-13t-38t-m30-458-70258-jcb-genuine-parts,458/70258,458-70258-ga-c-wheel-pinion-13-38,placeholder_image,false,FLAGGED_FOR_RRE_ASSET_GENERATION,RIGHTS_REVIEW_COMPLETE,GENERATE_NEW_RRE_ASSET_FROM_REFERENCE,"External photo serves strictly as a technical visual reference to produce an unbranded, high-resolution RRE International asset."
img_5245eb67de49,https://enterprise.saioautomotive.com/backend/assets/uploads/products/aEtrd0VtdkZaRnk5a1hBMUtONmpJZz09_1744695611_0.jpg,,458/70260,https://www.antheautoparts.com/product-details/crown-pinion-repair-kit-1371-m30-for-project-21-458-70260-jcb-parts-catalog,458/70260,458-70260-ga-c-wheel-pinion-13-33,placeholder_image,false,FLAGGED_FOR_RRE_ASSET_GENERATION,RIGHTS_REVIEW_COMPLETE,GENERATE_NEW_RRE_ASSET_FROM_REFERENCE,"External photo serves strictly as a technical visual reference to produce an unbranded, high-resolution RRE International asset."
img_2d47d6ed197f,https://enterprise.saioautomotive.com/backend/assets/uploads/products/ZnJhNlNqVGdVSGgvL0xSdVdseG9Pdz09_1744695611_0.jpg,,458/70260,https://www.antheautoparts.com/product-details/crown-pinion-repair-kit-1371-m30-for-project-21-458-70260-jcb-spare-parts-dealer,458/70260,458-70260-ga-c-wheel-pinion-13-33,placeholder_image,false,FLAGGED_FOR_RRE_ASSET_GENERATION,RIGHTS_REVIEW_COMPLETE,GENERATE_NEW_RRE_ASSET_FROM_REFERENCE,"External photo serves strictly as a technical visual reference to produce an unbranded, high-resolution RRE International asset."
img_3c392738e62e,https://enterprise.saioautomotive.com/backend/assets/uploads/products/VXE4d2lxbG1lQ24vVGVjRmR3ZngvZz09_1744695674_0.jpg,,458/20814,https://www.antheautoparts.com/product-details/yoke-coupling-458-20814-replacement-jcb-parts,458/20814,458-20814-coupling-yoke-1550,placeholder_image,false,FLAGGED_FOR_RRE_ASSET_GENERATION,RIGHTS_REVIEW_COMPLETE,GENERATE_NEW_RRE_ASSET_FROM_REFERENCE,"External photo serves strictly as a technical visual reference to produce an unbranded, high-resolution RRE International asset."
img_be23a37128ca,https://enterprise.saioautomotive.com/backend/assets/uploads/products/ZzZvY0JuRE9KaGZzT1BHaXRLMzBzdz09_1744695747_0.jpg,,573/10001,https://www.antheautoparts.com/product-details/ram-power-track-rod-2ws-4wd-573-10001-jcb-aftermarket-parts,N/A,N/A,N/A,false,UNMATCHED_EXTERNAL_REFERENCE,RIGHTS_REVIEW_COMPLETE,STAGED_AS_TECHNICAL_REFERENCE,External part not currently in RRE master catalog. Image staged in reference archive.
img_0fb1224fe2e0,https://enterprise.saioautomotive.com/backend/assets/uploads/products/UXFMSGRSN0Z1VWU4cGV4UXk5L0ludz09_1744695809_0.jpg,,821/00289,https://www.antheautoparts.com/product-details/circlip-821-00289-jcb-spare-parts,821/00289,821-00289-lshapedcirclipcd3155,placeholder_image,false,FLAGGED_FOR_RRE_ASSET_GENERATION,RIGHTS_REVIEW_COMPLETE,GENERATE_NEW_RRE_ASSET_FROM_REFERENCE,"External photo serves strictly as a technical visual reference to produce an unbranded, high-resolution RRE International asset."
img_b60d1f79d545,https://enterprise.saioautomotive.com/backend/assets/uploads/products/NHVOVC9MSWRuZUZsRlRNaGl2T1dIQT09_1744695873_0.jpg,,823/00220,https://www.antheautoparts.com/product-details/shims-88-x-52-x-15-mm-823-00220-jcb-parts-online,823/00220,823-00220-shim-51x761x14mm,placeholder_image,false,FLAGGED_FOR_RRE_ASSET_GENERATION,RIGHTS_REVIEW_COMPLETE,GENERATE_NEW_RRE_ASSET_FROM_REFERENCE,"External photo serves strictly as a technical visual reference to produce an unbranded, high-resolution RRE International asset."
img_a3609f549475,https://enterprise.saioautomotive.com/backend/assets/uploads/products/SVpIWVZIZzRQalpBbUduWERlRVh4UT09_1744695925_0.jpg,,825/99928,https://www.antheautoparts.com/product-details/wheel-brace-with-tommy-bar-825-99928-replacement-jcb-parts,825/99928,825-99928-wrench,placeholder_image,false,FLAGGED_FOR_RRE_ASSET_GENERATION,RIGHTS_REVIEW_COMPLETE,GENERATE_NEW_RRE_ASSET_FROM_REFERENCE,"External photo serves strictly as a technical visual reference to produce an unbranded, high-resolution RRE International asset."
img_410944e9a254,https://enterprise.saioautomotive.com/backend/assets/uploads/products/clZhSlJwb0RkNTFib2tZQWJQZjFhdz09_1744695979_0.jpg,,826/00425,https://www.antheautoparts.com/product-details/planetary-hub-plug-3-4-826-00425-jcb-parts-online,826/00425,826-00425-plug,placeholder_image,false,FLAGGED_FOR_RRE_ASSET_GENERATION,RIGHTS_REVIEW_COMPLETE,GENERATE_NEW_RRE_ASSET_FROM_REFERENCE,"External photo serves strictly as a technical visual reference to produce an unbranded, high-resolution RRE International asset."
img_648a02cab00c,https://enterprise.saioautomotive.com/backend/assets/uploads/products/bnBHVnRBdWt1VXdrRlA3MzV0OG5KZz09_1744696041_0.jpg,,826/00558 | 106/40001,https://www.antheautoparts.com/product-details/wheel-nuts-studs-36mm-826-00558-106-40001-replacement-jcb-parts,N/A,N/A,N/A,false,UNMATCHED_EXTERNAL_REFERENCE,RIGHTS_REVIEW_COMPLETE,STAGED_AS_TECHNICAL_REFERENCE,External part not currently in RRE master catalog. Image staged in reference archive.
img_a9555504d2a6,https://enterprise.saioautomotive.com/backend/assets/uploads/products/azZKejdFTlV2QlJKOW0xTWlkaTJ1UT09_1744696117_0.jpg,,826/00923,https://www.antheautoparts.com/product-details/wheel-studs-826-00923-replacement-jcb-parts,826/00923,826-00923-wheelstud,generated_image,false,RRE_GENERATED_AVAILABLE,RIGHTS_REVIEW_COMPLETE,PRESERVE_EXISTING_RRE_GENERATED_ASSET,RRE generated visual asset is already assigned.
img_e3258729fb73,https://enterprise.saioautomotive.com/backend/assets/uploads/products/cjJPVDJwK3VneEN1Z1FQQkdOdWsyZz09_1744696183_0.jpg,,826/00923 | 106/40001,https://www.antheautoparts.com/product-details/wheel-nuts-studs-826-00923-106-40001-jcb-spare-parts,826/00923,826-00923-wheelstud,generated_image,false,RRE_GENERATED_AVAILABLE,RIGHTS_REVIEW_COMPLETE,PRESERVE_EXISTING_RRE_GENERATED_ASSET,RRE generated visual asset is already assigned.
img_aafd80ef4a08,https://enterprise.saioautomotive.com/backend/assets/uploads/products/S0hsejJaamlQOXhyZE9OOFUwcWE2UT09_1744696231_0.jpg,,826/01060,https://www.antheautoparts.com/product-details/bolt-826-01060-jcb-aftermarket-parts,826/01060,826-01060-verbusrippbolt,placeholder_image,false,FLAGGED_FOR_RRE_ASSET_GENERATION,RIGHTS_REVIEW_COMPLETE,GENERATE_NEW_RRE_ASSET_FROM_REFERENCE,"External photo serves strictly as a technical visual reference to produce an unbranded, high-resolution RRE International asset."
img_67af1768987e,https://enterprise.saioautomotive.com/backend/assets/uploads/products/Nm9XcVdiRGY3cmUyNlpFSmxobXhiQT09_1744698660_0.jpg,,826/01080,https://www.antheautoparts.com/product-details/bolt-826-01080-jcb-spare-parts,826/01080,826-01080-bolt-verbus-ripp,source_image,false,RRE_ORIGINAL_AVAILABLE,RIGHTS_REVIEW_COMPLETE,PRESERVE_EXISTING_RRE_ORIGINAL_PHOTO,RRE already possesses an authentic catalog photograph for this SKU; external image kept purely as secondary cross-reference.
img_5e438ec183b6,https://enterprise.saioautomotive.com/backend/assets/uploads/products/YmFNS0V4cmxtRVFxTVBFODZSelo5Zz09_1744698731_0.jpg,,826/01551,https://www.antheautoparts.com/product-details/stake-nut-m30-826-01551-jcb-genuine-parts,826/01551,826-01551-stack-nut,source_image,false,RRE_ORIGINAL_AVAILABLE,RIGHTS_REVIEW_COMPLETE,PRESERVE_EXISTING_RRE_ORIGINAL_PHOTO,RRE already possesses an authentic catalog photograph for this SKU; external image kept purely as secondary cross-reference.
img_5751b640d321,https://enterprise.saioautomotive.com/backend/assets/uploads/products/VXE0bll5ZGpXT1dLaWFQM2d2QTgvQT09_1744698855_0.jpg,,826/01712 | 826/01714,https://www.antheautoparts.com/product-details/bolt-nut-axle-mounting-9-826-01712-826-01714-jcb-parts-near-me,826/01712,826-01712-bolt,source_image,false,RRE_ORIGINAL_AVAILABLE,RIGHTS_REVIEW_COMPLETE,PRESERVE_EXISTING_RRE_ORIGINAL_PHOTO,RRE already possesses an authentic catalog photograph for this SKU; external image kept purely as secondary cross-reference.
img_9513313b5fa4,https://enterprise.saioautomotive.com/backend/assets/uploads/products/T1lvTzkxT1NKbUpxTGdPZG9ZV2xsZz09_1744698961_0.jpg,,826/01744 | 826/M7635,https://www.antheautoparts.com/product-details/stake-nut-m30-826-01744-826-m7635-jcb-parts-catalog,826/01744,826-01744-nut-stake-m30-x-2,source_image,false,RRE_ORIGINAL_AVAILABLE,RIGHTS_REVIEW_COMPLETE,PRESERVE_EXISTING_RRE_ORIGINAL_PHOTO,RRE already possesses an authentic catalog photograph for this SKU; external image kept purely as secondary cross-reference.
img_db7c1224ce37,https://enterprise.saioautomotive.com/backend/assets/uploads/products/NnFHY09rYnR4SjhxODYxRVdVVkdPUT09_1744699038_0.jpg,,904/06201,https://www.antheautoparts.com/product-details/2wd-axle-hub-sleeve-904-06201-jcb-spare-parts,904/06201,904-06201-wear-sleeve,source_image,false,RRE_ORIGINAL_AVAILABLE,RIGHTS_REVIEW_COMPLETE,PRESERVE_EXISTING_RRE_ORIGINAL_PHOTO,RRE already possesses an authentic catalog photograph for this SKU; external image kept purely as secondary cross-reference.
img_6a73b92c164e,https://enterprise.saioautomotive.com/backend/assets/uploads/products/SEVqRVUzZDQ4M2RFT1Bnbko4S3dRUT09_1744699104_0.jpg,,904/06700 907/08300,https://www.antheautoparts.com/product-details/steering-knuckle-trunnion-bearing-seal-904-06700-907-08300-replacement-jcb-parts,N/A,N/A,N/A,false,UNMATCHED_EXTERNAL_REFERENCE,RIGHTS_REVIEW_COMPLETE,STAGED_AS_TECHNICAL_REFERENCE,External part not currently in RRE master catalog. Image staged in reference archive.
img_9460e211a2e7,https://enterprise.saioautomotive.com/backend/assets/uploads/products/V25Gbmo1VWhjN0VuS2FNS21Rc0E0Zz09_1744699153_0.jpg,,914/39000,https://www.antheautoparts.com/product-details/front-axle-drive-prop-shaft-914-39000-jcb-parts-near-me,N/A,N/A,N/A,false,UNMATCHED_EXTERNAL_REFERENCE,RIGHTS_REVIEW_COMPLETE,STAGED_AS_TECHNICAL_REFERENCE,External part not currently in RRE master catalog. Image staged in reference archive.
img_960f1f1fdf78,https://enterprise.saioautomotive.com/backend/assets/uploads/products/NmhETG1IVG10c0VLSkVmcWVHTnlPdz09_1744699236_0.jpg,,914/42300,https://www.antheautoparts.com/product-details/front-axle-drive-prop-shaft-914-42300-jcb-genuine-parts,N/A,N/A,N/A,false,UNMATCHED_EXTERNAL_REFERENCE,RIGHTS_REVIEW_COMPLETE,STAGED_AS_TECHNICAL_REFERENCE,External part not currently in RRE master catalog. Image staged in reference archive.
img_cfe4fdf7c5f7,https://enterprise.saioautomotive.com/backend/assets/uploads/products/UGZsY0dUSHhiZFJMb2Y1NWJNMVBqQT09_1744699295_0.jpg,,914/49100,https://www.antheautoparts.com/product-details/front-axle-drive-prop-shaft-914-49100-jcb-parts-near-me,914/49100,914-49100-propshaft-p92,source_image,false,RRE_ORIGINAL_AVAILABLE,RIGHTS_REVIEW_COMPLETE,PRESERVE_EXISTING_RRE_ORIGINAL_PHOTO,RRE already possesses an authentic catalog photograph for this SKU; external image kept purely as secondary cross-reference.
img_06d6e9a02369,https://enterprise.saioautomotive.com/backend/assets/uploads/products/UXRzTVRkUkpJNm1iOGR0TW9nelN6dz09_1744699784_0.jpg,,914/60181,https://www.antheautoparts.com/product-details/front-axle-drive-prop-shaft-222-914-60181-jcb-spare-parts-dealer,914/60181,914-60181-drive-shaft-4wd-p-s-a-s,source_image,false,RRE_ORIGINAL_AVAILABLE,RIGHTS_REVIEW_COMPLETE,PRESERVE_EXISTING_RRE_ORIGINAL_PHOTO,RRE already possesses an authentic catalog photograph for this SKU; external image kept purely as secondary cross-reference.
img_cb7730333208,https://enterprise.saioautomotive.com/backend/assets/uploads/products/cnBvcWtvR2l1bzFpMnJFbmVjU1hiZz09_1744699840_0.jpg,,914/60183,https://www.antheautoparts.com/product-details/rear-axle-drive-prop-shaft-914-60183-jcb-aftermarket-parts,N/A,N/A,N/A,false,UNMATCHED_EXTERNAL_REFERENCE,RIGHTS_REVIEW_COMPLETE,STAGED_AS_TECHNICAL_REFERENCE,External part not currently in RRE master catalog. Image staged in reference archive.
img_5feabf7b607c,https://enterprise.saioautomotive.com/backend/assets/uploads/products/VTFDSDZJc25wN3VramtqQzJQUzNrQT09_1744699895_0.jpg,,914/80203 | 914/83304,https://www.antheautoparts.com/product-details/center-joint-for-driveshaft-914-80203-914-83304-jcb-genuine-parts,N/A,N/A,N/A,false,UNMATCHED_EXTERNAL_REFERENCE,RIGHTS_REVIEW_COMPLETE,STAGED_AS_TECHNICAL_REFERENCE,External part not currently in RRE master catalog. Image staged in reference archive.
img_101fcd38c7d5,https://enterprise.saioautomotive.com/backend/assets/uploads/products/WmtsV0xXckFCL1JUYk4raGFndmtWZz09_1744699942_0.jpg,,914/88101,https://www.antheautoparts.com/product-details/shaft-hub-side-914-88101-jcb-genuine-parts,914/88101,914-88101-shaft,source_image,false,RRE_ORIGINAL_AVAILABLE,RIGHTS_REVIEW_COMPLETE,PRESERVE_EXISTING_RRE_ORIGINAL_PHOTO,RRE already possesses an authentic catalog photograph for this SKU; external image kept purely as secondary cross-reference.
img_f1375e263511,https://enterprise.saioautomotive.com/backend/assets/uploads/products/NElmRTU5QUZrQVRYMjU5dEhtN1BjZz09_1744700074_0.jpg,,914/89501,https://www.antheautoparts.com/product-details/shaft-hub-side-914-89501-jcb-parts-near-me,914/89501,914-89501-shaft,source_image,false,RRE_ORIGINAL_AVAILABLE,RIGHTS_REVIEW_COMPLETE,PRESERVE_EXISTING_RRE_ORIGINAL_PHOTO,RRE already possesses an authentic catalog photograph for this SKU; external image kept purely as secondary cross-reference.
img_0d3508105818,https://enterprise.saioautomotive.com/backend/assets/uploads/products/WUxncy9HMTFIN09mRkRGcnVFRUd5QT09_1744706576_0.jpg,,914/88200,https://www.antheautoparts.com/product-details/shaft-drive-assembly-825mm-914-88200-jcb-spare-parts-dealer,914/88200,914-88200-propaler-shaft,source_image,false,RRE_ORIGINAL_AVAILABLE,RIGHTS_REVIEW_COMPLETE,PRESERVE_EXISTING_RRE_ORIGINAL_PHOTO,RRE already possesses an authentic catalog photograph for this SKU; external image kept purely as secondary cross-reference.
img_da479c88fbb3,https://enterprise.saioautomotive.com/backend/assets/uploads/products/L1VETHoxWXJvb0pDaXpWVHo0T2FYZz09_1744706633_0.jpg,,914/M3544,https://www.antheautoparts.com/product-details/driveshaft-914-m3544-jcb-aftermarket-parts,N/A,N/A,N/A,false,UNMATCHED_EXTERNAL_REFERENCE,RIGHTS_REVIEW_COMPLETE,STAGED_AS_TECHNICAL_REFERENCE,External part not currently in RRE master catalog. Image staged in reference archive.
img_d8b0581a22b4,https://enterprise.saioautomotive.com/backend/assets/uploads/products/YThPRE5xamJNUVdERFVpVWRLK3hNdz09_1744706700_0.jpg,,914/M4448,https://www.antheautoparts.com/product-details/driveshaft-axle-914-m4448-jcb-parts-catalog,914/M4448,914-m4448-drive-shaft,source_image,false,RRE_ORIGINAL_AVAILABLE,RIGHTS_REVIEW_COMPLETE,PRESERVE_EXISTING_RRE_ORIGINAL_PHOTO,RRE already possesses an authentic catalog photograph for this SKU; external image kept purely as secondary cross-reference.
img_613c182fa08a,https://enterprise.saioautomotive.com/backend/assets/uploads/products/cnRKbW9pMngrdUxZTWZBdklsSUFCUT09_1744706768_0.jpg,,990/98300,https://www.antheautoparts.com/product-details/differential-gear-set-990-98300-replacement-jcb-parts,990/98300,990-98300-gearpinion,source_image,false,RRE_ORIGINAL_AVAILABLE,RIGHTS_REVIEW_COMPLETE,PRESERVE_EXISTING_RRE_ORIGINAL_PHOTO,RRE already possesses an authentic catalog photograph for this SKU; external image kept purely as secondary cross-reference.
img_f2880d83bb53,https://enterprise.saioautomotive.com/backend/assets/uploads/products/cUtTS3NwVzV0VHpYOVEvSUJjN201QT09_1744706869_0.jpg,,120/30003 1340/0905z,https://www.antheautoparts.com/product-details/stub-axle-with-nut-120-30003-1340-0905z-jcb-aftermarket-parts,N/A,N/A,N/A,false,UNMATCHED_EXTERNAL_REFERENCE,RIGHTS_REVIEW_COMPLETE,STAGED_AS_TECHNICAL_REFERENCE,External part not currently in RRE master catalog. Image staged in reference archive.
img_0e8255c6258c,https://enterprise.saioautomotive.com/backend/assets/uploads/products/TTNhQXdSNk1FbE8vblZDNDJPeE13Zz09_1744706931_0.jpg,,448/03902,https://www.antheautoparts.com/product-details/trunnion-axle-steering-4wd-448-03902-jcb-spare-parts,448/03902,448-03902-turnnion,source_image,false,RRE_ORIGINAL_AVAILABLE,RIGHTS_REVIEW_COMPLETE,PRESERVE_EXISTING_RRE_ORIGINAL_PHOTO,RRE already possesses an authentic catalog photograph for this SKU; external image kept purely as secondary cross-reference.
img_cc7e1386360c,https://enterprise.saioautomotive.com/backend/assets/uploads/products/QU9wUlBhWEN6UW5HdWRnUjlRMVBMZz09_1744706989_0.jpg,,445/10703,https://www.antheautoparts.com/product-details/yoke-flange-445-10703-replacement-jcb-parts,445/10703,445-10703-couplingyoke,source_image,false,RRE_ORIGINAL_AVAILABLE,RIGHTS_REVIEW_COMPLETE,PRESERVE_EXISTING_RRE_ORIGINAL_PHOTO,RRE already possesses an authentic catalog photograph for this SKU; external image kept purely as secondary cross-reference.
img_cf7b5d99b02c,https://enterprise.saioautomotive.com/backend/assets/uploads/products/SDZPSXhKM1BZazFTY2tTcnpJVVpKZz09_1744707056_0.jpg,,914/60117,https://www.antheautoparts.com/product-details/prop-shaft-914-60117-jcb-parts-near-me,N/A,N/A,N/A,false,UNMATCHED_EXTERNAL_REFERENCE,RIGHTS_REVIEW_COMPLETE,STAGED_AS_TECHNICAL_REFERENCE,External part not currently in RRE master catalog. Image staged in reference archive.
img_51189042e172,https://enterprise.saioautomotive.com/backend/assets/uploads/products/c3crT3Mwb1BHaUFwN1NFTzlNbDZhZz09_1744707165_0.jpg,,454/13100,https://www.antheautoparts.com/product-details/yoke-454-13100-jcb-spares,N/A,N/A,N/A,false,UNMATCHED_EXTERNAL_REFERENCE,RIGHTS_REVIEW_COMPLETE,STAGED_AS_TECHNICAL_REFERENCE,External part not currently in RRE master catalog. Image staged in reference archive.
img_f8055da67707,https://enterprise.saioautomotive.com/backend/assets/uploads/products/WmhBVEpGSVl2aDJhOFdsemcyT0lJQT09_1744707237_0.jpg,,459/70317,https://www.antheautoparts.com/product-details/yoke-coupling-459-70317-jcb-spare-parts,459/70317,459-70317-coupling-yoke-p92,source_image,false,RRE_ORIGINAL_AVAILABLE,RIGHTS_REVIEW_COMPLETE,PRESERVE_EXISTING_RRE_ORIGINAL_PHOTO,RRE already possesses an authentic catalog photograph for this SKU; external image kept purely as secondary cross-reference.
img_69990f780473,https://enterprise.saioautomotive.com/backend/assets/uploads/products/WTZoeGh2NmRKeXg4M25zY2NLL3JDdz09_1744707293_0.jpg,,914/86201,https://www.antheautoparts.com/product-details/shaft-hub-side-914-86201-jcb-genuine-parts,N/A,N/A,N/A,false,UNMATCHED_EXTERNAL_REFERENCE,RIGHTS_REVIEW_COMPLETE,STAGED_AS_TECHNICAL_REFERENCE,External part not currently in RRE master catalog. Image staged in reference archive.
img_b20b334b6d0f,https://enterprise.saioautomotive.com/backend/assets/uploads/products/VENJRGQwbkd4MnZUMDJsY2N0clcrQT09_1744707627_0.jpg,,450/12703,https://www.antheautoparts.com/product-details/dowel-hollow-450-12703-jcb-parts-catalog,450/12703,450-12703-ring-dowel,source_image,false,RRE_ORIGINAL_AVAILABLE,RIGHTS_REVIEW_COMPLETE,PRESERVE_EXISTING_RRE_ORIGINAL_PHOTO,RRE already possesses an authentic catalog photograph for this SKU; external image kept purely as secondary cross-reference.
img_569530607207,https://enterprise.saioautomotive.com/backend/assets/uploads/products/RUNHSk5PMXcyWDFMdFpsM2tBY1QwQT09_1744707700_0.jpg,,459/70138,https://www.antheautoparts.com/product-details/yoke-rear-output-459-70138-jcb-parts,459/70138,459-70138-yoke-output-1550,source_image,false,RRE_ORIGINAL_AVAILABLE,RIGHTS_REVIEW_COMPLETE,PRESERVE_EXISTING_RRE_ORIGINAL_PHOTO,RRE already possesses an authentic catalog photograph for this SKU; external image kept purely as secondary cross-reference.
img_3069628e8c9d,https://enterprise.saioautomotive.com/backend/assets/uploads/products/ZjVtVE44bEVIeVZwT0VUaVBFOVI3QT09_1744707779_0.jpg,,826/10528,https://www.antheautoparts.com/product-details/screw-826-10528-jcb-genuine-parts,826/10528,826-10528-setscrew,source_image,false,RRE_ORIGINAL_AVAILABLE,RIGHTS_REVIEW_COMPLETE,PRESERVE_EXISTING_RRE_ORIGINAL_PHOTO,RRE already possesses an authentic catalog photograph for this SKU; external image kept purely as secondary cross-reference.
img_ad4e6c1feeab,https://enterprise.saioautomotive.com/backend/assets/uploads/products/cnNLdWdXbHVudEtrMHlnWFRHMExJZz09_1744707828_0.jpg,,Stake Nut M24,https://www.antheautoparts.com/product-details/stake-nut-m24-stake-nut-m24-jcb-genuine-parts,N/A,N/A,N/A,false,UNMATCHED_EXTERNAL_REFERENCE,RIGHTS_REVIEW_COMPLETE,STAGED_AS_TECHNICAL_REFERENCE,External part not currently in RRE master catalog. Image staged in reference archive.
img_81cdf3a41bb1,https://enterprise.saioautomotive.com/backend/assets/uploads/products/a2w3dmVwVGxWRXVxQTNOYzJpK1Ztdz09_1744707893_0.jpg,,2203/0071,https://www.antheautoparts.com/product-details/circlip-2203-0071-jcb-parts-online,2203/0071,2203-0071-ext-circlip-60mm-1400-06,source_image,false,RRE_ORIGINAL_AVAILABLE,RIGHTS_REVIEW_COMPLETE,PRESERVE_EXISTING_RRE_ORIGINAL_PHOTO,RRE already possesses an authentic catalog photograph for this SKU; external image kept purely as secondary cross-reference.
img_5086f966cbb4,https://enterprise.saioautomotive.com/backend/assets/uploads/products/bkI4TFBteFF3ZEU0dUJmeldyRnRKZz09_1744714252_0.jpg,,450/20600,https://www.antheautoparts.com/product-details/differential-kit-450-20600-jcb-spares,450/20600,450-20600-assydiff-pinion-gear,source_image,false,RRE_ORIGINAL_AVAILABLE,RIGHTS_REVIEW_COMPLETE,PRESERVE_EXISTING_RRE_ORIGINAL_PHOTO,RRE already possesses an authentic catalog photograph for this SKU; external image kept purely as secondary cross-reference.
img_fc7d303bc8d2,https://enterprise.saioautomotive.com/backend/assets/uploads/products/d21sdVpoOTY0SWtxODJGcGN3UmE3QT09_1744714350_0.jpg,,450/20403,https://www.antheautoparts.com/product-details/pd70-axle-counter-plate-450-20403-jcb-parts-near-me,450/20403,450-20403-platecounter,source_image,false,RRE_ORIGINAL_AVAILABLE,RIGHTS_REVIEW_COMPLETE,PRESERVE_EXISTING_RRE_ORIGINAL_PHOTO,RRE already possesses an authentic catalog photograph for this SKU; external image kept purely as secondary cross-reference.
img_eb5e93604c7e,https://enterprise.saioautomotive.com/backend/assets/uploads/products/T1lSVzdVa0o0S3RYSVNVbEVEUHZLUT09_1744714423_0.jpg,,450/20402,https://www.antheautoparts.com/product-details/friction-plate-450-20402-jcb-parts,450/20402,450-20402-platefriction,source_image,false,RRE_ORIGINAL_AVAILABLE,RIGHTS_REVIEW_COMPLETE,PRESERVE_EXISTING_RRE_ORIGINAL_PHOTO,RRE already possesses an authentic catalog photograph for this SKU; external image kept purely as secondary cross-reference.
img_f79e53fcb125,https://enterprise.saioautomotive.com/backend/assets/uploads/products/TmhRdytGNWZKV08wdzRicWNUQXhLZz09_1744714503_0.jpg,,450/20401,https://www.antheautoparts.com/product-details/pressure-plate-differential-set-of-2-units-450-20401-jcb-parts,450/20401,450-20401-platepressure,source_image,false,RRE_ORIGINAL_AVAILABLE,RIGHTS_REVIEW_COMPLETE,PRESERVE_EXISTING_RRE_ORIGINAL_PHOTO,RRE already possesses an authentic catalog photograph for this SKU; external image kept purely as secondary cross-reference.
img_3dfacd8b038d,https://enterprise.saioautomotive.com/backend/assets/uploads/products/UVZFVkIwWlBlb3p6TXhzZ2V2OE9ZQT09_1744714746_0.jpg,,914/89300,https://www.antheautoparts.com/product-details/driveshaft-with-double-joint-914-89300-jcb-parts-near-me,914/89300,914-89300-driveshaft,source_image,false,RRE_ORIGINAL_AVAILABLE,RIGHTS_REVIEW_COMPLETE,PRESERVE_EXISTING_RRE_ORIGINAL_PHOTO,RRE already possesses an authentic catalog photograph for this SKU; external image kept purely as secondary cross-reference.
img_3d4cc704a0c5,https://enterprise.saioautomotive.com/backend/assets/uploads/products/MmhTMUFMekNXUGx2SEpLS3BJcHM2Zz09_1744714822_0.jpg,,333/H4196,https://www.antheautoparts.com/product-details/axle-shaft-spider-kit-333-h4196-jcb-spare-parts,333/H4196,333-h4196-kitspider,source_image,false,RRE_ORIGINAL_AVAILABLE,RIGHTS_REVIEW_COMPLETE,PRESERVE_EXISTING_RRE_ORIGINAL_PHOTO,RRE already possesses an authentic catalog photograph for this SKU; external image kept purely as secondary cross-reference.
img_59bf25bcd48d,https://enterprise.saioautomotive.com/backend/assets/uploads/products/VXVrT3ZhS3I5ODY1ODhmWEZ2SVNQUT09_1744714872_0.jpg,,821/00494,https://www.antheautoparts.com/product-details/circlip-821-00494-jcb-aftermarket-parts,821/00494,821-00494-external-circlip,source_image,false,RRE_ORIGINAL_AVAILABLE,RIGHTS_REVIEW_COMPLETE,PRESERVE_EXISTING_RRE_ORIGINAL_PHOTO,RRE already possesses an authentic catalog photograph for this SKU; external image kept purely as secondary cross-reference.
img_b7436cfa4842,https://enterprise.saioautomotive.com/backend/assets/uploads/products/KzVhYWZYQzNzQ1YxQ3pGOW1SMVllQT09_1744714932_0.jpg,,914/90640,https://www.antheautoparts.com/product-details/drive-shaft-914-90640-replacement-jcb-parts,914/90640,914-90640-shaftdrive,source_image,false,RRE_ORIGINAL_AVAILABLE,RIGHTS_REVIEW_COMPLETE,PRESERVE_EXISTING_RRE_ORIGINAL_PHOTO,RRE already possesses an authentic catalog photograph for this SKU; external image kept purely as secondary cross-reference.
img_992d40f98200,https://enterprise.saioautomotive.com/backend/assets/uploads/products/ZkN0MFRkTXJWOGY5MGNFNEhJV09NQT09_1744714980_0.jpg,,448/42210,https://www.antheautoparts.com/product-details/differential-448-42210-jcb-genuine-parts,448/42210,448-42210-differential-assy,source_image,false,RRE_ORIGINAL_AVAILABLE,RIGHTS_REVIEW_COMPLETE,PRESERVE_EXISTING_RRE_ORIGINAL_PHOTO,RRE already possesses an authentic catalog photograph for this SKU; external image kept purely as secondary cross-reference.
img_1a3dfa06c1fb,https://enterprise.saioautomotive.com/backend/assets/uploads/products/V04vQ3VheE1rWWVMOGRGK2FXMTNKZz09_1744715034_0.jpg,,826/01434,https://www.antheautoparts.com/product-details/bolt-826-01434-jcb-spare-parts,826/01434,826-01434-verbusripptype,source_image,false,RRE_ORIGINAL_AVAILABLE,RIGHTS_REVIEW_COMPLETE,PRESERVE_EXISTING_RRE_ORIGINAL_PHOTO,RRE already possesses an authentic catalog photograph for this SKU; external image kept purely as secondary cross-reference.
img_187656844346,https://enterprise.saioautomotive.com/backend/assets/uploads/products/K296dVhIaHR4M28rZjV0M256dE40Zz09_1744715093_0.jpg,,826/01472,https://www.antheautoparts.com/product-details/bolt-826-01472-jcb-parts-online,826/01472,826-01472-bolt,source_image,false,RRE_ORIGINAL_AVAILABLE,RIGHTS_REVIEW_COMPLETE,PRESERVE_EXISTING_RRE_ORIGINAL_PHOTO,RRE already possesses an authentic catalog photograph for this SKU; external image kept purely as secondary cross-reference.
img_498cfce4daaa,https://enterprise.saioautomotive.com/backend/assets/uploads/products/WlduemVRMDN2eDlicVFMWVpqTDdhdz09_1744715188_0.jpg,,826/11174,https://www.antheautoparts.com/product-details/nut-826-11174-jcb-parts-online,N/A,N/A,N/A,false,UNMATCHED_EXTERNAL_REFERENCE,RIGHTS_REVIEW_COMPLETE,STAGED_AS_TECHNICAL_REFERENCE,External part not currently in RRE master catalog. Image staged in reference archive.
img_112ade813688,https://enterprise.saioautomotive.com/backend/assets/uploads/products/OXdNMUphMVdBK29oSFlwck8raldlUT09_1744715247_0.jpg,,450/26200,https://www.antheautoparts.com/product-details/differential-assembly-450-26200-jcb-parts-online,450/26200,450-26200-ga-differential-lsd,source_image,false,RRE_ORIGINAL_AVAILABLE,RIGHTS_REVIEW_COMPLETE,PRESERVE_EXISTING_RRE_ORIGINAL_PHOTO,RRE already possesses an authentic catalog photograph for this SKU; external image kept purely as secondary cross-reference.
img_d6be42107c8a,https://enterprise.saioautomotive.com/backend/assets/uploads/products/V3VOSGl0VXJsSWlwQzFxQmZnM0ZaQT09_1744715359_0.jpg,,826/01586,https://www.antheautoparts.com/product-details/bolt-826-01586-jcb-aftermarket-parts,N/A,N/A,N/A,false,UNMATCHED_EXTERNAL_REFERENCE,RIGHTS_REVIEW_COMPLETE,STAGED_AS_TECHNICAL_REFERENCE,External part not currently in RRE master catalog. Image staged in reference archive.
img_9550fd505753,https://enterprise.saioautomotive.com/backend/assets/uploads/products/WHh4bW4xRHpPM0J3SHdrTWNEUnZ1Zz09_1744715434_0.jpg,,458/M2842,https://www.antheautoparts.com/product-details/differential-casing-458-m2842-jcb-genuine-parts,458/M2842,458-m2842-diff-casing-no-gears,source_image,false,RRE_ORIGINAL_AVAILABLE,RIGHTS_REVIEW_COMPLETE,PRESERVE_EXISTING_RRE_ORIGINAL_PHOTO,RRE already possesses an authentic catalog photograph for this SKU; external image kept purely as secondary cross-reference.
img_87fc389eed2d,https://enterprise.saioautomotive.com/backend/assets/uploads/products/LzlhQWhxOVZveFRhT3l4UHBVdmE2Zz09_1744715503_0.jpg,,458/W4742,https://www.antheautoparts.com/product-details/crown-wheel-pinion-30m-13-38-458-w4742-jcb-parts,458/W4742,458-w4742-ga-c-wheel-pinion-13-38,source_image,false,RRE_ORIGINAL_AVAILABLE,RIGHTS_REVIEW_COMPLETE,PRESERVE_EXISTING_RRE_ORIGINAL_PHOTO,RRE already possesses an authentic catalog photograph for this SKU; external image kept purely as secondary cross-reference.
img_ef1d824c4b18,https://enterprise.saioautomotive.com/backend/assets/uploads/products/VXVSY1NKWkJKTU9TZHk2UkNXRUNIUT09_1744715578_0.jpg,,595/10027,https://www.antheautoparts.com/product-details/piston-head-595-10027-jcb-genuine-parts,595/10027,595-10027-pistonhead,source_image,false,RRE_ORIGINAL_AVAILABLE,RIGHTS_REVIEW_COMPLETE,PRESERVE_EXISTING_RRE_ORIGINAL_PHOTO,RRE already possesses an authentic catalog photograph for this SKU; external image kept purely as secondary cross-reference.
img_dbb52a7b7311,https://enterprise.saioautomotive.com/backend/assets/uploads/products/ZkhPdEM3di96L1ZiVllpanZIWHZjZz09_1744715646_0.jpg,,595/10035,https://www.antheautoparts.com/product-details/piston-head-nut-595-10035-jcb-parts-catalog,N/A,N/A,N/A,false,UNMATCHED_EXTERNAL_REFERENCE,RIGHTS_REVIEW_COMPLETE,STAGED_AS_TECHNICAL_REFERENCE,External part not currently in RRE master catalog. Image staged in reference archive.
img_ca8cb7682c09,https://enterprise.saioautomotive.com/backend/assets/uploads/products/dFJOaE9vN29IcjZXQ080Wm4xSVEydz09_1744715693_0.jpg,,595/10057,https://www.antheautoparts.com/product-details/piston-head-nut-595-10057-jcb-spare-parts,595/10057,595-10057-headpiston,source_image,false,RRE_ORIGINAL_AVAILABLE,RIGHTS_REVIEW_COMPLETE,PRESERVE_EXISTING_RRE_ORIGINAL_PHOTO,RRE already possesses an authentic catalog photograph for this SKU; external image kept purely as secondary cross-reference.
img_8f0138d02c25,https://enterprise.saioautomotive.com/backend/assets/uploads/products/VDdoV0hWSUtaa05TM0Jia1NWSDMxZz09_1744715742_0.jpg,,595/10061,https://www.antheautoparts.com/product-details/piston-head-595-10061-jcb-aftermarket-parts,595/10061,595-10061-p-head-9060-595-10037p,source_image,false,RRE_ORIGINAL_AVAILABLE,RIGHTS_REVIEW_COMPLETE,PRESERVE_EXISTING_RRE_ORIGINAL_PHOTO,RRE already possesses an authentic catalog photograph for this SKU; external image kept purely as secondary cross-reference.
img_5dd31c48466c,https://enterprise.saioautomotive.com/backend/assets/uploads/products/aU0zNFhCNVJjM1pjNWZHM2J1THd0QT09_1744715839_0.jpg,,332/H3930,https://www.antheautoparts.com/product-details/sun-gear-332-h3930-jcb-parts,332/H3930,332-h3930-planetaryassembly,source_image,false,RRE_ORIGINAL_AVAILABLE,RIGHTS_REVIEW_COMPLETE,PRESERVE_EXISTING_RRE_ORIGINAL_PHOTO,RRE already possesses an authentic catalog photograph for this SKU; external image kept purely as secondary cross-reference.
img_e9bfb763baa8,https://enterprise.saioautomotive.com/backend/assets/uploads/products/VUxIUmVwVlpONU1idjZOV1FzZVNOdz09_1744715986_0.jpg,,826/01008,https://www.antheautoparts.com/product-details/front-wheel-nut-826-01008-jcb-parts-near-me,N/A,N/A,N/A,false,UNMATCHED_EXTERNAL_REFERENCE,RIGHTS_REVIEW_COMPLETE,STAGED_AS_TECHNICAL_REFERENCE,External part not currently in RRE master catalog. Image staged in reference archive.
img_078397eb87d4,https://enterprise.saioautomotive.com/backend/assets/uploads/products/VXlReTJ6N2dnM1FyN0lZMHNaMndLZz09_1744716149_0.jpg,,595/10040,https://www.antheautoparts.com/product-details/piston-head-595-10040-jcb-parts-online,595/10040,595-10040-p-head-595-10057p,generated_image,false,RRE_GENERATED_AVAILABLE,RIGHTS_REVIEW_COMPLETE,PRESERVE_EXISTING_RRE_GENERATED_ASSET,RRE generated visual asset is already assigned.
img_e3633e807efd,https://enterprise.saioautomotive.com/backend/assets/uploads/products/YkxXdkZHYmg5QmhUOWpsYVIwQm9jdz09_1744716240_0.jpg,,914/60265,https://www.antheautoparts.com/product-details/rear-prop-shaft-914-60265-jcb-spares,N/A,N/A,N/A,false,UNMATCHED_EXTERNAL_REFERENCE,RIGHTS_REVIEW_COMPLETE,STAGED_AS_TECHNICAL_REFERENCE,External part not currently in RRE master catalog. Image staged in reference archive.
img_381bddb7bdb5,https://enterprise.saioautomotive.com/backend/assets/uploads/products/WFRyTkZZdy9PNFoxdDB4WjMwZ2QwQT09_1744716355_0.jpg,,559/90066,https://www.antheautoparts.com/product-details/m-c-probe-g3-8-2-559-90066-jcb-spare-parts,N/A,N/A,N/A,false,UNMATCHED_EXTERNAL_REFERENCE,RIGHTS_REVIEW_COMPLETE,STAGED_AS_TECHNICAL_REFERENCE,External part not currently in RRE master catalog. Image staged in reference archive.
img_d731f07c0210,https://enterprise.saioautomotive.com/backend/assets/uploads/products/bWc4Q1M0aXFMN3FjRnBBNDZ6Mjk1dz09_1744716422_0.jpg,,821/00216,https://www.antheautoparts.com/product-details/external-circlip-821-00216-jcb-parts-online,821/00216,821-00216-circlip,source_image,false,RRE_ORIGINAL_AVAILABLE,RIGHTS_REVIEW_COMPLETE,PRESERVE_EXISTING_RRE_ORIGINAL_PHOTO,RRE already possesses an authentic catalog photograph for this SKU; external image kept purely as secondary cross-reference.
img_169be71a16f3,https://enterprise.saioautomotive.com/backend/assets/uploads/products/eWREbk95aVJEMjhqd3pGS0lPajh4QT09_1744716535_0.jpg,,02/100078,https://www.antheautoparts.com/product-details/starter-ring-gear-02-100078-jcb-genuine-parts,02/100078,02-100078-ring-starter,source_image,false,RRE_ORIGINAL_AVAILABLE,RIGHTS_REVIEW_COMPLETE,PRESERVE_EXISTING_RRE_ORIGINAL_PHOTO,RRE already possesses an authentic catalog photograph for this SKU; external image kept purely as secondary cross-reference.
img_5afb59fdf23b,https://enterprise.saioautomotive.com/backend/assets/uploads/products/dldWZ2JURkF5c0l5NWtMUGNxUFd0dz09_1744716611_0.jpg,,990/99600,https://www.antheautoparts.com/product-details/king-pin-repair-kit-2wd-990-99600-jcb-parts,990/99600,990-99600-kit-king-pin,source_image,false,RRE_ORIGINAL_AVAILABLE,RIGHTS_REVIEW_COMPLETE,PRESERVE_EXISTING_RRE_ORIGINAL_PHOTO,RRE already possesses an authentic catalog photograph for this SKU; external image kept purely as secondary cross-reference.
img_013b25e83f8b,https://enterprise.saioautomotive.com/backend/assets/uploads/products/dGwvL1VjdEJFNXErRUhVZDhBZ3dDZz09_1744716671_0.jpg,,32/905304,https://www.antheautoparts.com/product-details/dust-valve-safety-32-905304-jcb-spares,32/905304,32-905304-valve,source_image,false,RRE_ORIGINAL_AVAILABLE,RIGHTS_REVIEW_COMPLETE,PRESERVE_EXISTING_RRE_ORIGINAL_PHOTO,RRE already possesses an authentic catalog photograph for this SKU; external image kept purely as secondary cross-reference.
img_60f363c5d355,https://enterprise.saioautomotive.com/backend/assets/uploads/products/RFNrT3lZVDlNbTd6dEt4blpwL0FUQT09_1744716756_0.jpg,,913/01102,https://www.antheautoparts.com/product-details/clip-saefty-913-01102-jcb-spares,913/01102,913-01102-clevis-clip-8mm,source_image,false,RRE_ORIGINAL_AVAILABLE,RIGHTS_REVIEW_COMPLETE,PRESERVE_EXISTING_RRE_ORIGINAL_PHOTO,RRE already possesses an authentic catalog photograph for this SKU; external image kept purely as secondary cross-reference.
img_7ab726bc7dcb,https://enterprise.saioautomotive.com/backend/assets/uploads/products/ajVocDBZUjd2cDZjck1OTXdNR2ZqQT09_1744716843_0.jpg,,123/08002 | 331/20202,https://www.antheautoparts.com/product-details/ball-joint-m8-set-of-2-123-08002-331-20202-jcb-parts-online,331/20202,331-20202-balljoint,source_image,false,RRE_ORIGINAL_AVAILABLE,RIGHTS_REVIEW_COMPLETE,PRESERVE_EXISTING_RRE_ORIGINAL_PHOTO,RRE already possesses an authentic catalog photograph for this SKU; external image kept purely as secondary cross-reference.
img_81a91a820671,https://enterprise.saioautomotive.com/backend/assets/uploads/products/WFFuUkFBZ1FyeEp4NVQ2Nkxudzczdz09_1744716945_0.jpg,,320/09299A,https://www.antheautoparts.com/product-details/piston-ring-kit-std-320-09299a-jcb-genuine-parts,320/09299A,320-09299a-kit-piston-ring-st-44,generated_image,false,RRE_GENERATED_AVAILABLE,RIGHTS_REVIEW_COMPLETE,PRESERVE_EXISTING_RRE_GENERATED_ASSET,RRE generated visual asset is already assigned.
img_ac9454ee0deb,https://enterprise.saioautomotive.com/backend/assets/uploads/products/Z2NkeERHSVFFcGU5aDJYVm4rQ2JhZz09_1744717055_0.jpg,,332/G8146,https://www.antheautoparts.com/product-details/steering-wheel-abi-splined-hub-with-spinner-knob-332-g8146-jcb-parts-near-me,332/G8146,332-g8146-abisteeringwheel-spinner,placeholder_image,false,FLAGGED_FOR_RRE_ASSET_GENERATION,RIGHTS_REVIEW_COMPLETE,GENERATE_NEW_RRE_ASSET_FROM_REFERENCE,"External photo serves strictly as a technical visual reference to produce an unbranded, high-resolution RRE International asset."
img_5350bdb91231,https://enterprise.saioautomotive.com/backend/assets/uploads/products/V1dCZ2tIc2UrZ3ByaHk5WUdHQ3VwQT09_1744784159_0.jpg,,907/04100,https://www.antheautoparts.com/product-details/front-hub-bearing-907-04100-jcb-parts-catalog,907/04100,907-04100-bearing-spurpinion,source_image,false,RRE_ORIGINAL_AVAILABLE,RIGHTS_REVIEW_COMPLETE,PRESERVE_EXISTING_RRE_ORIGINAL_PHOTO,RRE already possesses an authentic catalog photograph for this SKU; external image kept purely as secondary cross-reference.
img_d35bc76901a4,https://enterprise.saioautomotive.com/backend/assets/uploads/products/WUdMRjBqbzdoWklvV1BNaldlNytRQT09_1744785082_0.jpg,,907/05700,https://www.antheautoparts.com/product-details/front-axle-hub-bearing-small-907-05700-jcb-spare-parts-dealer,907/05700,907-05700-bearing-outer-hub,source_image,false,RRE_ORIGINAL_AVAILABLE,RIGHTS_REVIEW_COMPLETE,PRESERVE_EXISTING_RRE_ORIGINAL_PHOTO,RRE already possesses an authentic catalog photograph for this SKU; external image kept purely as secondary cross-reference.
img_11b2f4a85d4f,https://enterprise.saioautomotive.com/backend/assets/uploads/products/WWxQMEhPekxtNk1EUHc1ck1kQ050UT09_1744785134_0.jpg,,907/05800,https://www.antheautoparts.com/product-details/thrust-bearing-907-05800-jcb-parts-near-me,907/05800,907-05800-thrust-bearing,source_image,false,RRE_ORIGINAL_AVAILABLE,RIGHTS_REVIEW_COMPLETE,PRESERVE_EXISTING_RRE_ORIGINAL_PHOTO,RRE already possesses an authentic catalog photograph for this SKU; external image kept purely as secondary cross-reference.
img_4da7808f1ef7,https://enterprise.saioautomotive.com/backend/assets/uploads/products/VEc3ZlhsOEYyc2dJSU5PeVYzMnNtdz09_1744785227_0.jpg,,907/08300,https://www.antheautoparts.com/product-details/thrust-bearing-hm89410-hm89449-907-08300-replacement-jcb-parts,907/08300,907-08300-taper-roller-bearing,source_image,false,RRE_ORIGINAL_AVAILABLE,RIGHTS_REVIEW_COMPLETE,PRESERVE_EXISTING_RRE_ORIGINAL_PHOTO,RRE already possesses an authentic catalog photograph for this SKU; external image kept purely as secondary cross-reference.
img_e186ce16f3ae,https://enterprise.saioautomotive.com/backend/assets/uploads/products/YjBta2ZhamU5WHIzU3ZCZmhMYnNtdz09_1744785307_0.jpg,,907/08400 907/20025,https://www.antheautoparts.com/product-details/front-axle-bearing-907-08400-907-20025-jcb-genuine-parts,N/A,N/A,N/A,false,UNMATCHED_EXTERNAL_REFERENCE,RIGHTS_REVIEW_COMPLETE,STAGED_AS_TECHNICAL_REFERENCE,External part not currently in RRE master catalog. Image staged in reference archive.
img_b39cc3504626,https://enterprise.saioautomotive.com/backend/assets/uploads/products/Kyt1MVQyRXF2Z2NjZTh0VGZPU2dKUT09_1744785391_0.jpg,,907/09000,https://www.antheautoparts.com/product-details/bearing-hm803149-hm803110-907-09000-jcb-spares,907/09000,907-09000-taper-roller-bearing,source_image,false,RRE_ORIGINAL_AVAILABLE,RIGHTS_REVIEW_COMPLETE,PRESERVE_EXISTING_RRE_ORIGINAL_PHOTO,RRE already possesses an authentic catalog photograph for this SKU; external image kept purely as secondary cross-reference.
img_eb36cb5a84ff,https://enterprise.saioautomotive.com/backend/assets/uploads/products/TFk3RFJHR3haL2dwWjBIdGJKS0Fodz09_1744785457_0.jpg,,907/09100,https://www.antheautoparts.com/product-details/differential-assy-taper-roller-bearing-907-09100-jcb-parts,907/09100,907-09100-taper-oller-bearing,source_image,false,RRE_ORIGINAL_AVAILABLE,RIGHTS_REVIEW_COMPLETE,PRESERVE_EXISTING_RRE_ORIGINAL_PHOTO,RRE already possesses an authentic catalog photograph for this SKU; external image kept purely as secondary cross-reference.
img_b8e76a5e2398,https://enterprise.saioautomotive.com/backend/assets/uploads/products/bUdqeExsV1BLU29ya2NmZGVtcmFWUT09_1744785526_0.jpg,,907/09600 | 907/20049,https://www.antheautoparts.com/product-details/bearing-907-09600-907-20049-jcb-parts,907/09600,907-09600-bearing,source_image,false,RRE_ORIGINAL_AVAILABLE,RIGHTS_REVIEW_COMPLETE,PRESERVE_EXISTING_RRE_ORIGINAL_PHOTO,RRE already possesses an authentic catalog photograph for this SKU; external image kept purely as secondary cross-reference.
img_3e44d36b6202,https://enterprise.saioautomotive.com/backend/assets/uploads/products/d29ZL1R6ckhPVFlwcktHaXdLblUvQT09_1744785863_0.jpg,,907/10000,https://www.antheautoparts.com/product-details/transmission-bearing-l68149-l681410-907-10000-jcb-parts-online,907/10000,907-10000-bearing,source_image,false,RRE_ORIGINAL_AVAILABLE,RIGHTS_REVIEW_COMPLETE,PRESERVE_EXISTING_RRE_ORIGINAL_PHOTO,RRE already possesses an authentic catalog photograph for this SKU; external image kept purely as secondary cross-reference.
img_fe2d1348871e,https://enterprise.saioautomotive.com/backend/assets/uploads/products/eU5aSzFxT1VjaGdzU1ZUejhYOEtKZz09_1744785934_0.jpg,,907/09700,https://www.antheautoparts.com/product-details/timken-bearing-907-09700-jcb-parts-online,907/09700,907-09700-taper-roller-bearing,source_image,false,RRE_ORIGINAL_AVAILABLE,RIGHTS_REVIEW_COMPLETE,PRESERVE_EXISTING_RRE_ORIGINAL_PHOTO,RRE already possesses an authentic catalog photograph for this SKU; external image kept purely as secondary cross-reference.
img_789ce7e82d36,https://enterprise.saioautomotive.com/backend/assets/uploads/products/Z1ZvRUZmUU9Hc3pTbFBIWUw2ZW5DQT09_1744785999_0.jpg,,907/20030,https://www.antheautoparts.com/product-details/bearing-50-x-80-x-20-907-20030-jcb-spare-parts,907/20030,907-20030-bearingtaperroller,source_image,false,RRE_ORIGINAL_AVAILABLE,RIGHTS_REVIEW_COMPLETE,PRESERVE_EXISTING_RRE_ORIGINAL_PHOTO,RRE already possesses an authentic catalog photograph for this SKU; external image kept purely as secondary cross-reference.
img_40c45bc76513,https://enterprise.saioautomotive.com/backend/assets/uploads/products/S0c4WlErSktCWnJhbVk1NWlOSnl0UT09_1744786043_0.jpg,,907/20033,https://www.antheautoparts.com/product-details/bearing-40-x-80-x-1975-907-20033-replacement-jcb-parts,907/20033,907-20033-bearing-roller,source_image,false,RRE_ORIGINAL_AVAILABLE,RIGHTS_REVIEW_COMPLETE,PRESERVE_EXISTING_RRE_ORIGINAL_PHOTO,RRE already possesses an authentic catalog photograph for this SKU; external image kept purely as secondary cross-reference.
img_7cf672e066db,https://enterprise.saioautomotive.com/backend/assets/uploads/products/aU9CY0tUWm5rWHhyUVBHMkV6aXl1Zz09_1744786100_0.jpg,,907/20034,https://www.antheautoparts.com/product-details/bearing-50-x-84-x-22-907-20034-jcb-parts-catalog,907/20034,907-20034-bearingtaperroll,source_image,false,RRE_ORIGINAL_AVAILABLE,RIGHTS_REVIEW_COMPLETE,PRESERVE_EXISTING_RRE_ORIGINAL_PHOTO,RRE already possesses an authentic catalog photograph for this SKU; external image kept purely as secondary cross-reference.
img_49fdf549341a,https://enterprise.saioautomotive.com/backend/assets/uploads/products/VmMyNzBvQ0lQRzQ0c2RsVVd2Z2RoUT09_1744786354_0.jpg,,907/20037,https://www.antheautoparts.com/product-details/bearing-55-x-90-x-23-907-20037-jcb-parts-online,907/20037,907-20037-bearing-taperroller,source_image,false,RRE_ORIGINAL_AVAILABLE,RIGHTS_REVIEW_COMPLETE,PRESERVE_EXISTING_RRE_ORIGINAL_PHOTO,RRE already possesses an authentic catalog photograph for this SKU; external image kept purely as secondary cross-reference.
img_9279b7710cfe,https://enterprise.saioautomotive.com/backend/assets/uploads/products/b0h1QmpKU2xuaWhjMkRWTGsrVlR3dz09_1744786424_0.jpg,,907/20045,https://www.antheautoparts.com/product-details/bearing-taper-roller-907-20045-jcb-genuine-parts,907/20045,907-20045-taperrollerbearing,source_image,false,RRE_ORIGINAL_AVAILABLE,RIGHTS_REVIEW_COMPLETE,PRESERVE_EXISTING_RRE_ORIGINAL_PHOTO,RRE already possesses an authentic catalog photograph for this SKU; external image kept purely as secondary cross-reference.
img_fc0c8e31ba98,https://enterprise.saioautomotive.com/backend/assets/uploads/products/VGMrWlF2VlUxV3R1YmZDR2duLzVzZz09_1744786510_0.jpg,,907/50100,https://www.antheautoparts.com/product-details/differential-bearing-taper-roller-907-50100-jcb-genuine-parts,907/50100,907-50100-bearing-roller,source_image,false,RRE_ORIGINAL_AVAILABLE,RIGHTS_REVIEW_COMPLETE,PRESERVE_EXISTING_RRE_ORIGINAL_PHOTO,RRE already possesses an authentic catalog photograph for this SKU; external image kept purely as secondary cross-reference.
img_28dfbfc6913c,https://enterprise.saioautomotive.com/backend/assets/uploads/products/T3hwMEhydmJhYmtmOEZPRXpreTlxUT09_1744786561_0.jpg,,907/50200,https://www.antheautoparts.com/product-details/hub-roller-bearing-907-50200-jcb-parts-catalog,907/50200,907-50200-cylindrical-roller-b,source_image,false,RRE_ORIGINAL_AVAILABLE,RIGHTS_REVIEW_COMPLETE,PRESERVE_EXISTING_RRE_ORIGINAL_PHOTO,RRE already possesses an authentic catalog photograph for this SKU; external image kept purely as secondary cross-reference.
img_cbf2a2086819,https://enterprise.saioautomotive.com/backend/assets/uploads/products/bHREK2NCUGpNWFZ1c3RjVzkvOEVYZz09_1744786678_0.jpg,,907/51500 907/09300,https://www.antheautoparts.com/product-details/transmission-bearing-907-51500-907-09300-jcb-genuine-parts,N/A,N/A,N/A,false,UNMATCHED_EXTERNAL_REFERENCE,RIGHTS_REVIEW_COMPLETE,STAGED_AS_TECHNICAL_REFERENCE,External part not currently in RRE master catalog. Image staged in reference archive.
img_2fa75c83fe79,https://enterprise.saioautomotive.com/backend/assets/uploads/products/dERDWGhuSGhQbzJHU3JQajJDekZRZz09_1744786877_0.jpg,,907/51600 907/09500,https://www.antheautoparts.com/product-details/bearing-taper-roller-907-51600-907-09500-jcb-aftermarket-parts,N/A,N/A,N/A,false,UNMATCHED_EXTERNAL_REFERENCE,RIGHTS_REVIEW_COMPLETE,STAGED_AS_TECHNICAL_REFERENCE,External part not currently in RRE master catalog. Image staged in reference archive.
img_01989fed60df,https://enterprise.saioautomotive.com/backend/assets/uploads/products/S1Joc09DTTl5Qm4rc2RZeEdIblV6UT09_1744786943_0.jpg,,907/52200 907/20043,https://www.antheautoparts.com/product-details/rear-front-hub-bearing-37425-37625-907-52200-907-20043-jcb-genuine-parts,N/A,N/A,N/A,false,UNMATCHED_EXTERNAL_REFERENCE,RIGHTS_REVIEW_COMPLETE,STAGED_AS_TECHNICAL_REFERENCE,External part not currently in RRE master catalog. Image staged in reference archive.
img_c8543e9184a7,https://enterprise.saioautomotive.com/backend/assets/uploads/products/QjZpRTMvWVRXQ001cnlwdnFxN0pNUT09_1744786998_0.jpg,,907/52700,https://www.antheautoparts.com/product-details/transmission-bearing-taper-roller-907-52700-jcb-spare-parts-dealer,907/52700,907-52700-taper-roller-bearing,source_image,false,RRE_ORIGINAL_AVAILABLE,RIGHTS_REVIEW_COMPLETE,PRESERVE_EXISTING_RRE_ORIGINAL_PHOTO,RRE already possesses an authentic catalog photograph for this SKU; external image kept purely as secondary cross-reference.
img_7caca96d19cf,https://enterprise.saioautomotive.com/backend/assets/uploads/products/QlFPbWNaYzNBcXV5Vk00Y0lKeWtiUT09_1744787078_0.jpg,,907/52800,https://www.antheautoparts.com/product-details/bearing-907-52800-jcb-parts-near-me,907/52800,907-52800-taper-roller-bearing,source_image,false,RRE_ORIGINAL_AVAILABLE,RIGHTS_REVIEW_COMPLETE,PRESERVE_EXISTING_RRE_ORIGINAL_PHOTO,RRE already possesses an authentic catalog photograph for this SKU; external image kept purely as secondary cross-reference.
img_fff14aab1026,https://enterprise.saioautomotive.com/backend/assets/uploads/products/MDlKRjQ5b05MTUtCclpvTjU2MlNYUT09_1744787136_0.jpg,,916/00011,https://www.antheautoparts.com/product-details/ball-steel-916-00011-jcb-parts-catalog,916/00011,916-00011-ball-steel,source_image,false,RRE_ORIGINAL_AVAILABLE,RIGHTS_REVIEW_COMPLETE,PRESERVE_EXISTING_RRE_ORIGINAL_PHOTO,RRE already possesses an authentic catalog photograph for this SKU; external image kept purely as secondary cross-reference.
img_d9c070f4d4c8,https://enterprise.saioautomotive.com/backend/assets/uploads/products/eEpXeHpQckIyWlFUWkhxN0g5TVlxdz09_1744787193_0.jpg,,907/50600,https://www.antheautoparts.com/product-details/hub-roller-bearing-907-50600-jcb-parts-catalog,907/50600,907-50600-cylindrical-rollbrg-catb,source_image,false,RRE_ORIGINAL_AVAILABLE,RIGHTS_REVIEW_COMPLETE,PRESERVE_EXISTING_RRE_ORIGINAL_PHOTO,RRE already possesses an authentic catalog photograph for this SKU; external image kept purely as secondary cross-reference.
img_7c3ab1242250,https://enterprise.saioautomotive.com/backend/assets/uploads/products/T1VVMkxiZEpEeEVRdmYvOE1rcGFGQT09_1744787245_0.jpg,,917/02000,https://www.antheautoparts.com/product-details/steering-column-bearing-917-02000-jcb-aftermarket-parts,917/02000,917-02000-bearing,source_image,false,RRE_ORIGINAL_AVAILABLE,RIGHTS_REVIEW_COMPLETE,PRESERVE_EXISTING_RRE_ORIGINAL_PHOTO,RRE already possesses an authentic catalog photograph for this SKU; external image kept purely as secondary cross-reference.
img_cb8131449cff,https://enterprise.saioautomotive.com/backend/assets/uploads/products/M01Sd1ZucWpNTEFuS2NtL0JKcENXQT09_1744787293_0.jpg,,917/02300,https://www.antheautoparts.com/product-details/bearing-needle-roller-917-02300-jcb-spare-parts-dealer,917/02300,917-02300-needle-roller-bearin,source_image,false,RRE_ORIGINAL_AVAILABLE,RIGHTS_REVIEW_COMPLETE,PRESERVE_EXISTING_RRE_ORIGINAL_PHOTO,RRE already possesses an authentic catalog photograph for this SKU; external image kept purely as secondary cross-reference.
img_31708c044ed9,https://enterprise.saioautomotive.com/backend/assets/uploads/products/RU1HSWdNMHJEN3FvNGZmZWJtV2kwdz09_1744787347_0.jpg,,917/02400,https://www.antheautoparts.com/product-details/bearing-needle-roller-917-02400-replacement-jcb-parts,917/02400,917-02400-needle-roller-bearin,source_image,false,RRE_ORIGINAL_AVAILABLE,RIGHTS_REVIEW_COMPLETE,PRESERVE_EXISTING_RRE_ORIGINAL_PHOTO,RRE already possesses an authentic catalog photograph for this SKU; external image kept purely as secondary cross-reference.
img_01812757435e,https://enterprise.saioautomotive.com/backend/assets/uploads/products/ZGo5b2QrSi95Szk4ZWE2NkVoaXlDdz09_1744787410_0.jpg,,917/02700,https://www.antheautoparts.com/product-details/bearing-needle-roller-917-02700-replacement-jcb-parts,917/02700,917-02700-bearing-needle-roller,source_image,false,RRE_ORIGINAL_AVAILABLE,RIGHTS_REVIEW_COMPLETE,PRESERVE_EXISTING_RRE_ORIGINAL_PHOTO,RRE already possesses an authentic catalog photograph for this SKU; external image kept purely as secondary cross-reference.
img_21e6e241e5c1,https://enterprise.saioautomotive.com/backend/assets/uploads/products/dG1YNm5lMnpMcS9ZbDRvcVhmU1BiUT09_1744787463_0.jpg,,917/10006,https://www.antheautoparts.com/product-details/thrust-bearing-needle-917-10006-jcb-spare-parts,917/10006,917-10006-needle-bearing,source_image,false,RRE_ORIGINAL_AVAILABLE,RIGHTS_REVIEW_COMPLETE,PRESERVE_EXISTING_RRE_ORIGINAL_PHOTO,RRE already possesses an authentic catalog photograph for this SKU; external image kept purely as secondary cross-reference.
img_723ea9a772dc,https://enterprise.saioautomotive.com/backend/assets/uploads/products/L2pFak5tdStJTVRYUVhHQUdta2p2UT09_1744787538_0.jpg,,917/50200,https://www.antheautoparts.com/product-details/needle-bearing-917-50200-jcb-genuine-parts,917/50200,917-50200-needle-roller-brg,source_image,false,RRE_ORIGINAL_AVAILABLE,RIGHTS_REVIEW_COMPLETE,PRESERVE_EXISTING_RRE_ORIGINAL_PHOTO,RRE already possesses an authentic catalog photograph for this SKU; external image kept purely as secondary cross-reference.
img_035b0ab597fd,https://enterprise.saioautomotive.com/backend/assets/uploads/products/VW9TUWtZNUkxWnR6cnNIMU11d056dz09_1744787608_0.jpg,,917/50600,https://www.antheautoparts.com/product-details/thrust-bearing-needle-roller-917-50600-jcb-spare-parts-dealer,917/50600,917-50600-bearing,source_image,false,RRE_ORIGINAL_AVAILABLE,RIGHTS_REVIEW_COMPLETE,PRESERVE_EXISTING_RRE_ORIGINAL_PHOTO,RRE already possesses an authentic catalog photograph for this SKU; external image kept purely as secondary cross-reference.
img_139986ab0113,https://enterprise.saioautomotive.com/backend/assets/uploads/products/WFN3MTA1UHdBcXJtSTBTTU94SDNRdz09_1744787694_0.jpg,,917/51900,https://www.antheautoparts.com/product-details/needle-bearing-917-51900-jcb-parts,917/51900,917-51900-bearingneedleroller,source_image,false,RRE_ORIGINAL_AVAILABLE,RIGHTS_REVIEW_COMPLETE,PRESERVE_EXISTING_RRE_ORIGINAL_PHOTO,RRE already possesses an authentic catalog photograph for this SKU; external image kept purely as secondary cross-reference.
img_2dd753c7df8e,https://enterprise.saioautomotive.com/backend/assets/uploads/products/RWdYbEFyRmhDVStVN0dZRU1Jd3VZQT09_1744787750_0.jpg,,917/52900,https://www.antheautoparts.com/product-details/bearing-needle-roller-917-52900-jcb-parts-online,917/52900,917-52900-bearing,source_image,false,RRE_ORIGINAL_AVAILABLE,RIGHTS_REVIEW_COMPLETE,PRESERVE_EXISTING_RRE_ORIGINAL_PHOTO,RRE already possesses an authentic catalog photograph for this SKU; external image kept purely as secondary cross-reference.
img_e57c5ae26b6e,https://enterprise.saioautomotive.com/backend/assets/uploads/products/Z2NSeGRZZzNQV1ptazk1WURyVm5UQT09_1744787846_0.jpg,,907/51400,https://www.antheautoparts.com/product-details/transmission-bearing-taper-roller-907-51400-replacement-jcb-parts,907/51400,907-51400-taperrollerbearing,source_image,false,RRE_ORIGINAL_AVAILABLE,RIGHTS_REVIEW_COMPLETE,PRESERVE_EXISTING_RRE_ORIGINAL_PHOTO,RRE already possesses an authentic catalog photograph for this SKU; external image kept purely as secondary cross-reference.
img_5fa8a24920a0,https://enterprise.saioautomotive.com/backend/assets/uploads/products/ZEdzbExmcmFTa1lPNjQvMnhkL0hXUT09_1744787907_0.jpg,,917/02800,https://www.antheautoparts.com/product-details/thrust-bearing-917-02800-jcb-spares,917/02800,917-02800-bearing-thrust,source_image,false,RRE_ORIGINAL_AVAILABLE,RIGHTS_REVIEW_COMPLETE,PRESERVE_EXISTING_RRE_ORIGINAL_PHOTO,RRE already possesses an authentic catalog photograph for this SKU; external image kept purely as secondary cross-reference.
img_35d4dd6e16be,https://enterprise.saioautomotive.com/backend/assets/uploads/products/Tk15YnJqbjMrRHhxUDN1MUIzSGMxdz09_1744787986_0.jpg,,907/M7473,https://www.antheautoparts.com/product-details/bearing-hub-907-m7473-jcb-spare-parts-dealer,907/M7473,907-m7473-bearingassy-tape,source_image,false,RRE_ORIGINAL_AVAILABLE,RIGHTS_REVIEW_COMPLETE,PRESERVE_EXISTING_RRE_ORIGINAL_PHOTO,RRE already possesses an authentic catalog photograph for this SKU; external image kept purely as secondary cross-reference.
img_d8e83fb37c45,https://enterprise.saioautomotive.com/backend/assets/uploads/products/cmluNlNWSkRQcy9Yc2c0S1NjbXlRUT09_1744880696_0.jpg,,331/14893,https://www.antheautoparts.com/product-details/hydraclamp-housing-331-14893-jcb-aftermarket-parts,N/A,N/A,N/A,false,UNMATCHED_EXTERNAL_REFERENCE,RIGHTS_REVIEW_COMPLETE,STAGED_AS_TECHNICAL_REFERENCE,External part not currently in RRE master catalog. Image staged in reference archive.
img_fba30bc655ff,https://enterprise.saioautomotive.com/backend/assets/uploads/products/UVJZZGpUS0d1REVOYmpmMGY4TTBkQT09_1744881556_0.jpg,,333/y1373 333/y1374,https://www.antheautoparts.com/product-details/diesel-tank-cap-lockable-with-2-keys-333-y1373-333-y1374-jcb-spare-parts,N/A,N/A,N/A,false,UNMATCHED_EXTERNAL_REFERENCE,RIGHTS_REVIEW_COMPLETE,STAGED_AS_TECHNICAL_REFERENCE,External part not currently in RRE master catalog. Image staged in reference archive.
img_9125d2e33d65,https://enterprise.saioautomotive.com/backend/assets/uploads/products/RFRDQUJFSDB4ckxlTWx0U2ZYLzA4QT09_1744881602_0.jpg,,121/38101,https://www.antheautoparts.com/product-details/pinion-gear-121-38101-jcb-parts-near-me,121/38101,121-38101-slewpinion,source_image,false,RRE_ORIGINAL_AVAILABLE,RIGHTS_REVIEW_COMPLETE,PRESERVE_EXISTING_RRE_ORIGINAL_PHOTO,RRE already possesses an authentic catalog photograph for this SKU; external image kept purely as secondary cross-reference.
img_72a6e70c8685,https://enterprise.saioautomotive.com/backend/assets/uploads/products/Um0ydjJKaW4rRldySzlPZGxPTGFGUT09_1744881653_0.jpg,,121/38104,https://www.antheautoparts.com/product-details/pinion-rack-121-38104-jcb-spare-parts,121/38104,121-38104-slewrack,source_image,false,RRE_ORIGINAL_AVAILABLE,RIGHTS_REVIEW_COMPLETE,PRESERVE_EXISTING_RRE_ORIGINAL_PHOTO,RRE already possesses an authentic catalog photograph for this SKU; external image kept purely as secondary cross-reference.
img_3aa14da4b05b,https://enterprise.saioautomotive.com/backend/assets/uploads/products/SThtN1RXenBWYWJoOVFuN1lFeXFYdz09_1744881702_0.jpg,,122/62400,https://www.antheautoparts.com/product-details/diesel-fuel-tank-cap-122-62400-jcb-aftermarket-parts,N/A,N/A,N/A,false,UNMATCHED_EXTERNAL_REFERENCE,RIGHTS_REVIEW_COMPLETE,STAGED_AS_TECHNICAL_REFERENCE,External part not currently in RRE master catalog. Image staged in reference archive.
img_83a15fee5b3f,https://enterprise.saioautomotive.com/backend/assets/uploads/products/UEF1K09zNTVJM24zcW9sVWIvdzIxdz09_1744881800_0.jpg,,120/40301,https://www.antheautoparts.com/product-details/hydraclamp-housing-120-40301-jcb-parts-catalog,N/A,N/A,N/A,false,UNMATCHED_EXTERNAL_REFERENCE,RIGHTS_REVIEW_COMPLETE,STAGED_AS_TECHNICAL_REFERENCE,External part not currently in RRE master catalog. Image staged in reference archive.
img_d44e752d73fe,https://enterprise.saioautomotive.com/backend/assets/uploads/products/QVBKUDQzSnBQUHhERFl1VXd5M2o1Zz09_1744881848_0.jpg,,123/00224,https://www.antheautoparts.com/product-details/kingpost-cap-123-00224-jcb-parts-near-me,123/00224,123-00224-kingpostraincover,source_image,false,RRE_ORIGINAL_AVAILABLE,RIGHTS_REVIEW_COMPLETE,PRESERVE_EXISTING_RRE_ORIGINAL_PHOTO,RRE already possesses an authentic catalog photograph for this SKU; external image kept purely as secondary cross-reference.
img_ba5191541046,https://enterprise.saioautomotive.com/backend/assets/uploads/products/RXRDMFRuVVFqZVFDYW43SWNSdDhZZz09_1744881934_0.jpg,,123/00295,https://www.antheautoparts.com/product-details/breather-assembly-123-00295-replacement-jcb-parts,N/A,N/A,N/A,false,UNMATCHED_EXTERNAL_REFERENCE,RIGHTS_REVIEW_COMPLETE,STAGED_AS_TECHNICAL_REFERENCE,External part not currently in RRE master catalog. Image staged in reference archive.
img_1ab6cae39200,https://enterprise.saioautomotive.com/backend/assets/uploads/products/M0pUdytaejVETitLeTJsd3NJUTdZQT09_1744882008_0.jpg,,123/00428 123/01424,https://www.antheautoparts.com/product-details/front-grill-123-00428-123-01424-jcb-spare-parts,N/A,N/A,N/A,false,UNMATCHED_EXTERNAL_REFERENCE,RIGHTS_REVIEW_COMPLETE,STAGED_AS_TECHNICAL_REFERENCE,External part not currently in RRE master catalog. Image staged in reference archive.
img_c20456b97e5e,https://enterprise.saioautomotive.com/backend/assets/uploads/products/TldKUzRBcmlFN0hNTmQxd1hzR3l0QT09_1744882235_0.jpg,,123/00928 826/00820 823/00476,https://www.antheautoparts.com/product-details/hydraclamp-bolt-nut-washer-123-00928-826-00820-823-00476-replacement-jcb-parts,N/A,N/A,N/A,false,UNMATCHED_EXTERNAL_REFERENCE,RIGHTS_REVIEW_COMPLETE,STAGED_AS_TECHNICAL_REFERENCE,External part not currently in RRE master catalog. Image staged in reference archive.
img_eb9a18674524,https://enterprise.saioautomotive.com/backend/assets/uploads/products/SnNodjFCNmh5aGZEYjEvV3VxT3dFQT09_1744882292_0.jpg,,123/00928 826/10382,https://www.antheautoparts.com/product-details/hydraclamp-bolt-123-00928-826-10382-jcb-genuine-parts,N/A,N/A,N/A,false,UNMATCHED_EXTERNAL_REFERENCE,RIGHTS_REVIEW_COMPLETE,STAGED_AS_TECHNICAL_REFERENCE,External part not currently in RRE master catalog. Image staged in reference archive.
img_63e290afe548,https://enterprise.saioautomotive.com/backend/assets/uploads/products/dmVOOW9yTEQ4N2tWMjlmUHRwSXZnUT09_1744882444_0.jpg,,123/02469,https://www.antheautoparts.com/product-details/rear-fender-left-hand-123-02469-jcb-spare-parts-dealer,123/02469,123-02469-l-hrearmudgaurds,source_image,false,RRE_ORIGINAL_AVAILABLE,RIGHTS_REVIEW_COMPLETE,PRESERVE_EXISTING_RRE_ORIGINAL_PHOTO,RRE already possesses an authentic catalog photograph for this SKU; external image kept purely as secondary cross-reference.
img_77199b12f67e,https://enterprise.saioautomotive.com/backend/assets/uploads/products/clpjRHFlajdZNGFUSkNHbGxNRjdrZz09_1744882943_0.jpg,,123/02470,https://www.antheautoparts.com/product-details/rear-fender-right-hand-123-02470-jcb-parts,123/02470,123-02470-r-hrearmudgaurds,source_image,false,RRE_ORIGINAL_AVAILABLE,RIGHTS_REVIEW_COMPLETE,PRESERVE_EXISTING_RRE_ORIGINAL_PHOTO,RRE already possesses an authentic catalog photograph for this SKU; external image kept purely as secondary cross-reference.
img_c5ca4556b41e,https://enterprise.saioautomotive.com/backend/assets/uploads/products/TzVOc2ZBV3JZVGYvY1JOaHZaYUt4dz09_1744883003_0.jpg,,123/03138,https://www.antheautoparts.com/product-details/engine-mountings-123-03138-jcb-aftermarket-parts,123/03138,123-03138-resilientmount,source_image,false,RRE_ORIGINAL_AVAILABLE,RIGHTS_REVIEW_COMPLETE,PRESERVE_EXISTING_RRE_ORIGINAL_PHOTO,RRE already possesses an authentic catalog photograph for this SKU; external image kept purely as secondary cross-reference.
img_a5ecce52e21b,https://enterprise.saioautomotive.com/backend/assets/uploads/products/TEFBb1pVM28rSXU0YmM1c3ZMVXE3dz09_1744883058_0.jpg,,123/04862 121/39800,https://www.antheautoparts.com/product-details/kingpost-slew-pinion-shaft-123-04862-121-39800-jcb-spares,N/A,N/A,N/A,false,UNMATCHED_EXTERNAL_REFERENCE,RIGHTS_REVIEW_COMPLETE,STAGED_AS_TECHNICAL_REFERENCE,External part not currently in RRE master catalog. Image staged in reference archive.
img_d9304a1d9bea,https://enterprise.saioautomotive.com/backend/assets/uploads/products/WVNmamxreVlHelBWU0phVFVpUEV4dz09_1744883151_0.jpg,,123/05549,https://www.antheautoparts.com/product-details/123-05549-jcb-spares,N/A,N/A,N/A,false,UNMATCHED_EXTERNAL_REFERENCE,RIGHTS_REVIEW_COMPLETE,STAGED_AS_TECHNICAL_REFERENCE,External part not currently in RRE master catalog. Image staged in reference archive.
img_75337081effd,https://enterprise.saioautomotive.com/backend/assets/uploads/products/Mko5RnpvTnBuVUV3Uk9nZnorTThNZz09_1744883203_0.jpg,,123/05550,https://www.antheautoparts.com/product-details/right-hand-stone-guard-yellow-123-05550-jcb-spare-parts,123/05550,123-05550-r-h-stone-guard,source_image,false,RRE_ORIGINAL_AVAILABLE,RIGHTS_REVIEW_COMPLETE,PRESERVE_EXISTING_RRE_ORIGINAL_PHOTO,RRE already possesses an authentic catalog photograph for this SKU; external image kept purely as secondary cross-reference.
img_e07b23d3d2db,https://enterprise.saioautomotive.com/backend/assets/uploads/products/MEZNV2h4OGhOTzcvN25DNjR1T2ZxUT09_1745921838_0.jpg,,123/05892 331/33064,https://www.antheautoparts.com/product-details/diesel-fuel-tank-cap-with-2-keys-123-05892-331-33064-jcb-spares,N/A,N/A,N/A,false,UNMATCHED_EXTERNAL_REFERENCE,RIGHTS_REVIEW_COMPLETE,STAGED_AS_TECHNICAL_REFERENCE,External part not currently in RRE master catalog. Image staged in reference archive.
img_799872c08bbe,https://enterprise.saioautomotive.com/backend/assets/uploads/products/OFpuOEl5b3pLQXFKZlZLNmJEbmhTQT09_1744883574_0.jpg,,123/06023,https://www.antheautoparts.com/product-details/sideshift-stabiliser-cap-123-06023-jcb-genuine-parts,123/06023,123-06023-stab-hsg-cap-s-s,source_image,false,RRE_ORIGINAL_AVAILABLE,RIGHTS_REVIEW_COMPLETE,PRESERVE_EXISTING_RRE_ORIGINAL_PHOTO,RRE already possesses an authentic catalog photograph for this SKU; external image kept purely as secondary cross-reference.
img_c4f6ba816fcb,https://enterprise.saioautomotive.com/backend/assets/uploads/products/RkV3WVF3dy9BWjlzRE1vdkxqS1FwQT09_1744883672_0.jpg,,123/08053,https://www.antheautoparts.com/product-details/hydraulic-tank-sight-gauge-50-mm-with-seal-123-08053-jcb-genuine-parts,123/08053,123-08053-sight-gauge,source_image,false,RRE_ORIGINAL_AVAILABLE,RIGHTS_REVIEW_COMPLETE,PRESERVE_EXISTING_RRE_ORIGINAL_PHOTO,RRE already possesses an authentic catalog photograph for this SKU; external image kept purely as secondary cross-reference.
img_9fd2208ef218,https://enterprise.saioautomotive.com/backend/assets/uploads/products/aS9mL2RldnNGZXNnYkhkMWtvbXUrZz09_1744883981_0.jpg,,123/08053,https://www.antheautoparts.com/product-details/hydraulic-tank-sight-gauge-plastic-47mm-w-seal-123-08053-jcb-parts-catalog,123/08053,123-08053-sight-gauge,source_image,false,RRE_ORIGINAL_AVAILABLE,RIGHTS_REVIEW_COMPLETE,PRESERVE_EXISTING_RRE_ORIGINAL_PHOTO,RRE already possesses an authentic catalog photograph for this SKU; external image kept purely as secondary cross-reference.
img_f455acfb6b68,https://enterprise.saioautomotive.com/backend/assets/uploads/products/RlRmcVdxajFYdWp0Sm1rYmhRL2k4Zz09_1744884597_0.jpg,,123/06097 123/06751,https://www.antheautoparts.com/product-details/hydraclamp-housing-123-06097-123-06751-jcb-aftermarket-parts,N/A,N/A,N/A,false,UNMATCHED_EXTERNAL_REFERENCE,RIGHTS_REVIEW_COMPLETE,STAGED_AS_TECHNICAL_REFERENCE,External part not currently in RRE master catalog. Image staged in reference archive.
img_7d06b5f61284,https://enterprise.saioautomotive.com/backend/assets/uploads/products/a1l6RXk0SFdHZGJaa1BHSEhoeHFJQT09_1744884690_0.jpg,,125/79800 335/05602,https://www.antheautoparts.com/product-details/lever-tipping-twin-link-position-125-79800-335-05602-jcb-parts-near-me,N/A,N/A,N/A,false,UNMATCHED_EXTERNAL_REFERENCE,RIGHTS_REVIEW_COMPLETE,STAGED_AS_TECHNICAL_REFERENCE,External part not currently in RRE master catalog. Image staged in reference archive.
img_61d5e86456d6,https://enterprise.saioautomotive.com/backend/assets/uploads/products/Y1R1YmdYU2JuMTluT201U2d6KytWdz09_1744884761_0.jpg,,125/79900 335/05603,https://www.antheautoparts.com/product-details/lever-tipping-c-w-hose-guides-125-79900-335-05603-jcb-genuine-parts,N/A,N/A,N/A,false,UNMATCHED_EXTERNAL_REFERENCE,RIGHTS_REVIEW_COMPLETE,STAGED_AS_TECHNICAL_REFERENCE,External part not currently in RRE master catalog. Image staged in reference archive.
img_febededb0132,https://enterprise.saioautomotive.com/backend/assets/uploads/products/Y1daQ3lPbmxJWnpMb09Qa2llVXlCZz09_1744884825_0.jpg,,126/00247,https://www.antheautoparts.com/product-details/tipping-link-126-00247-jcb-genuine-parts,126/00247,126-00247-ga-bucket-link,source_image,false,RRE_ORIGINAL_AVAILABLE,RIGHTS_REVIEW_COMPLETE,PRESERVE_EXISTING_RRE_ORIGINAL_PHOTO,RRE already possesses an authentic catalog photograph for this SKU; external image kept purely as secondary cross-reference.
img_19f90f35119c,https://enterprise.saioautomotive.com/backend/assets/uploads/products/K1hXR3NKYm1Gek82VFRaRDA3Umk4QT09_1744884915_0.jpg,,126/00248,https://www.antheautoparts.com/product-details/tipping-link-126-00248-jcb-spare-parts-dealer,126/00248,126-00248-ga-bucket-link-shackle,source_image,false,RRE_ORIGINAL_AVAILABLE,RIGHTS_REVIEW_COMPLETE,PRESERVE_EXISTING_RRE_ORIGINAL_PHOTO,RRE already possesses an authentic catalog photograph for this SKU; external image kept purely as secondary cross-reference.
img_2a045d26a6e9,https://enterprise.saioautomotive.com/backend/assets/uploads/products/QWQyc25CVG84WGdEY0JVbC82ZHZpZz09_1744885113_0.jpg,,128/10850,https://www.antheautoparts.com/product-details/metal-wear-pad-for-stabiliser-leg-128-10850-jcb-aftermarket-parts,N/A,N/A,N/A,false,UNMATCHED_EXTERNAL_REFERENCE,RIGHTS_REVIEW_COMPLETE,STAGED_AS_TECHNICAL_REFERENCE,External part not currently in RRE master catalog. Image staged in reference archive.
img_ee1ffbe3b80c,https://enterprise.saioautomotive.com/backend/assets/uploads/products/UEUzSEwzby9HSzk5TDQ0dmNGVDNWZz09_1744885366_0.jpg,,130/05631,https://www.antheautoparts.com/product-details/hydraulic-level-gauge-130-05631-jcb-parts-near-me,130/05631,130-05631-hydsight-gauge,source_image,false,RRE_ORIGINAL_AVAILABLE,RIGHTS_REVIEW_COMPLETE,PRESERVE_EXISTING_RRE_ORIGINAL_PHOTO,RRE already possesses an authentic catalog photograph for this SKU; external image kept purely as secondary cross-reference.
img_62be6b72afc6,https://enterprise.saioautomotive.com/backend/assets/uploads/products/MGYvMklsWVNuK2hsNXVEdXRTZThudz09_1744885439_0.jpg,,1340/0701 1305/0714F,https://www.antheautoparts.com/product-details/side-cutter-tooth-nut-bolt-1340-0701-1305-0714f-jcb-spares,N/A,N/A,N/A,false,UNMATCHED_EXTERNAL_REFERENCE,RIGHTS_REVIEW_COMPLETE,STAGED_AS_TECHNICAL_REFERENCE,External part not currently in RRE master catalog. Image staged in reference archive.
img_6011f5f0b32a,https://enterprise.saioautomotive.com/backend/assets/uploads/products/bDhIUWw4NTNxandRSFdBZGpROU5wZz09_1744885505_0.jpg,,162/03434 & 701/45501,https://www.antheautoparts.com/product-details/grill-lock-with-2-keys-162-03434-701-45501-jcb-spare-parts-dealer,N/A,N/A,N/A,false,UNMATCHED_EXTERNAL_REFERENCE,RIGHTS_REVIEW_COMPLETE,STAGED_AS_TECHNICAL_REFERENCE,External part not currently in RRE master catalog. Image staged in reference archive.
img_9a41d9f5b60f,https://enterprise.saioautomotive.com/backend/assets/uploads/products/YUl6eW9tTy9xMEprUlhvYnF5TG1zZz09_1744885564_0.jpg,,231/65902,https://www.antheautoparts.com/product-details/hydraulic-tank-sight-gauge-33mm-with-seal-231-65902-jcb-parts-near-me,N/A,N/A,N/A,false,UNMATCHED_EXTERNAL_REFERENCE,RIGHTS_REVIEW_COMPLETE,STAGED_AS_TECHNICAL_REFERENCE,External part not currently in RRE master catalog. Image staged in reference archive.
img_f5ae4a1eeb06,https://enterprise.saioautomotive.com/backend/assets/uploads/products/d0x6bXV1VEpNZHcvTXlVcW43bWwyZz09_1744885629_0.jpg,,263/24405 120/16903,https://www.antheautoparts.com/product-details/cabin-mountings-set-of-4-pcs-263-24405-120-16903-jcb-parts,N/A,N/A,N/A,false,UNMATCHED_EXTERNAL_REFERENCE,RIGHTS_REVIEW_COMPLETE,STAGED_AS_TECHNICAL_REFERENCE,External part not currently in RRE master catalog. Image staged in reference archive.
img_c071d3c7070b,https://enterprise.saioautomotive.com/backend/assets/uploads/products/cmRvS0ZMMno0MitBOXBrbFRSZWNidz09_1744885725_0.jpg,,32/925421 331/Y1376,https://www.antheautoparts.com/product-details/hydraulic-filler-cap-2-keys-32-925421-331-y1376-jcb-aftermarket-parts,N/A,N/A,N/A,false,UNMATCHED_EXTERNAL_REFERENCE,RIGHTS_REVIEW_COMPLETE,STAGED_AS_TECHNICAL_REFERENCE,External part not currently in RRE master catalog. Image staged in reference archive.
img_c700f6226500,https://enterprise.saioautomotive.com/backend/assets/uploads/products/dy85VEI3YlNhYVI5eUI5cWNtbHdLQT09_1744885793_0.jpg,,331/21314 331/44695 128/14725,https://www.antheautoparts.com/product-details/hydraclamp-housing-331-21314-331-44695-128-14725-jcb-parts-catalog,N/A,N/A,N/A,false,UNMATCHED_EXTERNAL_REFERENCE,RIGHTS_REVIEW_COMPLETE,STAGED_AS_TECHNICAL_REFERENCE,External part not currently in RRE master catalog. Image staged in reference archive.
img_09ca585b8f53,https://enterprise.saioautomotive.com/backend/assets/uploads/products/aHU5M0xWU01UbHZUYkJYVzI3RVVKUT09_1744886863_0.jpg,,331/22800,https://www.antheautoparts.com/product-details/aluminium-step-lower-331-22800-jcb-parts-online,331/22800,331-22800-step,source_image,false,RRE_ORIGINAL_AVAILABLE,RIGHTS_REVIEW_COMPLETE,PRESERVE_EXISTING_RRE_ORIGINAL_PHOTO,RRE already possesses an authentic catalog photograph for this SKU; external image kept purely as secondary cross-reference.
img_188991453aa5,https://enterprise.saioautomotive.com/backend/assets/uploads/products/TW9uQnJpajA1R3RYYjVQTHZqQUhrUT09_1744886969_0.jpg,,331/27126,https://www.antheautoparts.com/product-details/bonnet-latch-assembly-331-27126-jcb-spares,331/27126,331-27126-bonnet-lock,source_image,false,RRE_ORIGINAL_AVAILABLE,RIGHTS_REVIEW_COMPLETE,PRESERVE_EXISTING_RRE_ORIGINAL_PHOTO,RRE already possesses an authentic catalog photograph for this SKU; external image kept purely as secondary cross-reference.
img_4c07769bca38,https://enterprise.saioautomotive.com/backend/assets/uploads/products/YXpRWjM4VTN2Uzl2TUNFazBobU9yZz09_1744887023_0.jpg,,331/39126,https://www.antheautoparts.com/product-details/safety-strut-331-39126-jcb-parts-catalog,331/39126,331-39126-loader-safety-strut-690mm,source_image,false,RRE_ORIGINAL_AVAILABLE,RIGHTS_REVIEW_COMPLETE,PRESERVE_EXISTING_RRE_ORIGINAL_PHOTO,RRE already possesses an authentic catalog photograph for this SKU; external image kept purely as secondary cross-reference.
img_e24875e65ccd,https://enterprise.saioautomotive.com/backend/assets/uploads/products/Z1NobkVEMmxxdTRUUnR4c2ZFV0JMQT09_1744887151_0.jpg,,331/42846 331/45731 128/14726,https://www.antheautoparts.com/product-details/hydraclamp-housing-331-42846-331-45731-128-14726-jcb-spare-parts-dealer,N/A,N/A,N/A,false,UNMATCHED_EXTERNAL_REFERENCE,RIGHTS_REVIEW_COMPLETE,STAGED_AS_TECHNICAL_REFERENCE,External part not currently in RRE master catalog. Image staged in reference archive.
img_fe4001d3fb76,https://enterprise.saioautomotive.com/backend/assets/uploads/products/V3k5ZFNCOG1tcy9SSDE5UHlWWUZkdz09_1744887202_0.jpg,,332/Y8581 128/F8113,https://www.antheautoparts.com/product-details/front-grill-332-y8581-128-f8113-jcb-parts-catalog,N/A,N/A,N/A,false,UNMATCHED_EXTERNAL_REFERENCE,RIGHTS_REVIEW_COMPLETE,STAGED_AS_TECHNICAL_REFERENCE,External part not currently in RRE master catalog. Image staged in reference archive.
img_4b61ed7100a0,https://enterprise.saioautomotive.com/backend/assets/uploads/products/ZHErZExsMEp2Q0dYVHVjSVJ4S01zUT09_1744887251_0.jpg,,333/Y1346,https://www.antheautoparts.com/product-details/diesel-fuel-tank-strainer-333-y1346-jcb-parts-online,333/Y1346,333-y1346-strainer-fuel-filter,source_image,false,RRE_ORIGINAL_AVAILABLE,RIGHTS_REVIEW_COMPLETE,PRESERVE_EXISTING_RRE_ORIGINAL_PHOTO,RRE already possesses an authentic catalog photograph for this SKU; external image kept purely as secondary cross-reference.
img_f7b491e9b99a,https://enterprise.saioautomotive.com/backend/assets/uploads/products/aE1ZTHlmNFFpelhwdHd0VTdnMU4xQT09_1744887306_0.jpg,,40/301615,https://www.antheautoparts.com/product-details/boom-lock-40-301615-jcb-aftermarket-parts,40/301615,40-301615-boom-lock-wa,source_image,false,RRE_ORIGINAL_AVAILABLE,RIGHTS_REVIEW_COMPLETE,PRESERVE_EXISTING_RRE_ORIGINAL_PHOTO,RRE already possesses an authentic catalog photograph for this SKU; external image kept purely as secondary cross-reference.
img_bc4127458099,https://enterprise.saioautomotive.com/backend/assets/uploads/products/TWVMZHNVcm1rOXFTYy9uYWEzVlIxdz09_1744887356_0.jpg,,320/07059 320/07042,https://www.antheautoparts.com/product-details/pipe-lift-pump-to-filter-320-07059-320-07042-jcb-genuine-parts,N/A,N/A,N/A,false,UNMATCHED_EXTERNAL_REFERENCE,RIGHTS_REVIEW_COMPLETE,STAGED_AS_TECHNICAL_REFERENCE,External part not currently in RRE master catalog. Image staged in reference archive.
img_4fb4f4b23005,https://enterprise.saioautomotive.com/backend/assets/uploads/products/dUVzYmlocnNOSUxaOHZhKzN2K05Cdz09_1744887413_0.jpg,,550/40980,https://www.antheautoparts.com/product-details/slew-ram-cushing-plunger-550-40980-jcb-parts-online,550/40980,550-40980-cushioning-plunger-slew,source_image,false,RRE_ORIGINAL_AVAILABLE,RIGHTS_REVIEW_COMPLETE,PRESERVE_EXISTING_RRE_ORIGINAL_PHOTO,RRE already possesses an authentic catalog photograph for this SKU; external image kept purely as secondary cross-reference.
img_b55e08a1c9d7,https://enterprise.saioautomotive.com/backend/assets/uploads/products/RXJYV3RRWEhXazZHQVVoSVlFK0w2Zz09_1744887474_0.jpg,,826/00820,https://www.antheautoparts.com/product-details/hydraclamp-nut-826-00820-jcb-parts-online,826/00820,826-00820-plain-nut-11-2-unf,source_image,false,RRE_ORIGINAL_AVAILABLE,RIGHTS_REVIEW_COMPLETE,PRESERVE_EXISTING_RRE_ORIGINAL_PHOTO,RRE already possesses an authentic catalog photograph for this SKU; external image kept purely as secondary cross-reference.
img_9e5f294587ae,https://enterprise.saioautomotive.com/backend/assets/uploads/products/dGpPcGVLdGhDYkdVa0RlYjlFNzVpZz09_1744887537_0.jpg,,826/11666 331/66397,https://www.antheautoparts.com/product-details/bonnet-pin-hinge-adjuster-assembly-826-11666-331-66397-jcb-spares,N/A,N/A,N/A,false,UNMATCHED_EXTERNAL_REFERENCE,RIGHTS_REVIEW_COMPLETE,STAGED_AS_TECHNICAL_REFERENCE,External part not currently in RRE master catalog. Image staged in reference archive.
img_c3cb7380793f,https://enterprise.saioautomotive.com/backend/assets/uploads/products/QjJ3NGZxbzFDNmQ5NXNtc3Q0ZjRCdz09_1744887645_0.jpg,,123/04968,https://www.antheautoparts.com/product-details/mirror-arm-right-hand-123-04968-jcb-spare-parts-dealer,N/A,N/A,N/A,false,UNMATCHED_EXTERNAL_REFERENCE,RIGHTS_REVIEW_COMPLETE,STAGED_AS_TECHNICAL_REFERENCE,External part not currently in RRE master catalog. Image staged in reference archive.
img_d810f59085f9,https://enterprise.saioautomotive.com/backend/assets/uploads/products/Q051a0U2Zk0xQUJROFpQOVJSaWsrUT09_1744887752_0.jpg,,335/05601,https://www.antheautoparts.com/product-details/lever-tipping-335-05601-jcb-spares,N/A,N/A,N/A,false,UNMATCHED_EXTERNAL_REFERENCE,RIGHTS_REVIEW_COMPLETE,STAGED_AS_TECHNICAL_REFERENCE,External part not currently in RRE master catalog. Image staged in reference archive.
img_0af6933956b5,https://enterprise.saioautomotive.com/backend/assets/uploads/products/Q1dMVFMrbDRubGJBdk5EdzB5WEpxUT09_1744887837_0.jpg,,826/01363,https://www.antheautoparts.com/product-details/double-ended-stud-826-01363-jcb-spares,826/01363,826-01363-m12-double-ended-stud,source_image,false,RRE_ORIGINAL_AVAILABLE,RIGHTS_REVIEW_COMPLETE,PRESERVE_EXISTING_RRE_ORIGINAL_PHOTO,RRE already possesses an authentic catalog photograph for this SKU; external image kept purely as secondary cross-reference.
img_b56fa244ff8f,https://enterprise.saioautomotive.com/backend/assets/uploads/products/Tk9ZL1FJVCsyWE9ob3dOWlNEa2dPZz09_1744887888_0.jpg,,123/04970,https://www.antheautoparts.com/product-details/mirror-head-123-04970-jcb-parts-catalog,N/A,N/A,N/A,false,UNMATCHED_EXTERNAL_REFERENCE,RIGHTS_REVIEW_COMPLETE,STAGED_AS_TECHNICAL_REFERENCE,External part not currently in RRE master catalog. Image staged in reference archive.
img_12115925b5da,https://enterprise.saioautomotive.com/backend/assets/uploads/products/NkRidGZrZ0xJVXg5VVVwNytaNjlDQT09_1744887939_0.jpg,,335/08180,https://www.antheautoparts.com/product-details/grill-front-335-08180-replacement-jcb-parts,335/08180,335-08180-wafrontgrille,source_image,false,RRE_ORIGINAL_AVAILABLE,RIGHTS_REVIEW_COMPLETE,PRESERVE_EXISTING_RRE_ORIGINAL_PHOTO,RRE already possesses an authentic catalog photograph for this SKU; external image kept purely as secondary cross-reference.
img_d416f67114b5,https://enterprise.saioautomotive.com/backend/assets/uploads/products/cTVUamVhK0kwdG84cXFqWFI4Nkx3QT09_1744888004_0.jpg,,128/H9642,https://www.antheautoparts.com/product-details/front-grill-128-h9642-jcb-aftermarket-parts,128/H9642,128-h9642-abi-front-grille,source_image,false,RRE_ORIGINAL_AVAILABLE,RIGHTS_REVIEW_COMPLETE,PRESERVE_EXISTING_RRE_ORIGINAL_PHOTO,RRE already possesses an authentic catalog photograph for this SKU; external image kept purely as secondary cross-reference.
img_298e69aca607,https://enterprise.saioautomotive.com/backend/assets/uploads/products/aCtkK0dNT0t4ZUY3VHNkMStFdEtrdz09_1744888085_0.jpg,,123/04969,https://www.antheautoparts.com/product-details/mirror-arm-left-hand-123-04969-replacement-jcb-parts,123/04969,123-04969-l-hmirrorarm,source_image,false,RRE_ORIGINAL_AVAILABLE,RIGHTS_REVIEW_COMPLETE,PRESERVE_EXISTING_RRE_ORIGINAL_PHOTO,RRE already possesses an authentic catalog photograph for this SKU; external image kept purely as secondary cross-reference.
img_aca5ec8b60d1,https://enterprise.saioautomotive.com/backend/assets/uploads/products/TUZ5UUt0cWFFbzlqR1VucEoxUlI2QT09_1744888140_0.jpg,,817/04212,https://www.antheautoparts.com/product-details/logo-817-04212-replacement-jcb-parts,N/A,N/A,N/A,false,UNMATCHED_EXTERNAL_REFERENCE,RIGHTS_REVIEW_COMPLETE,STAGED_AS_TECHNICAL_REFERENCE,External part not currently in RRE master catalog. Image staged in reference archive.
img_ce3c912c0d55,https://enterprise.saioautomotive.com/backend/assets/uploads/products/VnZvakRFYmNJZUN0ckVZaVg0ZTVFdz09_1744888199_0.jpg,,128/10855,https://www.antheautoparts.com/product-details/king-post-128-10855-replacement-jcb-parts,N/A,N/A,N/A,false,UNMATCHED_EXTERNAL_REFERENCE,RIGHTS_REVIEW_COMPLETE,STAGED_AS_TECHNICAL_REFERENCE,External part not currently in RRE master catalog. Image staged in reference archive.
img_e11483f89907,https://enterprise.saioautomotive.com/backend/assets/uploads/products/ZHBmajFleHgrVGs0aUM5QktDbGpTUT09_1744888268_0.jpg,,331/27034,https://www.antheautoparts.com/product-details/aluminium-step-331-27034-jcb-spare-parts,331/27034,331-27034-step-tread-410x180,source_image,false,RRE_ORIGINAL_AVAILABLE,RIGHTS_REVIEW_COMPLETE,PRESERVE_EXISTING_RRE_ORIGINAL_PHOTO,RRE already possesses an authentic catalog photograph for this SKU; external image kept purely as secondary cross-reference.
img_a0cfc1de27b7,https://enterprise.saioautomotive.com/backend/assets/uploads/products/N3ZKNTBIbE1kdjFoZERaSlRiRG52UT09_1744888376_0.jpg,,335/08022,https://www.antheautoparts.com/product-details/leg-inner-sideshift-335-08022-jcb-parts-near-me,N/A,N/A,N/A,false,UNMATCHED_EXTERNAL_REFERENCE,RIGHTS_REVIEW_COMPLETE,STAGED_AS_TECHNICAL_REFERENCE,External part not currently in RRE master catalog. Image staged in reference archive.
img_4fe3e63140f7,https://enterprise.saioautomotive.com/backend/assets/uploads/products/Mml3Y1VkZzlpaVhwZnZTRnNuTG5ydz09_1744888823_0.jpg,,458/20365,https://www.antheautoparts.com/product-details/housing-brake-piston-458-20365-jcb-genuine-parts,N/A,N/A,N/A,false,UNMATCHED_EXTERNAL_REFERENCE,RIGHTS_REVIEW_COMPLETE,STAGED_AS_TECHNICAL_REFERENCE,External part not currently in RRE master catalog. Image staged in reference archive.
img_d5b422e83ce2,https://enterprise.saioautomotive.com/backend/assets/uploads/products/Qno2Ui8wUW5tVTJUb1pDYlNIeDJOdz09_1744973467_0.jpg,,808/00258,https://www.antheautoparts.com/product-details/bush-slew-swing-center-mount-808-00258-jcb-genuine-parts,N/A,N/A,N/A,false,UNMATCHED_EXTERNAL_REFERENCE,RIGHTS_REVIEW_COMPLETE,STAGED_AS_TECHNICAL_REFERENCE,External part not currently in RRE master catalog. Image staged in reference archive.
img_fcef5646e587,https://enterprise.saioautomotive.com/backend/assets/uploads/products/dHE0SlU2ay9yd1YwcVl5T1lMTENTZz09_1744804021_0.jpg,,649/51320,https://www.antheautoparts.com/product-details/brake-hose-760mm-649-51320-jcb-aftermarket-parts,649/51320,649-51320-brakehose760mm,source_image,false,RRE_ORIGINAL_AVAILABLE,RIGHTS_REVIEW_COMPLETE,PRESERVE_EXISTING_RRE_ORIGINAL_PHOTO,RRE already possesses an authentic catalog photograph for this SKU; external image kept purely as secondary cross-reference.
img_ad19349296ed,https://enterprise.saioautomotive.com/backend/assets/uploads/products/KzYxR0c1U20yTHRyQXpDOFRCV25ndz09_1744804091_0.jpg,,450/10215,https://www.antheautoparts.com/product-details/brake-plate-carrier-450-10215-jcb-spare-parts-dealer,450/10215,450-10215-plate-carrier,source_image,false,RRE_ORIGINAL_AVAILABLE,RIGHTS_REVIEW_COMPLETE,PRESERVE_EXISTING_RRE_ORIGINAL_PHOTO,RRE already possesses an authentic catalog photograph for this SKU; external image kept purely as secondary cross-reference.
img_ea930b562dab,https://enterprise.saioautomotive.com/backend/assets/uploads/products/djJwV1J4WnJJcGxObi9KNEh0a2crdz09_1744804149_0.jpg,,450/10224 | 458/20353,https://www.antheautoparts.com/product-details/brake-friction-plate-450-10224-458-20353-jcb-aftermarket-parts,450/10224,450-10224-brakefrictionplate,source_image,false,RRE_ORIGINAL_AVAILABLE,RIGHTS_REVIEW_COMPLETE,PRESERVE_EXISTING_RRE_ORIGINAL_PHOTO,RRE already possesses an authentic catalog photograph for this SKU; external image kept purely as secondary cross-reference.
img_58119b32ccac,https://enterprise.saioautomotive.com/backend/assets/uploads/products/ZjdDbGNuS1B6NWtIRHl1L0VRNFdodz09_1744801845_0.jpg,,15/106100,https://www.antheautoparts.com/product-details/brake-master-cylinder-15-106100-jcb-spares,15/106100,15-106100-master-cylinder,source_image,false,RRE_ORIGINAL_AVAILABLE,RIGHTS_REVIEW_COMPLETE,PRESERVE_EXISTING_RRE_ORIGINAL_PHOTO,RRE already possesses an authentic catalog photograph for this SKU; external image kept purely as secondary cross-reference.
img_768ce35fcc35,https://enterprise.saioautomotive.com/backend/assets/uploads/products/TGFsQWgwLzRpSm9oWXg4Q0ZLTkxyQT09_1744802112_0.jpg,,120/76800,https://www.antheautoparts.com/product-details/brake-system-pipe-left-hand-120-76800-jcb-aftermarket-parts,120/76800,120-76800-l-h-front-brake-pipe,source_image,false,RRE_ORIGINAL_AVAILABLE,RIGHTS_REVIEW_COMPLETE,PRESERVE_EXISTING_RRE_ORIGINAL_PHOTO,RRE already possesses an authentic catalog photograph for this SKU; external image kept purely as secondary cross-reference.
img_93eb71aaa1be,https://enterprise.saioautomotive.com/backend/assets/uploads/products/Z3cxU21CTkVHdWJkRUgxdTNDak5pdz09_1744802169_0.jpg,,121/34400,https://www.antheautoparts.com/product-details/brake-reservoir-121-34400-jcb-parts-near-me,N/A,N/A,N/A,false,UNMATCHED_EXTERNAL_REFERENCE,RIGHTS_REVIEW_COMPLETE,STAGED_AS_TECHNICAL_REFERENCE,External part not currently in RRE master catalog. Image staged in reference archive.
img_912d8039c7f0,https://enterprise.saioautomotive.com/backend/assets/uploads/products/TEYyU01pTlUwUFpmN1U2KzBuRWtJUT09_1744802227_0.jpg,,123/02516,https://www.antheautoparts.com/product-details/brake-servo-link-123-02516-jcb-parts-near-me,123/02516,123-02516-link-pipe,source_image,false,RRE_ORIGINAL_AVAILABLE,RIGHTS_REVIEW_COMPLETE,PRESERVE_EXISTING_RRE_ORIGINAL_PHOTO,RRE already possesses an authentic catalog photograph for this SKU; external image kept purely as secondary cross-reference.
img_0c2911aba3c3,https://enterprise.saioautomotive.com/backend/assets/uploads/products/TVp3YXhGSVZuN1NhYXZPb0x5KzFtQT09_1744802274_0.jpg,,126/00200,https://www.antheautoparts.com/product-details/brake-reservoir-126-00200-jcb-parts-online,126/00200,126-00200-ga-fluid-reservoir-washer,source_image,false,RRE_ORIGINAL_AVAILABLE,RIGHTS_REVIEW_COMPLETE,PRESERVE_EXISTING_RRE_ORIGINAL_PHOTO,RRE already possesses an authentic catalog photograph for this SKU; external image kept purely as secondary cross-reference.
img_ea9eeee21a13,https://enterprise.saioautomotive.com/backend/assets/uploads/products/OXhrazZXWElEQklsWElwekZ2b1Vpdz09_1744802332_0.jpg,,15/920103 478/00849 15/913501,https://www.antheautoparts.com/product-details/hand-brake-pads-round-15-920103-478-00849-15-913501-jcb-parts-near-me,N/A,N/A,N/A,false,UNMATCHED_EXTERNAL_REFERENCE,RIGHTS_REVIEW_COMPLETE,STAGED_AS_TECHNICAL_REFERENCE,External part not currently in RRE master catalog. Image staged in reference archive.
img_9ee9b4482b64,https://enterprise.saioautomotive.com/backend/assets/uploads/products/UkQwdHJXMWw1S0lLc2o5dVFrVW84QT09_1744802513_0.jpg,,15/920110,https://www.antheautoparts.com/product-details/brake-master-cylinder-15-920110-jcb-spare-parts,15/920110,15-920110-mastercylinder,source_image,false,RRE_ORIGINAL_AVAILABLE,RIGHTS_REVIEW_COMPLETE,PRESERVE_EXISTING_RRE_ORIGINAL_PHOTO,RRE already possesses an authentic catalog photograph for this SKU; external image kept purely as secondary cross-reference.
img_bfc172434a54,https://enterprise.saioautomotive.com/backend/assets/uploads/products/WUptSHJaV1IzV0dDNnpuL3RBWDQ2UT09_1744802565_0.jpg,,15/920159 993/23600,https://www.antheautoparts.com/product-details/hand-brake-pads-15-920159-993-23600-jcb-genuine-parts,N/A,N/A,N/A,false,UNMATCHED_EXTERNAL_REFERENCE,RIGHTS_REVIEW_COMPLETE,STAGED_AS_TECHNICAL_REFERENCE,External part not currently in RRE master catalog. Image staged in reference archive.
img_0299a1e2041a,https://enterprise.saioautomotive.com/backend/assets/uploads/products/MFB2VVNEK0hOblpTRk15bjhmSW9iZz09_1744802615_0.jpg,,15/920160 452/02700,https://www.antheautoparts.com/product-details/hand-brake-pads-15-920160-452-02700-jcb-aftermarket-parts,N/A,N/A,N/A,false,UNMATCHED_EXTERNAL_REFERENCE,RIGHTS_REVIEW_COMPLETE,STAGED_AS_TECHNICAL_REFERENCE,External part not currently in RRE master catalog. Image staged in reference archive.
img_df8a9ced92ed,https://enterprise.saioautomotive.com/backend/assets/uploads/products/Y29tWmRNSDJhZHdPY2NFbmJYRTNZZz09_1744802692_0.jpg,,15/920389 15/920158 15/905504,https://www.antheautoparts.com/product-details/brake-master-cylinder-15-920389-15-920158-15-905504-jcb-spares,N/A,N/A,N/A,false,UNMATCHED_EXTERNAL_REFERENCE,RIGHTS_REVIEW_COMPLETE,STAGED_AS_TECHNICAL_REFERENCE,External part not currently in RRE master catalog. Image staged in reference archive.
img_e3768b934baf,https://enterprise.saioautomotive.com/backend/assets/uploads/products/ZlpBcDlnRHY4WHcvZUhSVWRQTXMvUT09_1744802768_0.jpg,,332/Y8134,https://www.antheautoparts.com/product-details/brake-counter-plate-332-y8134-replacement-jcb-parts,332/Y8134,332-y8134-brakecounterplate,source_image,false,RRE_ORIGINAL_AVAILABLE,RIGHTS_REVIEW_COMPLETE,PRESERVE_EXISTING_RRE_ORIGINAL_PHOTO,RRE already possesses an authentic catalog photograph for this SKU; external image kept purely as secondary cross-reference.
img_978a126b0e9a,https://enterprise.saioautomotive.com/backend/assets/uploads/products/eS80M1N3TVFBM1BacFU2SVZHZ3NaUT09_1744802853_0.jpg,,332/Y8135,https://www.antheautoparts.com/product-details/brake-friction-plate-332-y8135-jcb-spare-parts,332/Y8135,332-y8135-brakefrictionplate,source_image,false,RRE_ORIGINAL_AVAILABLE,RIGHTS_REVIEW_COMPLETE,PRESERVE_EXISTING_RRE_ORIGINAL_PHOTO,RRE already possesses an authentic catalog photograph for this SKU; external image kept purely as secondary cross-reference.
img_d5ea02df3771,https://enterprise.saioautomotive.com/backend/assets/uploads/products/L0dDL1ZzYnlvdm9TaE9nSU80akdidz09_1744804230_0.jpg,,450/10226,https://www.antheautoparts.com/product-details/brake-counter-plate-450-10226-jcb-spares,450/10226,450-10226-brakecounterplate,source_image,false,RRE_ORIGINAL_AVAILABLE,RIGHTS_REVIEW_COMPLETE,PRESERVE_EXISTING_RRE_ORIGINAL_PHOTO,RRE already possesses an authentic catalog photograph for this SKU; external image kept purely as secondary cross-reference.
img_65a1dbfa231a,https://enterprise.saioautomotive.com/backend/assets/uploads/products/czc0eDV5Z0pLZ3hodGovTy9JeWJVZz09_1744804331_0.jpg,,450/10403,https://www.antheautoparts.com/product-details/brake-piston-housing-450-10403-jcb-spare-parts,450/10403,450-10403-diff-side-nut,source_image,false,RRE_ORIGINAL_AVAILABLE,RIGHTS_REVIEW_COMPLETE,PRESERVE_EXISTING_RRE_ORIGINAL_PHOTO,RRE already possesses an authentic catalog photograph for this SKU; external image kept purely as secondary cross-reference.
img_21459822167c,https://enterprise.saioautomotive.com/backend/assets/uploads/products/bUVEQzdDajU2dUZIT0ZjeHdtQlcwdz09_1744804380_0.jpg,,450/10408,https://www.antheautoparts.com/product-details/brake-piston-housing-450-10408-jcb-spare-parts-dealer,N/A,N/A,N/A,false,UNMATCHED_EXTERNAL_REFERENCE,RIGHTS_REVIEW_COMPLETE,STAGED_AS_TECHNICAL_REFERENCE,External part not currently in RRE master catalog. Image staged in reference archive.
img_3f2965e36d98,https://enterprise.saioautomotive.com/backend/assets/uploads/products/d09LS0FkQjVMVkhkNmFrZGpoR0J3QT09_1744804458_0.jpg,,816/60040,https://www.antheautoparts.com/product-details/brake-nipple-screw-816-60040-jcb-parts-near-me,816/60040,816-60040-bleed-screw,source_image,false,RRE_ORIGINAL_AVAILABLE,RIGHTS_REVIEW_COMPLETE,PRESERVE_EXISTING_RRE_ORIGINAL_PHOTO,RRE already possesses an authentic catalog photograph for this SKU; external image kept purely as secondary cross-reference.
img_f68b15f8971e,https://enterprise.saioautomotive.com/backend/assets/uploads/products/OEFzSDB0YWtWNnRqM09WZzRGVFEzZz09_1744804559_0.jpg,,451/01702,https://www.antheautoparts.com/product-details/brake-friction-plate-sintered-451-01702-jcb-spare-parts-dealer,451/01702,451-01702-frictionplate,source_image,false,RRE_ORIGINAL_AVAILABLE,RIGHTS_REVIEW_COMPLETE,PRESERVE_EXISTING_RRE_ORIGINAL_PHOTO,RRE already possesses an authentic catalog photograph for this SKU; external image kept purely as secondary cross-reference.
img_b59174207977,https://enterprise.saioautomotive.com/backend/assets/uploads/products/Umt2L1JUNVVjUktZZHgzalNLMnNKUT09_1744804751_0.jpg,,451/08002 451/13302,https://www.antheautoparts.com/product-details/brake-counter-plate-451-08002-451-13302-jcb-parts-near-me,N/A,N/A,N/A,false,UNMATCHED_EXTERNAL_REFERENCE,RIGHTS_REVIEW_COMPLETE,STAGED_AS_TECHNICAL_REFERENCE,External part not currently in RRE master catalog. Image staged in reference archive.
img_44e175466cf5,https://enterprise.saioautomotive.com/backend/assets/uploads/products/ZDNwMldySy8ybkpZVlNXSWRGbGJYdz09_1744804822_0.jpg,,458/20281,https://www.antheautoparts.com/product-details/brake-friction-plate-458-20281-jcb-spare-parts,458/20281,458-20281-frictionplated40,source_image,false,RRE_ORIGINAL_AVAILABLE,RIGHTS_REVIEW_COMPLETE,PRESERVE_EXISTING_RRE_ORIGINAL_PHOTO,RRE already possesses an authentic catalog photograph for this SKU; external image kept purely as secondary cross-reference.
img_ab9e06713701,https://enterprise.saioautomotive.com/backend/assets/uploads/products/Z2tDQk9CZEE0UTVQZFg0bVJ4eFhDZz09_1744863092_0.jpg,,458/20285,https://www.antheautoparts.com/product-details/brake-counter-plate-458-20285-replacement-jcb-parts,458/20285,458-20285-3-4bsptaperplug,source_image,false,RRE_ORIGINAL_AVAILABLE,RIGHTS_REVIEW_COMPLETE,PRESERVE_EXISTING_RRE_ORIGINAL_PHOTO,RRE already possesses an authentic catalog photograph for this SKU; external image kept purely as secondary cross-reference.
img_05b8fd31fb2a,https://enterprise.saioautomotive.com/backend/assets/uploads/products/K0F2bFNzbktYWnFtUS9SRU1xTXROUT09_1744863598_0.jpg,,458/20286,https://www.antheautoparts.com/product-details/brake-counter-plate-458-20286-jcb-parts-online,458/20286,458-20286-counterplated40,source_image,false,RRE_ORIGINAL_AVAILABLE,RIGHTS_REVIEW_COMPLETE,PRESERVE_EXISTING_RRE_ORIGINAL_PHOTO,RRE already possesses an authentic catalog photograph for this SKU; external image kept purely as secondary cross-reference.
img_12622a99605a,https://enterprise.saioautomotive.com/backend/assets/uploads/products/dUlycDI0SW52VVFjYjhMb0FmdXNPdz09_1744863685_0.jpg,,458/20289,https://www.antheautoparts.com/product-details/brake-counter-plate-458-20289-jcb-parts,458/20289,458-20289-platebrakecounter,source_image,false,RRE_ORIGINAL_AVAILABLE,RIGHTS_REVIEW_COMPLETE,PRESERVE_EXISTING_RRE_ORIGINAL_PHOTO,RRE already possesses an authentic catalog photograph for this SKU; external image kept purely as secondary cross-reference.
img_40b7089d4e7f,https://enterprise.saioautomotive.com/backend/assets/uploads/products/RVU2U2JLSzM0bkVMdTBabzR2UW5Zdz09_1744863752_0.jpg,,450/10224 | 458/20353,https://www.antheautoparts.com/product-details/brake-friction-plate-450-10224-458-20353-jcb-genuine-parts,450/10224,450-10224-brakefrictionplate,source_image,false,RRE_ORIGINAL_AVAILABLE,RIGHTS_REVIEW_COMPLETE,PRESERVE_EXISTING_RRE_ORIGINAL_PHOTO,RRE already possesses an authentic catalog photograph for this SKU; external image kept purely as secondary cross-reference.
img_589756cbe85b,https://enterprise.saioautomotive.com/backend/assets/uploads/products/dHV3aDM5Vkl1RXU2K2psQUpueE03UT09_1744863827_0.jpg,,458/20693,https://www.antheautoparts.com/product-details/disc-park-brake-458-20693-jcb-spare-parts-dealer,458/20693,458-20693-disc-park-brake,source_image,false,RRE_ORIGINAL_AVAILABLE,RIGHTS_REVIEW_COMPLETE,PRESERVE_EXISTING_RRE_ORIGINAL_PHOTO,RRE already possesses an authentic catalog photograph for this SKU; external image kept purely as secondary cross-reference.
img_503b8228dd33,https://enterprise.saioautomotive.com/backend/assets/uploads/products/NHFhNS9oOFVBbmJ4bWMvNUozb1pNQT09_1744863969_0.jpg,,814/00177 814/00346,https://www.antheautoparts.com/product-details/control-pedal-assy-spring-814-00177-814-00346-jcb-parts,N/A,N/A,N/A,false,UNMATCHED_EXTERNAL_REFERENCE,RIGHTS_REVIEW_COMPLETE,STAGED_AS_TECHNICAL_REFERENCE,External part not currently in RRE master catalog. Image staged in reference archive.
img_c493ca55c3a1,https://enterprise.saioautomotive.com/backend/assets/uploads/products/K0E2WjJQeFZqbTJHMEY1OUI5TVlWZz09_1744864028_0.jpg,,814/10122 814/00383,https://www.antheautoparts.com/product-details/spring-tension-814-10122-814-00383-jcb-spare-parts-dealer,N/A,N/A,N/A,false,UNMATCHED_EXTERNAL_REFERENCE,RIGHTS_REVIEW_COMPLETE,STAGED_AS_TECHNICAL_REFERENCE,External part not currently in RRE master catalog. Image staged in reference archive.
img_ea411f51d9b5,https://enterprise.saioautomotive.com/backend/assets/uploads/products/Tm5YaDVCdURidTVySFltb01kS1A5Zz09_1744864092_0.jpg,,814/00365,https://www.antheautoparts.com/product-details/spring-814-00365-jcb-parts,814/00365,814-00365-spring-compression,source_image,false,RRE_ORIGINAL_AVAILABLE,RIGHTS_REVIEW_COMPLETE,PRESERVE_EXISTING_RRE_ORIGINAL_PHOTO,RRE already possesses an authentic catalog photograph for this SKU; external image kept purely as secondary cross-reference.
img_b191f80059ff,https://enterprise.saioautomotive.com/backend/assets/uploads/products/ZlBlM1MwTWF1WU02NUZWQ1RUMlRmQT09_1744864208_0.jpg,,448/16905,https://www.antheautoparts.com/product-details/bush-tension-flanged-448-16905-jcb-spare-parts-dealer,448/16905,448-16905-bush,source_image,false,RRE_ORIGINAL_AVAILABLE,RIGHTS_REVIEW_COMPLETE,PRESERVE_EXISTING_RRE_ORIGINAL_PHOTO,RRE already possesses an authentic catalog photograph for this SKU; external image kept purely as secondary cross-reference.
img_971bc7bca43d,https://enterprise.saioautomotive.com/backend/assets/uploads/products/V05nc0xVV0cvR0FSOVRQR0lidzdOZz09_1744864253_0.jpg,,2203/1020,https://www.antheautoparts.com/product-details/circlip-2203-1020-replacement-jcb-parts,2203/1020,2203-1020-circlip,source_image,false,RRE_ORIGINAL_AVAILABLE,RIGHTS_REVIEW_COMPLETE,PRESERVE_EXISTING_RRE_ORIGINAL_PHOTO,RRE already possesses an authentic catalog photograph for this SKU; external image kept purely as secondary cross-reference.
img_9eb42632a45a,https://enterprise.saioautomotive.com/backend/assets/uploads/products/QTRGVURaTnpNMlg2L0xHdDlOR0V0UT09_1744864304_0.jpg,,15/920315,https://www.antheautoparts.com/product-details/spring-15-920315-jcb-parts,15/920315,15-920315-kit-spring-432,source_image,false,RRE_ORIGINAL_AVAILABLE,RIGHTS_REVIEW_COMPLETE,PRESERVE_EXISTING_RRE_ORIGINAL_PHOTO,RRE already possesses an authentic catalog photograph for this SKU; external image kept purely as secondary cross-reference.
img_1ef0c5a6f6fa,https://enterprise.saioautomotive.com/backend/assets/uploads/products/TnNJNjM2VEpyZ0x3SU1PWWc1MWpCQT09_1744864358_0.jpg,,331/11963,https://www.antheautoparts.com/product-details/brake-disc-busing-331-11963-jcb-parts-catalog,331/11963,331-11963-carrier-brake-plate-extended,source_image,false,RRE_ORIGINAL_AVAILABLE,RIGHTS_REVIEW_COMPLETE,PRESERVE_EXISTING_RRE_ORIGINAL_PHOTO,RRE already possesses an authentic catalog photograph for this SKU; external image kept purely as secondary cross-reference.
img_1c5f6b204782,https://enterprise.saioautomotive.com/backend/assets/uploads/products/SVFMNDUwWkhVbHZtVkU5OWlxV1dFUT09_1744864418_0.jpg,,123/05228,https://www.antheautoparts.com/product-details/disc-blanking-123-05228-jcb-spare-parts,123/05228,123-05228-blanking-disc,source_image,false,RRE_ORIGINAL_AVAILABLE,RIGHTS_REVIEW_COMPLETE,PRESERVE_EXISTING_RRE_ORIGINAL_PHOTO,RRE already possesses an authentic catalog photograph for this SKU; external image kept purely as secondary cross-reference.
img_3a3ff0a281ae,https://enterprise.saioautomotive.com/backend/assets/uploads/products/bHVXdkNOQkRyd0lUN2g3S05lZFJndz09_1744864499_0.jpg,,333/Y4500,https://www.antheautoparts.com/product-details/brake-master-cylinder-333-y4500-jcb-aftermarket-parts,333/Y4500,333-y4500-master-cylinder-bosch-25,source_image,false,RRE_ORIGINAL_AVAILABLE,RIGHTS_REVIEW_COMPLETE,PRESERVE_EXISTING_RRE_ORIGINAL_PHOTO,RRE already possesses an authentic catalog photograph for this SKU; external image kept purely as secondary cross-reference.
img_690c19eeac15,https://enterprise.saioautomotive.com/backend/assets/uploads/products/Z0pCYUdaSDNRZWJVbEhCelNZSno4Zz09_1744864554_0.jpg,,15/920402,https://www.antheautoparts.com/product-details/brake-master-cylinder-15-920402-jcb-spares,15/920402,15-920402-w-brake-mastcylinder-7-8-rem,source_image,false,RRE_ORIGINAL_AVAILABLE,RIGHTS_REVIEW_COMPLETE,PRESERVE_EXISTING_RRE_ORIGINAL_PHOTO,RRE already possesses an authentic catalog photograph for this SKU; external image kept purely as secondary cross-reference.
img_2a79dd54ba7c,https://enterprise.saioautomotive.com/backend/assets/uploads/products/N1phOWlWZDFwR1dUYVpuNHBHaXlRdz09_1744864609_0.jpg,,331/16519,https://www.antheautoparts.com/product-details/frication-plate-331-16519-jcb-parts-online,331/16519,331-16519-shim-plate,source_image,false,RRE_ORIGINAL_AVAILABLE,RIGHTS_REVIEW_COMPLETE,PRESERVE_EXISTING_RRE_ORIGINAL_PHOTO,RRE already possesses an authentic catalog photograph for this SKU; external image kept purely as secondary cross-reference.
img_965099ecc9c6,https://enterprise.saioautomotive.com/backend/assets/uploads/products/WUJ3RUlaK2R6bWc4YlpnUGVSMVg2Zz09_1744791830_0.jpg,,531/03205,https://www.antheautoparts.com/product-details/casted-bucket-tooth-point-soil-531-03205-jcb-aftermarket-parts,N/A,N/A,N/A,false,UNMATCHED_EXTERNAL_REFERENCE,RIGHTS_REVIEW_COMPLETE,STAGED_AS_TECHNICAL_REFERENCE,External part not currently in RRE master catalog. Image staged in reference archive.
img_1dc529ef85ea,https://enterprise.saioautomotive.com/backend/assets/uploads/products/TzlGQlJwYnBGSGQybVFnclU2YlBVdz09_1744791892_0.jpg,,531/03208,https://www.antheautoparts.com/product-details/side-cutter-right-hand-531-03208-jcb-spares,N/A,N/A,N/A,false,UNMATCHED_EXTERNAL_REFERENCE,RIGHTS_REVIEW_COMPLETE,STAGED_AS_TECHNICAL_REFERENCE,External part not currently in RRE master catalog. Image staged in reference archive.
img_a5bb5315718b,https://enterprise.saioautomotive.com/backend/assets/uploads/products/NlRVM25SMG1hMzRPU3JVY1NLSEJBdz09_1744791944_0.jpg,,531/03209,https://www.antheautoparts.com/product-details/side-cutter-left-hand-531-03209-jcb-genuine-parts,N/A,N/A,N/A,false,UNMATCHED_EXTERNAL_REFERENCE,RIGHTS_REVIEW_COMPLETE,STAGED_AS_TECHNICAL_REFERENCE,External part not currently in RRE master catalog. Image staged in reference archive.
img_83155ab95247,https://enterprise.saioautomotive.com/backend/assets/uploads/products/WTM5VXJQM041OU83UmdoRmk2SmNMZz09_1744792014_0.jpg,,826/00303 | 1340/0701,https://www.antheautoparts.com/product-details/tooth-point-bolt-nut-826-00303-1340-0701-jcb-parts-near-me,826/00303,826-00303-plough-bolt-3-4unf-70,source_image,false,RRE_ORIGINAL_AVAILABLE,RIGHTS_REVIEW_COMPLETE,PRESERVE_EXISTING_RRE_ORIGINAL_PHOTO,RRE already possesses an authentic catalog photograph for this SKU; external image kept purely as secondary cross-reference.
img_f575cc32f307,https://enterprise.saioautomotive.com/backend/assets/uploads/products/Y21LNFdZQlJxVTlUWG5Fdit0dGhkUT09_1744792074_0.jpg,,1340/0701 | 1305/0714F,https://www.antheautoparts.com/product-details/side-cutter-tooth-nut-bolt-1340-0701-1305-0714f-replacement-jcb-parts,1340/0701,1340-0701-nut,source_image,false,RRE_ORIGINAL_AVAILABLE,RIGHTS_REVIEW_COMPLETE,PRESERVE_EXISTING_RRE_ORIGINAL_PHOTO,RRE already possesses an authentic catalog photograph for this SKU; external image kept purely as secondary cross-reference.
img_415661d9a185,https://enterprise.saioautomotive.com/backend/assets/uploads/products/c3REbjUwd1c4a3Q1cEo3K1VTUEFDUT09_1744792135_0.jpg,,,https://www.antheautoparts.com/product-details/bucket-12-300mm-jcb-spares,N/A,N/A,N/A,false,UNMATCHED_EXTERNAL_REFERENCE,RIGHTS_REVIEW_COMPLETE,STAGED_AS_TECHNICAL_REFERENCE,External part not currently in RRE master catalog. Image staged in reference archive.
img_06c139f710e1,https://enterprise.saioautomotive.com/backend/assets/uploads/products/OWNRSjEyMGVuWmo0SWlEaGNHVk5pQT09_1744792183_0.jpg,,,https://www.antheautoparts.com/product-details/bucket-18-450mm-jcb-spare-parts,N/A,N/A,N/A,false,UNMATCHED_EXTERNAL_REFERENCE,RIGHTS_REVIEW_COMPLETE,STAGED_AS_TECHNICAL_REFERENCE,External part not currently in RRE master catalog. Image staged in reference archive.
img_c66e17da873b,https://enterprise.saioautomotive.com/backend/assets/uploads/products/QkR6TmlFaHdjYWJhTDJKRXpuQXRSQT09_1744792304_0.jpg,,,https://www.antheautoparts.com/product-details/bucket-24-600mm-jcb-parts-online,N/A,N/A,N/A,false,UNMATCHED_EXTERNAL_REFERENCE,RIGHTS_REVIEW_COMPLETE,STAGED_AS_TECHNICAL_REFERENCE,External part not currently in RRE master catalog. Image staged in reference archive.
img_26f1b5f4e8a0,https://enterprise.saioautomotive.com/backend/assets/uploads/products/NGFsRExIenNWNlFzK2FRekhQWXV1Zz09_1744792651_0.jpg,,,https://www.antheautoparts.com/product-details/bucket-30-750mm-jcb-spares,N/A,N/A,N/A,false,UNMATCHED_EXTERNAL_REFERENCE,RIGHTS_REVIEW_COMPLETE,STAGED_AS_TECHNICAL_REFERENCE,External part not currently in RRE master catalog. Image staged in reference archive.
img_a6f0af1df53b,https://enterprise.saioautomotive.com/backend/assets/uploads/products/d3YxNkk2V1lFMVlhcitDSjZqM29Mdz09_1744792746_0.jpeg,,,https://www.antheautoparts.com/product-details/bucket-24-600mm-cat-jcb-genuine-parts,N/A,N/A,N/A,false,UNMATCHED_EXTERNAL_REFERENCE,RIGHTS_REVIEW_COMPLETE,STAGED_AS_TECHNICAL_REFERENCE,External part not currently in RRE master catalog. Image staged in reference archive.
img_a522c24f998a,https://enterprise.saioautomotive.com/backend/assets/uploads/products/UXlsdFFhcEJ5TUtxbDZoUDdRS0JPUT09_1744792835_0.png,,G65/0,https://www.antheautoparts.com/product-details/rear-bucket-bush-g65-0-jcb-parts,G65/0,g65-0-bush-spring,source_image,false,RRE_ORIGINAL_AVAILABLE,RIGHTS_REVIEW_COMPLETE,PRESERVE_EXISTING_RRE_ORIGINAL_PHOTO,RRE already possesses an authentic catalog photograph for this SKU; external image kept purely as secondary cross-reference.
img_5b6ec2077d7c,https://enterprise.saioautomotive.com/backend/assets/uploads/products/Nk5kRnFYV0FLblh3QkNvdkZCdldpUT09_1744967794_0.jpg,,1096/2004,https://www.antheautoparts.com/product-details/bucket-repair-pivot-boss-1096-2004-jcb-spare-parts,1096/2004,1096-2004-pivotboss,source_image,false,RRE_ORIGINAL_AVAILABLE,RIGHTS_REVIEW_COMPLETE,PRESERVE_EXISTING_RRE_ORIGINAL_PHOTO,RRE already possesses an authentic catalog photograph for this SKU; external image kept purely as secondary cross-reference.
img_d478d104862f,https://enterprise.saioautomotive.com/backend/assets/uploads/products/K0tvNk5KYWY4azNHdm43blVKVVdsZz09_1744967841_0.jpg,,1096/2004 | G65/0,https://www.antheautoparts.com/product-details/bucket-repair-boss-g65-0-bush-kit-1096-2004-g65-0-jcb-parts-catalog,1096/2004,1096-2004-pivotboss,source_image,false,RRE_ORIGINAL_AVAILABLE,RIGHTS_REVIEW_COMPLETE,PRESERVE_EXISTING_RRE_ORIGINAL_PHOTO,RRE already possesses an authentic catalog photograph for this SKU; external image kept purely as secondary cross-reference.
img_f49a558cd4ba,https://enterprise.saioautomotive.com/backend/assets/uploads/products/eHpEclNTTnQvUXFtNm5UZEMwZWpndz09_1744968295_0.jpg,,1206/0001,https://www.antheautoparts.com/product-details/spring-bush-1206-0001-jcb-parts-near-me,1206/0001,1206-0001-spring-bush,source_image,false,RRE_ORIGINAL_AVAILABLE,RIGHTS_REVIEW_COMPLETE,PRESERVE_EXISTING_RRE_ORIGINAL_PHOTO,RRE already possesses an authentic catalog photograph for this SKU; external image kept purely as secondary cross-reference.
img_90b947f5d7a9,https://enterprise.saioautomotive.com/backend/assets/uploads/products/emxabjJ3VzBxc2U1LzFoTk9ZRzd0Zz09_1744968503_0.jpg,,1206/0015,https://www.antheautoparts.com/product-details/spring-bush-bucket-ram-eye-1206-0015-jcb-parts-near-me,1206/0015,1206-0015-bushspring,source_image,false,RRE_ORIGINAL_AVAILABLE,RIGHTS_REVIEW_COMPLETE,PRESERVE_EXISTING_RRE_ORIGINAL_PHOTO,RRE already possesses an authentic catalog photograph for this SKU; external image kept purely as secondary cross-reference.
img_88f80f2eef33,https://enterprise.saioautomotive.com/backend/assets/uploads/products/b2tCWlF6RGpjTHJTNGxLTFdEcXMxQT09_1744968555_0.jpg,,1206/0023,https://www.antheautoparts.com/product-details/spring-bush-1206-0023-jcb-parts-near-me,1206/0023,1206-0023-bush-385-nom-bore-95-long-sb,source_image,false,RRE_ORIGINAL_AVAILABLE,RIGHTS_REVIEW_COMPLETE,PRESERVE_EXISTING_RRE_ORIGINAL_PHOTO,RRE already possesses an authentic catalog photograph for this SKU; external image kept purely as secondary cross-reference.
img_b0b1d131a7f9,https://enterprise.saioautomotive.com/backend/assets/uploads/products/WDNWakRkSytkMWs5dHdZVkw1clJYUT09_1744968606_0.jpg,,1206/0038,https://www.antheautoparts.com/product-details/spring-bush-tipping-link-1206-0038-jcb-spares,1206/0038,1206-0038-spring-steel-bush,source_image,false,RRE_ORIGINAL_AVAILABLE,RIGHTS_REVIEW_COMPLETE,PRESERVE_EXISTING_RRE_ORIGINAL_PHOTO,RRE already possesses an authentic catalog photograph for this SKU; external image kept purely as secondary cross-reference.
img_72d71f07a3e0,https://enterprise.saioautomotive.com/backend/assets/uploads/products/WG9YV3lTTkNldXFkL2FnMk9nR1FVUT09_1744968671_0.jpg,,1207/0011,https://www.antheautoparts.com/product-details/bucket-clamshovel-spring-bush-1207-0011-jcb-genuine-parts,1207/0011,1207-0011-spring-steel-bush,source_image,false,RRE_ORIGINAL_AVAILABLE,RIGHTS_REVIEW_COMPLETE,PRESERVE_EXISTING_RRE_ORIGINAL_PHOTO,RRE already possesses an authentic catalog photograph for this SKU; external image kept purely as secondary cross-reference.
img_168b70fe04ce,https://enterprise.saioautomotive.com/backend/assets/uploads/products/VkR5UHZBUS9vSUxESmZoWHJWL1J1QT09_1744968722_0.jpg,,1207/0019,https://www.antheautoparts.com/product-details/bucket-clamshovel-spring-bush-1207-0019-jcb-aftermarket-parts,1207/0019,1207-0019-spring-steel-bush,source_image,false,RRE_ORIGINAL_AVAILABLE,RIGHTS_REVIEW_COMPLETE,PRESERVE_EXISTING_RRE_ORIGINAL_PHOTO,RRE already possesses an authentic catalog photograph for this SKU; external image kept purely as secondary cross-reference.
img_b2c82a130911,https://enterprise.saioautomotive.com/backend/assets/uploads/products/S0dXSjF3cDZtbVNOWERoWVlQSGlCUT09_1744968778_0.jpg,,1207/0025,https://www.antheautoparts.com/product-details/hydraulic-ram-eye-end-spring-bush-1207-0025-jcb-aftermarket-parts,1207/0025,1207-0025-bush,source_image,false,RRE_ORIGINAL_AVAILABLE,RIGHTS_REVIEW_COMPLETE,PRESERVE_EXISTING_RRE_ORIGINAL_PHOTO,RRE already possesses an authentic catalog photograph for this SKU; external image kept purely as secondary cross-reference.
img_bd568e663ee4,https://enterprise.saioautomotive.com/backend/assets/uploads/products/b2l2ck94UXdiWjBhQ3pxcVlzNlJNQT09_1744968835_0.jpg,,1208/0015,https://www.antheautoparts.com/product-details/spring-steel-bush-dim-70-52-46-1208-0015-jcb-spares,1208/0015,1208-0015-spring-steel-bush,source_image,false,RRE_ORIGINAL_AVAILABLE,RIGHTS_REVIEW_COMPLETE,PRESERVE_EXISTING_RRE_ORIGINAL_PHOTO,RRE already possesses an authentic catalog photograph for this SKU; external image kept purely as secondary cross-reference.
img_a2815e1ecf82,https://enterprise.saioautomotive.com/backend/assets/uploads/products/TzNsVGI0NzBhdmJQRy9EZktFaWFUZz09_1744968920_0.jpg,,1208/0018,https://www.antheautoparts.com/product-details/spring-steel-bush-dim-83-52-46-1208-0018-jcb-parts-near-me,1208/0018,1208-0018-spring-steel-bush,source_image,false,RRE_ORIGINAL_AVAILABLE,RIGHTS_REVIEW_COMPLETE,PRESERVE_EXISTING_RRE_ORIGINAL_PHOTO,RRE already possesses an authentic catalog photograph for this SKU; external image kept purely as secondary cross-reference.
img_bb84d6a20d8a,https://enterprise.saioautomotive.com/backend/assets/uploads/products/Y2VZbWgzQzZBZGhSWTI2d1BXWjlWdz09_1744969006_0.jpg,,1208/0019,https://www.antheautoparts.com/product-details/spring-steel-bush-89-x-52-x-46-mm-1208-0019-jcb-parts,1208/0019,1208-0019-springbush,source_image,false,RRE_ORIGINAL_AVAILABLE,RIGHTS_REVIEW_COMPLETE,PRESERVE_EXISTING_RRE_ORIGINAL_PHOTO,RRE already possesses an authentic catalog photograph for this SKU; external image kept purely as secondary cross-reference.
img_b46f21a43b41,https://enterprise.saioautomotive.com/backend/assets/uploads/products/eGxGRUZtOW5Ub2FDSFgrclV0dTk2dz09_1744969069_0.jpg,,1208/0020,https://www.antheautoparts.com/product-details/boom-ram-eye-spring-bush-1208-0020-jcb-parts-online,1208/0020,1208-0020-bush,source_image,false,RRE_ORIGINAL_AVAILABLE,RIGHTS_REVIEW_COMPLETE,PRESERVE_EXISTING_RRE_ORIGINAL_PHOTO,RRE already possesses an authentic catalog photograph for this SKU; external image kept purely as secondary cross-reference.
img_4480868be7a4,https://enterprise.saioautomotive.com/backend/assets/uploads/products/NFcrdEVhNC9ucHZYcmh2ZmZkOTIzUT09_1744969230_0.jpg,,1208/0021,https://www.antheautoparts.com/product-details/stabiliser-ram-eye-spring-bush-1208-0021-jcb-parts-near-me,1208/0021,1208-0021-spring-steel-bush,source_image,false,RRE_ORIGINAL_AVAILABLE,RIGHTS_REVIEW_COMPLETE,PRESERVE_EXISTING_RRE_ORIGINAL_PHOTO,RRE already possesses an authentic catalog photograph for this SKU; external image kept purely as secondary cross-reference.
img_16becc0761f4,https://enterprise.saioautomotive.com/backend/assets/uploads/products/SEVZU1JkN0JnRkc4SjdMN1ZMTEFQZz09_1744969283_0.jpg,,1208/0022,https://www.antheautoparts.com/product-details/ram-eye-spring-bush-1208-0022-jcb-spare-parts-dealer,1208/0022,1208-0022-bush,source_image,false,RRE_ORIGINAL_AVAILABLE,RIGHTS_REVIEW_COMPLETE,PRESERVE_EXISTING_RRE_ORIGINAL_PHOTO,RRE already possesses an authentic catalog photograph for this SKU; external image kept purely as secondary cross-reference.
img_4a63131976cd,https://enterprise.saioautomotive.com/backend/assets/uploads/products/RjdGVkl4UU8wQk01L1BHL09ySWdPZz09_1744969344_0.jpg,,1208/0025,https://www.antheautoparts.com/product-details/spring-bush-1208-0025-jcb-aftermarket-parts,1208/0025,1208-0025-springsteelbush,source_image,false,RRE_ORIGINAL_AVAILABLE,RIGHTS_REVIEW_COMPLETE,PRESERVE_EXISTING_RRE_ORIGINAL_PHOTO,RRE already possesses an authentic catalog photograph for this SKU; external image kept purely as secondary cross-reference.
img_2710f6385e4f,https://enterprise.saioautomotive.com/backend/assets/uploads/products/TWppZXBNc0o2R1UxOXdzSVRlUjh2QT09_1744969436_0.jpg,,1208/0023,https://www.antheautoparts.com/product-details/spring-steel-bush-dim-114-52-46-1208-0023-jcb-parts-near-me,1208/0023,1208-0023-spring-steel-bush,source_image,false,RRE_ORIGINAL_AVAILABLE,RIGHTS_REVIEW_COMPLETE,PRESERVE_EXISTING_RRE_ORIGINAL_PHOTO,RRE already possesses an authentic catalog photograph for this SKU; external image kept purely as secondary cross-reference.
img_beb96cdf2ebc,https://enterprise.saioautomotive.com/backend/assets/uploads/products/dzdNYnhaNlZLbGtOemxuTWVnUVpyQT09_1744969520_0.jpg,,1208/0031,https://www.antheautoparts.com/product-details/spring-steel-dipper-bush-1208-0031-jcb-parts-catalog,1208/0031,1208-0031-springsteelbush,source_image,false,RRE_ORIGINAL_AVAILABLE,RIGHTS_REVIEW_COMPLETE,PRESERVE_EXISTING_RRE_ORIGINAL_PHOTO,RRE already possesses an authentic catalog photograph for this SKU; external image kept purely as secondary cross-reference.
img_15bf7ff1d70a,https://enterprise.saioautomotive.com/backend/assets/uploads/products/ZnlEQWh6LzZ5a09TeWo1OE1kMlFyQT09_1744969713_0.jpg,,1208/0032,https://www.antheautoparts.com/product-details/spring-steel-dipper-bush-dim-172-52-46-1208-0032-jcb-parts,1208/0032,1208-0032-ring-steel-bush,source_image,false,RRE_ORIGINAL_AVAILABLE,RIGHTS_REVIEW_COMPLETE,PRESERVE_EXISTING_RRE_ORIGINAL_PHOTO,RRE already possesses an authentic catalog photograph for this SKU; external image kept purely as secondary cross-reference.
img_97b778b11986,https://enterprise.saioautomotive.com/backend/assets/uploads/products/OXpjQ0ZOd3FoMUFRWUU5dmNQcitTdz09_1744969784_0.jpg,,1209/0017,https://www.antheautoparts.com/product-details/ram-lift-boom-spring-bush-1209-0017-jcb-parts-near-me,1209/0017,1209-0017-bush,source_image,false,RRE_ORIGINAL_AVAILABLE,RIGHTS_REVIEW_COMPLETE,PRESERVE_EXISTING_RRE_ORIGINAL_PHOTO,RRE already possesses an authentic catalog photograph for this SKU; external image kept purely as secondary cross-reference.
img_03da5264471c,https://enterprise.saioautomotive.com/backend/assets/uploads/products/Mk1iNzZodGNqcDRqWi9OdFJXWHR4QT09_1744969839_0.jpg,,1209/0019,https://www.antheautoparts.com/product-details/spring-steel-bush-1209-0019-jcb-parts-near-me,1209/0019,1209-0019-bush,source_image,false,RRE_ORIGINAL_AVAILABLE,RIGHTS_REVIEW_COMPLETE,PRESERVE_EXISTING_RRE_ORIGINAL_PHOTO,RRE already possesses an authentic catalog photograph for this SKU; external image kept purely as secondary cross-reference.
img_bf12f277967a,https://enterprise.saioautomotive.com/backend/assets/uploads/products/RWQzU1Q4dlV6N2tENnF0SVY2UXQrZz09_1744969900_0.jpg,,1209/0020,https://www.antheautoparts.com/product-details/knuckle-boom-pivot-spring-bush-1209-0020-jcb-parts-near-me,1209/0020,1209-0020-bush,source_image,false,RRE_ORIGINAL_AVAILABLE,RIGHTS_REVIEW_COMPLETE,PRESERVE_EXISTING_RRE_ORIGINAL_PHOTO,RRE already possesses an authentic catalog photograph for this SKU; external image kept purely as secondary cross-reference.
img_1a5853dab7bb,https://enterprise.saioautomotive.com/backend/assets/uploads/products/MytRTE1jTlRNa29WK0JzaCtTYUVEdz09_1744970240_0.jpg,,1209/0021,https://www.antheautoparts.com/product-details/loader-lift-ram-eye-spring-bush-1209-0021-jcb-parts,1209/0021,1209-0021-bush,source_image,false,RRE_ORIGINAL_AVAILABLE,RIGHTS_REVIEW_COMPLETE,PRESERVE_EXISTING_RRE_ORIGINAL_PHOTO,RRE already possesses an authentic catalog photograph for this SKU; external image kept purely as secondary cross-reference.
img_0e664d869526,https://enterprise.saioautomotive.com/backend/assets/uploads/products/TjBOYWx2RDRqeWpGczNjZGRpNDRQZz09_1744970625_0.jpg,,1209/0026,https://www.antheautoparts.com/product-details/ram-eye-spring-bush-1209-0026-jcb-spare-parts-dealer,1209/0026,1209-0026-bush,source_image,false,RRE_ORIGINAL_AVAILABLE,RIGHTS_REVIEW_COMPLETE,PRESERVE_EXISTING_RRE_ORIGINAL_PHOTO,RRE already possesses an authentic catalog photograph for this SKU; external image kept purely as secondary cross-reference.
img_6e20faedddb4,https://enterprise.saioautomotive.com/backend/assets/uploads/products/dUNxbk5hMjJkVzZ4amFVUzFzTzl3Zz09_1744970830_0.jpg,,40/301610,https://www.antheautoparts.com/product-details/liner-bearing-40-301610-jcb-spares,40/301610,40-301610-bush,source_image,false,RRE_ORIGINAL_AVAILABLE,RIGHTS_REVIEW_COMPLETE,PRESERVE_EXISTING_RRE_ORIGINAL_PHOTO,RRE already possesses an authentic catalog photograph for this SKU; external image kept purely as secondary cross-reference.
img_37b68f469b03,https://enterprise.saioautomotive.com/backend/assets/uploads/products/eVdZM0NkUkdIZ01wODhWMk11YlFoUT09_1744970888_0.jpg,,40/303394,https://www.antheautoparts.com/product-details/bush-40-303394-replacement-jcb-parts,40/303394,40-303394-bush,source_image,false,RRE_ORIGINAL_AVAILABLE,RIGHTS_REVIEW_COMPLETE,PRESERVE_EXISTING_RRE_ORIGINAL_PHOTO,RRE already possesses an authentic catalog photograph for this SKU; external image kept purely as secondary cross-reference.
img_baf2290055e4,https://enterprise.saioautomotive.com/backend/assets/uploads/products/ZktlQ2FYRVovVFl3WUdYSTVyeXZRUT09_1744970936_0.jpg,,40/303426,https://www.antheautoparts.com/product-details/kingpost-carriage-bearing-liner-40-303426-replacement-jcb-parts,40/303426,40-303426-linerbearing,source_image,false,RRE_ORIGINAL_AVAILABLE,RIGHTS_REVIEW_COMPLETE,PRESERVE_EXISTING_RRE_ORIGINAL_PHOTO,RRE already possesses an authentic catalog photograph for this SKU; external image kept purely as secondary cross-reference.
img_a795433aa25b,https://enterprise.saioautomotive.com/backend/assets/uploads/products/ekhMTncyZXZ5WHp0aXlvWGp4Z2FPQT09_1744970987_0.jpg,,40/303620,https://www.antheautoparts.com/product-details/kingpost-ring-liner-40-303620-jcb-parts-online,40/303620,40-303620-linerring,source_image,false,RRE_ORIGINAL_AVAILABLE,RIGHTS_REVIEW_COMPLETE,PRESERVE_EXISTING_RRE_ORIGINAL_PHOTO,RRE already possesses an authentic catalog photograph for this SKU; external image kept purely as secondary cross-reference.
img_6e712fc32007,https://enterprise.saioautomotive.com/backend/assets/uploads/products/TkQ5OWd0ejYxdkU1WlRDV2xLYlJXdz09_1744971087_0.jpg,,550/40899,https://www.antheautoparts.com/product-details/dipper-rod-bush-550-40899-jcb-spares,550/40899,550-40899-bush-arm-boomcyl,source_image,false,RRE_ORIGINAL_AVAILABLE,RIGHTS_REVIEW_COMPLETE,PRESERVE_EXISTING_RRE_ORIGINAL_PHOTO,RRE already possesses an authentic catalog photograph for this SKU; external image kept purely as secondary cross-reference.
img_d9f79293d809,https://enterprise.saioautomotive.com/backend/assets/uploads/products/WnVkOWNHWlZLaURoQk9OMEpEekcwZz09_1744971213_0.jpg,,550/40927,https://www.antheautoparts.com/product-details/bucket-rod-bush-550-40927-jcb-genuine-parts,550/40927,550-40927-bush-bucket,source_image,false,RRE_ORIGINAL_AVAILABLE,RIGHTS_REVIEW_COMPLETE,PRESERVE_EXISTING_RRE_ORIGINAL_PHOTO,RRE already possesses an authentic catalog photograph for this SKU; external image kept purely as secondary cross-reference.
img_af3a6252c0f1,https://enterprise.saioautomotive.com/backend/assets/uploads/products/cHlTVlpDc3praCtHNXF4Z2RRSU9UQT09_1744971351_0.jpg,,550/40983,https://www.antheautoparts.com/product-details/slew-swing-bush-re-unqin-550-40983-jcb-genuine-parts,550/40983,550-40983-bush-re-slew,source_image,false,RRE_ORIGINAL_AVAILABLE,RIGHTS_REVIEW_COMPLETE,PRESERVE_EXISTING_RRE_ORIGINAL_PHOTO,RRE already possesses an authentic catalog photograph for this SKU; external image kept purely as secondary cross-reference.
img_32ef346f67f4,https://enterprise.saioautomotive.com/backend/assets/uploads/products/WXhSd3pkNnIrL0x0bnZNc1M2WVZlZz09_1744971399_0.jpg,,808/00172,https://www.antheautoparts.com/product-details/front-axle-suspension-bush-808-00172-jcb-genuine-parts,808/00172,808-00172-liner-bearing,source_image,false,RRE_ORIGINAL_AVAILABLE,RIGHTS_REVIEW_COMPLETE,PRESERVE_EXISTING_RRE_ORIGINAL_PHOTO,RRE already possesses an authentic catalog photograph for this SKU; external image kept purely as secondary cross-reference.
img_ec5b7a66ac26,https://enterprise.saioautomotive.com/backend/assets/uploads/products/RGNlVml1TEVRbEYvTjU3Q1BBRVdYdz09_1744971451_0.jpg,,808/00173,https://www.antheautoparts.com/product-details/front-axle-suspension-bush-808-00173-jcb-parts-catalog,808/00173,808-00173-rewm3x10g129,source_image,false,RRE_ORIGINAL_AVAILABLE,RIGHTS_REVIEW_COMPLETE,PRESERVE_EXISTING_RRE_ORIGINAL_PHOTO,RRE already possesses an authentic catalog photograph for this SKU; external image kept purely as secondary cross-reference.
img_a095d7356b0b,https://enterprise.saioautomotive.com/backend/assets/uploads/products/THd2WW1Vc0ZRVHByYTZkeXlPK3pydz09_1744971503_0.jpg,,808/00176,https://www.antheautoparts.com/product-details/king-pin-pivot-bush-808-00176-jcb-parts-online,808/00176,808-00176-bush,source_image,false,RRE_ORIGINAL_AVAILABLE,RIGHTS_REVIEW_COMPLETE,PRESERVE_EXISTING_RRE_ORIGINAL_PHOTO,RRE already possesses an authentic catalog photograph for this SKU; external image kept purely as secondary cross-reference.
img_1b571473796c,https://enterprise.saioautomotive.com/backend/assets/uploads/products/UHU4SGdVS1cyc2luSXhCZHRJSHFWUT09_1744971557_0.jpg,,808/00179,https://www.antheautoparts.com/product-details/kingpost-center-mount-bush-808-00179-jcb-parts-near-me,808/00179,808-00179-boompivotbush,source_image,false,RRE_ORIGINAL_AVAILABLE,RIGHTS_REVIEW_COMPLETE,PRESERVE_EXISTING_RRE_ORIGINAL_PHOTO,RRE already possesses an authentic catalog photograph for this SKU; external image kept purely as secondary cross-reference.
img_fa9741e1f7f1,https://enterprise.saioautomotive.com/backend/assets/uploads/products/dmNBWjdXUjd0L1JoTWpyTWhSNTlndz09_1744971636_0.jpg,,808/00186,https://www.antheautoparts.com/product-details/slew-swing-bush-808-00186-jcb-aftermarket-parts,808/00186,808-00186-bush,source_image,false,RRE_ORIGINAL_AVAILABLE,RIGHTS_REVIEW_COMPLETE,PRESERVE_EXISTING_RRE_ORIGINAL_PHOTO,RRE already possesses an authentic catalog photograph for this SKU; external image kept purely as secondary cross-reference.
img_432fe0101322,https://enterprise.saioautomotive.com/backend/assets/uploads/products/VXBrS1VVREJ4c2hSVVV1WjhVc1pQQT09_1744971692_0.jpg,,808/00201,https://www.antheautoparts.com/product-details/bush-middle-kingpost-808-00201-jcb-spare-parts-dealer,808/00201,808-00201-middlebush,source_image,false,RRE_ORIGINAL_AVAILABLE,RIGHTS_REVIEW_COMPLETE,PRESERVE_EXISTING_RRE_ORIGINAL_PHOTO,RRE already possesses an authentic catalog photograph for this SKU; external image kept purely as secondary cross-reference.
img_fbca1781c051,https://enterprise.saioautomotive.com/backend/assets/uploads/products/VlBrdHJHTHo5MnFneG81SUtmd21xZz09_1744971785_0.jpg,,808/00214,https://www.antheautoparts.com/product-details/kingpost-bush-116-x-105-x-59mm-808-00214-jcb-aftermarket-parts,808/00214,808-00214-bush,source_image,false,RRE_ORIGINAL_AVAILABLE,RIGHTS_REVIEW_COMPLETE,PRESERVE_EXISTING_RRE_ORIGINAL_PHOTO,RRE already possesses an authentic catalog photograph for this SKU; external image kept purely as secondary cross-reference.
img_a1ffa80ef4ad,https://enterprise.saioautomotive.com/backend/assets/uploads/products/WnByU0RvbTcrUGV5aTZOVG1nYXhmUT09_1744971981_0.jpg,,808/00216,https://www.antheautoparts.com/product-details/kingpost-bush-95-x-83-x-81mm-808-00216-jcb-aftermarket-parts,808/00216,808-00216-bush,source_image,false,RRE_ORIGINAL_AVAILABLE,RIGHTS_REVIEW_COMPLETE,PRESERVE_EXISTING_RRE_ORIGINAL_PHOTO,RRE already possesses an authentic catalog photograph for this SKU; external image kept purely as secondary cross-reference.
img_9dff99612078,https://enterprise.saioautomotive.com/backend/assets/uploads/products/V1dvWEZnMTZ2cks3STJJYmFFcjNEZz09_1744972187_0.jpg,,808/00224 | 808/00261,https://www.antheautoparts.com/product-details/bush-top-kingpost-808-00224-808-00261-jcb-genuine-parts,808/00261,808-00261-topbush,source_image,false,RRE_ORIGINAL_AVAILABLE,RIGHTS_REVIEW_COMPLETE,PRESERVE_EXISTING_RRE_ORIGINAL_PHOTO,RRE already possesses an authentic catalog photograph for this SKU; external image kept purely as secondary cross-reference.
img_31d905112491,https://enterprise.saioautomotive.com/backend/assets/uploads/products/K1NPNVhVV1krNjIrdFVNenYzVm9iUT09_1744972311_0.jpg,,808/00226,https://www.antheautoparts.com/product-details/hydraulic-ram-end-bush-808-00226-jcb-spare-parts-dealer,808/00226,808-00226-bush,source_image,false,RRE_ORIGINAL_AVAILABLE,RIGHTS_REVIEW_COMPLETE,PRESERVE_EXISTING_RRE_ORIGINAL_PHOTO,RRE already possesses an authentic catalog photograph for this SKU; external image kept purely as secondary cross-reference.
img_8ef8e1216054,https://enterprise.saioautomotive.com/backend/assets/uploads/products/THNoU2dWZlJMSmZGZ3JoWm1pcGxEdz09_1744972376_0.jpg,,808/00227,https://www.antheautoparts.com/product-details/bush-slew-swing-808-00227-jcb-aftermarket-parts,808/00227,808-00227-bush,source_image,false,RRE_ORIGINAL_AVAILABLE,RIGHTS_REVIEW_COMPLETE,PRESERVE_EXISTING_RRE_ORIGINAL_PHOTO,RRE already possesses an authentic catalog photograph for this SKU; external image kept purely as secondary cross-reference.
img_03a6adc8a688,https://enterprise.saioautomotive.com/backend/assets/uploads/products/QXdYakZtK2VFd2JKQTl0aGpOVlpCUT09_1744972808_0.jpg,,808/00229 | 808/00022 | 808/00157,https://www.antheautoparts.com/product-details/boom-kingpost-bush-808-00229-808-00022-808-00157-jcb-aftermarket-parts,808/00229,808-00229-bush,source_image,false,RRE_ORIGINAL_AVAILABLE,RIGHTS_REVIEW_COMPLETE,PRESERVE_EXISTING_RRE_ORIGINAL_PHOTO,RRE already possesses an authentic catalog photograph for this SKU; external image kept purely as secondary cross-reference.
img_5f20cf3e2f2e,https://enterprise.saioautomotive.com/backend/assets/uploads/products/a3lIRE9PR1hVTVBOc1prRnVSVE4wdz09_1744972853_0.jpg,,808/00237,https://www.antheautoparts.com/product-details/steering-ram-bronze-bush-dim-38x30x25mm-808-00237-jcb-spare-parts,808/00237,808-00237-bush,source_image,false,RRE_ORIGINAL_AVAILABLE,RIGHTS_REVIEW_COMPLETE,PRESERVE_EXISTING_RRE_ORIGINAL_PHOTO,RRE already possesses an authentic catalog photograph for this SKU; external image kept purely as secondary cross-reference.
img_065b8183ef37,https://enterprise.saioautomotive.com/backend/assets/uploads/products/VjZwL2VUZFp4VFA1N05CK081WmVaUT09_1744972958_0.jpg,,808/00241,https://www.antheautoparts.com/product-details/bush-bottom-kingpost-808-00241-replacement-jcb-parts,808/00241,808-00241-bottombush,source_image,false,RRE_ORIGINAL_AVAILABLE,RIGHTS_REVIEW_COMPLETE,PRESERVE_EXISTING_RRE_ORIGINAL_PHOTO,RRE already possesses an authentic catalog photograph for this SKU; external image kept purely as secondary cross-reference.
img_f92a16e78a0c,https://enterprise.saioautomotive.com/backend/assets/uploads/products/YTUyTTg0R25VK2UreWE4TGR6WDN4dz09_1744973035_0.jpg,,808/00244,https://www.antheautoparts.com/product-details/axle-bush-808-00244-jcb-spare-parts-dealer,N/A,N/A,N/A,false,UNMATCHED_EXTERNAL_REFERENCE,RIGHTS_REVIEW_COMPLETE,STAGED_AS_TECHNICAL_REFERENCE,External part not currently in RRE master catalog. Image staged in reference archive.
img_dae66d9744fc,https://enterprise.saioautomotive.com/backend/assets/uploads/products/M3hKemdZempwREFiQzZ4SFo2c0JHQT09_1744973134_0.jpg,,808/00246,https://www.antheautoparts.com/product-details/steering-ram-bush-808-00246-jcb-parts,808/00246,808-00246-bush,source_image,false,RRE_ORIGINAL_AVAILABLE,RIGHTS_REVIEW_COMPLETE,PRESERVE_EXISTING_RRE_ORIGINAL_PHOTO,RRE already possesses an authentic catalog photograph for this SKU; external image kept purely as secondary cross-reference.
img_c8b95704d6ed,https://enterprise.saioautomotive.com/backend/assets/uploads/products/,,808/00247,https://www.antheautoparts.com/product-details/front-axle-assembly-2wd-bush-808-00247-jcb-parts-online,808/00247,808-00247-r-bearing,source_image,false,RRE_ORIGINAL_AVAILABLE,RIGHTS_REVIEW_COMPLETE,PRESERVE_EXISTING_RRE_ORIGINAL_PHOTO,RRE already possesses an authentic catalog photograph for this SKU; external image kept purely as secondary cross-reference.
img_35640b851b50,https://enterprise.saioautomotive.com/backend/assets/uploads/products/OWc5QzkxVElycytXR2ZicldTazBxdz09_1744973311_0.jpg,,808/00248,https://www.antheautoparts.com/product-details/front-axle-bush-808-00248-jcb-parts,808/00248,808-00248-linerbearing,source_image,false,RRE_ORIGINAL_AVAILABLE,RIGHTS_REVIEW_COMPLETE,PRESERVE_EXISTING_RRE_ORIGINAL_PHOTO,RRE already possesses an authentic catalog photograph for this SKU; external image kept purely as secondary cross-reference.
img_dba6a40a3be0,https://enterprise.saioautomotive.com/backend/assets/uploads/products/aUxqTzQ4aWV5N1g4dEJlVWxMQ1hldz09_1744973360_0.jpg,,808/00253,https://www.antheautoparts.com/product-details/steering-track-rod-bush-808-00253-replacement-jcb-parts,808/00253,808-00253-liner-bearing,source_image,false,RRE_ORIGINAL_AVAILABLE,RIGHTS_REVIEW_COMPLETE,PRESERVE_EXISTING_RRE_ORIGINAL_PHOTO,RRE already possesses an authentic catalog photograph for this SKU; external image kept purely as secondary cross-reference.
img_cadb48f24640,https://enterprise.saioautomotive.com/backend/assets/uploads/products/ekVhUzNzUmg0cWZyN2Y3TC9ic293Zz09_1744973614_0.jpg,,808/00296,https://www.antheautoparts.com/product-details/front-loader-bush-808-00296-jcb-spares,808/00296,808-00296-liner-bearing,source_image,false,RRE_ORIGINAL_AVAILABLE,RIGHTS_REVIEW_COMPLETE,PRESERVE_EXISTING_RRE_ORIGINAL_PHOTO,RRE already possesses an authentic catalog photograph for this SKU; external image kept purely as secondary cross-reference.
img_986878f40013,https://enterprise.saioautomotive.com/backend/assets/uploads/products/cmZDNlp2a1h6c3czellub2p6WmpVdz09_1744973665_0.jpg,,808/00297,https://www.antheautoparts.com/product-details/front-arm-bush-808-00297-jcb-parts-near-me,808/00297,808-00297-bush,source_image,false,RRE_ORIGINAL_AVAILABLE,RIGHTS_REVIEW_COMPLETE,PRESERVE_EXISTING_RRE_ORIGINAL_PHOTO,RRE already possesses an authentic catalog photograph for this SKU; external image kept purely as secondary cross-reference.
img_34fcf6480898,https://enterprise.saioautomotive.com/backend/assets/uploads/products/Z050RUw3RXkrcEpIaE1JOG1hSklyZz09_1744973717_0.jpg,,808/00302,https://www.antheautoparts.com/product-details/pinion-gear-bush-808-00302-jcb-parts-catalog,808/00302,808-00302-linerbearing,source_image,false,RRE_ORIGINAL_AVAILABLE,RIGHTS_REVIEW_COMPLETE,PRESERVE_EXISTING_RRE_ORIGINAL_PHOTO,RRE already possesses an authentic catalog photograph for this SKU; external image kept purely as secondary cross-reference.
img_b66845f3b0f5,https://enterprise.saioautomotive.com/backend/assets/uploads/products/aXFENTFvaDU1REp1azlZN3c0YXErZz09_1744973766_0.jpg,,808/00303,https://www.antheautoparts.com/product-details/boom-loader-arm-bush-808-00303-jcb-spares,808/00303,808-00303-bearing-dozer,source_image,false,RRE_ORIGINAL_AVAILABLE,RIGHTS_REVIEW_COMPLETE,PRESERVE_EXISTING_RRE_ORIGINAL_PHOTO,RRE already possesses an authentic catalog photograph for this SKU; external image kept purely as secondary cross-reference.
img_0182022a53ab,https://enterprise.saioautomotive.com/backend/assets/uploads/products/YWJoRjU5dUphQ3pRWk9JZHF3OTZqUT09_1744973871_0.jpg,,808/00352,https://www.antheautoparts.com/product-details/bush-axle-assy-808-00352-replacement-jcb-parts,808/00352,808-00352-bush,source_image,false,RRE_ORIGINAL_AVAILABLE,RIGHTS_REVIEW_COMPLETE,PRESERVE_EXISTING_RRE_ORIGINAL_PHOTO,RRE already possesses an authentic catalog photograph for this SKU; external image kept purely as secondary cross-reference.
img_de14cde40af6,https://enterprise.saioautomotive.com/backend/assets/uploads/products/NlFFZ3REbHhaSEUrVGI1YUNLck9XUT09_1744973936_0.jpg,,808/00364,https://www.antheautoparts.com/product-details/kingpost-bus-808-00364-jcb-parts-catalog,808/00364,808-00364-linerbearng,source_image,false,RRE_ORIGINAL_AVAILABLE,RIGHTS_REVIEW_COMPLETE,PRESERVE_EXISTING_RRE_ORIGINAL_PHOTO,RRE already possesses an authentic catalog photograph for this SKU; external image kept purely as secondary cross-reference.
img_6104ca475485,https://enterprise.saioautomotive.com/backend/assets/uploads/products/WitFVjFERkZDdERzTi9CaXdneWgvdz09_1744974008_0.jpg,,808/00385 | 332/G0941,https://www.antheautoparts.com/product-details/kingpost-bush-od-70-mm-id-60-mm-808-00385-332-g0941-jcb-spares,808/00385,808-00385-bush,source_image,false,RRE_ORIGINAL_AVAILABLE,RIGHTS_REVIEW_COMPLETE,PRESERVE_EXISTING_RRE_ORIGINAL_PHOTO,RRE already possesses an authentic catalog photograph for this SKU; external image kept purely as secondary cross-reference.
img_5e80a7a5c76c,https://enterprise.saioautomotive.com/backend/assets/uploads/products/cTVGZGN5cUExcHpMNlZmWFdOL0QzZz09_1744974068_0.jpg,,808/00388 | 332/G0942,https://www.antheautoparts.com/product-details/bush-swing-808-00388-332-g0942-jcb-spare-parts,808/00388,808-00388-bush,source_image,false,RRE_ORIGINAL_AVAILABLE,RIGHTS_REVIEW_COMPLETE,PRESERVE_EXISTING_RRE_ORIGINAL_PHOTO,RRE already possesses an authentic catalog photograph for this SKU; external image kept purely as secondary cross-reference.
img_f6f0244dd035,https://enterprise.saioautomotive.com/backend/assets/uploads/products/dGo1NGU2dzdFK3F5c2JuSGpFcnpCZz09_1744974158_0.jpg,,808/00396 | 332/G0719 | 831/10211,https://www.antheautoparts.com/product-details/king-post-carriage-bush-808-00396-332-g0719-831-10211-jcb-spare-parts-dealer,332/G0719,332-g0719-liner-bearing-70x84x57,source_image,false,RRE_ORIGINAL_AVAILABLE,RIGHTS_REVIEW_COMPLETE,PRESERVE_EXISTING_RRE_ORIGINAL_PHOTO,RRE already possesses an authentic catalog photograph for this SKU; external image kept purely as secondary cross-reference.
img_d045b3e6f47c,https://enterprise.saioautomotive.com/backend/assets/uploads/products/SWZYZGVJWHpvczFYVVZKSjk4YnJnQT09_1744974217_0.jpg,,809/00081,https://www.antheautoparts.com/product-details/kingpost-carriage-bottom-steel-bush-809-00081-jcb-genuine-parts,809/00081,809-00081-liner-ring,source_image,false,RRE_ORIGINAL_AVAILABLE,RIGHTS_REVIEW_COMPLETE,PRESERVE_EXISTING_RRE_ORIGINAL_PHOTO,RRE already possesses an authentic catalog photograph for this SKU; external image kept purely as secondary cross-reference.
img_421565a0a1f3,https://enterprise.saioautomotive.com/backend/assets/uploads/products/NkJPTnMzNG0zT0VYdklaTDNqYnNsUT09_1744974274_0.jpg,,809/00090,https://www.antheautoparts.com/product-details/kingpost-carriage-top-steel-bush-809-00090-jcb-aftermarket-parts,809/00090,809-00090-liner-bearing,source_image,false,RRE_ORIGINAL_AVAILABLE,RIGHTS_REVIEW_COMPLETE,PRESERVE_EXISTING_RRE_ORIGINAL_PHOTO,RRE already possesses an authentic catalog photograph for this SKU; external image kept purely as secondary cross-reference.
img_b5e01b8928eb,https://enterprise.saioautomotive.com/backend/assets/uploads/products/RFlLT3hsSWhIdlhlSlBiMGpSMVNZUT09_1744974330_0.jpg,,809/00093,https://www.antheautoparts.com/product-details/bearing-liner-809-00093-replacement-jcb-parts,809/00093,809-00093-linerbearing,source_image,false,RRE_ORIGINAL_AVAILABLE,RIGHTS_REVIEW_COMPLETE,PRESERVE_EXISTING_RRE_ORIGINAL_PHOTO,RRE already possesses an authentic catalog photograph for this SKU; external image kept purely as secondary cross-reference.
img_b215e62437b2,https://enterprise.saioautomotive.com/backend/assets/uploads/products/dXhSYzdoaUMwL1FVWmgwTmloa0hxdz09_1744974463_0.jpg,,809/00108,https://www.antheautoparts.com/product-details/dipper-bush-809-00108-jcb-spare-parts-dealer,809/00108,809-00108-bush,source_image,false,RRE_ORIGINAL_AVAILABLE,RIGHTS_REVIEW_COMPLETE,PRESERVE_EXISTING_RRE_ORIGINAL_PHOTO,RRE already possesses an authentic catalog photograph for this SKU; external image kept purely as secondary cross-reference.
img_83dfe4d80f44,https://enterprise.saioautomotive.com/backend/assets/uploads/products/Rk5aNVdQNXFVUzNwOHlzL3RBK2ZWUT09_1744974511_0.jpg,,809/00125,https://www.antheautoparts.com/product-details/dipper-arm-bush-809-00125-jcb-parts-near-me,809/00125,809-00125-bearing-45-55-42,source_image,false,RRE_ORIGINAL_AVAILABLE,RIGHTS_REVIEW_COMPLETE,PRESERVE_EXISTING_RRE_ORIGINAL_PHOTO,RRE already possesses an authentic catalog photograph for this SKU; external image kept purely as secondary cross-reference.
img_de988bb8f2cd,https://enterprise.saioautomotive.com/backend/assets/uploads/products/UU5jYldRMHpVVWtYcTl4TlF0SVIyQT09_1744974588_0.jpg,,809/00126,https://www.antheautoparts.com/product-details/bearing-liner-dim-60x50x40mm-809-00126-jcb-parts,809/00126,809-00126-bearing-50-60-40,source_image,false,RRE_ORIGINAL_AVAILABLE,RIGHTS_REVIEW_COMPLETE,PRESERVE_EXISTING_RRE_ORIGINAL_PHOTO,RRE already possesses an authentic catalog photograph for this SKU; external image kept purely as secondary cross-reference.
img_710693a64957,https://enterprise.saioautomotive.com/backend/assets/uploads/products/T1BwcWd5R1UzWkRwNUg3Qy9XY2dJUT09_1744974735_0.jpg,,809/00127 | 808/00360,https://www.antheautoparts.com/product-details/bearing-liner-50mm-pivot-bore-809-00127-808-00360-replacement-jcb-parts,809/00127,809-00127-bearing-50-60-30,source_image,false,RRE_ORIGINAL_AVAILABLE,RIGHTS_REVIEW_COMPLETE,PRESERVE_EXISTING_RRE_ORIGINAL_PHOTO,RRE already possesses an authentic catalog photograph for this SKU; external image kept purely as secondary cross-reference.
img_49657b355453,https://enterprise.saioautomotive.com/backend/assets/uploads/products/U2VDUFJNSyt4THRnbS9nMUk0eVQ3QT09_1744974895_0.jpg,,809/00129,https://www.antheautoparts.com/product-details/tipping-link-bush-809-00129-jcb-parts,N/A,N/A,N/A,false,UNMATCHED_EXTERNAL_REFERENCE,RIGHTS_REVIEW_COMPLETE,STAGED_AS_TECHNICAL_REFERENCE,External part not currently in RRE master catalog. Image staged in reference archive.
img_c47d29c1f029,https://enterprise.saioautomotive.com/backend/assets/uploads/products/dm5NazZES21wd21uZ2thYWZsV2swQT09_1744974965_0.jpg,,809/00130,https://www.antheautoparts.com/product-details/bearing-liner-809-00130-jcb-spares,809/00130,809-00130-liner-bearing,source_image,false,RRE_ORIGINAL_AVAILABLE,RIGHTS_REVIEW_COMPLETE,PRESERVE_EXISTING_RRE_ORIGINAL_PHOTO,RRE already possesses an authentic catalog photograph for this SKU; external image kept purely as secondary cross-reference.
img_c468eb3c3b63,https://enterprise.saioautomotive.com/backend/assets/uploads/products/dEtlKzhrd3ptSFZ6dUdscDJheFdlZz09_1744975100_0.jpg,,809/00131,https://www.antheautoparts.com/product-details/bearing-liner-dim-60x70x62mm-809-00131-jcb-spares,N/A,N/A,N/A,false,UNMATCHED_EXTERNAL_REFERENCE,RIGHTS_REVIEW_COMPLETE,STAGED_AS_TECHNICAL_REFERENCE,External part not currently in RRE master catalog. Image staged in reference archive.
img_09087e2d9032,https://enterprise.saioautomotive.com/backend/assets/uploads/products/RVpnSjBXN3lscFlrMEFPRkQyUk5LZz09_1744975398_0.jpg,,809/00137 | 550/40982,https://www.antheautoparts.com/product-details/trunnion-bush-unqin-809-00137-550-40982-jcb-spares,550/40982,550-40982-bush-slew-cyl,source_image,false,RRE_ORIGINAL_AVAILABLE,RIGHTS_REVIEW_COMPLETE,PRESERVE_EXISTING_RRE_ORIGINAL_PHOTO,RRE already possesses an authentic catalog photograph for this SKU; external image kept purely as secondary cross-reference.
img_9ee1264bd262,https://enterprise.saioautomotive.com/backend/assets/uploads/products/LzZuTmV0UTRtNG9GbEZYanlWMkdodz09_1744975269_0.jpg,,809/00176,https://www.antheautoparts.com/product-details/dipper-bush-dim-555-x-445-x-50-809-00176-jcb-genuine-parts,809/00176,809-00176-liner-bearing,source_image,false,RRE_ORIGINAL_AVAILABLE,RIGHTS_REVIEW_COMPLETE,PRESERVE_EXISTING_RRE_ORIGINAL_PHOTO,RRE already possesses an authentic catalog photograph for this SKU; external image kept purely as secondary cross-reference.
img_fd34f64fb5aa,https://enterprise.saioautomotive.com/backend/assets/uploads/products/L0xiZEl6OE5iVEZ3a1ZtcVpLMFlPQT09_1744975500_0.jpg,,809/00177,https://www.antheautoparts.com/product-details/slew-swing-bush-809-00177-jcb-spares,N/A,N/A,N/A,false,UNMATCHED_EXTERNAL_REFERENCE,RIGHTS_REVIEW_COMPLETE,STAGED_AS_TECHNICAL_REFERENCE,External part not currently in RRE master catalog. Image staged in reference archive.
img_af03465b6ba2,https://enterprise.saioautomotive.com/backend/assets/uploads/products/NjViaDdKem95UEhNd214d0FtaGV6dz09_1744975558_0.jpg,,809/00179,https://www.antheautoparts.com/product-details/bearing-liner-dim-60x70x90mm-809-00179-jcb-parts,809/00179,809-00179-bearing60x70x90,source_image,false,RRE_ORIGINAL_AVAILABLE,RIGHTS_REVIEW_COMPLETE,PRESERVE_EXISTING_RRE_ORIGINAL_PHOTO,RRE already possesses an authentic catalog photograph for this SKU; external image kept purely as secondary cross-reference.
img_a96ed1a083ae,https://enterprise.saioautomotive.com/backend/assets/uploads/products/czMxZHVWamZ4NE5pMk5OUXVVS2pLdz09_1744975622_0.jpg,,809/00187,https://www.antheautoparts.com/product-details/bearing-liner-809-00187-jcb-spare-parts-dealer,N/A,N/A,N/A,false,UNMATCHED_EXTERNAL_REFERENCE,RIGHTS_REVIEW_COMPLETE,STAGED_AS_TECHNICAL_REFERENCE,External part not currently in RRE master catalog. Image staged in reference archive.
img_d6e37c6fd863,https://enterprise.saioautomotive.com/backend/assets/uploads/products/ZkE0SWU2K0FUdzMwWFpCTy9yUEtldz09_1744975708_0.jpg,,809/00192,https://www.antheautoparts.com/product-details/quickhitch-bush-809-00192-jcb-spare-parts,809/00192,809-00192-liner-bearing,source_image,false,RRE_ORIGINAL_AVAILABLE,RIGHTS_REVIEW_COMPLETE,PRESERVE_EXISTING_RRE_ORIGINAL_PHOTO,RRE already possesses an authentic catalog photograph for this SKU; external image kept purely as secondary cross-reference.
img_567ba522654b,https://enterprise.saioautomotive.com/backend/assets/uploads/products/NlNSaDY2SVBWeS9HREdwMCs2NmEwZz09_1744975761_0.jpg,,809/10030,https://www.antheautoparts.com/product-details/loader-arm-spring-bush-809-10030-jcb-aftermarket-parts,809/10030,809-10030-spring-bush,source_image,false,RRE_ORIGINAL_AVAILABLE,RIGHTS_REVIEW_COMPLETE,PRESERVE_EXISTING_RRE_ORIGINAL_PHOTO,RRE already possesses an authentic catalog photograph for this SKU; external image kept purely as secondary cross-reference.
img_66c727ab612f,https://enterprise.saioautomotive.com/backend/assets/uploads/products/akkvdEN3R2g2UTdtLzNVSm9HZkEvdz09_1745036950_0.jpg,,829/00548,https://www.antheautoparts.com/product-details/front-axle-bush-829-00548-replacement-jcb-parts,829/00548,829-00548-bearing,source_image,false,RRE_ORIGINAL_AVAILABLE,RIGHTS_REVIEW_COMPLETE,PRESERVE_EXISTING_RRE_ORIGINAL_PHOTO,RRE already possesses an authentic catalog photograph for this SKU; external image kept purely as secondary cross-reference.
img_5032e497be22,https://enterprise.saioautomotive.com/backend/assets/uploads/products/NFpYZkpBK0FPRGRXQXpISTUzSlVwQT09_1744976112_0.jpg,,831/10181,https://www.antheautoparts.com/product-details/loader-arm-hydraulic-ram-bush-831-10181-jcb-genuine-parts,831/10181,831-10181-bearing-5094-559,source_image,false,RRE_ORIGINAL_AVAILABLE,RIGHTS_REVIEW_COMPLETE,PRESERVE_EXISTING_RRE_ORIGINAL_PHOTO,RRE already possesses an authentic catalog photograph for this SKU; external image kept purely as secondary cross-reference.
img_0cd7d250df09,https://enterprise.saioautomotive.com/backend/assets/uploads/products/dWowUnpXSVo2U0ZiZ0FnZWR4YktIUT09_1744976195_0.jpg,,831/10192,https://www.antheautoparts.com/product-details/bearing-liner-55-x-45-x-28-mm-831-10192-jcb-spare-parts,831/10192,831-10192-bearing-45x55x28,source_image,false,RRE_ORIGINAL_AVAILABLE,RIGHTS_REVIEW_COMPLETE,PRESERVE_EXISTING_RRE_ORIGINAL_PHOTO,RRE already possesses an authentic catalog photograph for this SKU; external image kept purely as secondary cross-reference.
img_0cf14c97df6b,https://enterprise.saioautomotive.com/backend/assets/uploads/products/U21VaFl1c3dSOUcrYzRpWjU5MkNnZz09_1744976285_0.jpg,,831/10211 | 332/G0719,https://www.antheautoparts.com/product-details/king-post-carriage-bush-831-10211-332-g0719-replacement-jcb-parts,831/10211,831-10211-linearbearing70x84x57,source_image,false,RRE_ORIGINAL_AVAILABLE,RIGHTS_REVIEW_COMPLETE,PRESERVE_EXISTING_RRE_ORIGINAL_PHOTO,RRE already possesses an authentic catalog photograph for this SKU; external image kept purely as secondary cross-reference.
img_a3932934fa28,https://enterprise.saioautomotive.com/backend/assets/uploads/products/OG4zNHZRRFRlNEZ1VTYvSEczeWRvZz09_1744976355_0.jpg,,831/10229,https://www.antheautoparts.com/product-details/slew-swing-bushes-831-10229-jcb-parts-catalog,831/10229,831-10229-innerring,source_image,false,RRE_ORIGINAL_AVAILABLE,RIGHTS_REVIEW_COMPLETE,PRESERVE_EXISTING_RRE_ORIGINAL_PHOTO,RRE already possesses an authentic catalog photograph for this SKU; external image kept purely as secondary cross-reference.
img_50f8e0a83505,https://enterprise.saioautomotive.com/backend/assets/uploads/products/dGVsTVpGeks1amdsTy9wWXphVHl5UT09_1744976427_0.jpg,,911/12400,https://www.antheautoparts.com/product-details/bucket-pivot-pin-boss-bucket-pivot-pin-spacer-911-12400-jcb-aftermarket-parts,911/12400,911-12400-wa-pivot-pin,source_image,false,RRE_ORIGINAL_AVAILABLE,RIGHTS_REVIEW_COMPLETE,PRESERVE_EXISTING_RRE_ORIGINAL_PHOTO,RRE already possesses an authentic catalog photograph for this SKU; external image kept purely as secondary cross-reference.
img_6b8548c7e20e,https://enterprise.saioautomotive.com/backend/assets/uploads/products/MHN1N085TGpBVE80cjA2YjFwdUo2QT09_1744976511_0.jpg,,120/80023,https://www.antheautoparts.com/product-details/bush-120-80023-jcb-spares,1208/0023,1208-0023-spring-steel-bush,source_image,false,RRE_ORIGINAL_AVAILABLE,RIGHTS_REVIEW_COMPLETE,PRESERVE_EXISTING_RRE_ORIGINAL_PHOTO,RRE already possesses an authentic catalog photograph for this SKU; external image kept purely as secondary cross-reference.
img_e174d5e913b0,https://enterprise.saioautomotive.com/backend/assets/uploads/products/M251eVhFWUFFL2U0NXA2NWUrMjhKUT09_1745035681_0.jpg,,1206/0007,https://www.antheautoparts.com/product-details/spring-bush-tipping-link-1206-0007-jcb-aftermarket-parts,1206/0007,1206-0007-spring-bush,source_image,false,RRE_ORIGINAL_AVAILABLE,RIGHTS_REVIEW_COMPLETE,PRESERVE_EXISTING_RRE_ORIGINAL_PHOTO,RRE already possesses an authentic catalog photograph for this SKU; external image kept purely as secondary cross-reference.
img_20cea7fbc898,https://enterprise.saioautomotive.com/backend/assets/uploads/products/eWJqc2VuUW5iSmF1TXVmZW1sOElaZz09_1745035899_0.jpg,,1209/0015,https://www.antheautoparts.com/product-details/extension-ram-inner-spring-bush-1209-0015-jcb-genuine-parts,1209/0015,1209-0015-springbush,placeholder_image,false,FLAGGED_FOR_RRE_ASSET_GENERATION,RIGHTS_REVIEW_COMPLETE,GENERATE_NEW_RRE_ASSET_FROM_REFERENCE,"External photo serves strictly as a technical visual reference to produce an unbranded, high-resolution RRE International asset."
img_2b07485d6a18,https://enterprise.saioautomotive.com/backend/assets/uploads/products/R2g3UE0wdHhoaFIyamw3clFZZkE2Zz09_1745035985_0.jpg,,40/303392,https://www.antheautoparts.com/product-details/dipper-arm-bush-40-303392-jcb-genuine-parts,40/303392,40-303392-bush,placeholder_image,false,FLAGGED_FOR_RRE_ASSET_GENERATION,RIGHTS_REVIEW_COMPLETE,GENERATE_NEW_RRE_ASSET_FROM_REFERENCE,"External photo serves strictly as a technical visual reference to produce an unbranded, high-resolution RRE International asset."
img_b1ae863a8926,https://enterprise.saioautomotive.com/backend/assets/uploads/products/dUFrTnFDWXd2SDVPZkhHcDBBbVpTZz09_1745036374_0.jpg,,808/00304,https://www.antheautoparts.com/product-details/kingpost-boom-bush-808-00304-jcb-parts-catalog,808/00304,808-00304-linerbearing,placeholder_image,false,FLAGGED_FOR_RRE_ASSET_GENERATION,RIGHTS_REVIEW_COMPLETE,GENERATE_NEW_RRE_ASSET_FROM_REFERENCE,"External photo serves strictly as a technical visual reference to produce an unbranded, high-resolution RRE International asset."
img_b62c74f9a6d2,https://enterprise.saioautomotive.com/backend/assets/uploads/products/WU9BRkpMaEpONjM4TVphdHBFVG9Tdz09_1745036445_0.jpg,,808/00361,https://www.antheautoparts.com/product-details/boom-dipper-cylinder-bearing-liner-808-00361-jcb-parts,N/A,N/A,N/A,false,UNMATCHED_EXTERNAL_REFERENCE,RIGHTS_REVIEW_COMPLETE,STAGED_AS_TECHNICAL_REFERENCE,External part not currently in RRE master catalog. Image staged in reference archive.
img_85a1cc7398d0,https://enterprise.saioautomotive.com/backend/assets/uploads/products/czlaalE5c0Z6b3Fka1FsTlBZbUtlUT09_1745036612_0.jpg,,809/00128 | 808/00359,https://www.antheautoparts.com/product-details/bearing-liner-45mm-pivot-bore-809-00128-808-00359-jcb-parts-near-me,809/00128,809-00128-bearing-45-55-28,source_image,false,RRE_ORIGINAL_AVAILABLE,RIGHTS_REVIEW_COMPLETE,PRESERVE_EXISTING_RRE_ORIGINAL_PHOTO,RRE already possesses an authentic catalog photograph for this SKU; external image kept purely as secondary cross-reference.
img_5759e3d01543,https://enterprise.saioautomotive.com/backend/assets/uploads/products/OXd4bWthKzRlTUZCV1BYbitpTGJqUT09_1745036900_0.jpg,,809/00133,https://www.antheautoparts.com/product-details/boom-bush-65-x-80-x-62-809-00133-replacement-jcb-parts,N/A,N/A,N/A,false,UNMATCHED_EXTERNAL_REFERENCE,RIGHTS_REVIEW_COMPLETE,STAGED_AS_TECHNICAL_REFERENCE,External part not currently in RRE master catalog. Image staged in reference archive.
img_fdf90bbcf2a3,https://enterprise.saioautomotive.com/backend/assets/uploads/products/cTdxekM3WEpVdlVtM0FBdFlQcjBUUT09_1746186932_0.jpg,,120/80023,https://www.antheautoparts.com/product-details/,1208/0023,1208-0023-spring-steel-bush,source_image,false,RRE_ORIGINAL_AVAILABLE,RIGHTS_REVIEW_COMPLETE,PRESERVE_EXISTING_RRE_ORIGINAL_PHOTO,RRE already possesses an authentic catalog photograph for this SKU; external image kept purely as secondary cross-reference.
img_8d7b7fa0202a,https://enterprise.saioautomotive.com/backend/assets/uploads/products/cGxybWNvdUhsTGtiWi9yT3dUSnBUUT09_1745045796_0.jpg,,120/93201,https://www.antheautoparts.com/product-details/window-handle-right-hand-120-93201-jcb-spares,120/93201,120-93201-r-h-handle-m6,source_image,false,RRE_ORIGINAL_AVAILABLE,RIGHTS_REVIEW_COMPLETE,PRESERVE_EXISTING_RRE_ORIGINAL_PHOTO,RRE already possesses an authentic catalog photograph for this SKU; external image kept purely as secondary cross-reference.
img_d5e22c304b50,https://enterprise.saioautomotive.com/backend/assets/uploads/products/ZUhUU1lRS0V2MjNEN2ZTZStBYTBQUT09_1745045896_0.jpg,,120/93202,https://www.antheautoparts.com/product-details/window-handle-left-hand-120-93202-jcb-spares,120/93202,120-93202-handle-l-h,source_image,false,RRE_ORIGINAL_AVAILABLE,RIGHTS_REVIEW_COMPLETE,PRESERVE_EXISTING_RRE_ORIGINAL_PHOTO,RRE already possesses an authentic catalog photograph for this SKU; external image kept purely as secondary cross-reference.
img_74f4c393d5c0,https://enterprise.saioautomotive.com/backend/assets/uploads/products/VnlzT1BaUGtxUFFLdmtLTWUxbllHZz09_1745045939_0.jpg,,121/13400,https://www.antheautoparts.com/product-details/door-latch-lock-left-hand-121-13400-jcb-spare-parts,121/13400,121-13400-intdoor-lock-l-h,source_image,false,RRE_ORIGINAL_AVAILABLE,RIGHTS_REVIEW_COMPLETE,PRESERVE_EXISTING_RRE_ORIGINAL_PHOTO,RRE already possesses an authentic catalog photograph for this SKU; external image kept purely as secondary cross-reference.
img_9a1247566868,https://enterprise.saioautomotive.com/backend/assets/uploads/products/NHB0Q1FLNTNqM0h1S3N2a3hlQitIQT09_1745046003_0.jpg,,121/13500,https://www.antheautoparts.com/product-details/door-latch-lock-right-hand-121-13500-jcb-aftermarket-parts,121/13500,121-13500-door-lock-r-h,source_image,false,RRE_ORIGINAL_AVAILABLE,RIGHTS_REVIEW_COMPLETE,PRESERVE_EXISTING_RRE_ORIGINAL_PHOTO,RRE already possesses an authentic catalog photograph for this SKU; external image kept purely as secondary cross-reference.
img_6f9978f9f681,https://enterprise.saioautomotive.com/backend/assets/uploads/products/ckxPUUxPdEV5Ry9HbHZNRFRYeGhrUT09_1745046148_0.jpg,,122/38502,https://www.antheautoparts.com/product-details/throttle-control-knob-122-38502-jcb-spares,122/38502,122-38502-stabiliser-lever-knob,source_image,false,RRE_ORIGINAL_AVAILABLE,RIGHTS_REVIEW_COMPLETE,PRESERVE_EXISTING_RRE_ORIGINAL_PHOTO,RRE already possesses an authentic catalog photograph for this SKU; external image kept purely as secondary cross-reference.
img_8768cd35099d,https://enterprise.saioautomotive.com/backend/assets/uploads/products/aVFBdVUzSWJnUXU5K29UNjkzVS8xQT09_1745046198_0.jpg,,122/67479,https://www.antheautoparts.com/product-details/bush-hinge-122-67479-jcb-spare-parts-dealer,122/67479,122-67479-bush,source_image,false,RRE_ORIGINAL_AVAILABLE,RIGHTS_REVIEW_COMPLETE,PRESERVE_EXISTING_RRE_ORIGINAL_PHOTO,RRE already possesses an authentic catalog photograph for this SKU; external image kept purely as secondary cross-reference.
img_cc427ca58494,https://enterprise.saioautomotive.com/backend/assets/uploads/products/aGhNUU44QkdQd1NkNHNKQll4WFdHdz09_1745046245_0.jpg,,123/00661,https://www.antheautoparts.com/product-details/door-window-stop-123-00661-jcb-parts-near-me,123/00661,123-00661-window-stop,source_image,false,RRE_ORIGINAL_AVAILABLE,RIGHTS_REVIEW_COMPLETE,PRESERVE_EXISTING_RRE_ORIGINAL_PHOTO,RRE already possesses an authentic catalog photograph for this SKU; external image kept purely as secondary cross-reference.
img_455f74e4f41e,https://enterprise.saioautomotive.com/backend/assets/uploads/products/S282OEZMZTlYeFowT3Z4UTd0dGFEUT09_1745046314_0.jpg,,123/02450,https://www.antheautoparts.com/product-details/door-lock-left-hand-123-02450-replacement-jcb-parts,123/02450,123-02450-l-h-door-latch,source_image,false,RRE_ORIGINAL_AVAILABLE,RIGHTS_REVIEW_COMPLETE,PRESERVE_EXISTING_RRE_ORIGINAL_PHOTO,RRE already possesses an authentic catalog photograph for this SKU; external image kept purely as secondary cross-reference.
img_9acf02a3cfd9,https://enterprise.saioautomotive.com/backend/assets/uploads/products/OFJCeUZwNzY5VHNZanlKYXI0bDZSdz09_1745046363_0.jpg,,123/02451,https://www.antheautoparts.com/product-details/door-lock-right-hand-123-02451-jcb-spare-parts,123/02451,123-02451-r-h-door-latch,source_image,false,RRE_ORIGINAL_AVAILABLE,RIGHTS_REVIEW_COMPLETE,PRESERVE_EXISTING_RRE_ORIGINAL_PHOTO,RRE already possesses an authentic catalog photograph for this SKU; external image kept purely as secondary cross-reference.
img_8d5bc8333f94,https://enterprise.saioautomotive.com/backend/assets/uploads/products/enRDdi9KbjZSQkp4ZjZZOHZjU1lrdz09_1745046466_0.jpg,,704/22500 332/Y2740,https://www.antheautoparts.com/product-details/dash-instrument-panel-704-22500-332-y2740-jcb-parts-catalog,N/A,N/A,N/A,false,UNMATCHED_EXTERNAL_REFERENCE,RIGHTS_REVIEW_COMPLETE,STAGED_AS_TECHNICAL_REFERENCE,External part not currently in RRE master catalog. Image staged in reference archive.
img_25d4e0c7ea54,https://enterprise.saioautomotive.com/backend/assets/uploads/products/Kzh3UmdoRzVSZWEyNzZOSmRHUnEwUT09_1745046516_0.jpg,,123/02590,https://www.antheautoparts.com/product-details/door-handle-with-2-keys-123-02590-jcb-spare-parts,N/A,N/A,N/A,false,UNMATCHED_EXTERNAL_REFERENCE,RIGHTS_REVIEW_COMPLETE,STAGED_AS_TECHNICAL_REFERENCE,External part not currently in RRE master catalog. Image staged in reference archive.
img_720e3f5facf9,https://enterprise.saioautomotive.com/backend/assets/uploads/products/QlpyN2NhQnJFa1JOQWpQUXQ3QUVkUT09_1745046593_0.jpg,,123/02810,https://www.antheautoparts.com/product-details/link-rear-window-left-hand-123-02810-jcb-parts-near-me,N/A,N/A,N/A,false,UNMATCHED_EXTERNAL_REFERENCE,RIGHTS_REVIEW_COMPLETE,STAGED_AS_TECHNICAL_REFERENCE,External part not currently in RRE master catalog. Image staged in reference archive.
img_cc6d3e11964a,https://enterprise.saioautomotive.com/backend/assets/uploads/products/bFJ0RUMyNUZpeTBDUUk5NFp3V0JUQT09_1745046640_0.jpg,,123/02811,https://www.antheautoparts.com/product-details/link-rear-window-right-hand-123-02811-jcb-genuine-parts,N/A,N/A,N/A,false,UNMATCHED_EXTERNAL_REFERENCE,RIGHTS_REVIEW_COMPLETE,STAGED_AS_TECHNICAL_REFERENCE,External part not currently in RRE master catalog. Image staged in reference archive.
img_ec53410f97b9,https://enterprise.saioautomotive.com/backend/assets/uploads/products/TEN4MzgzNUVBTHlTUlYzZ0t4SmhKZz09_1745046689_0.jpg,,123/03257,https://www.antheautoparts.com/product-details/excavator-control-knob-123-03257-jcb-spare-parts-dealer,N/A,N/A,N/A,false,UNMATCHED_EXTERNAL_REFERENCE,RIGHTS_REVIEW_COMPLETE,STAGED_AS_TECHNICAL_REFERENCE,External part not currently in RRE master catalog. Image staged in reference archive.
img_f3df5bee4c9c,https://enterprise.saioautomotive.com/backend/assets/uploads/products/eENXdkxOL05pZzIyMWVkUm5RZktMZz09_1745046736_0.jpg,,123/03392,https://www.antheautoparts.com/product-details/plate-door-catch-123-03392-jcb-spare-parts,N/A,N/A,N/A,false,UNMATCHED_EXTERNAL_REFERENCE,RIGHTS_REVIEW_COMPLETE,STAGED_AS_TECHNICAL_REFERENCE,External part not currently in RRE master catalog. Image staged in reference archive.
img_c80effb76169,https://enterprise.saioautomotive.com/backend/assets/uploads/products/Sk5nZDVlcENaelI4M1ZyNjd0MUdqUT09_1745046796_0.jpg,,123/03842 331/27411,https://www.antheautoparts.com/product-details/steering-knob-123-03842-331-27411-jcb-parts-near-me,N/A,N/A,N/A,false,UNMATCHED_EXTERNAL_REFERENCE,RIGHTS_REVIEW_COMPLETE,STAGED_AS_TECHNICAL_REFERENCE,External part not currently in RRE master catalog. Image staged in reference archive.
img_cb32908e9337,https://enterprise.saioautomotive.com/backend/assets/uploads/products/SFljYkREWHFFYXhIU3VQU0xCeWU5UT09_1745046848_0.jpg,,123/04067 701/45501,https://www.antheautoparts.com/product-details/door-handle-with-2-keys-123-04067-701-45501-jcb-spares,N/A,N/A,N/A,false,UNMATCHED_EXTERNAL_REFERENCE,RIGHTS_REVIEW_COMPLETE,STAGED_AS_TECHNICAL_REFERENCE,External part not currently in RRE master catalog. Image staged in reference archive.
img_17bf17ff0115,https://enterprise.saioautomotive.com/backend/assets/uploads/products/aFlDSGY5czVLTnUxS1lOWk9LZHY0Zz09_1745046905_0.jpg,,123/05403 123/04798,https://www.antheautoparts.com/product-details/lift-support-gas-strut-123-05403-123-04798-jcb-parts-catalog,N/A,N/A,N/A,false,UNMATCHED_EXTERNAL_REFERENCE,RIGHTS_REVIEW_COMPLETE,STAGED_AS_TECHNICAL_REFERENCE,External part not currently in RRE master catalog. Image staged in reference archive.
img_c42c24dc60cb,https://enterprise.saioautomotive.com/backend/assets/uploads/products/M2JtYVpySzBLNWN5Z0VlaGRpSkc3dz09_1745046953_0.jpg,,123/05404 331/20895 123/02550,https://www.antheautoparts.com/product-details/lift-support-gas-strut-123-05404-331-20895-123-02550-jcb-spare-parts,N/A,N/A,N/A,false,UNMATCHED_EXTERNAL_REFERENCE,RIGHTS_REVIEW_COMPLETE,STAGED_AS_TECHNICAL_REFERENCE,External part not currently in RRE master catalog. Image staged in reference archive.
img_9198cbaa8231,https://enterprise.saioautomotive.com/backend/assets/uploads/products/eFNlakRTNU51d1pQTzlVOThzLytlUT09_1745047013_0.jpg,,123/06334 331/66778 331/14573,https://www.antheautoparts.com/product-details/lift-support-gas-strut-123-06334-331-66778-331-14573-jcb-genuine-parts,N/A,N/A,N/A,false,UNMATCHED_EXTERNAL_REFERENCE,RIGHTS_REVIEW_COMPLETE,STAGED_AS_TECHNICAL_REFERENCE,External part not currently in RRE master catalog. Image staged in reference archive.
img_8248399dba7c,https://enterprise.saioautomotive.com/backend/assets/uploads/products/dW0waVhKU0NPTkJvV0R2U1hwNUlnQT09_1745052166_0.jpg,,123/06730,https://www.antheautoparts.com/product-details/throttle-control-knob-123-06730-jcb-parts-online,N/A,N/A,N/A,false,UNMATCHED_EXTERNAL_REFERENCE,RIGHTS_REVIEW_COMPLETE,STAGED_AS_TECHNICAL_REFERENCE,External part not currently in RRE master catalog. Image staged in reference archive.
img_1a681bddb40c,https://enterprise.saioautomotive.com/backend/assets/uploads/products/ZTBnWGdLeTVzell3TFdmRVFLZ1RWQT09_1745052340_0.jpg,,123/08089 122/67479,https://www.antheautoparts.com/product-details/hinge-pin-bush-123-08089-122-67479-jcb-parts-near-me,N/A,N/A,N/A,false,UNMATCHED_EXTERNAL_REFERENCE,RIGHTS_REVIEW_COMPLETE,STAGED_AS_TECHNICAL_REFERENCE,External part not currently in RRE master catalog. Image staged in reference archive.
img_b2b008d9f44c,https://enterprise.saioautomotive.com/backend/assets/uploads/products/QlF0SFRkeS9yNlZjMVI4eXdvZWVXZz09_1745052386_0.jpg,,125/34900 125/35000,https://www.antheautoparts.com/product-details/steering-wheel-with-knob-125-34900-125-35000-jcb-spares,N/A,N/A,N/A,false,UNMATCHED_EXTERNAL_REFERENCE,RIGHTS_REVIEW_COMPLETE,STAGED_AS_TECHNICAL_REFERENCE,External part not currently in RRE master catalog. Image staged in reference archive.
img_33c437928ba5,https://enterprise.saioautomotive.com/backend/assets/uploads/products/ZWVWTWFlbFFiQ0FEdU5Tem1PNHdTUT09_1745052629_0.jpg,,128/12635,https://www.antheautoparts.com/product-details/control-knob-assembly-128-12635-jcb-spare-parts,128/12635,128-12635-ga-knob-plain,source_image,false,RRE_ORIGINAL_AVAILABLE,RIGHTS_REVIEW_COMPLETE,PRESERVE_EXISTING_RRE_ORIGINAL_PHOTO,RRE already possesses an authentic catalog photograph for this SKU; external image kept purely as secondary cross-reference.
img_7c5574dc2fbc,https://enterprise.saioautomotive.com/backend/assets/uploads/products/YUVZR05udlJBdTltemE1M1dYWTVIdz09_1745052680_0.jpg,,128/13052,https://www.antheautoparts.com/product-details/lift-support-gas-strut-128-13052-jcb-parts-online,N/A,N/A,N/A,false,UNMATCHED_EXTERNAL_REFERENCE,RIGHTS_REVIEW_COMPLETE,STAGED_AS_TECHNICAL_REFERENCE,External part not currently in RRE master catalog. Image staged in reference archive.
img_88e50c9ac276,https://enterprise.saioautomotive.com/backend/assets/uploads/products/VmVJU0dqemszY0NIQkZKUXNpaWpHQT09_1745052901_0.jpg,,157/18003,https://www.antheautoparts.com/product-details/door-check-strap-6-3-4-157-18003-jcb-spares,N/A,N/A,N/A,false,UNMATCHED_EXTERNAL_REFERENCE,RIGHTS_REVIEW_COMPLETE,STAGED_AS_TECHNICAL_REFERENCE,External part not currently in RRE master catalog. Image staged in reference archive.
img_f4690e288c77,https://enterprise.saioautomotive.com/backend/assets/uploads/products/ODFEWG8yTnhwaTIxN0h3dkc5eHFEUT09_1745052975_0.jpg,,331/18441 331/18442,https://www.antheautoparts.com/product-details/cabin-mounting-upper-lower-set-331-18441-331-18442-jcb-spare-parts-dealer,N/A,N/A,N/A,false,UNMATCHED_EXTERNAL_REFERENCE,RIGHTS_REVIEW_COMPLETE,STAGED_AS_TECHNICAL_REFERENCE,External part not currently in RRE master catalog. Image staged in reference archive.
img_acd087a1f8a9,https://enterprise.saioautomotive.com/backend/assets/uploads/products/V29zNDU5cFNBd3h3UFE0M21TZTh3QT09_1745053035_0.jpg,,331/23574,https://www.antheautoparts.com/product-details/outrigger-control-knob-331-23574-jcb-parts,N/A,N/A,N/A,false,UNMATCHED_EXTERNAL_REFERENCE,RIGHTS_REVIEW_COMPLETE,STAGED_AS_TECHNICAL_REFERENCE,External part not currently in RRE master catalog. Image staged in reference archive.
img_339e49170885,https://enterprise.saioautomotive.com/backend/assets/uploads/products/UHhNS3hwd3JKejdsLzV3cC9aYklJdz09_1745053079_0.jpg,,331/25566,https://www.antheautoparts.com/product-details/gaiter-gear-lever-assy-331-25566-jcb-spare-parts-dealer,331/25566,331-25566-gaiter-gear-lever,source_image,false,RRE_ORIGINAL_AVAILABLE,RIGHTS_REVIEW_COMPLETE,PRESERVE_EXISTING_RRE_ORIGINAL_PHOTO,RRE already possesses an authentic catalog photograph for this SKU; external image kept purely as secondary cross-reference.
img_7f43fdc84eae,https://enterprise.saioautomotive.com/backend/assets/uploads/products/RVRnbXFRTUJZaEl4bmNwZGNWREZ3UT09_1745053141_0.jpg,,331/25685,https://www.antheautoparts.com/product-details/gaiter-excavator-control-331-25685-jcb-spare-parts-dealer,331/25685,331-25685-gaiters-loader-contl,source_image,false,RRE_ORIGINAL_AVAILABLE,RIGHTS_REVIEW_COMPLETE,PRESERVE_EXISTING_RRE_ORIGINAL_PHOTO,RRE already possesses an authentic catalog photograph for this SKU; external image kept purely as secondary cross-reference.
img_e32a3c52e3a1,https://enterprise.saioautomotive.com/backend/assets/uploads/products/ZGtRc3hhVlBoQmk5OGJtTnNZakFXUT09_1745053293_0.jpg,,331/28233,https://www.antheautoparts.com/product-details/plate-door-catch-left-hand-latch-handle-rear-window-331-28233-replacement-jcb-parts,331/28233,331-28233-lh-latch-assy,source_image,false,RRE_ORIGINAL_AVAILABLE,RIGHTS_REVIEW_COMPLETE,PRESERVE_EXISTING_RRE_ORIGINAL_PHOTO,RRE already possesses an authentic catalog photograph for this SKU; external image kept purely as secondary cross-reference.
img_f632eab80e7b,https://enterprise.saioautomotive.com/backend/assets/uploads/products/Yk5kZXFEUkFGRGg1M0ZaaHlzNHBnQT09_1745053365_0.jpg,,331/28235,https://www.antheautoparts.com/product-details/right-hand-latch-handle-rear-window-331-28235-jcb-parts-near-me,331/28235,331-28235-rh-latch-assy,source_image,false,RRE_ORIGINAL_AVAILABLE,RIGHTS_REVIEW_COMPLETE,PRESERVE_EXISTING_RRE_ORIGINAL_PHOTO,RRE already possesses an authentic catalog photograph for this SKU; external image kept purely as secondary cross-reference.
img_e0847738de06,https://enterprise.saioautomotive.com/backend/assets/uploads/products/S3pmV1FMWG1tMTBXMUl5Y0xBT21ndz09_1746263899_0.jpg,,331/31071,https://www.antheautoparts.com/product-details/catch-window-lockback-331-31071-jcb-spare-parts,331/31071,331-31071-catch-window-l-s-s-by-335-y5639,source_image,false,RRE_ORIGINAL_AVAILABLE,RIGHTS_REVIEW_COMPLETE,PRESERVE_EXISTING_RRE_ORIGINAL_PHOTO,RRE already possesses an authentic catalog photograph for this SKU; external image kept purely as secondary cross-reference.
img_e93a6e6f4474,https://enterprise.saioautomotive.com/backend/assets/uploads/products/UnF5SlltTU9HbFhZMU5lNVp0MHgrdz09_1745053466_0.jpg,,331/31247,https://www.antheautoparts.com/product-details/hinge-block-assembly-for-various-jcb-models-331-31247-jcb-spare-parts,331/31247,331-31247-hingleblock-assembly,placeholder_image,false,FLAGGED_FOR_RRE_ASSET_GENERATION,RIGHTS_REVIEW_COMPLETE,GENERATE_NEW_RRE_ASSET_FROM_REFERENCE,"External photo serves strictly as a technical visual reference to produce an unbranded, high-resolution RRE International asset."
img_6a2f347a9a78,https://enterprise.saioautomotive.com/backend/assets/uploads/products/VjhIM2FXS2ZJZ1lBUENTRmUwenNTQT09_1745054564_0.jpg,,331/38532 & 116/00822,https://www.antheautoparts.com/product-details/side-window-handles-331-38532-116-00822-replacement-jcb-parts,N/A,N/A,N/A,false,UNMATCHED_EXTERNAL_REFERENCE,RIGHTS_REVIEW_COMPLETE,STAGED_AS_TECHNICAL_REFERENCE,External part not currently in RRE master catalog. Image staged in reference archive.
img_3cce45980dd5,https://enterprise.saioautomotive.com/backend/assets/uploads/products/TUd4amJsWGh0clVIUzhETW9STkNWdz09_1745054611_0.jpg,,331/43119 332/A3732 331/31710,https://www.antheautoparts.com/product-details/rh-door-handle-2-keys-331-43119-332-a3732-331-31710-jcb-parts,N/A,N/A,N/A,false,UNMATCHED_EXTERNAL_REFERENCE,RIGHTS_REVIEW_COMPLETE,STAGED_AS_TECHNICAL_REFERENCE,External part not currently in RRE master catalog. Image staged in reference archive.
img_f193e1f7898a,https://enterprise.saioautomotive.com/backend/assets/uploads/products/WVdGMHpnSlFxd1dldWQzK1RERmwyZz09_1745054659_0.jpg,,332/A3731 331/31709 331/43118,https://www.antheautoparts.com/product-details/lh-door-handle-2-keys-332-a3731-331-31709-331-43118-jcb-parts,N/A,N/A,N/A,false,UNMATCHED_EXTERNAL_REFERENCE,RIGHTS_REVIEW_COMPLETE,STAGED_AS_TECHNICAL_REFERENCE,External part not currently in RRE master catalog. Image staged in reference archive.
img_2a1a2adcc98c,https://enterprise.saioautomotive.com/backend/assets/uploads/products/VGVBUDJTVEc4aG5QRE01bFlwbUNjZz09_1745054752_0.jpg,,332/F1130 & 331/31205,https://www.antheautoparts.com/product-details/gaiter-excavator-control-332-f1130-331-31205-jcb-spare-parts-dealer,N/A,N/A,N/A,false,UNMATCHED_EXTERNAL_REFERENCE,RIGHTS_REVIEW_COMPLETE,STAGED_AS_TECHNICAL_REFERENCE,External part not currently in RRE master catalog. Image staged in reference archive.
img_89df17fa1571,https://enterprise.saioautomotive.com/backend/assets/uploads/products/cnRkVzNSZkpyekQvaGpycTc5WlZPZz09_1745055247_0.jpg,,445/03021,https://www.antheautoparts.com/product-details/gaiter-gear-lever-assy-445-03021-jcb-parts,445/03021,445-03021-gear-lever-gaiter,source_image,false,RRE_ORIGINAL_AVAILABLE,RIGHTS_REVIEW_COMPLETE,PRESERVE_EXISTING_RRE_ORIGINAL_PHOTO,RRE already possesses an authentic catalog photograph for this SKU; external image kept purely as secondary cross-reference.
img_488476a5fa19,https://enterprise.saioautomotive.com/backend/assets/uploads/products/T0JoUEI5cE5BMjFPU1gvMXhMN0dRQT09_1745055339_0.jpg,,701/20801,https://www.antheautoparts.com/product-details/battery-isolator-switch-key-701-20801-jcb-aftermarket-parts,701/20801,701-20801-key-isolator,source_image,false,RRE_ORIGINAL_AVAILABLE,RIGHTS_REVIEW_COMPLETE,PRESERVE_EXISTING_RRE_ORIGINAL_PHOTO,RRE already possesses an authentic catalog photograph for this SKU; external image kept purely as secondary cross-reference.
img_b3b298de3bb2,https://enterprise.saioautomotive.com/backend/assets/uploads/products/Vmt6eUdMRkdFdUYvZ2R5ZmcyeldMdz09_1745055389_0.jpg,,701/42600 701/36300,https://www.antheautoparts.com/product-details/microswitch-dump-push-button-701-42600-701-36300-jcb-parts-online,N/A,N/A,N/A,false,UNMATCHED_EXTERNAL_REFERENCE,RIGHTS_REVIEW_COMPLETE,STAGED_AS_TECHNICAL_REFERENCE,External part not currently in RRE master catalog. Image staged in reference archive.
img_c4f241bcc395,https://enterprise.saioautomotive.com/backend/assets/uploads/products/a29wcytYZDl1c3RlcU1YRHBpS3BHZz09_1745055440_0.jpg,,701/45501 331/26790,https://www.antheautoparts.com/product-details/ignition-key-701-45501-331-26790-replacement-jcb-parts,N/A,N/A,N/A,false,UNMATCHED_EXTERNAL_REFERENCE,RIGHTS_REVIEW_COMPLETE,STAGED_AS_TECHNICAL_REFERENCE,External part not currently in RRE master catalog. Image staged in reference archive.
img_55f12b58fe7c,https://enterprise.saioautomotive.com/backend/assets/uploads/products/OFNKMUR0bk16dDQ2ZExjSTJxZExyQT09_1745055489_0.jpg,,701/80184 701/45500 701/Y1372,https://www.antheautoparts.com/product-details/ignition-switch-701-80184-701-45500-701-y1372-jcb-parts,N/A,N/A,N/A,false,UNMATCHED_EXTERNAL_REFERENCE,RIGHTS_REVIEW_COMPLETE,STAGED_AS_TECHNICAL_REFERENCE,External part not currently in RRE master catalog. Image staged in reference archive.
img_ad26e6c91ec7,https://enterprise.saioautomotive.com/backend/assets/uploads/products/WlNMYm5zOE9JK2hBcE5IWXlIMWs3dz09_1745055575_0.jpg,,704/50117,https://www.antheautoparts.com/product-details/jcb-fuel-gauge-704-50117-jcb-genuine-parts,704/50117,704-50117-gauge-fuel,source_image,false,RRE_ORIGINAL_AVAILABLE,RIGHTS_REVIEW_COMPLETE,PRESERVE_EXISTING_RRE_ORIGINAL_PHOTO,RRE already possesses an authentic catalog photograph for this SKU; external image kept purely as secondary cross-reference.
img_5f702eae2c16,https://enterprise.saioautomotive.com/backend/assets/uploads/products/T0N5NFRobGdMNFo1N09FYkJEejZnZz09_1745055620_0.jpg,,821/10159,https://www.antheautoparts.com/product-details/clamp-ring-loader-lever-gaiter-821-10159-jcb-parts-online,821/10159,821-10159-gaitor-clampin,source_image,false,RRE_ORIGINAL_AVAILABLE,RIGHTS_REVIEW_COMPLETE,PRESERVE_EXISTING_RRE_ORIGINAL_PHOTO,RRE already possesses an authentic catalog photograph for this SKU; external image kept purely as secondary cross-reference.
img_ea32a2969b74,https://enterprise.saioautomotive.com/backend/assets/uploads/products/cEgzNVJCK2VhUVNvUXBPM3l5VGZGZz09_1745055667_0.jpg,,821/10161,https://www.antheautoparts.com/product-details/clamp-ring-excavator-gaiter-821-10161-replacement-jcb-parts,N/A,N/A,N/A,false,UNMATCHED_EXTERNAL_REFERENCE,RIGHTS_REVIEW_COMPLETE,STAGED_AS_TECHNICAL_REFERENCE,External part not currently in RRE master catalog. Image staged in reference archive.
img_46630fbe134a,https://enterprise.saioautomotive.com/backend/assets/uploads/products/Vmk3MGtDTTkxazZ0UGJNbnEwWDhkUT09_1745055721_0.jpg,,826/00927,https://www.antheautoparts.com/product-details/ball-joint-826-00927-jcb-parts,826/00927,826-00927-ball-joint,source_image,false,RRE_ORIGINAL_AVAILABLE,RIGHTS_REVIEW_COMPLETE,PRESERVE_EXISTING_RRE_ORIGINAL_PHOTO,RRE already possesses an authentic catalog photograph for this SKU; external image kept purely as secondary cross-reference.
img_3388565e074f,https://enterprise.saioautomotive.com/backend/assets/uploads/products/R01tOS9Eb0tiSVpTWU9YQm9JYWNkQT09_1745055807_0.jpg,,826/11627,https://www.antheautoparts.com/product-details/door-latch-lock-left-hand-for-project-21-826-11627-jcb-parts-catalog,N/A,N/A,N/A,false,UNMATCHED_EXTERNAL_REFERENCE,RIGHTS_REVIEW_COMPLETE,STAGED_AS_TECHNICAL_REFERENCE,External part not currently in RRE master catalog. Image staged in reference archive.
img_1556d6435320,https://enterprise.saioautomotive.com/backend/assets/uploads/products/SllZMCtUVm9hSCtiTmRSclU4SnRlZz09_1745055862_0.jpg,,826/11628,https://www.antheautoparts.com/product-details/door-latch-lock-right-hand-for-project-21-826-11628-jcb-parts-online,N/A,N/A,N/A,false,UNMATCHED_EXTERNAL_REFERENCE,RIGHTS_REVIEW_COMPLETE,STAGED_AS_TECHNICAL_REFERENCE,External part not currently in RRE master catalog. Image staged in reference archive.
img_7211e51581f5,https://enterprise.saioautomotive.com/backend/assets/uploads/products/SjJ2VTJ5NjQ5YktyNFdDYm5rWkp1UT09_1745055929_0.jpg,,993/61200,https://www.antheautoparts.com/product-details/loader-knob-kit-993-61200-jcb-parts,993/61200,993-61200-loaderknob,source_image,false,RRE_ORIGINAL_AVAILABLE,RIGHTS_REVIEW_COMPLETE,PRESERVE_EXISTING_RRE_ORIGINAL_PHOTO,RRE already possesses an authentic catalog photograph for this SKU; external image kept purely as secondary cross-reference.
img_8430e611e9ec,https://enterprise.saioautomotive.com/backend/assets/uploads/products/U3hYcHhYT3gwQW9DOTlWYkJrSStJUT09_1745055981_0.jpg,,993/65000,https://www.antheautoparts.com/product-details/loader-knob-assembly-yellow-993-65000-jcb-spares,993/65000,993-65000-kit-loader-knob,source_image,false,RRE_ORIGINAL_AVAILABLE,RIGHTS_REVIEW_COMPLETE,PRESERVE_EXISTING_RRE_ORIGINAL_PHOTO,RRE already possesses an authentic catalog photograph for this SKU; external image kept purely as secondary cross-reference.
img_aaf6bc1c90c2,https://enterprise.saioautomotive.com/backend/assets/uploads/products/OHhVSk5PTFIxdE9JZ0tYR0sxWFk2QT09_1745056061_0.jpg,,910/24902,https://www.antheautoparts.com/product-details/t-handle-for-stop-cable-910-24902-jcb-spares,910/24902,910-24902-nob-engine-stop-cable,source_image,false,RRE_ORIGINAL_AVAILABLE,RIGHTS_REVIEW_COMPLETE,PRESERVE_EXISTING_RRE_ORIGINAL_PHOTO,RRE already possesses an authentic catalog photograph for this SKU; external image kept purely as secondary cross-reference.
img_c9cb4ef875ea,https://enterprise.saioautomotive.com/backend/assets/uploads/products/WGdheUVtZno4L0hwWGNvZkQzczU5dz09_1745056160_0.jpg,,331/66784,https://www.antheautoparts.com/product-details/gas-strut-331-66784-jcb-parts,331/66784,331-66784-gas-strut-157245,source_image,false,RRE_ORIGINAL_AVAILABLE,RIGHTS_REVIEW_COMPLETE,PRESERVE_EXISTING_RRE_ORIGINAL_PHOTO,RRE already possesses an authentic catalog photograph for this SKU; external image kept purely as secondary cross-reference.
img_d3b21193180a,https://enterprise.saioautomotive.com/backend/assets/uploads/products/SjBMRHVPYm10aTNuMVgyaDlyY0tmUT09_1745056350_0.jpg,,331/66785,https://www.antheautoparts.com/product-details/gas-strut-331-66785-jcb-parts,331/66785,331-66785-gas-strut-327-585,source_image,false,RRE_ORIGINAL_AVAILABLE,RIGHTS_REVIEW_COMPLETE,PRESERVE_EXISTING_RRE_ORIGINAL_PHOTO,RRE already possesses an authentic catalog photograph for this SKU; external image kept purely as secondary cross-reference.
img_60f36d086457,https://enterprise.saioautomotive.com/backend/assets/uploads/products/VjlrQnJKd1IrNWs5RmYyMFZmSUUrdz09_1745056407_0.jpg,,701/49800,https://www.antheautoparts.com/product-details/micro-switch-on-control-laver-knob-701-49800-jcb-genuine-parts,N/A,N/A,N/A,false,UNMATCHED_EXTERNAL_REFERENCE,RIGHTS_REVIEW_COMPLETE,STAGED_AS_TECHNICAL_REFERENCE,External part not currently in RRE master catalog. Image staged in reference archive.
img_e5f7ffe87555,https://enterprise.saioautomotive.com/backend/assets/uploads/products/Z0tMMTM2Z2RVUDZSOHpqRmtrcnhYdz09_1745059992_0.jpg,,332/Y3852,https://www.antheautoparts.com/product-details/throttle-cable-332-y3852-jcb-parts-online,332/Y3852,332-y3852-throttle-cable-assy,source_image,false,RRE_ORIGINAL_AVAILABLE,RIGHTS_REVIEW_COMPLETE,PRESERVE_EXISTING_RRE_ORIGINAL_PHOTO,RRE already possesses an authentic catalog photograph for this SKU; external image kept purely as secondary cross-reference.
img_ccdad1f193a2,https://enterprise.saioautomotive.com/backend/assets/uploads/products/RU10SjRmQXVEcFpoZDhGaXVrMzNKZz09_1745060043_0.jpg,,40/302709 | 40/302921,https://www.antheautoparts.com/product-details/throttle-cable-40-302709-40-302921-jcb-parts-near-me,40/302709,40-302709-throttle-cable-p92,source_image,false,RRE_ORIGINAL_AVAILABLE,RIGHTS_REVIEW_COMPLETE,PRESERVE_EXISTING_RRE_ORIGINAL_PHOTO,RRE already possesses an authentic catalog photograph for this SKU; external image kept purely as secondary cross-reference.
img_3a25a666ab9a,https://enterprise.saioautomotive.com/backend/assets/uploads/products/dlNKVGZtM3lENEdFS2hPdnVadHV4dz09_1745060201_0.jpg,,814/10179,https://www.antheautoparts.com/product-details/spring-overload-throttle-control-814-10179-jcb-aftermarket-parts,814/10179,814-10179-spring-throttle-over,source_image,false,RRE_ORIGINAL_AVAILABLE,RIGHTS_REVIEW_COMPLETE,PRESERVE_EXISTING_RRE_ORIGINAL_PHOTO,RRE already possesses an authentic catalog photograph for this SKU; external image kept purely as secondary cross-reference.
img_8e570f84a0b8,https://enterprise.saioautomotive.com/backend/assets/uploads/products/VjJlKzVjQks4MndydCtmZVg4aHdpZz09_1745060258_0.jpg,,910/28200 | 910/17500,https://www.antheautoparts.com/product-details/parking-brake-cable-910-28200-910-17500-jcb-parts-online,910/28200,910-28200-parkingbrakecabel,source_image,false,RRE_ORIGINAL_AVAILABLE,RIGHTS_REVIEW_COMPLETE,PRESERVE_EXISTING_RRE_ORIGINAL_PHOTO,RRE already possesses an authentic catalog photograph for this SKU; external image kept purely as secondary cross-reference.
img_8f3413648780,https://enterprise.saioautomotive.com/backend/assets/uploads/products/ZFZ1SmRTSzRMQldZRnB0RkplOXhhUT09_1745060321_0.jpg,,910/24801,https://www.antheautoparts.com/product-details/throttle-control-knob-910-24801-jcb-parts-catalog,910/24801,910-24801-handleknob,source_image,false,RRE_ORIGINAL_AVAILABLE,RIGHTS_REVIEW_COMPLETE,PRESERVE_EXISTING_RRE_ORIGINAL_PHOTO,RRE already possesses an authentic catalog photograph for this SKU; external image kept purely as secondary cross-reference.
img_467286348e90,https://enterprise.saioautomotive.com/backend/assets/uploads/products/SzFuVVcyU2J4RjFUUEFxR1BDc215dz09_1745060387_0.jpg,,910/24802,https://www.antheautoparts.com/product-details/accelerator-lever-910-24802-jcb-parts-online,910/24802,910-24802-lever-assy,source_image,false,RRE_ORIGINAL_AVAILABLE,RIGHTS_REVIEW_COMPLETE,PRESERVE_EXISTING_RRE_ORIGINAL_PHOTO,RRE already possesses an authentic catalog photograph for this SKU; external image kept purely as secondary cross-reference.
img_66688a4cb299,https://enterprise.saioautomotive.com/backend/assets/uploads/products/aWx6QzljTUZCc1NKV1BtcTR1a2tHdz09_1745060430_0.jpg,,910/24900 | 910/28400,https://www.antheautoparts.com/product-details/cable-control-stop-assembly-910-24900-910-28400-replacement-jcb-parts,910/28400,910-28400-stop-cable-engine,source_image,false,RRE_ORIGINAL_AVAILABLE,RIGHTS_REVIEW_COMPLETE,PRESERVE_EXISTING_RRE_ORIGINAL_PHOTO,RRE already possesses an authentic catalog photograph for this SKU; external image kept purely as secondary cross-reference.
img_30c5197f7f8a,https://enterprise.saioautomotive.com/backend/assets/uploads/products/aXdaMFNBZ1pzZzlUcU9VMGNRQkVMQT09_1745060486_0.jpg,,910/28700,https://www.antheautoparts.com/product-details/bonnet-release-cable-control-910-28700-jcb-spare-parts-dealer,910/28700,910-28700-cable,source_image,false,RRE_ORIGINAL_AVAILABLE,RIGHTS_REVIEW_COMPLETE,PRESERVE_EXISTING_RRE_ORIGINAL_PHOTO,RRE already possesses an authentic catalog photograph for this SKU; external image kept purely as secondary cross-reference.
img_8e6832b4a020,https://enterprise.saioautomotive.com/backend/assets/uploads/products/aUIybUZETXBoQXNCNXdtN1IyR3ppQT09_1745060545_0.jpg,,910/34600 | 910/28000,https://www.antheautoparts.com/product-details/cable-brake-control-910-34600-910-28000-jcb-spare-parts,910/34600,910-34600-cable45-0309-g,source_image,false,RRE_ORIGINAL_AVAILABLE,RIGHTS_REVIEW_COMPLETE,PRESERVE_EXISTING_RRE_ORIGINAL_PHOTO,RRE already possesses an authentic catalog photograph for this SKU; external image kept purely as secondary cross-reference.
img_64414c604389,https://enterprise.saioautomotive.com/backend/assets/uploads/products/bkczZm1SNU1jSnUrb29JU1hDNXlBQT09_1745060679_0.jpg,,910/42501,https://www.antheautoparts.com/product-details/lever-assembly-throttle-control-910-42501-jcb-parts-near-me,910/42501,910-42501-leverassy,source_image,false,RRE_ORIGINAL_AVAILABLE,RIGHTS_REVIEW_COMPLETE,PRESERVE_EXISTING_RRE_ORIGINAL_PHOTO,RRE already possesses an authentic catalog photograph for this SKU; external image kept purely as secondary cross-reference.
img_acec2a5f06a4,https://enterprise.saioautomotive.com/backend/assets/uploads/products/Y0Q0VFZEMjl3ajFNMTVoNUFGTTJBZz09_1745060768_0.jpg,,910/44400 | 910/34900,https://www.antheautoparts.com/product-details/throttle-cable-assy-with-lever-910-44400-910-34900-jcb-parts,910/44400,910-44400-cablec-wlever,source_image,false,RRE_ORIGINAL_AVAILABLE,RIGHTS_REVIEW_COMPLETE,PRESERVE_EXISTING_RRE_ORIGINAL_PHOTO,RRE already possesses an authentic catalog photograph for this SKU; external image kept purely as secondary cross-reference.
img_4cc7efe16cee,https://enterprise.saioautomotive.com/backend/assets/uploads/products/N0RmVnVCQ2JXclh1anV5RFBJVTlMZz09_1745060812_0.jpg,,910/45400,https://www.antheautoparts.com/product-details/throttle-cable-assy-with-lever-910-45400-jcb-aftermarket-parts,910/45400,910-45400-acc-control-lever-cable,source_image,false,RRE_ORIGINAL_AVAILABLE,RIGHTS_REVIEW_COMPLETE,PRESERVE_EXISTING_RRE_ORIGINAL_PHOTO,RRE already possesses an authentic catalog photograph for this SKU; external image kept purely as secondary cross-reference.
img_f5b83fb977d6,https://enterprise.saioautomotive.com/backend/assets/uploads/products/RXNCWndlclNWNlJ6Q1d3aHdGOVhYdz09_1745060866_0.jpg,,910/45401,https://www.antheautoparts.com/product-details/throttle-cable-910-45401-jcb-parts-catalog,910/45401,910-45401-acccontrollever-cable,source_image,false,RRE_ORIGINAL_AVAILABLE,RIGHTS_REVIEW_COMPLETE,PRESERVE_EXISTING_RRE_ORIGINAL_PHOTO,RRE already possesses an authentic catalog photograph for this SKU; external image kept purely as secondary cross-reference.
img_d3a84800265b,https://enterprise.saioautomotive.com/backend/assets/uploads/products/ZUhwQjZPU1J4cDk5OC9yMXdnRUl6dz09_1745060924_0.jpg,,910/48800,https://www.antheautoparts.com/product-details/throttle-cable-assy-with-lever-910-48800-jcb-parts,910/48800,910-48800-th-control-cable,source_image,false,RRE_ORIGINAL_AVAILABLE,RIGHTS_REVIEW_COMPLETE,PRESERVE_EXISTING_RRE_ORIGINAL_PHOTO,RRE already possesses an authentic catalog photograph for this SKU; external image kept purely as secondary cross-reference.
img_72a5d4b00c7b,https://enterprise.saioautomotive.com/backend/assets/uploads/products/a0xpYXRYbmdwcDlhYlFML09rejdsQT09_1745060971_0.jpg,,910/48801,https://www.antheautoparts.com/product-details/throttle-cable-910-48801-replacement-jcb-parts,910/48801,910-48801-cable-throt-inner,source_image,false,RRE_ORIGINAL_AVAILABLE,RIGHTS_REVIEW_COMPLETE,PRESERVE_EXISTING_RRE_ORIGINAL_PHOTO,RRE already possesses an authentic catalog photograph for this SKU; external image kept purely as secondary cross-reference.
img_a56d3246ea2d,https://enterprise.saioautomotive.com/backend/assets/uploads/products/OVgzZmU3WXlTOGN6QzZueUdTVWVxdz09_1745061047_0.jpg,,910/50400,https://www.antheautoparts.com/product-details/parking-brake-cable-1220mm-910-50400-replacement-jcb-parts,910/50400,910-50400-park-brake-cable,source_image,false,RRE_ORIGINAL_AVAILABLE,RIGHTS_REVIEW_COMPLETE,PRESERVE_EXISTING_RRE_ORIGINAL_PHOTO,RRE already possesses an authentic catalog photograph for this SKU; external image kept purely as secondary cross-reference.
img_edfa178eefb5,https://enterprise.saioautomotive.com/backend/assets/uploads/products/Z1Qzb2kvZ0NPTzQ1N2didnFEZWJ0UT09_1745061441_0.jpg,,910/60109,https://www.antheautoparts.com/product-details/throttle-cable-assy-with-lever-910-60109-replacement-jcb-parts,910/60109,910-60109-throttlecontrolassy,source_image,false,RRE_ORIGINAL_AVAILABLE,RIGHTS_REVIEW_COMPLETE,PRESERVE_EXISTING_RRE_ORIGINAL_PHOTO,RRE already possesses an authentic catalog photograph for this SKU; external image kept purely as secondary cross-reference.
img_5aa591caf74e,https://enterprise.saioautomotive.com/backend/assets/uploads/products/MnlGaGd0SHhSMEdpZmhGTUNrbTA5QT09_1745061529_0.jpg,,910/60236 | 910/60204,https://www.antheautoparts.com/product-details/throttle-cable-assy-with-lever-knob-910-60236-910-60204-jcb-parts-near-me,910/60236,910-60236-throttlecable,source_image,false,RRE_ORIGINAL_AVAILABLE,RIGHTS_REVIEW_COMPLETE,PRESERVE_EXISTING_RRE_ORIGINAL_PHOTO,RRE already possesses an authentic catalog photograph for this SKU; external image kept purely as secondary cross-reference.
img_ac752dd144d9,https://enterprise.saioautomotive.com/backend/assets/uploads/products/dm03bU9oZWZyTVJ2RjhNbjlMaGEzdz09_1745061577_0.jpg,,910/60216,https://www.antheautoparts.com/product-details/throttle-control-cable-910-60216-jcb-aftermarket-parts,910/60216,910-60216-cablethrottlecon,source_image,false,RRE_ORIGINAL_AVAILABLE,RIGHTS_REVIEW_COMPLETE,PRESERVE_EXISTING_RRE_ORIGINAL_PHOTO,RRE already possesses an authentic catalog photograph for this SKU; external image kept purely as secondary cross-reference.
img_51ed8f67a69e,https://enterprise.saioautomotive.com/backend/assets/uploads/products/ZEo5cVZtQ2piYXFpS29sZGZydVVxdz09_1745061616_0.jpg,,,https://www.antheautoparts.com/product-details/boom-lock-cable-jcb-parts-online,N/A,N/A,N/A,false,UNMATCHED_EXTERNAL_REFERENCE,RIGHTS_REVIEW_COMPLETE,STAGED_AS_TECHNICAL_REFERENCE,External part not currently in RRE master catalog. Image staged in reference archive.
img_d69fa71cf496,https://enterprise.saioautomotive.com/backend/assets/uploads/products/WWM4MzdablNiZEt1YzZkcWJQMWx2dz09_1745061680_0.jpg,,910/60107,https://www.antheautoparts.com/product-details/cable-910-60107-jcb-parts,910/60107,910-60107-cable-boomlock-c-m,source_image,false,RRE_ORIGINAL_AVAILABLE,RIGHTS_REVIEW_COMPLETE,PRESERVE_EXISTING_RRE_ORIGINAL_PHOTO,RRE already possesses an authentic catalog photograph for this SKU; external image kept purely as secondary cross-reference.
img_26de875d722e,https://enterprise.saioautomotive.com/backend/assets/uploads/products/Y2hvRllXaGd3T2d5Vlc4Ly9tSGF1UT09_1745061732_0.jpg,,910/48400,https://www.antheautoparts.com/product-details/cable-lock-assembly-boom-910-48400-jcb-spare-parts-dealer,910/48400,910-48400-cableassyboomlockcent,source_image,false,RRE_ORIGINAL_AVAILABLE,RIGHTS_REVIEW_COMPLETE,PRESERVE_EXISTING_RRE_ORIGINAL_PHOTO,RRE already possesses an authentic catalog photograph for this SKU; external image kept purely as secondary cross-reference.
img_6184f0f6df31,https://enterprise.saioautomotive.com/backend/assets/uploads/products/NmV0Q0tHM2djeXZldlZpQWVjUU1Vdz09_1745061860_0.jpg,,910/52501,https://www.antheautoparts.com/product-details/throttle-cable-assembly-with-lever-and-knob-910-52501-jcb-spare-parts,910/52501,910-52501-throttlelever-213,placeholder_image,false,FLAGGED_FOR_RRE_ASSET_GENERATION,RIGHTS_REVIEW_COMPLETE,GENERATE_NEW_RRE_ASSET_FROM_REFERENCE,"External photo serves strictly as a technical visual reference to produce an unbranded, high-resolution RRE International asset."
img_d2014616646c,https://enterprise.saioautomotive.com/backend/assets/uploads/products/OEI3Z21HVUprb2ZmZXczRHZiYXBGQT09_1745061934_0.jpg,,331/51612,https://www.antheautoparts.com/product-details/accelerator-cable-331-51612-jcb-spares,331/51612,331-51612-cableaccelerator,source_image,false,RRE_ORIGINAL_AVAILABLE,RIGHTS_REVIEW_COMPLETE,PRESERVE_EXISTING_RRE_ORIGINAL_PHOTO,RRE already possesses an authentic catalog photograph for this SKU; external image kept purely as secondary cross-reference.
img_2fda038a9fc3,https://enterprise.saioautomotive.com/backend/assets/uploads/products/ZzVuQWRaRCs2MGZ6ejZ0Kzh3T3RHUT09_1745062202_0.jpg,,910/M1244 | 910/60203,https://www.antheautoparts.com/product-details/park-brake-cable-910-m1244-910-60203-jcb-spare-parts-dealer,910/M1244,910-m1244-cableparkbrake,source_image,false,RRE_ORIGINAL_AVAILABLE,RIGHTS_REVIEW_COMPLETE,PRESERVE_EXISTING_RRE_ORIGINAL_PHOTO,RRE already possesses an authentic catalog photograph for this SKU; external image kept purely as secondary cross-reference.
img_49d2772cd973,https://enterprise.saioautomotive.com/backend/assets/uploads/products/WXpBMDYrK05PU3poelNxU21wdTFFQT09_1745062115_0.jpg,,910/60253,https://www.antheautoparts.com/product-details/hand-brake-cable-910-60253-jcb-spare-parts,910/60253,910-60253-w-pre-p-cableparkbrake3c,placeholder_image,false,FLAGGED_FOR_RRE_ASSET_GENERATION,RIGHTS_REVIEW_COMPLETE,GENERATE_NEW_RRE_ASSET_FROM_REFERENCE,"External photo serves strictly as a technical visual reference to produce an unbranded, high-resolution RRE International asset."
img_93c4b7ff95c0,https://enterprise.saioautomotive.com/backend/assets/uploads/products/MlhPK2NRam5iVEgvbnp4dlpHL2lpQT09_1745209117_0.jpg,,701/80144,https://www.antheautoparts.com/product-details/forward-reverse-column-switch-701-80144-jcb-spare-parts,N/A,N/A,N/A,false,UNMATCHED_EXTERNAL_REFERENCE,RIGHTS_REVIEW_COMPLETE,STAGED_AS_TECHNICAL_REFERENCE,External part not currently in RRE master catalog. Image staged in reference archive.
img_d9ec71897286,https://enterprise.saioautomotive.com/backend/assets/uploads/products/bWx0YTZRV3J1cXFlamZwTE41RVcrdz09_1745209287_0.jpg,,701/80145,https://www.antheautoparts.com/product-details/forward-reverse-powershift-column-switch-701-80145-jcb-spare-parts-dealer,701/80145,701-80145-column-switch-p-shift,source_image,false,RRE_ORIGINAL_AVAILABLE,RIGHTS_REVIEW_COMPLETE,PRESERVE_EXISTING_RRE_ORIGINAL_PHOTO,RRE already possesses an authentic catalog photograph for this SKU; external image kept purely as secondary cross-reference.
img_60dd51a02365,https://enterprise.saioautomotive.com/backend/assets/uploads/products/blJvVWRYbHdJNVRsQWZQVWxxSEpPQT09_1745209396_0.jpg,,701/80165,https://www.antheautoparts.com/product-details/forward-reverse-column-switch-left-hand-701-80165-jcb-parts-catalog,N/A,N/A,N/A,false,UNMATCHED_EXTERNAL_REFERENCE,RIGHTS_REVIEW_COMPLETE,STAGED_AS_TECHNICAL_REFERENCE,External part not currently in RRE master catalog. Image staged in reference archive.
img_a7848d7ab163,https://enterprise.saioautomotive.com/backend/assets/uploads/products/M2VTWkdQaXg1Q1gzVUlFcjBUaVFxUT09_1745209584_0.jpg,,701/80295,https://www.antheautoparts.com/product-details/switch-column-manual-transmission-701-80295-jcb-spare-parts,N/A,N/A,N/A,false,UNMATCHED_EXTERNAL_REFERENCE,RIGHTS_REVIEW_COMPLETE,STAGED_AS_TECHNICAL_REFERENCE,External part not currently in RRE master catalog. Image staged in reference archive.
img_3ca5396aa273,https://enterprise.saioautomotive.com/backend/assets/uploads/products/K3RpRElPbFA5Y0tYNFN5RmdsQU4rdz09_1745209640_0.jpg,,701/80296,https://www.antheautoparts.com/product-details/forward-reverse-column-switch-p21-701-80296-jcb-parts-online,701/80296,701-80296-switch-forward-reverse-left-hand-handl,source_image,false,RRE_ORIGINAL_AVAILABLE,RIGHTS_REVIEW_COMPLETE,PRESERVE_EXISTING_RRE_ORIGINAL_PHOTO,RRE already possesses an authentic catalog photograph for this SKU; external image kept purely as secondary cross-reference.
img_97b02536158a,https://enterprise.saioautomotive.com/backend/assets/uploads/products/aGswTE91ZC8zeUFxVU1lUWtHM0RHQT09_1745209809_0.jpg,,701/80297,https://www.antheautoparts.com/product-details/lights-wiper-column-switch-p21-701-80297-jcb-parts,701/80297,701-80297-column-switch-rh,source_image,false,RRE_ORIGINAL_AVAILABLE,RIGHTS_REVIEW_COMPLETE,PRESERVE_EXISTING_RRE_ORIGINAL_PHOTO,RRE already possesses an authentic catalog photograph for this SKU; external image kept purely as secondary cross-reference.
img_21ef47df614f,https://enterprise.saioautomotive.com/backend/assets/uploads/products/aElhTHoydWVMaENjWWhmLzV4UTRYQT09_1745209860_0.jpg,,701/80298,https://www.antheautoparts.com/product-details/forward-reverse-column-switch-power-shift-701-80298-jcb-spare-parts-dealer,701/80298,701-80298-switch-for-rev,source_image,false,RRE_ORIGINAL_AVAILABLE,RIGHTS_REVIEW_COMPLETE,PRESERVE_EXISTING_RRE_ORIGINAL_PHOTO,RRE already possesses an authentic catalog photograph for this SKU; external image kept purely as secondary cross-reference.
img_f879075a6d00,https://enterprise.saioautomotive.com/backend/assets/uploads/products/cmtOdTJGK0U5ejVCZG1rSzFjTjUzZz09_1745209947_0.jpg,,701/80299,https://www.antheautoparts.com/product-details/auto-power-shift-column-switch-forward-reverse-701-80299-jcb-aftermarket-parts,701/80299,701-80299-switch-forward-reverse-lt-hand-handle,source_image,false,RRE_ORIGINAL_AVAILABLE,RIGHTS_REVIEW_COMPLETE,PRESERVE_EXISTING_RRE_ORIGINAL_PHOTO,RRE already possesses an authentic catalog photograph for this SKU; external image kept purely as secondary cross-reference.
img_314a40651bce,https://enterprise.saioautomotive.com/backend/assets/uploads/products/UGNmbkcyT3FBaVp2RlJKVW9teXczdz09_1745209989_0.jpg,,701/80496,https://www.antheautoparts.com/product-details/l-h-auto-shift-column-switch-701-80496-jcb-parts-near-me,701/80496,701-80496-lhcolumnswitch,source_image,false,RRE_ORIGINAL_AVAILABLE,RIGHTS_REVIEW_COMPLETE,PRESERVE_EXISTING_RRE_ORIGINAL_PHOTO,RRE already possesses an authentic catalog photograph for this SKU; external image kept purely as secondary cross-reference.
img_dc47b7522f33,https://enterprise.saioautomotive.com/backend/assets/uploads/products/WERKMFJIVERtNE9LZXM4OUJLZHEzdz09_1745901076_0.jpg,,701/21201,https://www.antheautoparts.com/product-details/forward-reverse-column-switch-701-21201-jcb-parts,701/21201,701-21201-control-f-rev,source_image,false,RRE_ORIGINAL_AVAILABLE,RIGHTS_REVIEW_COMPLETE,PRESERVE_EXISTING_RRE_ORIGINAL_PHOTO,RRE already possesses an authentic catalog photograph for this SKU; external image kept purely as secondary cross-reference.
img_a875865c7d83,https://enterprise.saioautomotive.com/backend/assets/uploads/products/RG1vdTlyZExqSDRMd0RjVklPYlhSUT09_1745901126_0.jpg,,701/21202,https://www.antheautoparts.com/product-details/lights-wiper-column-switch-right-hand-701-21202-replacement-jcb-parts,701/21202,701-21202-combiswitch-b,source_image,false,RRE_ORIGINAL_AVAILABLE,RIGHTS_REVIEW_COMPLETE,PRESERVE_EXISTING_RRE_ORIGINAL_PHOTO,RRE already possesses an authentic catalog photograph for this SKU; external image kept purely as secondary cross-reference.
img_7a07a19b3384,https://enterprise.saioautomotive.com/backend/assets/uploads/products/MzJIb2ZNR1RucUQ4TkRsUmhPYmt5UT09_1745901209_0.jpg,,701/26401,https://www.antheautoparts.com/product-details/synchroshuttle-forward-reverse-column-switch-701-26401-jcb-genuine-parts,701/26401,701-26401-column-switch,source_image,false,RRE_ORIGINAL_AVAILABLE,RIGHTS_REVIEW_COMPLETE,PRESERVE_EXISTING_RRE_ORIGINAL_PHOTO,RRE already possesses an authentic catalog photograph for this SKU; external image kept purely as secondary cross-reference.
img_1e5aee38bc7a,https://enterprise.saioautomotive.com/backend/assets/uploads/products/ai9GT0FRRjRDQlowaVR4dkYyU2VIdz09_1745901259_0.jpg,,701/37702,https://www.antheautoparts.com/product-details/lights-wiper-column-switch-701-37702-jcb-aftermarket-parts,701/37702,701-37702-columnswitchrh,source_image,false,RRE_ORIGINAL_AVAILABLE,RIGHTS_REVIEW_COMPLETE,PRESERVE_EXISTING_RRE_ORIGINAL_PHOTO,RRE already possesses an authentic catalog photograph for this SKU; external image kept purely as secondary cross-reference.
img_f9fd7b3fe6fc,https://enterprise.saioautomotive.com/backend/assets/uploads/products/eW5JbjJZYkJpekwyL21Sc1JqUXhFUT09_1745901347_0.jpg,,701/52601,https://www.antheautoparts.com/product-details/forward-reverse-column-switch-701-52601-replacement-jcb-parts,701/52601,701-52601-switchfwdrev,source_image,false,RRE_ORIGINAL_AVAILABLE,RIGHTS_REVIEW_COMPLETE,PRESERVE_EXISTING_RRE_ORIGINAL_PHOTO,RRE already possesses an authentic catalog photograph for this SKU; external image kept purely as secondary cross-reference.
img_6fd4bcce66c7,https://enterprise.saioautomotive.com/backend/assets/uploads/products/ZjhaS1VoV0Y2ekpNYnJ0MVJGVnRVZz09_1745901394_0.jpg,,701/52701,https://www.antheautoparts.com/product-details/forward-reverse-powershift-column-switch-701-52701-jcb-spare-parts,N/A,N/A,N/A,false,UNMATCHED_EXTERNAL_REFERENCE,RIGHTS_REVIEW_COMPLETE,STAGED_AS_TECHNICAL_REFERENCE,External part not currently in RRE master catalog. Image staged in reference archive.
img_21479071584b,https://enterprise.saioautomotive.com/backend/assets/uploads/products/YnRUd0hORXF0cmFUOHNZMnExcWIyZz09_1745901450_0.jpg,,701/55100,https://www.antheautoparts.com/product-details/forward-reverse-column-switch-701-55100-jcb-parts-near-me,701/55100,701-55100-switch-left-hand-f,source_image,false,RRE_ORIGINAL_AVAILABLE,RIGHTS_REVIEW_COMPLETE,PRESERVE_EXISTING_RRE_ORIGINAL_PHOTO,RRE already possesses an authentic catalog photograph for this SKU; external image kept purely as secondary cross-reference.
img_fc2e34a8b305,https://enterprise.saioautomotive.com/backend/assets/uploads/products/NTU0VXJzcHFTWXlyT1FQR0tmUURtUT09_1745901514_0.jpg,,701/70001,https://www.antheautoparts.com/product-details/lights-wiper-column-switch-701-70001-jcb-spares,N/A,N/A,N/A,false,UNMATCHED_EXTERNAL_REFERENCE,RIGHTS_REVIEW_COMPLETE,STAGED_AS_TECHNICAL_REFERENCE,External part not currently in RRE master catalog. Image staged in reference archive.
img_f97500f1e8df,https://enterprise.saioautomotive.com/backend/assets/uploads/products/dHBhVzhnVlQzTEREWk9vWVkrdllKdz09_1745219508_0.jpg,,265/01289,https://www.antheautoparts.com/product-details/hydraulic-tank-sight-gauge-265-01289-replacement-jcb-parts,265/01289,265-01289-gauge-sight,source_image,false,RRE_ORIGINAL_AVAILABLE,RIGHTS_REVIEW_COMPLETE,PRESERVE_EXISTING_RRE_ORIGINAL_PHOTO,RRE already possesses an authentic catalog photograph for this SKU; external image kept purely as secondary cross-reference.
img_182d0b52c021,https://enterprise.saioautomotive.com/backend/assets/uploads/products/SW0ybmpQbWh1dDFZaEs0dFJ4QXprQT09_1745219584_0.jpg,,25/103001,https://www.antheautoparts.com/product-details/vickers-eaton-solenoid-coil-3-pin-25-103001-jcb-parts-catalog,N/A,N/A,N/A,false,UNMATCHED_EXTERNAL_REFERENCE,RIGHTS_REVIEW_COMPLETE,STAGED_AS_TECHNICAL_REFERENCE,External part not currently in RRE master catalog. Image staged in reference archive.
img_6d78f9f02c9f,https://enterprise.saioautomotive.com/backend/assets/uploads/products/MXdlZnFRa1pWRFdFcURWYmx6NHc5UT09_1745219632_0.jpg,,25/104700,https://www.antheautoparts.com/product-details/vickers-eaton-solenoid-valve-assembly-flat-pin-25-104700-jcb-spare-parts-dealer,25/104700,25-104700-solenoid-valve,source_image,false,RRE_ORIGINAL_AVAILABLE,RIGHTS_REVIEW_COMPLETE,PRESERVE_EXISTING_RRE_ORIGINAL_PHOTO,RRE already possesses an authentic catalog photograph for this SKU; external image kept purely as secondary cross-reference.
img_1e43d50234af,https://enterprise.saioautomotive.com/backend/assets/uploads/products/dXFGRTRHbTJDZWtBV2RGVjZPYVBoZz09_1745219759_0.jpg,,25/104700 | 25/103000,https://www.antheautoparts.com/product-details/pigtail-connector-round-pin-for-solenoid-valve-25-104700-25-103000-jcb-parts-catalog,25/104700,25-104700-solenoid-valve,source_image,false,RRE_ORIGINAL_AVAILABLE,RIGHTS_REVIEW_COMPLETE,PRESERVE_EXISTING_RRE_ORIGINAL_PHOTO,RRE already possesses an authentic catalog photograph for this SKU; external image kept purely as secondary cross-reference.
img_666555d647c3,https://enterprise.saioautomotive.com/backend/assets/uploads/products/a2NJTjFvOHlhdG1TS3JWU2FJQmx6QT09_1745219819_0.jpg,,320/04555,https://www.antheautoparts.com/product-details/coolant-temperature-sensor-2-pin-320-04555-replacement-jcb-parts,320/04555,320-04555-water-temperature-sensor,source_image,false,RRE_ORIGINAL_AVAILABLE,RIGHTS_REVIEW_COMPLETE,PRESERVE_EXISTING_RRE_ORIGINAL_PHOTO,RRE already possesses an authentic catalog photograph for this SKU; external image kept purely as secondary cross-reference.
img_b34ccf053900,https://enterprise.saioautomotive.com/backend/assets/uploads/products/dlhTS2NqK1N6T2FNVTY2NXA4dWVlUT09_1745219867_0.jpg,,320/04558,https://www.antheautoparts.com/product-details/switch-sender-coolant-320-04558-jcb-parts-near-me,320/04558,320-04558-switchcoolent,source_image,false,RRE_ORIGINAL_AVAILABLE,RIGHTS_REVIEW_COMPLETE,PRESERVE_EXISTING_RRE_ORIGINAL_PHOTO,RRE already possesses an authentic catalog photograph for this SKU; external image kept purely as secondary cross-reference.
img_c8b95704d6ed,https://enterprise.saioautomotive.com/backend/assets/uploads/products/,,332/C3148 | 716/30149,https://www.antheautoparts.com/product-details/micro-relay-12v-high-capacity-332-c3148-716-30149-jcb-spares,332/C3148,332-c3148-hella-high-capacit,source_image,false,RRE_ORIGINAL_AVAILABLE,RIGHTS_REVIEW_COMPLETE,PRESERVE_EXISTING_RRE_ORIGINAL_PHOTO,RRE already possesses an authentic catalog photograph for this SKU; external image kept purely as secondary cross-reference.
img_9791918294b9,https://enterprise.saioautomotive.com/backend/assets/uploads/products/VjVwbSs0RnVGSFRFUS9CZ3FXalNMdz09_1745219996_0.jpg,,40/302723,https://www.antheautoparts.com/product-details/switch-water-temperature-sensor-40-302723-jcb-spare-parts,40/302723,40-302723-sender-water-temp,source_image,false,RRE_ORIGINAL_AVAILABLE,RIGHTS_REVIEW_COMPLETE,PRESERVE_EXISTING_RRE_ORIGINAL_PHOTO,RRE already possesses an authentic catalog photograph for this SKU; external image kept purely as secondary cross-reference.
img_b06b7f2cd1ba,https://enterprise.saioautomotive.com/backend/assets/uploads/products/d3NJZVFMYXBDMG95SmJFT2VDOVRSZz09_1745220178_0.jpg,,40/303383,https://www.antheautoparts.com/product-details/oil-pressure-switch-40-303383-jcb-parts-near-me,40/303383,40-303383-switch-engine-oil-pressur,source_image,false,RRE_ORIGINAL_AVAILABLE,RIGHTS_REVIEW_COMPLETE,PRESERVE_EXISTING_RRE_ORIGINAL_PHOTO,RRE already possesses an authentic catalog photograph for this SKU; external image kept purely as secondary cross-reference.
img_7646f32a0399,https://enterprise.saioautomotive.com/backend/assets/uploads/products/bGp3Mm1xU0V1enpYM2cyV0l4SDBCUT09_1745220292_0.jpg,,40/303388,https://www.antheautoparts.com/product-details/relay-changeover-40-303388-jcb-spares,40/303388,40-303388-12v-mini-relay-30a-20a,source_image,false,RRE_ORIGINAL_AVAILABLE,RIGHTS_REVIEW_COMPLETE,PRESERVE_EXISTING_RRE_ORIGINAL_PHOTO,RRE already possesses an authentic catalog photograph for this SKU; external image kept purely as secondary cross-reference.
img_96b6a8364f9f,https://enterprise.saioautomotive.com/backend/assets/uploads/products/NGxvQjhkSVdaTlRMWEd1dkJzOE5wUT09_1745220357_0.jpg,,40/303389 | 716/C6032,https://www.antheautoparts.com/product-details/relay-12-v-flasher-40-303389-716-c6032-jcb-spares,40/303389,40-303389-12v-flasher,source_image,false,RRE_ORIGINAL_AVAILABLE,RIGHTS_REVIEW_COMPLETE,PRESERVE_EXISTING_RRE_ORIGINAL_PHOTO,RRE already possesses an authentic catalog photograph for this SKU; external image kept purely as secondary cross-reference.
img_c364cb9e1bae,https://enterprise.saioautomotive.com/backend/assets/uploads/products/SzlxdS92UU96ZUZzcS9idENreFdWZz09_1745220428_0.jpg,,25/221054 | 477/00824,https://www.antheautoparts.com/product-details/vickers-12v-30w-solenoid-coil-round-pin-25-221054-477-00824-jcb-aftermarket-parts,25/221054,25-221054-coil-12v,source_image,false,RRE_ORIGINAL_AVAILABLE,RIGHTS_REVIEW_COMPLETE,PRESERVE_EXISTING_RRE_ORIGINAL_PHOTO,RRE already possesses an authentic catalog photograph for this SKU; external image kept purely as secondary cross-reference.
img_610811beab15,https://enterprise.saioautomotive.com/backend/assets/uploads/products/U0svNXovMFpidDI5WUJweHNpYiszQT09_1745220479_0.jpg,,477/49892,https://www.antheautoparts.com/product-details/vickers-solenoid-coil-retaining-nut-477-49892-jcb-spares,N/A,N/A,N/A,false,UNMATCHED_EXTERNAL_REFERENCE,RIGHTS_REVIEW_COMPLETE,STAGED_AS_TECHNICAL_REFERENCE,External part not currently in RRE master catalog. Image staged in reference archive.
img_e4416b3f9841,https://enterprise.saioautomotive.com/backend/assets/uploads/products/YmZITW42MngvVzBzYVZEenBjQTFvZz09_1745220546_0.jpg,,696/02034 | 333/P9523,https://www.antheautoparts.com/product-details/water-temp-gauge-24v-dc-696-02034-333-p9523-jcb-parts-near-me,333/P9523,333-p9523-water-tempguage,source_image,false,RRE_ORIGINAL_AVAILABLE,RIGHTS_REVIEW_COMPLETE,PRESERVE_EXISTING_RRE_ORIGINAL_PHOTO,RRE already possesses an authentic catalog photograph for this SKU; external image kept purely as secondary cross-reference.
img_b759b8aa0e4f,https://enterprise.saioautomotive.com/backend/assets/uploads/products/VzFtMVkwd0ZPZlRVL2hmMTAxSnB0UT09_1745220600_0.jpg,,701/20800,https://www.antheautoparts.com/product-details/battery-isolator-switch-with-key-701-20800-jcb-parts,701/20800,701-20800-batteryisolaterswitch,source_image,false,RRE_ORIGINAL_AVAILABLE,RIGHTS_REVIEW_COMPLETE,PRESERVE_EXISTING_RRE_ORIGINAL_PHOTO,RRE already possesses an authentic catalog photograph for this SKU; external image kept purely as secondary cross-reference.
img_59a313bb3b1a,https://enterprise.saioautomotive.com/backend/assets/uploads/products/YmhMbVlodlZteXBpRHBTWFQxYWg1QT09_1745220661_0.jpg,,701/37400,https://www.antheautoparts.com/product-details/water-temperature-switch-701-37400-jcb-genuine-parts,N/A,N/A,N/A,false,UNMATCHED_EXTERNAL_REFERENCE,RIGHTS_REVIEW_COMPLETE,STAGED_AS_TECHNICAL_REFERENCE,External part not currently in RRE master catalog. Image staged in reference archive.
img_fccbb45e30ee,https://enterprise.saioautomotive.com/backend/assets/uploads/products/ZFJUbCtESXZLNUpJT2wxWlRzWDlDUT09_1745222843_0.jpg,,701/41500 | 701/80225,https://www.antheautoparts.com/product-details/switch-engine-oil-pressure-1-8-701-41500-701-80225-jcb-genuine-parts,701/80225,701-80225-switch,source_image,false,RRE_ORIGINAL_AVAILABLE,RIGHTS_REVIEW_COMPLETE,PRESERVE_EXISTING_RRE_ORIGINAL_PHOTO,RRE already possesses an authentic catalog photograph for this SKU; external image kept purely as secondary cross-reference.
img_48bceaed5d13,https://enterprise.saioautomotive.com/backend/assets/uploads/products/MW5uUVBJL21tbHhCQWhRSGF5SHM4QT09_1745222999_0.jpg,,701/41600 | 701/37300,https://www.antheautoparts.com/product-details/transmission-oil-pressure-switch-red-701-41600-701-37300-jcb-parts-online,N/A,N/A,N/A,false,UNMATCHED_EXTERNAL_REFERENCE,RIGHTS_REVIEW_COMPLETE,STAGED_AS_TECHNICAL_REFERENCE,External part not currently in RRE master catalog. Image staged in reference archive.
img_6cb6c6fadbb6,https://enterprise.saioautomotive.com/backend/assets/uploads/products/Ri90dTFQdHB1K1lvUSsxYXZVNmFRQT09_1745223043_0.jpg,,701/41700,https://www.antheautoparts.com/product-details/transmission-oil-pressure-switch-yellow-m10-701-41700-jcb-parts-online,701/41700,701-41700-switch,source_image,false,RRE_ORIGINAL_AVAILABLE,RIGHTS_REVIEW_COMPLETE,PRESERVE_EXISTING_RRE_ORIGINAL_PHOTO,RRE already possesses an authentic catalog photograph for this SKU; external image kept purely as secondary cross-reference.
img_2d2e573daa11,https://enterprise.saioautomotive.com/backend/assets/uploads/products/MUpQdUVYZEZNZDlCNkI0QjAvOHV5QT09_1745223087_0.jpg,,701/41900,https://www.antheautoparts.com/product-details/switch-brake-micro-red-top-701-41900-replacement-jcb-parts,701/41900,701-41900-switch,source_image,false,RRE_ORIGINAL_AVAILABLE,RIGHTS_REVIEW_COMPLETE,PRESERVE_EXISTING_RRE_ORIGINAL_PHOTO,RRE already possesses an authentic catalog photograph for this SKU; external image kept purely as secondary cross-reference.
img_011e138ea0a2,https://enterprise.saioautomotive.com/backend/assets/uploads/products/T0VSclNlZkNDTnF4bGJpdVh2QWtlZz09_1745223142_0.jpg,,701/43700 | 701/80100,https://www.antheautoparts.com/product-details/oil-pressure-switch-grey-3-8-701-43700-701-80100-jcb-parts-online,701/43700,701-43700-switch-oilpressure,source_image,false,RRE_ORIGINAL_AVAILABLE,RIGHTS_REVIEW_COMPLETE,PRESERVE_EXISTING_RRE_ORIGINAL_PHOTO,RRE already possesses an authentic catalog photograph for this SKU; external image kept purely as secondary cross-reference.
img_135f7fc6093b,https://enterprise.saioautomotive.com/backend/assets/uploads/products/aVVOeGE3YTdKL243TmZveTJtV003UT09_1745223216_0.jpg,,701/60000,https://www.antheautoparts.com/product-details/rocker-switch-12v-4-pin-round-pin-701-60000-jcb-spares,701/60000,701-60000-switch-panel,source_image,false,RRE_ORIGINAL_AVAILABLE,RIGHTS_REVIEW_COMPLETE,PRESERVE_EXISTING_RRE_ORIGINAL_PHOTO,RRE already possesses an authentic catalog photograph for this SKU; external image kept purely as secondary cross-reference.
img_485d1a3352da,https://enterprise.saioautomotive.com/backend/assets/uploads/products/ai9yTit2cUlSQ0NXSU1raWordERLUT09_1745223627_0.jpg,,701/60001,https://www.antheautoparts.com/product-details/rocker-switch-12v-6-pin-701-60001-jcb-parts-online,701/60001,701-60001-switch-panel-12v-2pos-spco-rw,source_image,false,RRE_ORIGINAL_AVAILABLE,RIGHTS_REVIEW_COMPLETE,PRESERVE_EXISTING_RRE_ORIGINAL_PHOTO,RRE already possesses an authentic catalog photograph for this SKU; external image kept purely as secondary cross-reference.
img_df6ba79dfae6,https://enterprise.saioautomotive.com/backend/assets/uploads/products/MGZ5RmpwSVJwcVE5cmhyem5SMUpxUT09_1745223706_0.jpg,,701/80184 | 701/45500,https://www.antheautoparts.com/product-details/ignition-switch-with-2-keys-701-80184-701-45500-jcb-parts-online,701/80184,701-80184-switch-ignition,source_image,false,RRE_ORIGINAL_AVAILABLE,RIGHTS_REVIEW_COMPLETE,PRESERVE_EXISTING_RRE_ORIGINAL_PHOTO,RRE already possesses an authentic catalog photograph for this SKU; external image kept purely as secondary cross-reference.
img_c78d177496f6,https://enterprise.saioautomotive.com/backend/assets/uploads/products/MnR0amE0V1VJTUsxR0dDUExGSmRWUT09_1745223755_0.jpg,,701/80266 | 701/44800 | 701/80234,https://www.antheautoparts.com/product-details/switch-footbrake-white-top-701-80266-701-44800-701-80234-jcb-parts,701/80266,701-80266-switchbrakelight,source_image,false,RRE_ORIGINAL_AVAILABLE,RIGHTS_REVIEW_COMPLETE,PRESERVE_EXISTING_RRE_ORIGINAL_PHOTO,RRE already possesses an authentic catalog photograph for this SKU; external image kept purely as secondary cross-reference.
img_bbf35c2c9744,https://enterprise.saioautomotive.com/backend/assets/uploads/products/MCtBaDlOUEZFYzBhUG4xa1VuSDlRdz09_1745223846_0.jpg,,701/80317,https://www.antheautoparts.com/product-details/water-temperature-switch-701-80317-jcb-spares,701/80317,701-80317-switch-engine-water-temperature,source_image,false,RRE_ORIGINAL_AVAILABLE,RIGHTS_REVIEW_COMPLETE,PRESERVE_EXISTING_RRE_ORIGINAL_PHOTO,RRE already possesses an authentic catalog photograph for this SKU; external image kept purely as secondary cross-reference.
img_47b8dddbe7d7,https://enterprise.saioautomotive.com/backend/assets/uploads/products/eWN0UEk5NUdOR0FoRGFjZTB1aGNwZz09_1745223897_0.jpg,,701/80320,https://www.antheautoparts.com/product-details/oil-pressure-switch-701-80320-jcb-parts-catalog,N/A,N/A,N/A,false,UNMATCHED_EXTERNAL_REFERENCE,RIGHTS_REVIEW_COMPLETE,STAGED_AS_TECHNICAL_REFERENCE,External part not currently in RRE master catalog. Image staged in reference archive.
img_451af34dcc9c,https://enterprise.saioautomotive.com/backend/assets/uploads/products/VTRRT3pOb05FM0dSTVhESjBUR29JZz09_1745223945_0.jpg,,701/80324,https://www.antheautoparts.com/product-details/switch-oil-pressure-5-8-701-80324-jcb-spare-parts,701/80324,701-80324-switch-oil-temperature,source_image,false,RRE_ORIGINAL_AVAILABLE,RIGHTS_REVIEW_COMPLETE,PRESERVE_EXISTING_RRE_ORIGINAL_PHOTO,RRE already possesses an authentic catalog photograph for this SKU; external image kept purely as secondary cross-reference.
img_0a5cc799c704,https://enterprise.saioautomotive.com/backend/assets/uploads/products/Mk1RTmJSSUdaSXFVT1pIYmNhTEZ5dz09_1745228068_0.jpg,,701/80327,https://www.antheautoparts.com/product-details/oil-pressure-switch-701-80327-jcb-parts,701/80327,701-80327-engine-oil-pressure-switch,source_image,false,RRE_ORIGINAL_AVAILABLE,RIGHTS_REVIEW_COMPLETE,PRESERVE_EXISTING_RRE_ORIGINAL_PHOTO,RRE already possesses an authentic catalog photograph for this SKU; external image kept purely as secondary cross-reference.
img_4a75a98af9c0,https://enterprise.saioautomotive.com/backend/assets/uploads/products/ajF6enNmekVpait5OHVMWmY3Z0hWZz09_1745228122_0.jpg,,704/31000,https://www.antheautoparts.com/product-details/fuel-gauge-704-31000-jcb-parts-catalog,704/31000,704-31000-guagefuel,source_image,false,RRE_ORIGINAL_AVAILABLE,RIGHTS_REVIEW_COMPLETE,PRESERVE_EXISTING_RRE_ORIGINAL_PHOTO,RRE already possesses an authentic catalog photograph for this SKU; external image kept purely as secondary cross-reference.
img_7b2c0c8c7adb,https://enterprise.saioautomotive.com/backend/assets/uploads/products/N28vRzc4dTZQcTkwMStGWVdJYkVIUT09_1745228246_0.jpg,,704/10000,https://www.antheautoparts.com/product-details/alarm-buzzer-704-10000-replacement-jcb-parts,704/10000,704-10000-buzzer-relay,source_image,false,RRE_ORIGINAL_AVAILABLE,RIGHTS_REVIEW_COMPLETE,PRESERVE_EXISTING_RRE_ORIGINAL_PHOTO,RRE already possesses an authentic catalog photograph for this SKU; external image kept purely as secondary cross-reference.
img_81839af7bb3c,https://enterprise.saioautomotive.com/backend/assets/uploads/products/a1kyZURIS0dycFdiQ3NzMm1qS0FwQT09_1745228315_0.jpg,,704/31100,https://www.antheautoparts.com/product-details/water-temperature-gauge-704-31100-jcb-parts,704/31100,704-31100-guagetemp,source_image,false,RRE_ORIGINAL_AVAILABLE,RIGHTS_REVIEW_COMPLETE,PRESERVE_EXISTING_RRE_ORIGINAL_PHOTO,RRE already possesses an authentic catalog photograph for this SKU; external image kept purely as secondary cross-reference.
img_4d98237c19fb,https://enterprise.saioautomotive.com/backend/assets/uploads/products/VUkwTGhiMDIzT3RROGRDQWxzdWF4Zz09_1745228364_0.jpg,,716/09500,https://www.antheautoparts.com/product-details/relay-blue-716-09500-jcb-parts-catalog,716/09500,716-09500-relay,source_image,false,RRE_ORIGINAL_AVAILABLE,RIGHTS_REVIEW_COMPLETE,PRESERVE_EXISTING_RRE_ORIGINAL_PHOTO,RRE already possesses an authentic catalog photograph for this SKU; external image kept purely as secondary cross-reference.
img_c2ab5bbc2eeb,https://enterprise.saioautomotive.com/backend/assets/uploads/products/QjE1eXFUbnZiOHN6RWx6OXd6ekJxQT09_1745228412_0.jpg,,716/09800,https://www.antheautoparts.com/product-details/relay-green-716-09800-replacement-jcb-parts,716/09800,716-09800-relay-green,source_image,false,RRE_ORIGINAL_AVAILABLE,RIGHTS_REVIEW_COMPLETE,PRESERVE_EXISTING_RRE_ORIGINAL_PHOTO,RRE already possesses an authentic catalog photograph for this SKU; external image kept purely as secondary cross-reference.
img_f446b0b3634b,https://enterprise.saioautomotive.com/backend/assets/uploads/products/WlQ2aGZoTjhMcUZ5R0NkUVJwY0JKUT09_1745228524_0.jpg,,716/24200,https://www.antheautoparts.com/product-details/sender-water-temperature-716-24200-jcb-parts-online,716/24200,716-24200-sensorwatertemp,source_image,false,RRE_ORIGINAL_AVAILABLE,RIGHTS_REVIEW_COMPLETE,PRESERVE_EXISTING_RRE_ORIGINAL_PHOTO,RRE already possesses an authentic catalog photograph for this SKU; external image kept purely as secondary cross-reference.
img_2954ca08c18b,https://enterprise.saioautomotive.com/backend/assets/uploads/products/elRWNUN2bEFSQ1JnNE5ZODd0TEdkUT09_1745228623_0.jpg,,716/30126,https://www.antheautoparts.com/product-details/water-temperature-sensor-716-30126-jcb-parts-near-me,716/30126,716-30126-sensor-water-temperature,source_image,false,RRE_ORIGINAL_AVAILABLE,RIGHTS_REVIEW_COMPLETE,PRESERVE_EXISTING_RRE_ORIGINAL_PHOTO,RRE already possesses an authentic catalog photograph for this SKU; external image kept purely as secondary cross-reference.
img_afdbbbe8266d,https://enterprise.saioautomotive.com/backend/assets/uploads/products/UW1pWFJPMzBNTytBNU05U1NIRU41dz09_1745228667_0.jpg,,717/00100,https://www.antheautoparts.com/product-details/glow-plug-thermostart-perkins-eng-717-00100-jcb-spare-parts-dealer,717/00100,717-00100-thermostart-cav,source_image,false,RRE_ORIGINAL_AVAILABLE,RIGHTS_REVIEW_COMPLETE,PRESERVE_EXISTING_RRE_ORIGINAL_PHOTO,RRE already possesses an authentic catalog photograph for this SKU; external image kept purely as secondary cross-reference.
img_09d78803d291,https://enterprise.saioautomotive.com/backend/assets/uploads/products/TitldncweVlQVndybFVUU1R1SFlWQT09_1745228719_0.jpg,,717/11040,https://www.antheautoparts.com/product-details/fuse-40-amp-717-11040-jcb-spare-parts-dealer,717/11040,717-11040-fuse40amp,source_image,false,RRE_ORIGINAL_AVAILABLE,RIGHTS_REVIEW_COMPLETE,PRESERVE_EXISTING_RRE_ORIGINAL_PHOTO,RRE already possesses an authentic catalog photograph for this SKU; external image kept purely as secondary cross-reference.
img_b890d2c16f50,https://enterprise.saioautomotive.com/backend/assets/uploads/products/ZEgvNU02K0pZSjFZTmM0Q0t2Slpodz09_1745228867_0.jpg,,717/11060,https://www.antheautoparts.com/product-details/fuse-60-amp-717-11060-jcb-parts-near-me,717/11060,717-11060-fuse-60-amp,source_image,false,RRE_ORIGINAL_AVAILABLE,RIGHTS_REVIEW_COMPLETE,PRESERVE_EXISTING_RRE_ORIGINAL_PHOTO,RRE already possesses an authentic catalog photograph for this SKU; external image kept purely as secondary cross-reference.
img_d5af21d985ed,https://enterprise.saioautomotive.com/backend/assets/uploads/products/NFhsaktPLzA4ZlA2UjFCVWpIbGxDZz09_1745228937_0.jpg,,701/60016,https://www.antheautoparts.com/product-details/switch-701-60016-jcb-spares,701/60016,701-60016-witch3-position,source_image,false,RRE_ORIGINAL_AVAILABLE,RIGHTS_REVIEW_COMPLETE,PRESERVE_EXISTING_RRE_ORIGINAL_PHOTO,RRE already possesses an authentic catalog photograph for this SKU; external image kept purely as secondary cross-reference.
img_543d83a66ea4,https://enterprise.saioautomotive.com/backend/assets/uploads/products/YzRZT3psZmxXM0djUHJzRnhaS1A3UT09_1745229021_0.jpg,,704/50099,https://www.antheautoparts.com/product-details/water-temperature-gauge-704-50099-jcb-aftermarket-parts,N/A,N/A,N/A,false,UNMATCHED_EXTERNAL_REFERENCE,RIGHTS_REVIEW_COMPLETE,STAGED_AS_TECHNICAL_REFERENCE,External part not currently in RRE master catalog. Image staged in reference archive.
img_490effb01dec,https://enterprise.saioautomotive.com/backend/assets/uploads/products/Q0o1ZmRmR2JjemFjM0k2eHhOcjQ1dz09_1745229069_0.jpg,,701/60003,https://www.antheautoparts.com/product-details/switch-12v-701-60003-jcb-spare-parts,701/60003,701-60003-switch,source_image,false,RRE_ORIGINAL_AVAILABLE,RIGHTS_REVIEW_COMPLETE,PRESERVE_EXISTING_RRE_ORIGINAL_PHOTO,RRE already possesses an authentic catalog photograph for this SKU; external image kept purely as secondary cross-reference.
img_4c150eebc4ac,https://enterprise.saioautomotive.com/backend/assets/uploads/products/bm40SlFsSVIrT1VWeGgyWFVsZ2Jhdz09_1745229118_0.jpg,,701/60004,https://www.antheautoparts.com/product-details/panel-switch-701-60004-jcb-aftermarket-parts,701/60004,701-60004-switch-panel,source_image,false,RRE_ORIGINAL_AVAILABLE,RIGHTS_REVIEW_COMPLETE,PRESERVE_EXISTING_RRE_ORIGINAL_PHOTO,RRE already possesses an authentic catalog photograph for this SKU; external image kept purely as secondary cross-reference.
img_3243a6968678,https://enterprise.saioautomotive.com/backend/assets/uploads/products/SHNPMks3aVBrb3RzR0FZaEpZdEYyQT09_1745229196_0.jpg,,704/50097 | 704/D7231,https://www.antheautoparts.com/product-details/gauge-tacho-hourmeter-704-50097-704-d7231-replacement-jcb-parts,704/D7231,704-d7231-servicetacho-hourmeter12v,source_image,false,RRE_ORIGINAL_AVAILABLE,RIGHTS_REVIEW_COMPLETE,PRESERVE_EXISTING_RRE_ORIGINAL_PHOTO,RRE already possesses an authentic catalog photograph for this SKU; external image kept purely as secondary cross-reference.
img_ef6ab9b848d6,https://enterprise.saioautomotive.com/backend/assets/uploads/products/YkpseDFtckRvOFRLblM3OWtEcDJZdz09_1745229260_0.jpg,,701/60006,https://www.antheautoparts.com/product-details/switch-701-60006-jcb-spares,701/60006,701-60006-switch,source_image,false,RRE_ORIGINAL_AVAILABLE,RIGHTS_REVIEW_COMPLETE,PRESERVE_EXISTING_RRE_ORIGINAL_PHOTO,RRE already possesses an authentic catalog photograph for this SKU; external image kept purely as secondary cross-reference.
img_c9476ed5e7be,https://enterprise.saioautomotive.com/backend/assets/uploads/products/bHY4MHJxcHBjQ2NqaVVJbWlqbFUxdz09_1745229310_0.jpg,,701/60008,https://www.antheautoparts.com/product-details/switch-701-60008-jcb-genuine-parts,701/60008,701-60008-switch12v,source_image,false,RRE_ORIGINAL_AVAILABLE,RIGHTS_REVIEW_COMPLETE,PRESERVE_EXISTING_RRE_ORIGINAL_PHOTO,RRE already possesses an authentic catalog photograph for this SKU; external image kept purely as secondary cross-reference.
img_04d2dc911601,https://enterprise.saioautomotive.com/backend/assets/uploads/products/R1g2K1VtZ1lHR0FpZkRKQTBtUzRPQT09_1745229528_0.jpg,,701/58701,https://www.antheautoparts.com/product-details/switch-decal-701-58701-jcb-parts-catalog,701/58701,701-58701-decal4wdswitch,source_image,false,RRE_ORIGINAL_AVAILABLE,RIGHTS_REVIEW_COMPLETE,PRESERVE_EXISTING_RRE_ORIGINAL_PHOTO,RRE already possesses an authentic catalog photograph for this SKU; external image kept purely as secondary cross-reference.
img_4e12c92fc340,https://enterprise.saioautomotive.com/backend/assets/uploads/products/NUNYY1BNNlFBMENIYXk0aHY1WGp5Zz09_1745229590_0.jpg,,701/58825,https://www.antheautoparts.com/product-details/actuator-beacon-light-switch-cover-701-58825-jcb-spares,701/58825,701-58825-switchactuatorbeaconlights,source_image,false,RRE_ORIGINAL_AVAILABLE,RIGHTS_REVIEW_COMPLETE,PRESERVE_EXISTING_RRE_ORIGINAL_PHOTO,RRE already possesses an authentic catalog photograph for this SKU; external image kept purely as secondary cross-reference.
img_5734461a2c89,https://enterprise.saioautomotive.com/backend/assets/uploads/products/ajBLYmN3cFlPUlNnRmZ2NGVrVEJ3Zz09_1745229645_0.jpg,,701/58821,https://www.antheautoparts.com/product-details/switch-701-58821-jcb-parts-online,701/58821,701-58821-decal-hazard-switch,source_image,false,RRE_ORIGINAL_AVAILABLE,RIGHTS_REVIEW_COMPLETE,PRESERVE_EXISTING_RRE_ORIGINAL_PHOTO,RRE already possesses an authentic catalog photograph for this SKU; external image kept purely as secondary cross-reference.
img_1b3329d82015,https://enterprise.saioautomotive.com/backend/assets/uploads/products/TzlzVVhPOFYvbEZ3MnRRNG5HcktpZz09_1745229699_0.jpg,,701/58705,https://www.antheautoparts.com/product-details/front-work-lights-switch-cover-701-58705-jcb-spares,701/58705,701-58705-cover-front-work,source_image,false,RRE_ORIGINAL_AVAILABLE,RIGHTS_REVIEW_COMPLETE,PRESERVE_EXISTING_RRE_ORIGINAL_PHOTO,RRE already possesses an authentic catalog photograph for this SKU; external image kept purely as secondary cross-reference.
img_58dcc1a1dad7,https://enterprise.saioautomotive.com/backend/assets/uploads/products/Y2lpODI2ZUJZS1RDbDIzS091amJYUT09_1745229768_0.jpg,,701/58823,https://www.antheautoparts.com/product-details/switch-cover-701-58823-replacement-jcb-parts,701/58823,701-58823-coverhscswitch,source_image,false,RRE_ORIGINAL_AVAILABLE,RIGHTS_REVIEW_COMPLETE,PRESERVE_EXISTING_RRE_ORIGINAL_PHOTO,RRE already possesses an authentic catalog photograph for this SKU; external image kept purely as secondary cross-reference.
img_f731833abb9c,https://enterprise.saioautomotive.com/backend/assets/uploads/products/ZGg0eGIxV25SVytrRk96Z1RWSC9pdz09_1745229819_0.jpg,,701/58706,https://www.antheautoparts.com/product-details/switch-cover-701-58706-jcb-genuine-parts,701/58706,701-58706-switch-cover,source_image,false,RRE_ORIGINAL_AVAILABLE,RIGHTS_REVIEW_COMPLETE,PRESERVE_EXISTING_RRE_ORIGINAL_PHOTO,RRE already possesses an authentic catalog photograph for this SKU; external image kept purely as secondary cross-reference.
img_123a0421cbb0,https://enterprise.saioautomotive.com/backend/assets/uploads/products/d21VMFZoRzZESnJGb2h2OERFOG4wQT09_1745229873_0.jpg,,701/58824,https://www.antheautoparts.com/product-details/switch-cover-701-58824-jcb-genuine-parts,701/58824,701-58824-cover-head-ligh,source_image,false,RRE_ORIGINAL_AVAILABLE,RIGHTS_REVIEW_COMPLETE,PRESERVE_EXISTING_RRE_ORIGINAL_PHOTO,RRE already possesses an authentic catalog photograph for this SKU; external image kept purely as secondary cross-reference.
img_d09f77113a06,https://enterprise.saioautomotive.com/backend/assets/uploads/products/ZWQvQ3JPbUhyZjdUaU12WHlhc2JKUT09_1745229927_0.jpg,,701/58707,https://www.antheautoparts.com/product-details/wiper-washer-switch-cover-701-58707-jcb-parts-online,701/58707,701-58707-decalswitchwash-pipe,source_image,false,RRE_ORIGINAL_AVAILABLE,RIGHTS_REVIEW_COMPLETE,PRESERVE_EXISTING_RRE_ORIGINAL_PHOTO,RRE already possesses an authentic catalog photograph for this SKU; external image kept purely as secondary cross-reference.
img_517dc51c905f,https://enterprise.saioautomotive.com/backend/assets/uploads/products/K0dpaTVOdTdEc3dhbWtBU3dBNjEzZz09_1745229984_0.jpg,,701/58826,https://www.antheautoparts.com/product-details/switch-701-58826-jcb-parts-near-me,701/58826,701-58826-decal-fr-workl,source_image,false,RRE_ORIGINAL_AVAILABLE,RIGHTS_REVIEW_COMPLETE,PRESERVE_EXISTING_RRE_ORIGINAL_PHOTO,RRE already possesses an authentic catalog photograph for this SKU; external image kept purely as secondary cross-reference.
img_4be9aa3ddfae,https://enterprise.saioautomotive.com/backend/assets/uploads/products/eHVKMXVobk1RS0ptUWlkUTNlYVpiUT09_1745230049_0.jpg,,701/58827,https://www.antheautoparts.com/product-details/switch-cover-701-58827-jcb-parts-near-me,701/58827,701-58827-switch-actuator-rear-worklights,source_image,false,RRE_ORIGINAL_AVAILABLE,RIGHTS_REVIEW_COMPLETE,PRESERVE_EXISTING_RRE_ORIGINAL_PHOTO,RRE already possesses an authentic catalog photograph for this SKU; external image kept purely as secondary cross-reference.
img_a9fba6dde1a5,https://enterprise.saioautomotive.com/backend/assets/uploads/products/L0dWY1BmdVBuWTB5R2U4N3FFc0xzZz09_1745230217_0.jpg,,714/40147,https://www.antheautoparts.com/product-details/motor-front-wiper-714-40147-jcb-spares,714/40147,714-40147-wiper-motor-front,source_image,false,RRE_ORIGINAL_AVAILABLE,RIGHTS_REVIEW_COMPLETE,PRESERVE_EXISTING_RRE_ORIGINAL_PHOTO,RRE already possesses an authentic catalog photograph for this SKU; external image kept purely as secondary cross-reference.
img_3d97b9232aad,https://enterprise.saioautomotive.com/backend/assets/uploads/products/d0tKaEhZZjlncGtSUmRRQWlsS2UvZz09_1745230269_0.jpg,,701/58828,https://www.antheautoparts.com/product-details/switch-cover-701-58828-jcb-parts-catalog,701/58828,701-58828-decal-wsh-wipe-swtich,source_image,false,RRE_ORIGINAL_AVAILABLE,RIGHTS_REVIEW_COMPLETE,PRESERVE_EXISTING_RRE_ORIGINAL_PHOTO,RRE already possesses an authentic catalog photograph for this SKU; external image kept purely as secondary cross-reference.
img_16268a24a841,https://enterprise.saioautomotive.com/backend/assets/uploads/products/Z0d4WEJtemc3dkkrOEZJRExHcG92QT09_1745230329_0.jpg,,701/80416,https://www.antheautoparts.com/product-details/switch-cover-701-80416-jcb-parts-near-me,701/80416,701-80416-switch-cover-decal,source_image,false,RRE_ORIGINAL_AVAILABLE,RIGHTS_REVIEW_COMPLETE,PRESERVE_EXISTING_RRE_ORIGINAL_PHOTO,RRE already possesses an authentic catalog photograph for this SKU; external image kept purely as secondary cross-reference.
img_c110055eced2,https://enterprise.saioautomotive.com/backend/assets/uploads/products/Qlc5b2JhWXJzOWtHUmxNRmNHbkUvZz09_1745230423_0.jpg,,701/58833,https://www.antheautoparts.com/product-details/switch-cover-701-58833-replacement-jcb-parts,701/58833,701-58833-switch-actuator-aux-hyd-tools,source_image,false,RRE_ORIGINAL_AVAILABLE,RIGHTS_REVIEW_COMPLETE,PRESERVE_EXISTING_RRE_ORIGINAL_PHOTO,RRE already possesses an authentic catalog photograph for this SKU; external image kept purely as secondary cross-reference.
img_f1600ac6c462,https://enterprise.saioautomotive.com/backend/assets/uploads/products/OFpCeVZjUFhMNnF2ZEwwNHRLS0Frdz09_1745230484_0.jpg,,701/58835,https://www.antheautoparts.com/product-details/switch-cover-701-58835-jcb-parts-near-me,N/A,N/A,N/A,false,UNMATCHED_EXTERNAL_REFERENCE,RIGHTS_REVIEW_COMPLETE,STAGED_AS_TECHNICAL_REFERENCE,External part not currently in RRE master catalog. Image staged in reference archive.
img_44ce579bdfb9,https://enterprise.saioautomotive.com/backend/assets/uploads/products/TUVVQXdUUGpPbU53d3lQcGNmT2ZQZz09_1745230803_0.jpg,,701/58838,https://www.antheautoparts.com/product-details/switch-cover-701-58838-jcb-spares,N/A,N/A,N/A,false,UNMATCHED_EXTERNAL_REFERENCE,RIGHTS_REVIEW_COMPLETE,STAGED_AS_TECHNICAL_REFERENCE,External part not currently in RRE master catalog. Image staged in reference archive.
img_2cd89f72b345,https://enterprise.saioautomotive.com/backend/assets/uploads/products/WW41U1FwdTk1OWVVcVNJOHhraUJqUT09_1745230865_0.jpg,,701/58842,https://www.antheautoparts.com/product-details/switch-cover-701-58842-jcb-genuine-parts,701/58842,701-58842-cover-srs-switch,source_image,false,RRE_ORIGINAL_AVAILABLE,RIGHTS_REVIEW_COMPLETE,PRESERVE_EXISTING_RRE_ORIGINAL_PHOTO,RRE already possesses an authentic catalog photograph for this SKU; external image kept purely as secondary cross-reference.
img_911a96eeb555,https://enterprise.saioautomotive.com/backend/assets/uploads/products/ckl1RjRoSDBVQzMrL1Y5dHVtUHVIQT09_1745231008_0.jpg,,701/80591,https://www.antheautoparts.com/product-details/oil-pressure-switch-701-80591-jcb-parts-online,701/80591,701-80591-switchoilpressure,source_image,false,RRE_ORIGINAL_AVAILABLE,RIGHTS_REVIEW_COMPLETE,PRESERVE_EXISTING_RRE_ORIGINAL_PHOTO,RRE already possesses an authentic catalog photograph for this SKU; external image kept purely as secondary cross-reference.
img_cdefc88ea4ca,https://enterprise.saioautomotive.com/backend/assets/uploads/products/TkxkZHVQemFiYVlwdzdKQXpoZVNpdz09_1745231078_0.jpg,,320/04588 | 320/A4901,https://www.antheautoparts.com/product-details/switch-sender-coolant-320-04588-320-a4901-jcb-aftermarket-parts,320/04588,320-04588-coolant-switch-sender,source_image,false,RRE_ORIGINAL_AVAILABLE,RIGHTS_REVIEW_COMPLETE,PRESERVE_EXISTING_RRE_ORIGINAL_PHOTO,RRE already possesses an authentic catalog photograph for this SKU; external image kept purely as secondary cross-reference.
img_05f9453b2a62,https://enterprise.saioautomotive.com/backend/assets/uploads/products/dmppUUUyL2pVaVlZZUNYR1JyOTk3UT09_1745231145_0.jpg,,714/20600,https://www.antheautoparts.com/product-details/wash-pump-twin-motor-12v-714-20600-jcb-spare-parts,714/20600,714-20600-pump-screen-wash-12v,source_image,false,RRE_ORIGINAL_AVAILABLE,RIGHTS_REVIEW_COMPLETE,PRESERVE_EXISTING_RRE_ORIGINAL_PHOTO,RRE already possesses an authentic catalog photograph for this SKU; external image kept purely as secondary cross-reference.
img_4018760eefa4,https://enterprise.saioautomotive.com/backend/assets/uploads/products/c3NHTXZ2MjVjWFU3c2hYVTV1czZ0UT09_1745231236_0.jpg,,701/71300,https://www.antheautoparts.com/product-details/transmission-oil-temp-switch-701-71300-jcb-parts-online,N/A,N/A,N/A,false,UNMATCHED_EXTERNAL_REFERENCE,RIGHTS_REVIEW_COMPLETE,STAGED_AS_TECHNICAL_REFERENCE,External part not currently in RRE master catalog. Image staged in reference archive.
img_85c7f88d9e86,https://enterprise.saioautomotive.com/backend/assets/uploads/products/WmRSRmNnQ3A2YWZscW5KWlljTmdhUT09_1745231290_0.jpg,,701/80312,https://www.antheautoparts.com/product-details/proximity-switch-701-80312-jcb-parts-near-me,701/80312,701-80312-proximity-switch,source_image,false,RRE_ORIGINAL_AVAILABLE,RIGHTS_REVIEW_COMPLETE,PRESERVE_EXISTING_RRE_ORIGINAL_PHOTO,RRE already possesses an authentic catalog photograph for this SKU; external image kept purely as secondary cross-reference.
img_ca7d994109c9,https://enterprise.saioautomotive.com/backend/assets/uploads/products/OExCckxzSGk1OEo2VTMyaDdzZ3FiZz09_1745231415_0.jpg,,333/J6448,https://www.antheautoparts.com/product-details/working-light-333-j6448-jcb-genuine-parts,333/J6448,333-j6448-worklightjs220,source_image,false,RRE_ORIGINAL_AVAILABLE,RIGHTS_REVIEW_COMPLETE,PRESERVE_EXISTING_RRE_ORIGINAL_PHOTO,RRE already possesses an authentic catalog photograph for this SKU; external image kept purely as secondary cross-reference.
img_6c14f1f6de31,https://enterprise.saioautomotive.com/backend/assets/uploads/products/bFN6OHFIZFkwUGtIUXJPdjQ5cHVqdz09_1745231499_0.jpg,,701/80626,https://www.antheautoparts.com/product-details/oil-pressure-switch-701-80626-replacement-jcb-parts,701/80626,701-80626-switch-transoilpr,source_image,false,RRE_ORIGINAL_AVAILABLE,RIGHTS_REVIEW_COMPLETE,PRESERVE_EXISTING_RRE_ORIGINAL_PHOTO,RRE already possesses an authentic catalog photograph for this SKU; external image kept purely as secondary cross-reference.
img_988b0bb98272,https://enterprise.saioautomotive.com/backend/assets/uploads/products/cVVNaUIyejJpQVRRZ3BkamFlYTJCZz09_1745299412_0.jpg,,320/08586,https://www.antheautoparts.com/product-details/belt-tensioner-320-08586-jcb-parts-near-me,320/08586,320-08586-pulley-idler-altno320-08724,source_image,false,RRE_ORIGINAL_AVAILABLE,RIGHTS_REVIEW_COMPLETE,PRESERVE_EXISTING_RRE_ORIGINAL_PHOTO,RRE already possesses an authentic catalog photograph for this SKU; external image kept purely as secondary cross-reference.
img_1db1097442a7,https://enterprise.saioautomotive.com/backend/assets/uploads/products/ZmpnendabFdoeWl3N2dPU0Foei9Edz09_1745299464_0.jpg,,02/100192,https://www.antheautoparts.com/product-details/thermostat-builds-lh-aa-ab-ac-02-100192-jcb-parts-online,02/100192,02-100192-thermostat,source_image,false,RRE_ORIGINAL_AVAILABLE,RIGHTS_REVIEW_COMPLETE,PRESERVE_EXISTING_RRE_ORIGINAL_PHOTO,RRE already possesses an authentic catalog photograph for this SKU; external image kept purely as secondary cross-reference.
img_a52ea979f0eb,https://enterprise.saioautomotive.com/backend/assets/uploads/products/L1lQVER3SUVJWXJOVXI0TlFRZ2Y0QT09_1745299513_0.jpg,,02/192069,https://www.antheautoparts.com/product-details/rocker-cover-bush-02-192069-jcb-aftermarket-parts,02/192069,02-192069-bush,source_image,false,RRE_ORIGINAL_AVAILABLE,RIGHTS_REVIEW_COMPLETE,PRESERVE_EXISTING_RRE_ORIGINAL_PHOTO,RRE already possesses an authentic catalog photograph for this SKU; external image kept purely as secondary cross-reference.
img_1dca0f7ca834,https://enterprise.saioautomotive.com/backend/assets/uploads/products/alZRbWxXTGw5YTJWRUlsOXJTcVpSUT09_1745299586_0.jpg,,02/200018,https://www.antheautoparts.com/product-details/crankshaft-pulley-twin-groove-02-200018-replacement-jcb-parts,02/200018,02-200018-pulley,source_image,false,RRE_ORIGINAL_AVAILABLE,RIGHTS_REVIEW_COMPLETE,PRESERVE_EXISTING_RRE_ORIGINAL_PHOTO,RRE already possesses an authentic catalog photograph for this SKU; external image kept purely as secondary cross-reference.
img_22ff980d1fad,https://enterprise.saioautomotive.com/backend/assets/uploads/products/dXgvRlVBenJ2UUJRWlNmaHVJd2Zvdz09_1745299630_0.jpg,,02/200877,https://www.antheautoparts.com/product-details/crankshaft-pulley-02-200877-jcb-parts-near-me,N/A,N/A,N/A,false,UNMATCHED_EXTERNAL_REFERENCE,RIGHTS_REVIEW_COMPLETE,STAGED_AS_TECHNICAL_REFERENCE,External part not currently in RRE master catalog. Image staged in reference archive.
img_86c76e971975,https://enterprise.saioautomotive.com/backend/assets/uploads/products/b3kzWkdPRFJodnFrRUJieWFYb0JaQT09_1745299735_0.jpg,,02/201099 | 02/201343,https://www.antheautoparts.com/product-details/oil-filler-cap-for-perkins-engine-02-201099-02-201343-jcb-genuine-parts,02/201343,02-201343-cap-oilfilter,source_image,false,RRE_ORIGINAL_AVAILABLE,RIGHTS_REVIEW_COMPLETE,PRESERVE_EXISTING_RRE_ORIGINAL_PHOTO,RRE already possesses an authentic catalog photograph for this SKU; external image kept purely as secondary cross-reference.
img_1ebef25542ab,https://enterprise.saioautomotive.com/backend/assets/uploads/products/Q05zWVVIWDVqU1VJb0xEeThBY1o3Zz09_1745299796_0.jpg,,02/201630 | 02/201457 | 332/H0893,https://www.antheautoparts.com/product-details/water-pump-02-201630-02-201457-332-h0893-jcb-parts-online,332/H0893,332-h0893-pumpwater,source_image,false,RRE_ORIGINAL_AVAILABLE,RIGHTS_REVIEW_COMPLETE,PRESERVE_EXISTING_RRE_ORIGINAL_PHOTO,RRE already possesses an authentic catalog photograph for this SKU; external image kept purely as secondary cross-reference.
img_94ff5614d797,https://enterprise.saioautomotive.com/backend/assets/uploads/products/T3dacVFqSnZxeUV3b2k3SXdCYkM4QT09_1745299863_0.jpg,,111/30101,https://www.antheautoparts.com/product-details/engine-mountings-111-30101-jcb-parts-near-me,111/30101,111-30101-rubbermounting,source_image,false,RRE_ORIGINAL_AVAILABLE,RIGHTS_REVIEW_COMPLETE,PRESERVE_EXISTING_RRE_ORIGINAL_PHOTO,RRE already possesses an authentic catalog photograph for this SKU; external image kept purely as secondary cross-reference.
img_d25a65c67fe2,https://enterprise.saioautomotive.com/backend/assets/uploads/products/K1RkSm96QjYvYWdzeUdoTEZnS2Mvdz09_1745300216_0.jpg,,111/30101 | 1315/3518Z,https://www.antheautoparts.com/product-details/engine-mounts-with-nut-bolt-111-30101-1315-3518z-jcb-parts-catalog,111/30101,111-30101-rubbermounting,source_image,false,RRE_ORIGINAL_AVAILABLE,RIGHTS_REVIEW_COMPLETE,PRESERVE_EXISTING_RRE_ORIGINAL_PHOTO,RRE already possesses an authentic catalog photograph for this SKU; external image kept purely as secondary cross-reference.
img_032198e87e99,https://enterprise.saioautomotive.com/backend/assets/uploads/products/OHhEbTFDQys2ZlpCbjZja2JTZUMwUT09_1745300260_0.jpg,,116/00416 | 331/34525,https://www.antheautoparts.com/product-details/joint-universal-116-00416-331-34525-jcb-spare-parts,331/34525,331-34525-control-pivot,source_image,false,RRE_ORIGINAL_AVAILABLE,RIGHTS_REVIEW_COMPLETE,PRESERVE_EXISTING_RRE_ORIGINAL_PHOTO,RRE already possesses an authentic catalog photograph for this SKU; external image kept purely as secondary cross-reference.
img_47d111c2a2ae,https://enterprise.saioautomotive.com/backend/assets/uploads/products/ZlBzYXlXMmUvWndUaVlGREFTTjdFZz09_1745300302_0.jpg,,121/60601,https://www.antheautoparts.com/product-details/radiator-cap-coolant-double-seal-13-psi-121-60601-jcb-spare-parts-dealer,121/60601,121-60601-capcoolentfilter,source_image,false,RRE_ORIGINAL_AVAILABLE,RIGHTS_REVIEW_COMPLETE,PRESERVE_EXISTING_RRE_ORIGINAL_PHOTO,RRE already possesses an authentic catalog photograph for this SKU; external image kept purely as secondary cross-reference.
img_e0e2b022626b,https://enterprise.saioautomotive.com/backend/assets/uploads/products/MzNZYlJXTjk4bEcyQ0p0am56TDRKQT09_1745300351_0.jpg,,123/02407,https://www.antheautoparts.com/product-details/engine-oil-dipstick-project-9-123-02407-jcb-spare-parts,N/A,N/A,N/A,false,UNMATCHED_EXTERNAL_REFERENCE,RIGHTS_REVIEW_COMPLETE,STAGED_AS_TECHNICAL_REFERENCE,External part not currently in RRE master catalog. Image staged in reference archive.
img_d7bdc0952f0a,https://enterprise.saioautomotive.com/backend/assets/uploads/products/WGhIZUVISWFCM3hPcE16RURrK2dWQT09_1745300397_0.jpg,,123/03138 | 1315/3518Z,https://www.antheautoparts.com/product-details/engine-mounts-with-nut-bolt-123-03138-1315-3518z-jcb-spares,123/03138,123-03138-resilientmount,source_image,false,RRE_ORIGINAL_AVAILABLE,RIGHTS_REVIEW_COMPLETE,PRESERVE_EXISTING_RRE_ORIGINAL_PHOTO,RRE already possesses an authentic catalog photograph for this SKU; external image kept purely as secondary cross-reference.
img_3510f650130a,https://enterprise.saioautomotive.com/backend/assets/uploads/products/enU3SUVlQkpsYXRCSWxIei9UMjl1dz09_1745300443_0.jpg,,123/05933,https://www.antheautoparts.com/product-details/dipstick-tube-123-05933-jcb-aftermarket-parts,123/05933,123-05933-tubedipstick,source_image,false,RRE_ORIGINAL_AVAILABLE,RIGHTS_REVIEW_COMPLETE,PRESERVE_EXISTING_RRE_ORIGINAL_PHOTO,RRE already possesses an authentic catalog photograph for this SKU; external image kept purely as secondary cross-reference.
img_3a17f1d01825,https://enterprise.saioautomotive.com/backend/assets/uploads/products/dkFpNjUrL044NHdkSHNDQmxMcUZ1QT09_1745300497_0.jpg,,123/06578,https://www.antheautoparts.com/product-details/expansion-tank-cap-123-06578-jcb-spare-parts,123/06578,123-06578-cappressure05bar,source_image,false,RRE_ORIGINAL_AVAILABLE,RIGHTS_REVIEW_COMPLETE,PRESERVE_EXISTING_RRE_ORIGINAL_PHOTO,RRE already possesses an authentic catalog photograph for this SKU; external image kept purely as secondary cross-reference.
img_f3c093a0aa5c,https://enterprise.saioautomotive.com/backend/assets/uploads/products/WFhpRWxpd0ZqKzA3ZUlBT2NJLzJ3dz09_1745300561_0.jpg,,1315/3419Z,https://www.antheautoparts.com/product-details/bolt-nut-m10-x-90-1315-3419z-jcb-spare-parts-dealer,1315/3419Z,1315-3419z-bolt-m10-x-90-g88,source_image,false,RRE_ORIGINAL_AVAILABLE,RIGHTS_REVIEW_COMPLETE,PRESERVE_EXISTING_RRE_ORIGINAL_PHOTO,RRE already possesses an authentic catalog photograph for this SKU; external image kept purely as secondary cross-reference.
img_7ce3677a0b7b,https://enterprise.saioautomotive.com/backend/assets/uploads/products/dzNkbzJ0aVp2eFdORDl5c0JVYjh0Zz09_1745300603_0.jpg,,17/401300,https://www.antheautoparts.com/product-details/fuel-lift-pump-perkins-engine-17-401300-jcb-parts-online,N/A,N/A,N/A,false,UNMATCHED_EXTERNAL_REFERENCE,RIGHTS_REVIEW_COMPLETE,STAGED_AS_TECHNICAL_REFERENCE,External part not currently in RRE master catalog. Image staged in reference archive.
img_2fd2d31e36e0,https://enterprise.saioautomotive.com/backend/assets/uploads/products/QnMxaUJpRXhxOHdRUGZGb1ovR2xKZz09_1745300657_0.jpg,,17/913600 | 17/401800,https://www.antheautoparts.com/product-details/fuel-lift-pump-perkins-engine-17-913600-17-401800-jcb-parts-online,17/913600,17-913600-pumpfuellift,source_image,false,RRE_ORIGINAL_AVAILABLE,RIGHTS_REVIEW_COMPLETE,PRESERVE_EXISTING_RRE_ORIGINAL_PHOTO,RRE already possesses an authentic catalog photograph for this SKU; external image kept purely as secondary cross-reference.
img_1e93b3c68aa7,https://enterprise.saioautomotive.com/backend/assets/uploads/products/S3J2TDI2R016RzRvZHRMVUJucDBQUT09_1745300708_0.jpg,,30/925526,https://www.antheautoparts.com/product-details/fan-20-puller-jcb-engine-30-925526-jcb-spare-parts-dealer,30/925526,30-925526-engine-fan,source_image,false,RRE_ORIGINAL_AVAILABLE,RIGHTS_REVIEW_COMPLETE,PRESERVE_EXISTING_RRE_ORIGINAL_PHOTO,RRE already possesses an authentic catalog photograph for this SKU; external image kept purely as secondary cross-reference.
img_98e75a9460ca,https://enterprise.saioautomotive.com/backend/assets/uploads/products/YVJGVnpDdWRMUGRMaHRsNWQ4cnNzUT09_1745300755_0.jpg,,320/01722,https://www.antheautoparts.com/product-details/piston-cooling-jet-320-01722-jcb-spares,320/01722,320-01722-piston-cooling-jet,source_image,false,RRE_ORIGINAL_AVAILABLE,RIGHTS_REVIEW_COMPLETE,PRESERVE_EXISTING_RRE_ORIGINAL_PHOTO,RRE already possesses an authentic catalog photograph for this SKU; external image kept purely as secondary cross-reference.
img_151dfdee1df7,https://enterprise.saioautomotive.com/backend/assets/uploads/products/VU9jY2h3bjFCYTk1WjZYKzdWWVNhZz09_1745300804_0.jpg,,320/02038 | 320/02006,https://www.antheautoparts.com/product-details/bolt-m14x164mm-320-02038-320-02006-jcb-spare-parts-dealer,320/02038,320-02038-boltmain-bearm14x164-lg,source_image,false,RRE_ORIGINAL_AVAILABLE,RIGHTS_REVIEW_COMPLETE,PRESERVE_EXISTING_RRE_ORIGINAL_PHOTO,RRE already possesses an authentic catalog photograph for this SKU; external image kept purely as secondary cross-reference.
img_bf40ae7ecad6,https://enterprise.saioautomotive.com/backend/assets/uploads/products/MDl3eGdRclAyTnhncStUdFp6V3dGUT09_1745300857_0.jpg,,320/02617,https://www.antheautoparts.com/product-details/gasket-cylinder-head-jcb-engine-diesel-max-320-02617-jcb-parts-near-me,320/02617,320-02617-gasketcylinder-head-448,source_image,false,RRE_ORIGINAL_AVAILABLE,RIGHTS_REVIEW_COMPLETE,PRESERVE_EXISTING_RRE_ORIGINAL_PHOTO,RRE already possesses an authentic catalog photograph for this SKU; external image kept purely as secondary cross-reference.
img_5e9f6173b127,https://enterprise.saioautomotive.com/backend/assets/uploads/products/cXR6L0NhRHlQSW5xeXhmQll0ZzhSdz09_1745300916_0.jpg,,320/03017,https://www.antheautoparts.com/product-details/bush-small-end-320-03017-jcb-aftermarket-parts,320/03017,320-03017-bushsmall-end,source_image,false,RRE_ORIGINAL_AVAILABLE,RIGHTS_REVIEW_COMPLETE,PRESERVE_EXISTING_RRE_ORIGINAL_PHOTO,RRE already possesses an authentic catalog photograph for this SKU; external image kept purely as secondary cross-reference.
img_628d9b8c47da,https://enterprise.saioautomotive.com/backend/assets/uploads/products/OEY5RXV1OHRONURTNmttMUlqLy9Rdz09_1745300965_0.jpg,,320/03114 | 320/03379,https://www.antheautoparts.com/product-details/connecting-rod-for-jcb-engine-320-03114-320-03379-jcb-parts-online,320/03114,320-03114-connecting-rod-machining-40-s-e,source_image,false,RRE_ORIGINAL_AVAILABLE,RIGHTS_REVIEW_COMPLETE,PRESERVE_EXISTING_RRE_ORIGINAL_PHOTO,RRE already possesses an authentic catalog photograph for this SKU; external image kept purely as secondary cross-reference.
img_2fb30c441cf7,https://enterprise.saioautomotive.com/backend/assets/uploads/products/MHkyOFkrdEVvWWNNMitvT1NXQWRwZz09_1745301041_0.jpg,,320/03332 | 320/09236,https://www.antheautoparts.com/product-details/piston-assembly-s-o-5-mm-nat-asp-320-03332-320-09236-jcb-spare-parts,320/09236,320-09236-kit-pistonoversiz,source_image,false,RRE_ORIGINAL_AVAILABLE,RIGHTS_REVIEW_COMPLETE,PRESERVE_EXISTING_RRE_ORIGINAL_PHOTO,RRE already possesses an authentic catalog photograph for this SKU; external image kept purely as secondary cross-reference.
img_f791cadc647f,https://enterprise.saioautomotive.com/backend/assets/uploads/products/bUgrYnFzK1ZKTHdiRFJsWjJhSFp5QT09_1745301088_0.jpg,,320/03520 | 320/03697,https://www.antheautoparts.com/product-details/valve-inlet-for-jcb-engine-320-03520-320-03697-jcb-spare-parts-dealer,320/03520,320-03520-inlet-valve-varroc,source_image,false,RRE_ORIGINAL_AVAILABLE,RIGHTS_REVIEW_COMPLETE,PRESERVE_EXISTING_RRE_ORIGINAL_PHOTO,RRE already possesses an authentic catalog photograph for this SKU; external image kept purely as secondary cross-reference.
img_0352d4a22fe9,https://enterprise.saioautomotive.com/backend/assets/uploads/products/cmNCeTRqanl6dHVvbnV3Wk84eGFDQT09_1745301131_0.jpg,,320/03521 | 320/03698,https://www.antheautoparts.com/product-details/valve-outlet-for-jcb-engine-320-03521-320-03698-jcb-parts,320/03521,320-03521-valve-exhaust-varroc,source_image,false,RRE_ORIGINAL_AVAILABLE,RIGHTS_REVIEW_COMPLETE,PRESERVE_EXISTING_RRE_ORIGINAL_PHOTO,RRE already possesses an authentic catalog photograph for this SKU; external image kept purely as secondary cross-reference.
img_88010a754d97,https://enterprise.saioautomotive.com/backend/assets/uploads/products/STNWNmx1VFdvOUI1bXJNNVhyMkFpQT09_1745301182_0.jpg,,320/03524,https://www.antheautoparts.com/product-details/tappet-valve-for-jcb-engine-320-03524-jcb-parts-online,320/03524,320-03524-tappet,source_image,false,RRE_ORIGINAL_AVAILABLE,RIGHTS_REVIEW_COMPLETE,PRESERVE_EXISTING_RRE_ORIGINAL_PHOTO,RRE already possesses an authentic catalog photograph for this SKU; external image kept purely as secondary cross-reference.
img_3ae9db1b9c4b,https://enterprise.saioautomotive.com/backend/assets/uploads/products/cEVsK0tkeUVHUnNvMmFDT0tKblJtdz09_1745301230_0.jpg,,320/03533,https://www.antheautoparts.com/product-details/seal-valve-stem-320-03533-jcb-genuine-parts,320/03533,320-03533-seal-valve-stem,source_image,false,RRE_ORIGINAL_AVAILABLE,RIGHTS_REVIEW_COMPLETE,PRESERVE_EXISTING_RRE_ORIGINAL_PHOTO,RRE already possesses an authentic catalog photograph for this SKU; external image kept purely as secondary cross-reference.
img_21877368e625,https://enterprise.saioautomotive.com/backend/assets/uploads/products/ZkR4b0ZmbkxZNmZmRjFQS0lqSUFidz09_1745301276_0.jpg,,320/03677,https://www.antheautoparts.com/product-details/pushrod-for-jcb-engine-320-03677-jcb-spares,320/03677,320-03677-pushrod,source_image,false,RRE_ORIGINAL_AVAILABLE,RIGHTS_REVIEW_COMPLETE,PRESERVE_EXISTING_RRE_ORIGINAL_PHOTO,RRE already possesses an authentic catalog photograph for this SKU; external image kept purely as secondary cross-reference.
img_173b2b58faa5,https://enterprise.saioautomotive.com/backend/assets/uploads/products/SmVTNkNubzJaWThJREp3WHlRNFlBQT09_1745301319_0.jpg,,320/04090,https://www.antheautoparts.com/product-details/oil-filler-cap-320-04090-jcb-parts,320/04090,320-04090-capoilfiller,source_image,false,RRE_ORIGINAL_AVAILABLE,RIGHTS_REVIEW_COMPLETE,PRESERVE_EXISTING_RRE_ORIGINAL_PHOTO,RRE already possesses an authentic catalog photograph for this SKU; external image kept purely as secondary cross-reference.
img_ae50ffbcb34e,https://enterprise.saioautomotive.com/backend/assets/uploads/products/d2piZW8zVDBXSDR0NEtJNUJVQUJuUT09_1745301364_0.jpg,,320/04113,https://www.antheautoparts.com/product-details/gasket-oil-cooler-cover-320-04113-jcb-parts,320/04113,320-04113-gasket-oil-cooler,source_image,false,RRE_ORIGINAL_AVAILABLE,RIGHTS_REVIEW_COMPLETE,PRESERVE_EXISTING_RRE_ORIGINAL_PHOTO,RRE already possesses an authentic catalog photograph for this SKU; external image kept purely as secondary cross-reference.
img_db883b4ca189,https://enterprise.saioautomotive.com/backend/assets/uploads/products/YmxHZzF6WWk3cTNoWGt6c0dDa1RJQT09_1745301413_0.jpg,,320/04186,https://www.antheautoparts.com/product-details/oil-pump-abi-for-jcb-engine-320-04186-jcb-spares,320/04186,320-04186-engine-oil-pump-62l-60-bar,source_image,false,RRE_ORIGINAL_AVAILABLE,RIGHTS_REVIEW_COMPLETE,PRESERVE_EXISTING_RRE_ORIGINAL_PHOTO,RRE already possesses an authentic catalog photograph for this SKU; external image kept purely as secondary cross-reference.
img_3daf0fcbd58f,https://enterprise.saioautomotive.com/backend/assets/uploads/products/ZGFwSmhNV0hISDNuZU9udFlLV29Hdz09_1745301468_0.jpg,,320/04195 | 320/04249,https://www.antheautoparts.com/product-details/dipstick-tube-assembly-for-jcb-engine-320-04195-320-04249-jcb-spare-parts,320/04249,320-04249-blade-assy-short,source_image,false,RRE_ORIGINAL_AVAILABLE,RIGHTS_REVIEW_COMPLETE,PRESERVE_EXISTING_RRE_ORIGINAL_PHOTO,RRE already possesses an authentic catalog photograph for this SKU; external image kept purely as secondary cross-reference.
img_7e11da2f2072,https://enterprise.saioautomotive.com/backend/assets/uploads/products/S05hMHFNUHpJN1ByQThZV25mbVJhZz09_1745301581_0.jpg,,320/04501,https://www.antheautoparts.com/product-details/gasket-water-inlet-pipe-320-04501-jcb-aftermarket-parts,320/04501,320-04501-gasketwater-inlet-pipe,source_image,false,RRE_ORIGINAL_AVAILABLE,RIGHTS_REVIEW_COMPLETE,PRESERVE_EXISTING_RRE_ORIGINAL_PHOTO,RRE already possesses an authentic catalog photograph for this SKU; external image kept purely as secondary cross-reference.
img_dc06d1685e8b,https://enterprise.saioautomotive.com/backend/assets/uploads/products/dVRIYmYzcG9pYXZHUDFQODBnWnN0dz09_1745301634_0.jpg,,320/04542,https://www.antheautoparts.com/product-details/water-pump-for-jcb-diesel-max-engine-320-04542-jcb-parts-near-me,320/04542,320-04542-water-pump-abi,source_image,false,RRE_ORIGINAL_AVAILABLE,RIGHTS_REVIEW_COMPLETE,PRESERVE_EXISTING_RRE_ORIGINAL_PHOTO,RRE already possesses an authentic catalog photograph for this SKU; external image kept purely as secondary cross-reference.
img_985c0635953c,https://enterprise.saioautomotive.com/backend/assets/uploads/products/STR5OWlpdldoaWgwVXJKbFRJMnZaUT09_1745301684_0.jpg,,320/04618,https://www.antheautoparts.com/product-details/thermostat-abi-for-jcb-engine-320-04618-jcb-spare-parts,320/04618,320-04618-thermostat,source_image,false,RRE_ORIGINAL_AVAILABLE,RIGHTS_REVIEW_COMPLETE,PRESERVE_EXISTING_RRE_ORIGINAL_PHOTO,RRE already possesses an authentic catalog photograph for this SKU; external image kept purely as secondary cross-reference.
img_0d049d1cf456,https://enterprise.saioautomotive.com/backend/assets/uploads/products/cGE5eGMyelFDOWZBS3VYRGR4MHhMdz09_1745301879_0.jpg,,320/04739,https://www.antheautoparts.com/product-details/thermostat-housing-320-04739-jcb-spare-parts,320/04739,320-04739-housingwater-thermostat,source_image,false,RRE_ORIGINAL_AVAILABLE,RIGHTS_REVIEW_COMPLETE,PRESERVE_EXISTING_RRE_ORIGINAL_PHOTO,RRE already possesses an authentic catalog photograph for this SKU; external image kept purely as secondary cross-reference.
img_e2ff2ae963d7,https://enterprise.saioautomotive.com/backend/assets/uploads/products/UTNPVzRtaWZTVXdIY2xHeDlDQjBLdz09_1745301943_0.jpg,,320/04758 | 320/04547,https://www.antheautoparts.com/product-details/connector-water-inlet-320-04758-320-04547-jcb-spare-parts,320/04758,320-04758-connector-water-inlet,source_image,false,RRE_ORIGINAL_AVAILABLE,RIGHTS_REVIEW_COMPLETE,PRESERVE_EXISTING_RRE_ORIGINAL_PHOTO,RRE already possesses an authentic catalog photograph for this SKU; external image kept purely as secondary cross-reference.
img_1f64d848d0c3,https://enterprise.saioautomotive.com/backend/assets/uploads/products/cHduNDVCNG9YeFdUUm8rdVpKbldEZz09_1745302052_0.jpg,,320/04540 | 320/04890,https://www.antheautoparts.com/product-details/thermostat-housing-320-04540-320-04890-jcb-spares,320/04890,320-04890-thermostat-housing,source_image,false,RRE_ORIGINAL_AVAILABLE,RIGHTS_REVIEW_COMPLETE,PRESERVE_EXISTING_RRE_ORIGINAL_PHOTO,RRE already possesses an authentic catalog photograph for this SKU; external image kept purely as secondary cross-reference.
img_76ca50c7f457,https://enterprise.saioautomotive.com/backend/assets/uploads/products/NHE2eUZqQ0JML1k4Vi9kQjFJdW10dz09_1745302113_0.jpg,,320/07041 | 320/07052,https://www.antheautoparts.com/product-details/lift-pump-to-filter-320-07041-320-07052-jcb-aftermarket-parts,320/07041,320-07041-pipelp-fuelfilter-to-fip,source_image,false,RRE_ORIGINAL_AVAILABLE,RIGHTS_REVIEW_COMPLETE,PRESERVE_EXISTING_RRE_ORIGINAL_PHOTO,RRE already possesses an authentic catalog photograph for this SKU; external image kept purely as secondary cross-reference.
img_0977885d268a,https://enterprise.saioautomotive.com/backend/assets/uploads/products/WFZuWHpSSmp0eE1YLy9ac05jS1R3UT09_1745302171_0.jpg,,320/07189,https://www.antheautoparts.com/product-details/snap-rings-for-fuel-pipes-320-07189-jcb-spare-parts,320/07189,320-07189-snapring-local,source_image,false,RRE_ORIGINAL_AVAILABLE,RIGHTS_REVIEW_COMPLETE,PRESERVE_EXISTING_RRE_ORIGINAL_PHOTO,RRE already possesses an authentic catalog photograph for this SKU; external image kept purely as secondary cross-reference.
img_5f5defd5518d,https://enterprise.saioautomotive.com/backend/assets/uploads/products/NDc1amFGZnd1ZDZOOFdTQytMcXRHdz09_1745302244_0.jpg,,320/07201 | 320/07037 | 320/A7161 | 320/07040,https://www.antheautoparts.com/product-details/fuel-lift-pump-320-07201-320-07037-320-a7161-320-07040-jcb-parts-catalog,320/07201,320-07201-liftpumpdieself,placeholder_image,false,FLAGGED_FOR_RRE_ASSET_GENERATION,RIGHTS_REVIEW_COMPLETE,GENERATE_NEW_RRE_ASSET_FROM_REFERENCE,"External photo serves strictly as a technical visual reference to produce an unbranded, high-resolution RRE International asset."
img_5a84ed4654f7,https://enterprise.saioautomotive.com/backend/assets/uploads/products/aUxJNE9hQVVvRmlTVzU4UnlET2FQQT09_1745302294_0.jpg,,320/07580,https://www.antheautoparts.com/product-details/seal-rocker-cover-320-07580-jcb-parts-online,320/07580,320-07580-rocker-cover-seal,source_image,false,RRE_ORIGINAL_AVAILABLE,RIGHTS_REVIEW_COMPLETE,PRESERVE_EXISTING_RRE_ORIGINAL_PHOTO,RRE already possesses an authentic catalog photograph for this SKU; external image kept purely as secondary cross-reference.
img_61ccc956cf3f,https://enterprise.saioautomotive.com/backend/assets/uploads/products/UWk5dzBCSEkvcmtIOWpmSkhVYU12Zz09_1745302372_0.jpg,,320/07753,https://www.antheautoparts.com/product-details/oil-filler-cap-320-07753-jcb-spares,320/07753,320-07753-oil-filler-cap,source_image,false,RRE_ORIGINAL_AVAILABLE,RIGHTS_REVIEW_COMPLETE,PRESERVE_EXISTING_RRE_ORIGINAL_PHOTO,RRE already possesses an authentic catalog photograph for this SKU; external image kept purely as secondary cross-reference.
img_4b765950d513,https://enterprise.saioautomotive.com/backend/assets/uploads/products/dWZrd0xsVmY5Qi9pU2Q5VU9iQ1E4UT09_1745302448_0.jpg,,320/08550,https://www.antheautoparts.com/product-details/hub-fan-drive-assembly-jcb-engine-320-08550-jcb-spare-parts-dealer,320/08550,320-08550-fan-hub-assyabi,source_image,false,RRE_ORIGINAL_AVAILABLE,RIGHTS_REVIEW_COMPLETE,PRESERVE_EXISTING_RRE_ORIGINAL_PHOTO,RRE already possesses an authentic catalog photograph for this SKU; external image kept purely as secondary cross-reference.
img_7af39ef3fba7,https://enterprise.saioautomotive.com/backend/assets/uploads/products/d0lyUnVPeDdzYXNHZUtkR21HMlFmQT09_1745302521_0.jpg,,320/08588,https://www.antheautoparts.com/product-details/belt-idler-tensioner-320-08588-jcb-genuine-parts,N/A,N/A,N/A,false,UNMATCHED_EXTERNAL_REFERENCE,RIGHTS_REVIEW_COMPLETE,STAGED_AS_TECHNICAL_REFERENCE,External part not currently in RRE master catalog. Image staged in reference archive.
img_ae0bcb3fc058,https://enterprise.saioautomotive.com/backend/assets/uploads/products/UWpsdUhla3RZTUxuR0VwUXhPTjNrdz09_1745302590_0.jpg,,320/08598,https://www.antheautoparts.com/product-details/belt-drive-jcb-engine-1835mm-320-08598-jcb-spare-parts,320/08598,320-08598-beltfront8pk1835ar3,source_image,false,RRE_ORIGINAL_AVAILABLE,RIGHTS_REVIEW_COMPLETE,PRESERVE_EXISTING_RRE_ORIGINAL_PHOTO,RRE already possesses an authentic catalog photograph for this SKU; external image kept purely as secondary cross-reference.
img_3cffc69842dd,https://enterprise.saioautomotive.com/backend/assets/uploads/products/K01JSDRpY3c0ME02M0kzMmtLZXp4UT09_1745302655_0.jpg,,320/08599,https://www.antheautoparts.com/product-details/belt-drive-8pk-l-1855-320-08599-replacement-jcb-parts,320/08599,320-08599-correia-acionamento-aquecedor,source_image,false,RRE_ORIGINAL_AVAILABLE,RIGHTS_REVIEW_COMPLETE,PRESERVE_EXISTING_RRE_ORIGINAL_PHOTO,RRE already possesses an authentic catalog photograph for this SKU; external image kept purely as secondary cross-reference.
img_ff16776d8da0,https://enterprise.saioautomotive.com/backend/assets/uploads/products/VUpucFF4Y3Rkc1Q3TzRreHdmbUNVZz09_1745302708_0.jpg,,320/08600,https://www.antheautoparts.com/product-details/belt-drive-8pk-l-2121-320-08600-jcb-spares,320/08600,320-08600-beltfront8pktbaar3vm117,source_image,false,RRE_ORIGINAL_AVAILABLE,RIGHTS_REVIEW_COMPLETE,PRESERVE_EXISTING_RRE_ORIGINAL_PHOTO,RRE already possesses an authentic catalog photograph for this SKU; external image kept purely as secondary cross-reference.
img_058c99e56f78,https://enterprise.saioautomotive.com/backend/assets/uploads/products/S25zUEtMckdwWUxXWFhBRGlwTjdzZz09_1745302770_0.jpg,,320/08601,https://www.antheautoparts.com/product-details/belt-drive-8pk-l-1955-320-08601-jcb-genuine-parts,320/08601,320-08601-beltfront8pk1955ar3,source_image,false,RRE_ORIGINAL_AVAILABLE,RIGHTS_REVIEW_COMPLETE,PRESERVE_EXISTING_RRE_ORIGINAL_PHOTO,RRE already possesses an authentic catalog photograph for this SKU; external image kept purely as secondary cross-reference.
img_2cc8f6f1eda8,https://enterprise.saioautomotive.com/backend/assets/uploads/products/N3NpdkdXNmVWZmp4M2JNUTgrMHJHQT09_1745302820_0.jpg,,320/08605,https://www.antheautoparts.com/product-details/belt-drive-8pk-l-2093-320-08605-jcb-parts-near-me,320/08605,320-08605-beltfront-8pk-2101-ar3,source_image,false,RRE_ORIGINAL_AVAILABLE,RIGHTS_REVIEW_COMPLETE,PRESERVE_EXISTING_RRE_ORIGINAL_PHOTO,RRE already possesses an authentic catalog photograph for this SKU; external image kept purely as secondary cross-reference.
img_9f74fbd07e91,https://enterprise.saioautomotive.com/backend/assets/uploads/products/c2JIUVZCbmxsdHU1alRhTzdQV285QT09_1745302871_0.jpg,,320/08606,https://www.antheautoparts.com/product-details/belt-drive-8pk-l-2110-320-08606-jcb-spare-parts,320/08606,320-08606-beltfront8pk2110ar3,source_image,false,RRE_ORIGINAL_AVAILABLE,RIGHTS_REVIEW_COMPLETE,PRESERVE_EXISTING_RRE_ORIGINAL_PHOTO,RRE already possesses an authentic catalog photograph for this SKU; external image kept purely as secondary cross-reference.
img_420a588ba980,https://enterprise.saioautomotive.com/backend/assets/uploads/products/aXR1ZUFIZXlMRjFpd2pGdTBDcTUyUT09_1745302941_0.jpg,,320/08608,https://www.antheautoparts.com/product-details/belt-drive-8pk-l-2002-320-08608-jcb-aftermarket-parts,320/08608,320-08608-belt-front-8pk-2002-ar3,source_image,false,RRE_ORIGINAL_AVAILABLE,RIGHTS_REVIEW_COMPLETE,PRESERVE_EXISTING_RRE_ORIGINAL_PHOTO,RRE already possesses an authentic catalog photograph for this SKU; external image kept purely as secondary cross-reference.
img_58876a4dbd37,https://enterprise.saioautomotive.com/backend/assets/uploads/products/U01MdDh3NTVNMGVqSmx5dWpJcjhVUT09_1745302992_0.jpg,,320/08609,https://www.antheautoparts.com/product-details/belt-drive-8pk-l-1995-320-08609-jcb-aftermarket-parts,320/08609,320-08609-belt-8pk1995-ar3,source_image,false,RRE_ORIGINAL_AVAILABLE,RIGHTS_REVIEW_COMPLETE,PRESERVE_EXISTING_RRE_ORIGINAL_PHOTO,RRE already possesses an authentic catalog photograph for this SKU; external image kept purely as secondary cross-reference.
img_68afbbe24ff7,https://enterprise.saioautomotive.com/backend/assets/uploads/products/NVZKWEp5YncxN1VoVUdSTXMyRUl1QT09_1745303163_0.jpg,,320/08651 | 320/08657 | 320/08759 | 320/A8586 | 320/085,https://www.antheautoparts.com/product-details/adjuster-auto-tensioner-320-08651-320-08657-320-08759-320-a8586-320-085-jcb-aftermarket-parts,320/08651,320-08651-autotensioner-alt320-08759,placeholder_image,false,FLAGGED_FOR_RRE_ASSET_GENERATION,RIGHTS_REVIEW_COMPLETE,GENERATE_NEW_RRE_ASSET_FROM_REFERENCE,"External photo serves strictly as a technical visual reference to produce an unbranded, high-resolution RRE International asset."
img_c8b95704d6ed,https://enterprise.saioautomotive.com/backend/assets/uploads/products/,,320/09201,https://www.antheautoparts.com/product-details/crankshaft-jcb-engine-320-09201-replacement-jcb-parts,N/A,N/A,N/A,false,UNMATCHED_EXTERNAL_REFERENCE,RIGHTS_REVIEW_COMPLETE,STAGED_AS_TECHNICAL_REFERENCE,External part not currently in RRE master catalog. Image staged in reference archive.
img_0fd17085a68e,https://enterprise.saioautomotive.com/backend/assets/uploads/products/cnMxUzVRbDZYY1dkOHR1aGdURmJjUT09_1745303255_0.jpg,,320/09202,https://www.antheautoparts.com/product-details/kit-bearing-main-standard-320-09202-jcb-spare-parts,N/A,N/A,N/A,false,UNMATCHED_EXTERNAL_REFERENCE,RIGHTS_REVIEW_COMPLETE,STAGED_AS_TECHNICAL_REFERENCE,External part not currently in RRE master catalog. Image staged in reference archive.
img_e3cb4ad1befe,https://enterprise.saioautomotive.com/backend/assets/uploads/products/Z1E4bXhqVnBucEQvRTRGL1NyRXVTUT09_1745303325_0.jpg,,320/09208,https://www.antheautoparts.com/product-details/kit-thrust-washer-320-09208-jcb-parts-online,320/09208,320-09208-kit-thrust-washer,source_image,false,RRE_ORIGINAL_AVAILABLE,RIGHTS_REVIEW_COMPLETE,PRESERVE_EXISTING_RRE_ORIGINAL_PHOTO,RRE already possesses an authentic catalog photograph for this SKU; external image kept purely as secondary cross-reference.
img_dbdc1c604650,https://enterprise.saioautomotive.com/backend/assets/uploads/products/bVB4MXlJWkVTOVV4SUtkK1k4dWo2QT09_1745303378_0.jpg,,320/09210 | 320/03330,https://www.antheautoparts.com/product-details/piston-rings-std-kit-nat-asp-engine-320-09210-320-03330-jcb-parts-online,320/09210,320-09210-kit-piston,source_image,false,RRE_ORIGINAL_AVAILABLE,RIGHTS_REVIEW_COMPLETE,PRESERVE_EXISTING_RRE_ORIGINAL_PHOTO,RRE already possesses an authentic catalog photograph for this SKU; external image kept purely as secondary cross-reference.
img_7d4634aaee30,https://enterprise.saioautomotive.com/backend/assets/uploads/products/Q1NtcXdFM2xxUTBJQXJiSkVUbmVaUT09_1745305648_0.jpg,,320/09217,https://www.antheautoparts.com/product-details/top-gasket-kit-for-jcb-turbo-engine-320-09217-jcb-parts-online,320/09217,320-09217-top-gasket-kit-tc-tca,source_image,false,RRE_ORIGINAL_AVAILABLE,RIGHTS_REVIEW_COMPLETE,PRESERVE_EXISTING_RRE_ORIGINAL_PHOTO,RRE already possesses an authentic catalog photograph for this SKU; external image kept purely as secondary cross-reference.
img_9ce3adc70999,https://enterprise.saioautomotive.com/backend/assets/uploads/products/STdyeWRYK2lSK1VqbmM4ZG1SZUtEZz09_1745303557_0.jpg,,320/09237,https://www.antheautoparts.com/product-details/piston-assembly-o-s-10-mm-nat-asp-320-09237-jcb-spares,N/A,N/A,N/A,false,UNMATCHED_EXTERNAL_REFERENCE,RIGHTS_REVIEW_COMPLETE,STAGED_AS_TECHNICAL_REFERENCE,External part not currently in RRE master catalog. Image staged in reference archive.
img_d318bc1a6b3e,https://enterprise.saioautomotive.com/backend/assets/uploads/products/cmE1akhuWnBZSjVzaDRHaThYd05vdz09_1745303615_0.jpg,,320/09256 | 320/03336,https://www.antheautoparts.com/product-details/crankshaft-jcb-engine-320-09256-320-03336-jcb-genuine-parts,N/A,N/A,N/A,false,UNMATCHED_EXTERNAL_REFERENCE,RIGHTS_REVIEW_COMPLETE,STAGED_AS_TECHNICAL_REFERENCE,External part not currently in RRE master catalog. Image staged in reference archive.
img_6e6939ca7470,https://enterprise.saioautomotive.com/backend/assets/uploads/products/cmE3UUo4eVZ6L3plbzkwcFNIQm16QT09_1745303763_0.jpg,,320/09297,https://www.antheautoparts.com/product-details/top-gasket-kit-for-jcb-turbo-engine-320-09297-jcb-spare-parts,320/09297,320-09297-kit-top-gasket,source_image,false,RRE_ORIGINAL_AVAILABLE,RIGHTS_REVIEW_COMPLETE,PRESERVE_EXISTING_RRE_ORIGINAL_PHOTO,RRE already possesses an authentic catalog photograph for this SKU; external image kept purely as secondary cross-reference.
img_2b4fc4f1029b,https://enterprise.saioautomotive.com/backend/assets/uploads/products/aGx0NVEyODVOeWVpMHcyelNDbm5nZz09_1745304095_0.jpg,,320/09299 | 320/09213,https://www.antheautoparts.com/product-details/piston-ring-kit-standard-turbo-320-09299-320-09213-jcb-spares,320/09299,320-09299-kitpistonringstaltno320-09299a,source_image,false,RRE_ORIGINAL_AVAILABLE,RIGHTS_REVIEW_COMPLETE,PRESERVE_EXISTING_RRE_ORIGINAL_PHOTO,RRE already possesses an authentic catalog photograph for this SKU; external image kept purely as secondary cross-reference.
img_9ac09490628e,https://enterprise.saioautomotive.com/backend/assets/uploads/products/aHJKOEdFdTdPRlNDQU9aMWM3WXdaUT09_1745304148_0.jpg,,320/09337,https://www.antheautoparts.com/product-details/main-bearing-kit-u-s-050mm-320-09337-jcb-genuine-parts,320/09337,320-09337-kit-mainbearingu-local320-09475,source_image,false,RRE_ORIGINAL_AVAILABLE,RIGHTS_REVIEW_COMPLETE,PRESERVE_EXISTING_RRE_ORIGINAL_PHOTO,RRE already possesses an authentic catalog photograph for this SKU; external image kept purely as secondary cross-reference.
img_341628011e5d,https://enterprise.saioautomotive.com/backend/assets/uploads/products/TmI4NEZjdXVDalhseVVzQlV6VmZjQT09_1745304198_0.jpg,,320/09468,https://www.antheautoparts.com/product-details/piston-rings-standard-kit-320-09468-replacement-jcb-parts,320/09468,320-09468-piston-ring-kit-std-48-bs3,source_image,false,RRE_ORIGINAL_AVAILABLE,RIGHTS_REVIEW_COMPLETE,PRESERVE_EXISTING_RRE_ORIGINAL_PHOTO,RRE already possesses an authentic catalog photograph for this SKU; external image kept purely as secondary cross-reference.
img_9b1bf145e3d1,https://enterprise.saioautomotive.com/backend/assets/uploads/products/SjJLZnRqMXl2LzhBWlRUbk4wRHhBUT09_1745305703_0.jpg,,320/09470 | 320/03310 | 320/03270 | 320/09338,https://www.antheautoparts.com/product-details/bearing-big-end-std-mas20-320-09470-320-03310-320-03270-320-09338-jcb-parts,320/09470,320-09470-big-end-bearing-kit-std-48-bs3,placeholder_image,false,FLAGGED_FOR_RRE_ASSET_GENERATION,RIGHTS_REVIEW_COMPLETE,GENERATE_NEW_RRE_ASSET_FROM_REFERENCE,"External photo serves strictly as a technical visual reference to produce an unbranded, high-resolution RRE International asset."
img_8bae91a43ddb,https://enterprise.saioautomotive.com/backend/assets/uploads/products/VmdoZHU2QWg4ZzF5QVp6Z1M0cHJKUT09_1745305802_0.jpg,,320/09473 | 320/09335,https://www.antheautoparts.com/product-details/kit-bearing-main-standard-320-09473-320-09335-jcb-parts-near-me,320/09473,320-09473-main-bearing-kit-std-48-bs3,source_image,false,RRE_ORIGINAL_AVAILABLE,RIGHTS_REVIEW_COMPLETE,PRESERVE_EXISTING_RRE_ORIGINAL_PHOTO,RRE already possesses an authentic catalog photograph for this SKU; external image kept purely as secondary cross-reference.
img_337aba758d21,https://enterprise.saioautomotive.com/backend/assets/uploads/products/QmVIVStJbElsekFUZmdHWFprRXdFQT09_1745305878_0.jpg,,320/09336 | 320/09474,https://www.antheautoparts.com/product-details/main-bearing-kit-u-s-025mm-320-09336-320-09474-jcb-aftermarket-parts,320/09336,320-09336-mainbrgkit-025,source_image,false,RRE_ORIGINAL_AVAILABLE,RIGHTS_REVIEW_COMPLETE,PRESERVE_EXISTING_RRE_ORIGINAL_PHOTO,RRE already possesses an authentic catalog photograph for this SKU; external image kept purely as secondary cross-reference.
img_92427c84a9f3,https://enterprise.saioautomotive.com/backend/assets/uploads/products/a0dpWDR0MEtsU1d4ZExFbG9jcTcwUT09_1745305936_0.jpg,,320/09475,https://www.antheautoparts.com/product-details/main-bearing-kit-u-s-050mm-320-09475-jcb-parts-online,320/09475,320-09475-main-bearing-kit-05-48-bs3,source_image,false,RRE_ORIGINAL_AVAILABLE,RIGHTS_REVIEW_COMPLETE,PRESERVE_EXISTING_RRE_ORIGINAL_PHOTO,RRE already possesses an authentic catalog photograph for this SKU; external image kept purely as secondary cross-reference.
img_339eee465a2e,https://enterprise.saioautomotive.com/backend/assets/uploads/products/dDlEb0UreGtyUTBtVW03akVwdEg1UT09_1745305984_0.jpg,,320/09661,https://www.antheautoparts.com/product-details/starter-motor-12v-jcb-diesel-max-engine-320-09661-jcb-parts-catalog,320/09661,320-09661-starter-motor-bosch-3857gr012v,source_image,false,RRE_ORIGINAL_AVAILABLE,RIGHTS_REVIEW_COMPLETE,PRESERVE_EXISTING_RRE_ORIGINAL_PHOTO,RRE already possesses an authentic catalog photograph for this SKU; external image kept purely as secondary cross-reference.
img_526ea3ea0af8,https://enterprise.saioautomotive.com/backend/assets/uploads/products/T2p6ei9wSEYrcHUzZXFURkZ1UlhFUT09_1745306034_0.jpg,,332/C0010,https://www.antheautoparts.com/product-details/connector-quick-connect-90-deg-332-c0010-jcb-spare-parts,332/C0010,332-c0010-quick-connector,source_image,false,RRE_ORIGINAL_AVAILABLE,RIGHTS_REVIEW_COMPLETE,PRESERVE_EXISTING_RRE_ORIGINAL_PHOTO,RRE already possesses an authentic catalog photograph for this SKU; external image kept purely as secondary cross-reference.
img_eef4d34c540e,https://enterprise.saioautomotive.com/backend/assets/uploads/products/SFZjZWlCR2hDaXBwWm5aT2hDREJpQT09_1745306085_0.jpg,,332/C4382,https://www.antheautoparts.com/product-details/hose-scavenge-332-c4382-jcb-parts,332/C4382,332-c4382-scavenge-hose,source_image,false,RRE_ORIGINAL_AVAILABLE,RIGHTS_REVIEW_COMPLETE,PRESERVE_EXISTING_RRE_ORIGINAL_PHOTO,RRE already possesses an authentic catalog photograph for this SKU; external image kept purely as secondary cross-reference.
img_673dece1856b,https://enterprise.saioautomotive.com/backend/assets/uploads/products/WXluaDlFUmhGZkE5QklPMjUxTENRUT09_1745306136_0.jpg,,477/00223,https://www.antheautoparts.com/product-details/expansion-bottle-cap-477-00223-replacement-jcb-parts,477/00223,477-00223-pressure-cap-1bar,source_image,false,RRE_ORIGINAL_AVAILABLE,RIGHTS_REVIEW_COMPLETE,PRESERVE_EXISTING_RRE_ORIGINAL_PHOTO,RRE already possesses an authentic catalog photograph for this SKU; external image kept purely as secondary cross-reference.
img_694e1e10b2d6,https://enterprise.saioautomotive.com/backend/assets/uploads/products/Zm1oYmlPTUQzRDFxeTZwb1JFMWhsQT09_1745306185_0.jpg,,550/42607,https://www.antheautoparts.com/product-details/water-pump-jcb-kirloskar-engine-550-42607-jcb-parts-catalog,550/42607,550-42607-water-pump-assly,source_image,false,RRE_ORIGINAL_AVAILABLE,RIGHTS_REVIEW_COMPLETE,PRESERVE_EXISTING_RRE_ORIGINAL_PHOTO,RRE already possesses an authentic catalog photograph for this SKU; external image kept purely as secondary cross-reference.
img_ba33e51f6a74,https://enterprise.saioautomotive.com/backend/assets/uploads/products/dGFPeUhxVEhlQXBtM3gzUlhmSTlzUT09_1745306232_0.jpg,,649/51777,https://www.antheautoparts.com/product-details/diesel-fuel-hose-649-51777-jcb-spare-parts,649/51777,649-51777-fuel-line,source_image,false,RRE_ORIGINAL_AVAILABLE,RIGHTS_REVIEW_COMPLETE,PRESERVE_EXISTING_RRE_ORIGINAL_PHOTO,RRE already possesses an authentic catalog photograph for this SKU; external image kept purely as secondary cross-reference.
img_3ab8d599626a,https://enterprise.saioautomotive.com/backend/assets/uploads/products/eGthN0lyU0xpM1BBUWNXVlBLTHczdz09_1745306276_0.jpg,,834/10764,https://www.antheautoparts.com/product-details/hose-hydraulic-oil-cooler-834-10764-jcb-spare-parts-dealer,834/10764,834-10764-hose-band,source_image,false,RRE_ORIGINAL_AVAILABLE,RIGHTS_REVIEW_COMPLETE,PRESERVE_EXISTING_RRE_ORIGINAL_PHOTO,RRE already possesses an authentic catalog photograph for this SKU; external image kept purely as secondary cross-reference.
img_0b2310277238,https://enterprise.saioautomotive.com/backend/assets/uploads/products/eTZZL2ViUFZrUTlaL2t6TkFjeFhIZz09_1745306363_0.jpg,,02/202411,https://www.antheautoparts.com/product-details/connector-water-outlet-02-202411-jcb-spare-parts-dealer,02/202411,02-202411-connector,source_image,false,RRE_ORIGINAL_AVAILABLE,RIGHTS_REVIEW_COMPLETE,PRESERVE_EXISTING_RRE_ORIGINAL_PHOTO,RRE already possesses an authentic catalog photograph for this SKU; external image kept purely as secondary cross-reference.
img_6e9f4b9094f8,https://enterprise.saioautomotive.com/backend/assets/uploads/products/TGc0clN1L0RxMDd1azcvSGY3eWYwZz09_1745306473_0.jpg,,320/08623 | 320/08624,https://www.antheautoparts.com/product-details/pulley-320-08623-320-08624-jcb-parts-near-me,320/08624,320-08624-idler-assy-non-a-c-abi,source_image,false,RRE_ORIGINAL_AVAILABLE,RIGHTS_REVIEW_COMPLETE,PRESERVE_EXISTING_RRE_ORIGINAL_PHOTO,RRE already possesses an authentic catalog photograph for this SKU; external image kept purely as secondary cross-reference.
img_e6b7bb85178f,https://enterprise.saioautomotive.com/backend/assets/uploads/products/T0xQSkhQaWRhSzIvOFoxQVVPa2puZz09_1745306535_0.jpg,,02/203184,https://www.antheautoparts.com/product-details/thermostat-02-203184-jcb-aftermarket-parts,02/203184,02-203184-connector,source_image,false,RRE_ORIGINAL_AVAILABLE,RIGHTS_REVIEW_COMPLETE,PRESERVE_EXISTING_RRE_ORIGINAL_PHOTO,RRE already possesses an authentic catalog photograph for this SKU; external image kept purely as secondary cross-reference.
img_39d0e22c446c,https://enterprise.saioautomotive.com/backend/assets/uploads/products/WXJqTkN4QmFId2R1RjhpVysyRldzdz09_1745306588_0.jpg,,320/08628,https://www.antheautoparts.com/product-details/tensioner-pulley-320-08628-jcb-parts-near-me,N/A,N/A,N/A,false,UNMATCHED_EXTERNAL_REFERENCE,RIGHTS_REVIEW_COMPLETE,STAGED_AS_TECHNICAL_REFERENCE,External part not currently in RRE master catalog. Image staged in reference archive.
img_fa2069ae8399,https://enterprise.saioautomotive.com/backend/assets/uploads/products/WSs5VFVBZVZmbDJWY3ByRjcramZTQT09_1745306638_0.jpg,,4133L507,https://www.antheautoparts.com/product-details/thermostat-for-parkins-engine-4133l507-jcb-parts-catalog,N/A,N/A,N/A,false,UNMATCHED_EXTERNAL_REFERENCE,RIGHTS_REVIEW_COMPLETE,STAGED_AS_TECHNICAL_REFERENCE,External part not currently in RRE master catalog. Image staged in reference archive.
img_39dce2aafb1b,https://enterprise.saioautomotive.com/backend/assets/uploads/products/Nlh0NWpvR09MaXJsWW5GSEVDWE9JZz09_1745306681_0.jpg,,123/05911 | 262/36800 | 30/925526,https://www.antheautoparts.com/product-details/perkins-engine-20-cooling-fan-with-10-blade-123-05911-262-36800-30-925526-jcb-genuine-parts,123/05911,123-05911-fan-21,source_image,false,RRE_ORIGINAL_AVAILABLE,RIGHTS_REVIEW_COMPLETE,PRESERVE_EXISTING_RRE_ORIGINAL_PHOTO,RRE already possesses an authentic catalog photograph for this SKU; external image kept purely as secondary cross-reference.
img_4b72853e7dbe,https://enterprise.saioautomotive.com/backend/assets/uploads/products/OCt4VDNKZTdNTGMrK01lc0FPTzdyZz09_1745306727_0.jpg,,320/06047,https://www.antheautoparts.com/product-details/turbocharger-320-06047-jcb-genuine-parts,320/06047,320-06047-turbocharger-68-74-kw,source_image,false,RRE_ORIGINAL_AVAILABLE,RIGHTS_REVIEW_COMPLETE,PRESERVE_EXISTING_RRE_ORIGINAL_PHOTO,RRE already possesses an authentic catalog photograph for this SKU; external image kept purely as secondary cross-reference.
img_2100104a14a7,https://enterprise.saioautomotive.com/backend/assets/uploads/products/eE9MS0Jmd1RyN1YySlFBMHllODI1dz09_1745310695_0.jpg,,320/01802,https://www.antheautoparts.com/product-details/cylinder-block-444-dieselmax-320-01802-jcb-parts-catalog,N/A,N/A,N/A,false,UNMATCHED_EXTERNAL_REFERENCE,RIGHTS_REVIEW_COMPLETE,STAGED_AS_TECHNICAL_REFERENCE,External part not currently in RRE master catalog. Image staged in reference archive.
img_54d0c06036a5,https://enterprise.saioautomotive.com/backend/assets/uploads/products/NE42ZjBRTXBZRmlhZTZyT3k0cjRXdz09_1745306960_0.jpg,,331/45908,https://www.antheautoparts.com/product-details/fuel-cap-cover-with-2-key-331-45908-jcb-parts-catalog,N/A,N/A,N/A,false,UNMATCHED_EXTERNAL_REFERENCE,RIGHTS_REVIEW_COMPLETE,STAGED_AS_TECHNICAL_REFERENCE,External part not currently in RRE master catalog. Image staged in reference archive.
img_90ec38b19802,https://enterprise.saioautomotive.com/backend/assets/uploads/products/em9FNkx0dWY5MFIzVFBjT3VMaHZtZz09_1745307065_0.jpg,,128/15480,https://www.antheautoparts.com/product-details/water-tank-128-15480-jcb-genuine-parts,128/15480,128-15480-abi-expansion-tank,source_image,false,RRE_ORIGINAL_AVAILABLE,RIGHTS_REVIEW_COMPLETE,PRESERVE_EXISTING_RRE_ORIGINAL_PHOTO,RRE already possesses an authentic catalog photograph for this SKU; external image kept purely as secondary cross-reference.
img_dedde9fb20e2,https://enterprise.saioautomotive.com/backend/assets/uploads/products/VDc5TkROUnpHYzlkanlvYUZsK203UT09_1745309114_0.jpg,,320/08530,https://www.antheautoparts.com/product-details/pulley-320-08530-jcb-parts-online,320/08530,320-08530-idler-pulleyaircon,source_image,false,RRE_ORIGINAL_AVAILABLE,RIGHTS_REVIEW_COMPLETE,PRESERVE_EXISTING_RRE_ORIGINAL_PHOTO,RRE already possesses an authentic catalog photograph for this SKU; external image kept purely as secondary cross-reference.
img_74b8103a1b78,https://enterprise.saioautomotive.com/backend/assets/uploads/products/NWp0dlU3Uk9OdkYvbVVSamYwQ1djZz09_1745309187_0.jpg,,126/02237,https://www.antheautoparts.com/product-details/bottle-tank-cooling-system-126-02237-jcb-parts,N/A,N/A,N/A,false,UNMATCHED_EXTERNAL_REFERENCE,RIGHTS_REVIEW_COMPLETE,STAGED_AS_TECHNICAL_REFERENCE,External part not currently in RRE master catalog. Image staged in reference archive.
img_9cff92f0e444,https://enterprise.saioautomotive.com/backend/assets/uploads/products/YWtUbDRGZ1VlS3U4U2hlWjBrUnpSUT09_1745309311_0.jpg,,332/U7589,https://www.antheautoparts.com/product-details/expansion-tank-332-u7589-jcb-parts,332/U7589,332-u7589-expansion-tank-abi-426-to-456,source_image,false,RRE_ORIGINAL_AVAILABLE,RIGHTS_REVIEW_COMPLETE,PRESERVE_EXISTING_RRE_ORIGINAL_PHOTO,RRE already possesses an authentic catalog photograph for this SKU; external image kept purely as secondary cross-reference.
img_e696686d8775,https://enterprise.saioautomotive.com/backend/assets/uploads/products/RGhIUTltQTBDcTB3cDVnZlpZUnVKdz09_1745309446_0.jpg,,02/103618,https://www.antheautoparts.com/product-details/turbocharger-02-103618-jcb-parts-online,N/A,N/A,N/A,false,UNMATCHED_EXTERNAL_REFERENCE,RIGHTS_REVIEW_COMPLETE,STAGED_AS_TECHNICAL_REFERENCE,External part not currently in RRE master catalog. Image staged in reference archive.
img_bbd60a6b6454,https://enterprise.saioautomotive.com/backend/assets/uploads/products/YnFMVWRvdm5LMnEvMVBoTmthUGk4UT09_1745309536_0.jpg,,320/08610,https://www.antheautoparts.com/product-details/alternator-12-volt-320-08610-jcb-parts-catalog,320/08610,320-08610-alternator12v-95a,source_image,false,RRE_ORIGINAL_AVAILABLE,RIGHTS_REVIEW_COMPLETE,PRESERVE_EXISTING_RRE_ORIGINAL_PHOTO,RRE already possesses an authentic catalog photograph for this SKU; external image kept purely as secondary cross-reference.
img_baf3c6ef46fe,https://enterprise.saioautomotive.com/backend/assets/uploads/products/Nm14NkFWNUprWnB3V200aEtzL3I4dz09_1745309621_0.jpg,,320/02611,https://www.antheautoparts.com/product-details/injector-sleeve-320-02611-jcb-spare-parts-dealer,320/02611,320-02611-injector-sleeve-steel,source_image,false,RRE_ORIGINAL_AVAILABLE,RIGHTS_REVIEW_COMPLETE,PRESERVE_EXISTING_RRE_ORIGINAL_PHOTO,RRE already possesses an authentic catalog photograph for this SKU; external image kept purely as secondary cross-reference.
img_815637864059,https://enterprise.saioautomotive.com/backend/assets/uploads/products/TG9IZlBKOUZTTTJLa0xBY0R3aEJNQT09_1745309673_0.jpg,,320/03040,https://www.antheautoparts.com/product-details/connecting-rod-bolt-320-03040-jcb-spare-parts-dealer,320/03040,320-03040-bolt-m10x57-connecting-rod,source_image,false,RRE_ORIGINAL_AVAILABLE,RIGHTS_REVIEW_COMPLETE,PRESERVE_EXISTING_RRE_ORIGINAL_PHOTO,RRE already possesses an authentic catalog photograph for this SKU; external image kept purely as secondary cross-reference.
img_72b9b5fd67fe,https://enterprise.saioautomotive.com/backend/assets/uploads/products/bjluaUlBd0tYWkRRU2ppdE1OUklqQT09_1745309740_0.jpg,,320/02608,https://www.antheautoparts.com/product-details/head-gasket-444-320-02608-jcb-parts-near-me,320/02608,320-02608-gasketcylinderheadaltno320-02616,source_image,false,RRE_ORIGINAL_AVAILABLE,RIGHTS_REVIEW_COMPLETE,PRESERVE_EXISTING_RRE_ORIGINAL_PHOTO,RRE already possesses an authentic catalog photograph for this SKU; external image kept purely as secondary cross-reference.
img_c8b95704d6ed,https://enterprise.saioautomotive.com/backend/assets/uploads/products/,,320/09469,https://www.antheautoparts.com/product-details/piston-rings-o-s-50mm-kit-320-09469-jcb-parts,320/09469,320-09469-piston-ring-kit-05-48-bs3,placeholder_image,false,FLAGGED_FOR_RRE_ASSET_GENERATION,RIGHTS_REVIEW_COMPLETE,GENERATE_NEW_RRE_ASSET_FROM_REFERENCE,"External photo serves strictly as a technical visual reference to produce an unbranded, high-resolution RRE International asset."
img_c8b95704d6ed,https://enterprise.saioautomotive.com/backend/assets/uploads/products/,,320/09472 | 320/03312,https://www.antheautoparts.com/product-details/big-end-bearing-kit-u-s-05mm-320-09472-320-03312-jcb-parts-catalog,320/09472,320-09472-big-end-bearing-kit-05-48-bs3,placeholder_image,false,FLAGGED_FOR_RRE_ASSET_GENERATION,RIGHTS_REVIEW_COMPLETE,GENERATE_NEW_RRE_ASSET_FROM_REFERENCE,"External photo serves strictly as a technical visual reference to produce an unbranded, high-resolution RRE International asset."
img_c8b95704d6ed,https://enterprise.saioautomotive.com/backend/assets/uploads/products/,,,https://www.antheautoparts.com/product-details/oil-pump-abi-for-jcb-engine-replacement-jcb-parts,N/A,N/A,N/A,false,UNMATCHED_EXTERNAL_REFERENCE,RIGHTS_REVIEW_COMPLETE,STAGED_AS_TECHNICAL_REFERENCE,External part not currently in RRE master catalog. Image staged in reference archive.
img_c8b95704d6ed,https://enterprise.saioautomotive.com/backend/assets/uploads/products/,,320/09382,https://www.antheautoparts.com/product-details/top-gasket-444-engine-320-09382-jcb-parts-near-me,320/09382,320-09382-top-gasket-kit-mec,placeholder_image,false,FLAGGED_FOR_RRE_ASSET_GENERATION,RIGHTS_REVIEW_COMPLETE,GENERATE_NEW_RRE_ASSET_FROM_REFERENCE,"External photo serves strictly as a technical visual reference to produce an unbranded, high-resolution RRE International asset."
img_c8b95704d6ed,https://enterprise.saioautomotive.com/backend/assets/uploads/products/,,333/Y7029,https://www.antheautoparts.com/product-details/pump-fuel-transfer-333-y7029-replacement-jcb-parts,333/Y7029,333-y7029-pump-fuel-transfer,placeholder_image,false,FLAGGED_FOR_RRE_ASSET_GENERATION,RIGHTS_REVIEW_COMPLETE,GENERATE_NEW_RRE_ASSET_FROM_REFERENCE,"External photo serves strictly as a technical visual reference to produce an unbranded, high-resolution RRE International asset."
img_c8b95704d6ed,https://enterprise.saioautomotive.com/backend/assets/uploads/products/,,320/A3103 | 320/03440 | 320/03431 | 320/09201,https://www.antheautoparts.com/product-details/crankshaft-320-a3103-320-03440-320-03431-320-09201-jcb-spare-parts,320/03440,320-03440-crankshaftmachining444lt,placeholder_image,false,FLAGGED_FOR_RRE_ASSET_GENERATION,RIGHTS_REVIEW_COMPLETE,GENERATE_NEW_RRE_ASSET_FROM_REFERENCE,"External photo serves strictly as a technical visual reference to produce an unbranded, high-resolution RRE International asset."
img_c8b95704d6ed,https://enterprise.saioautomotive.com/backend/assets/uploads/products/,,,https://www.antheautoparts.com/product-details/hose-scavenge-jcb-spare-parts,N/A,N/A,N/A,false,UNMATCHED_EXTERNAL_REFERENCE,RIGHTS_REVIEW_COMPLETE,STAGED_AS_TECHNICAL_REFERENCE,External part not currently in RRE master catalog. Image staged in reference archive.
img_6e40ed6c1e3f,https://enterprise.saioautomotive.com/backend/assets/uploads/products/R3pENitSVXI1MlVzYm5LODB6cWg0Zz09_1745317659_0.jpg,,02/100073,https://www.antheautoparts.com/product-details/oil-filter-jcb-engine-02-100073-jcb-genuine-parts,02/100073,02-100073-filterelement,source_image,false,RRE_ORIGINAL_AVAILABLE,RIGHTS_REVIEW_COMPLETE,PRESERVE_EXISTING_RRE_ORIGINAL_PHOTO,RRE already possesses an authentic catalog photograph for this SKU; external image kept purely as secondary cross-reference.
img_25b34e791659,https://enterprise.saioautomotive.com/backend/assets/uploads/products/dTA1YmhuNHBrRGg2NXJJYk1FWGNuUT09_1745317804_0.jpg,,02/100284,https://www.antheautoparts.com/product-details/oil-filter-02-100284-jcb-parts-online,02/100284,02-100284-oil-filter,source_image,false,RRE_ORIGINAL_AVAILABLE,RIGHTS_REVIEW_COMPLETE,PRESERVE_EXISTING_RRE_ORIGINAL_PHOTO,RRE already possesses an authentic catalog photograph for this SKU; external image kept purely as secondary cross-reference.
img_e037a674d9a2,https://enterprise.saioautomotive.com/backend/assets/uploads/products/cnF6Q0Vobkc1MktqYjVFUEFzam1QUT09_1745317976_0.jpg,,126/12800,https://www.antheautoparts.com/product-details/precleaner-assembly-126-12800-jcb-spares,126/12800,126-12800-ind-pre-cle-ga,source_image,false,RRE_ORIGINAL_AVAILABLE,RIGHTS_REVIEW_COMPLETE,PRESERVE_EXISTING_RRE_ORIGINAL_PHOTO,RRE already possesses an authentic catalog photograph for this SKU; external image kept purely as secondary cross-reference.
img_5276bf1501fa,https://enterprise.saioautomotive.com/backend/assets/uploads/products/OFg4elhKQXZRZzNXWmpRTVpjOGw1UT09_1745318034_0.jpg,,32/901100,https://www.antheautoparts.com/product-details/hydraulic-filter-strainer-32-901100-jcb-parts-catalog,32/901100,32-901100-strainer,source_image,false,RRE_ORIGINAL_AVAILABLE,RIGHTS_REVIEW_COMPLETE,PRESERVE_EXISTING_RRE_ORIGINAL_PHOTO,RRE already possesses an authentic catalog photograph for this SKU; external image kept purely as secondary cross-reference.
img_15f42adb9706,https://enterprise.saioautomotive.com/backend/assets/uploads/products/ZWg4UjNxRHFBZ3dmamRMTTc2TGltZz09_1745318077_0.jpg,,32/902200,https://www.antheautoparts.com/product-details/strainer-suction-transmission-32-902200-jcb-parts-near-me,32/902200,32-902200-suction-strainer,source_image,false,RRE_ORIGINAL_AVAILABLE,RIGHTS_REVIEW_COMPLETE,PRESERVE_EXISTING_RRE_ORIGINAL_PHOTO,RRE already possesses an authentic catalog photograph for this SKU; external image kept purely as secondary cross-reference.
img_c886c2169d51,https://enterprise.saioautomotive.com/backend/assets/uploads/products/UVc4Qm9BNURjWk53SER6NzgxQ0ZvQT09_1745318335_0.jpg,,32/903101 | 32/903102,https://www.antheautoparts.com/product-details/precleaner-cap-with-nut-32-903101-32-903102-jcb-aftermarket-parts,32/903101,32-903101-cover,source_image,false,RRE_ORIGINAL_AVAILABLE,RIGHTS_REVIEW_COMPLETE,PRESERVE_EXISTING_RRE_ORIGINAL_PHOTO,RRE already possesses an authentic catalog photograph for this SKU; external image kept purely as secondary cross-reference.
img_ad383d5b6122,https://enterprise.saioautomotive.com/backend/assets/uploads/products/QTVrS0NHUHM5WnZqbC9Vb1ltWTJmUT09_1745318375_0.jpg,,32/903103,https://www.antheautoparts.com/product-details/precleaner-bowl-32-903103-jcb-genuine-parts,32/903103,32-903103-bowlairfilter,source_image,false,RRE_ORIGINAL_AVAILABLE,RIGHTS_REVIEW_COMPLETE,PRESERVE_EXISTING_RRE_ORIGINAL_PHOTO,RRE already possesses an authentic catalog photograph for this SKU; external image kept purely as secondary cross-reference.
img_829cfd257cac,https://enterprise.saioautomotive.com/backend/assets/uploads/products/dUx2eGNHZmp0SGVkeHZlR0lEUFBZUT09_1745318433_0.jpg,,32/904200,https://www.antheautoparts.com/product-details/hydraulic-element-filter-125-micron-32-904200-jcb-spare-parts,32/904200,32-904200-suctionstrainer,source_image,false,RRE_ORIGINAL_AVAILABLE,RIGHTS_REVIEW_COMPLETE,PRESERVE_EXISTING_RRE_ORIGINAL_PHOTO,RRE already possesses an authentic catalog photograph for this SKU; external image kept purely as secondary cross-reference.
img_1e43e1a2f9fe,https://enterprise.saioautomotive.com/backend/assets/uploads/products/VTRJYzRBN3l3eTFld3VwbDYxclBRUT09_1745318531_0.jpg,,32/904709,https://www.antheautoparts.com/product-details/plastic-fuel-sediment-bowl-32-904709-jcb-spare-parts-dealer,32/904709,32-904709-bowlassy,source_image,false,RRE_ORIGINAL_AVAILABLE,RIGHTS_REVIEW_COMPLETE,PRESERVE_EXISTING_RRE_ORIGINAL_PHOTO,RRE already possesses an authentic catalog photograph for this SKU; external image kept purely as secondary cross-reference.
img_ccd2fda40a16,https://enterprise.saioautomotive.com/backend/assets/uploads/products/Zlc2bVovVzlHdld6YzZTWDhiYzBkZz09_1745318600_0.jpg,,32/908100,https://www.antheautoparts.com/product-details/hydraulic-tank-filter-strainer-32-908100-jcb-spare-parts,N/A,N/A,N/A,false,UNMATCHED_EXTERNAL_REFERENCE,RIGHTS_REVIEW_COMPLETE,STAGED_AS_TECHNICAL_REFERENCE,External part not currently in RRE master catalog. Image staged in reference archive.
img_228b1ddf23d4,https://enterprise.saioautomotive.com/backend/assets/uploads/products/MnUzb2RmM0hBY2htYjNVZThoZlJwQT09_1745318643_0.jpg,,32/910100,https://www.antheautoparts.com/product-details/hydraulic-filter-32-910100-jcb-genuine-parts,N/A,N/A,N/A,false,UNMATCHED_EXTERNAL_REFERENCE,RIGHTS_REVIEW_COMPLETE,STAGED_AS_TECHNICAL_REFERENCE,External part not currently in RRE master catalog. Image staged in reference archive.
img_8b17b956ce26,https://enterprise.saioautomotive.com/backend/assets/uploads/products/RWpVUzdSMjdWaHRkMmFrY2d1V252QT09_1745318693_0.jpg,,32/912001,https://www.antheautoparts.com/product-details/fuel-filter-32-912001-jcb-spare-parts-dealer,32/912001,32-912001-element-fuel,source_image,false,RRE_ORIGINAL_AVAILABLE,RIGHTS_REVIEW_COMPLETE,PRESERVE_EXISTING_RRE_ORIGINAL_PHOTO,RRE already possesses an authentic catalog photograph for this SKU; external image kept purely as secondary cross-reference.
img_749e7bb061ee,https://enterprise.saioautomotive.com/backend/assets/uploads/products/M04vcWR1ZG1CNFN4UERGbExGU1BOUT09_1745318790_0.jpg,,32/913500 | 32/925346,https://www.antheautoparts.com/product-details/hydraulic-filter-32-913500-32-925346-jcb-parts-online,32/925346,32-925346-filter-element-12u-pq416,source_image,false,RRE_ORIGINAL_AVAILABLE,RIGHTS_REVIEW_COMPLETE,PRESERVE_EXISTING_RRE_ORIGINAL_PHOTO,RRE already possesses an authentic catalog photograph for this SKU; external image kept purely as secondary cross-reference.
img_ad29bb8ea3a3,https://enterprise.saioautomotive.com/backend/assets/uploads/products/NE43NEFENzJ0Wms5aDNOTVNTVldYQT09_1745318842_0.jpg,,32/914300 | 32/903100,https://www.antheautoparts.com/product-details/precleaner-assembly-32-914300-32-903100-jcb-spare-parts-dealer,32/914300,32-914300-precleaner,source_image,false,RRE_ORIGINAL_AVAILABLE,RIGHTS_REVIEW_COMPLETE,PRESERVE_EXISTING_RRE_ORIGINAL_PHOTO,RRE already possesses an authentic catalog photograph for this SKU; external image kept purely as secondary cross-reference.
img_8f6c65becf4c,https://enterprise.saioautomotive.com/backend/assets/uploads/products/RW1GbTJiOVgrV3dWeXhUSGdIV1Ezdz09_1745318903_0.jpg,,32/915500,https://www.antheautoparts.com/product-details/transmission-oil-filter-120mm-long-32-915500-jcb-spares,32/915500,32-915500-suction-element,source_image,false,RRE_ORIGINAL_AVAILABLE,RIGHTS_REVIEW_COMPLETE,PRESERVE_EXISTING_RRE_ORIGINAL_PHOTO,RRE already possesses an authentic catalog photograph for this SKU; external image kept purely as secondary cross-reference.
img_6b987ebfcefd,https://enterprise.saioautomotive.com/backend/assets/uploads/products/MFFhbVl5SXJkc2NJanJnaGwwc1puUT09_1745318968_0.jpg,,32/915800 | 32/920200,https://www.antheautoparts.com/product-details/air-filter-housing-32-915800-32-920200-replacement-jcb-parts,32/920200,32-920200-filterassemblya,source_image,false,RRE_ORIGINAL_AVAILABLE,RIGHTS_REVIEW_COMPLETE,PRESERVE_EXISTING_RRE_ORIGINAL_PHOTO,RRE already possesses an authentic catalog photograph for this SKU; external image kept purely as secondary cross-reference.
img_6ebc51868815,https://enterprise.saioautomotive.com/backend/assets/uploads/products/SnBqem9MMldOY0hKckFzUDVsczVaQT09_1745319041_0.jpg,,32/915801,https://www.antheautoparts.com/product-details/inner-air-filter-for-project-12-32-915801-jcb-spares,32/915801,32-915801-aircleanerelementsafety-outer-pc,source_image,false,RRE_ORIGINAL_AVAILABLE,RIGHTS_REVIEW_COMPLETE,PRESERVE_EXISTING_RRE_ORIGINAL_PHOTO,RRE already possesses an authentic catalog photograph for this SKU; external image kept purely as secondary cross-reference.
img_ac41f40bc0e5,https://enterprise.saioautomotive.com/backend/assets/uploads/products/dlkvZ290R2UwY3FNQ1o2VmhhV3M0QT09_1745319099_0.jpg,,32/915801 | 32/915802,https://www.antheautoparts.com/product-details/air-filter-element-set-inner-outer-32-915801-32-915802-jcb-spare-parts-dealer,32/915801,32-915801-aircleanerelementsafety-outer-pc,source_image,false,RRE_ORIGINAL_AVAILABLE,RIGHTS_REVIEW_COMPLETE,PRESERVE_EXISTING_RRE_ORIGINAL_PHOTO,RRE already possesses an authentic catalog photograph for this SKU; external image kept purely as secondary cross-reference.
img_79cef003918a,https://enterprise.saioautomotive.com/backend/assets/uploads/products/bXIzMUN1aGI4dmNDaFZLTG1LUVRHUT09_1745319200_0.jpg,,32/915802,https://www.antheautoparts.com/product-details/outer-air-filter-for-project-12-32-915802-jcb-parts-online,32/915802,32-915802-aircleanerelementmain-outer-pc,source_image,false,RRE_ORIGINAL_AVAILABLE,RIGHTS_REVIEW_COMPLETE,PRESERVE_EXISTING_RRE_ORIGINAL_PHOTO,RRE already possesses an authentic catalog photograph for this SKU; external image kept purely as secondary cross-reference.
img_02881340c1a1,https://enterprise.saioautomotive.com/backend/assets/uploads/products/S2lnbm56bG5EWEFKTktRcXE1TUhqUT09_1745319262_0.jpg,,32/916800,https://www.antheautoparts.com/product-details/precleaner-assembly-32-916800-jcb-parts-near-me,N/A,N/A,N/A,false,UNMATCHED_EXTERNAL_REFERENCE,RIGHTS_REVIEW_COMPLETE,STAGED_AS_TECHNICAL_REFERENCE,External part not currently in RRE master catalog. Image staged in reference archive.
img_b39298f760db,https://enterprise.saioautomotive.com/backend/assets/uploads/products/U0FFRjlVTGQ3N3JpdVhVWWpHaS9zQT09_1745319320_0.jpg,,32/920300,https://www.antheautoparts.com/product-details/hydraulic-filter-element-suction-32-920300-jcb-parts-near-me,32/920300,32-920300-hydraulic-strainer,source_image,false,RRE_ORIGINAL_AVAILABLE,RIGHTS_REVIEW_COMPLETE,PRESERVE_EXISTING_RRE_ORIGINAL_PHOTO,RRE already possesses an authentic catalog photograph for this SKU; external image kept purely as secondary cross-reference.
img_21f75ff8dbd0,https://enterprise.saioautomotive.com/backend/assets/uploads/products/TnhYQkZzNmVKVmE3NVlxUVhNZ2drQT09_1745319364_0.jpg,,32/922300,https://www.antheautoparts.com/product-details/filter-fuel-pre-filter-32-922300-replacement-jcb-parts,32/922300,32-922300-filter-fuel-pre-filt,source_image,false,RRE_ORIGINAL_AVAILABLE,RIGHTS_REVIEW_COMPLETE,PRESERVE_EXISTING_RRE_ORIGINAL_PHOTO,RRE already possesses an authentic catalog photograph for this SKU; external image kept purely as secondary cross-reference.
img_ed796c701a59,https://enterprise.saioautomotive.com/backend/assets/uploads/products/bDU1bkhwbHdwK2lOaFYyVlFVNGZzQT09_1745319417_0.jpg,,32/925682,https://www.antheautoparts.com/product-details/air-filter-element-main-32-925682-jcb-spares,32/925682,32-925682-element-airpq145,source_image,false,RRE_ORIGINAL_AVAILABLE,RIGHTS_REVIEW_COMPLETE,PRESERVE_EXISTING_RRE_ORIGINAL_PHOTO,RRE already possesses an authentic catalog photograph for this SKU; external image kept purely as secondary cross-reference.
img_8fadc6b6d78d,https://enterprise.saioautomotive.com/backend/assets/uploads/products/dEZHUnQ3SWlqTGVRR2dLbWppOEJSQT09_1745319459_0.jpg,,32/925682 | 32/925683,https://www.antheautoparts.com/product-details/air-filters-set-inner-outer-32-925682-32-925683-jcb-parts-catalog,32/925682,32-925682-element-airpq145,source_image,false,RRE_ORIGINAL_AVAILABLE,RIGHTS_REVIEW_COMPLETE,PRESERVE_EXISTING_RRE_ORIGINAL_PHOTO,RRE already possesses an authentic catalog photograph for this SKU; external image kept purely as secondary cross-reference.
img_7fa1a4aa3517,https://enterprise.saioautomotive.com/backend/assets/uploads/products/SDZYY1Q1MW04SmpKVkZ0djlQOERSZz09_1745319503_0.jpg,,32/925683,https://www.antheautoparts.com/product-details/air-filter-element-safety-32-925683-jcb-spare-parts,32/925683,32-925683-safety-element,source_image,false,RRE_ORIGINAL_AVAILABLE,RIGHTS_REVIEW_COMPLETE,PRESERVE_EXISTING_RRE_ORIGINAL_PHOTO,RRE already possesses an authentic catalog photograph for this SKU; external image kept purely as secondary cross-reference.
img_176415d82d90,https://enterprise.saioautomotive.com/backend/assets/uploads/products/MDltbGx6U25sKytjM0hpM3RoaXpxUT09_1745319562_0.jpg,,32/925694,https://www.antheautoparts.com/product-details/element-fuel-filter-primary-sedimenter-32-925694-jcb-parts-catalog,N/A,N/A,N/A,false,UNMATCHED_EXTERNAL_REFERENCE,RIGHTS_REVIEW_COMPLETE,STAGED_AS_TECHNICAL_REFERENCE,External part not currently in RRE master catalog. Image staged in reference archive.
img_907cb6437cf8,https://enterprise.saioautomotive.com/backend/assets/uploads/products/VVdkUVprZGxaL2I2SjUzNzlNcG9rdz09_1745319609_0.jpg,,32/925708,https://www.antheautoparts.com/product-details/fuel-filter-bowl-assembly-32-925708-jcb-parts,32/925708,32-925708-glass-bowl-assy,source_image,false,RRE_ORIGINAL_AVAILABLE,RIGHTS_REVIEW_COMPLETE,PRESERVE_EXISTING_RRE_ORIGINAL_PHOTO,RRE already possesses an authentic catalog photograph for this SKU; external image kept purely as secondary cross-reference.
img_c62ee258cf37,https://enterprise.saioautomotive.com/backend/assets/uploads/products/RUUzK0o4cGwzRTJTNm96dCtmbmxrdz09_1745319700_0.jpg,,32/925994,https://www.antheautoparts.com/product-details/fuel-water-separator-filter-32-925994-jcb-spare-parts-dealer,32/925994,32-925994-elementfiltercartridge30micron,source_image,false,RRE_ORIGINAL_AVAILABLE,RIGHTS_REVIEW_COMPLETE,PRESERVE_EXISTING_RRE_ORIGINAL_PHOTO,RRE already possesses an authentic catalog photograph for this SKU; external image kept purely as secondary cross-reference.
img_d99c015dd763,https://enterprise.saioautomotive.com/backend/assets/uploads/products/R1N6MExDams0c0Rhb3FmbzdvcklUUT09_1745319773_0.jpg,,320/04134,https://www.antheautoparts.com/product-details/engine-oil-filter-320-04134-jcb-parts-near-me,320/04134,320-04134-filter-engine-oil,source_image,false,RRE_ORIGINAL_AVAILABLE,RIGHTS_REVIEW_COMPLETE,PRESERVE_EXISTING_RRE_ORIGINAL_PHOTO,RRE already possesses an authentic catalog photograph for this SKU; external image kept purely as secondary cross-reference.
img_1befeedd2b1c,https://enterprise.saioautomotive.com/backend/assets/uploads/products/bkprcVNvWHZUMTQ1MVRVSTdUNDkzdz09_1745319881_0.jpg,,320/07394 | 320/07155 | 320/07057,https://www.antheautoparts.com/product-details/fuel-filter-for-jcb-engine-320-07394-320-07155-320-07057-jcb-spares,320/07394,320-07394-fuel-maint-filter-5-micron,source_image,false,RRE_ORIGINAL_AVAILABLE,RIGHTS_REVIEW_COMPLETE,PRESERVE_EXISTING_RRE_ORIGINAL_PHOTO,RRE already possesses an authentic catalog photograph for this SKU; external image kept purely as secondary cross-reference.
img_c6c40cced1f0,https://enterprise.saioautomotive.com/backend/assets/uploads/products/NHdNVWkwc01EVjd0eWpscTBnMllWUT09_1745319989_0.jpg,,320/A7088 320/07068 320/07280,https://www.antheautoparts.com/product-details/fuel-filter-assembly-30-320-a7088-320-07068-320-07280-jcb-parts-near-me,N/A,N/A,N/A,false,UNMATCHED_EXTERNAL_REFERENCE,RIGHTS_REVIEW_COMPLETE,STAGED_AS_TECHNICAL_REFERENCE,External part not currently in RRE master catalog. Image staged in reference archive.
img_dd90358ac5f1,https://enterprise.saioautomotive.com/backend/assets/uploads/products/RVR4aUhXeVBxclpsRkptamlhNEdRdz09_1745320062_0.jpg,,40/300893,https://www.antheautoparts.com/product-details/hydraulic-filter-40-300893-replacement-jcb-parts,40/300893,40-300893-filter-element,source_image,false,RRE_ORIGINAL_AVAILABLE,RIGHTS_REVIEW_COMPLETE,PRESERVE_EXISTING_RRE_ORIGINAL_PHOTO,RRE already possesses an authentic catalog photograph for this SKU; external image kept purely as secondary cross-reference.
img_6b51ac88ddb2,https://enterprise.saioautomotive.com/backend/assets/uploads/products/T0xoMTE4MWFmUXhJamEwK3hmdEFRUT09_1745320117_0.jpg,,550/48465,https://www.antheautoparts.com/product-details/element-tank-breather-550-48465-jcb-parts-near-me,N/A,N/A,N/A,false,UNMATCHED_EXTERNAL_REFERENCE,RIGHTS_REVIEW_COMPLETE,STAGED_AS_TECHNICAL_REFERENCE,External part not currently in RRE master catalog. Image staged in reference archive.
img_a0382444dd75,https://enterprise.saioautomotive.com/backend/assets/uploads/products/QkVmVjZpUXF3aFNhNDVWdGI2U29hUT09_1745320174_0.jpg,,581/00012,https://www.antheautoparts.com/product-details/hydraulic-filter-581-00012-jcb-spares,581/00012,581-00012-filterelement,source_image,false,RRE_ORIGINAL_AVAILABLE,RIGHTS_REVIEW_COMPLETE,PRESERVE_EXISTING_RRE_ORIGINAL_PHOTO,RRE already possesses an authentic catalog photograph for this SKU; external image kept purely as secondary cross-reference.
img_108e42fb483c,https://enterprise.saioautomotive.com/backend/assets/uploads/products/a3htYk9SbWkvZHVlWUZza2E1YjJKZz09_1745320284_0.jpg,,581/05607,https://www.antheautoparts.com/product-details/hydraulic-filter-rod-assembly-581-05607-jcb-parts-near-me,N/A,N/A,N/A,false,UNMATCHED_EXTERNAL_REFERENCE,RIGHTS_REVIEW_COMPLETE,STAGED_AS_TECHNICAL_REFERENCE,External part not currently in RRE master catalog. Image staged in reference archive.
img_5619e050b835,https://enterprise.saioautomotive.com/backend/assets/uploads/products/LzFIMklwNjRqTU9zVWZ1V25PaUJEUT09_1745320336_0.jpg,,581/18063 581/M8563,https://www.antheautoparts.com/product-details/transmission-oil-filter-581-18063-581-m8563-jcb-aftermarket-parts,N/A,N/A,N/A,false,UNMATCHED_EXTERNAL_REFERENCE,RIGHTS_REVIEW_COMPLETE,STAGED_AS_TECHNICAL_REFERENCE,External part not currently in RRE master catalog. Image staged in reference archive.
img_a84ca0d3de1e,https://enterprise.saioautomotive.com/backend/assets/uploads/products/bnRhWDZRdUhQczA2YXBlQXVZMUREZz09_1745320468_0.jpg,,581/06301 | 581/05609 | 581/05604 | 581/06302,https://www.antheautoparts.com/product-details/o-ring-kit-for-hydraulic-filter-581-06301-581-05609-581-05604-581-06302-jcb-genuine-parts,581/06301,581-06301-element-filter,source_image,false,RRE_ORIGINAL_AVAILABLE,RIGHTS_REVIEW_COMPLETE,PRESERVE_EXISTING_RRE_ORIGINAL_PHOTO,RRE already possesses an authentic catalog photograph for this SKU; external image kept purely as secondary cross-reference.
img_1acf71531800,https://enterprise.saioautomotive.com/backend/assets/uploads/products/eEphS1hQQW1KUmNPQ1VrVWJuNFJFQT09_1745320661_0.jpg,,332/D6723,https://www.antheautoparts.com/product-details/filter-332-d6723-jcb-parts-near-me,332/D6723,332-d6723-filter-pumpassy,source_image,false,RRE_ORIGINAL_AVAILABLE,RIGHTS_REVIEW_COMPLETE,PRESERVE_EXISTING_RRE_ORIGINAL_PHOTO,RRE already possesses an authentic catalog photograph for this SKU; external image kept purely as secondary cross-reference.
img_e76a1f14bdb1,https://enterprise.saioautomotive.com/backend/assets/uploads/products/d0VRYXR3Zm5jZ3dnKzZSakhGY1FSZz09_1745320735_0.jpg,,320/04133,https://www.antheautoparts.com/product-details/oil-filter-320-04133-jcb-parts-near-me,320/04133,320-04133-filterengine-oil,source_image,false,RRE_ORIGINAL_AVAILABLE,RIGHTS_REVIEW_COMPLETE,PRESERVE_EXISTING_RRE_ORIGINAL_PHOTO,RRE already possesses an authentic catalog photograph for this SKU; external image kept purely as secondary cross-reference.
img_c8b95704d6ed,https://enterprise.saioautomotive.com/backend/assets/uploads/products/,,32/925716,https://www.antheautoparts.com/product-details/filter-air-intake-32-925716-jcb-parts,32/925716,32-925716-intake-airfilter,placeholder_image,false,FLAGGED_FOR_RRE_ASSET_GENERATION,RIGHTS_REVIEW_COMPLETE,GENERATE_NEW_RRE_ASSET_FROM_REFERENCE,"External photo serves strictly as a technical visual reference to produce an unbranded, high-resolution RRE International asset."
img_7d86e1e2ca4f,https://enterprise.saioautomotive.com/backend/assets/uploads/products/NkUrYWlsc2JINlpTeDdPOGVSeDdmUT09_1745320944_0.jpg,,320/07458,https://www.antheautoparts.com/product-details/filter-assembly-320-07458-jcb-aftermarket-parts,320/07458,320-07458-fuelliftpump-filter30micronjs220,source_image,false,RRE_ORIGINAL_AVAILABLE,RIGHTS_REVIEW_COMPLETE,PRESERVE_EXISTING_RRE_ORIGINAL_PHOTO,RRE already possesses an authentic catalog photograph for this SKU; external image kept purely as secondary cross-reference.
img_00396d12e92a,https://enterprise.saioautomotive.com/backend/assets/uploads/products/emJReHpHNSszakpQMVN1ZzhsVnA2QT09_1745321183_0.jpg,,32/926084,https://www.antheautoparts.com/product-details/filter-air-assembly-32-926084-jcb-parts,32/926084,32-926084-filterairinduction-assembly,source_image,false,RRE_ORIGINAL_AVAILABLE,RIGHTS_REVIEW_COMPLETE,PRESERVE_EXISTING_RRE_ORIGINAL_PHOTO,RRE already possesses an authentic catalog photograph for this SKU; external image kept purely as secondary cross-reference.
img_08ae46dcf57f,https://enterprise.saioautomotive.com/backend/assets/uploads/products/S2x0VjFKcGtSZUs4bDFTWk85di9RQT09_1745321241_0.jpg,,32/925140,https://www.antheautoparts.com/product-details/element-filter-32-925140-jcb-parts-online,32/925140,32-925140-plexus-filter,source_image,false,RRE_ORIGINAL_AVAILABLE,RIGHTS_REVIEW_COMPLETE,PRESERVE_EXISTING_RRE_ORIGINAL_PHOTO,RRE already possesses an authentic catalog photograph for this SKU; external image kept purely as secondary cross-reference.
img_2d3b3bea35cb,https://enterprise.saioautomotive.com/backend/assets/uploads/products/ZDRRaE1GVFNpMFpwbkV3d1JBWGVVZz09_1745321301_0.jpg,,32/925915,https://www.antheautoparts.com/product-details/diesel-filter-32-925915-jcb-parts-online,32/925915,32-925915-element-fuel-local-no-32-925994,source_image,false,RRE_ORIGINAL_AVAILABLE,RIGHTS_REVIEW_COMPLETE,PRESERVE_EXISTING_RRE_ORIGINAL_PHOTO,RRE already possesses an authentic catalog photograph for this SKU; external image kept purely as secondary cross-reference.
img_4384ece82063,https://enterprise.saioautomotive.com/backend/assets/uploads/products/NDRGenpwRVpIKzcrRFNnSmFQR01RZz09_1745321677_0.jpg,,32/917804 | 32/917805,https://www.antheautoparts.com/product-details/air-filter-main-safety-32-917804-32-917805-jcb-parts-catalog,32/917804,32-917804-air-elem-main,source_image,false,RRE_ORIGINAL_AVAILABLE,RIGHTS_REVIEW_COMPLETE,PRESERVE_EXISTING_RRE_ORIGINAL_PHOTO,RRE already possesses an authentic catalog photograph for this SKU; external image kept purely as secondary cross-reference.
img_dd107b071db7,https://enterprise.saioautomotive.com/backend/assets/uploads/products/YzB3Wm5hanRNZ1dKYlErTmNaUndUUT09_1745321856_0.jpg,,32/926084,https://www.antheautoparts.com/product-details/filter-air-assembly-32-926084-jcb-parts-near-me,32/926084,32-926084-filterairinduction-assembly,source_image,false,RRE_ORIGINAL_AVAILABLE,RIGHTS_REVIEW_COMPLETE,PRESERVE_EXISTING_RRE_ORIGINAL_PHOTO,RRE already possesses an authentic catalog photograph for this SKU; external image kept purely as secondary cross-reference.
img_bf5eea569f29,https://enterprise.saioautomotive.com/backend/assets/uploads/products/UGU4dkprWnIySFVWd3FieFpoZWpFQT09_1745321918_0.jpg,,32/925140,https://www.antheautoparts.com/product-details/element-filter-32-925140-jcb-parts,32/925140,32-925140-plexus-filter,source_image,false,RRE_ORIGINAL_AVAILABLE,RIGHTS_REVIEW_COMPLETE,PRESERVE_EXISTING_RRE_ORIGINAL_PHOTO,RRE already possesses an authentic catalog photograph for this SKU; external image kept purely as secondary cross-reference.
img_12b3d155d908,https://enterprise.saioautomotive.com/backend/assets/uploads/products/MDNOdmZkeWJIQXB1cUFSc2UveWRuZz09_1745322105_0.jpg,,32/925915,https://www.antheautoparts.com/product-details/diesel-filter-32-925915-jcb-genuine-parts,32/925915,32-925915-element-fuel-local-no-32-925994,source_image,false,RRE_ORIGINAL_AVAILABLE,RIGHTS_REVIEW_COMPLETE,PRESERVE_EXISTING_RRE_ORIGINAL_PHOTO,RRE already possesses an authentic catalog photograph for this SKU; external image kept purely as secondary cross-reference.
img_7945732cbdf3,https://enterprise.saioautomotive.com/backend/assets/uploads/products/dnNVekNzNlF0OGh4V0U4YjMvYVhwUT09_1745322187_0.jpg,,32/917804 | 32/917805,https://www.antheautoparts.com/product-details/air-filter-main-safety-32-917804-32-917805-jcb-parts,32/917804,32-917804-air-elem-main,source_image,false,RRE_ORIGINAL_AVAILABLE,RIGHTS_REVIEW_COMPLETE,PRESERVE_EXISTING_RRE_ORIGINAL_PHOTO,RRE already possesses an authentic catalog photograph for this SKU; external image kept purely as secondary cross-reference.
img_c8c2f85d1b85,https://enterprise.saioautomotive.com/backend/assets/uploads/products/ZXFLN3I3aEw1d2l5QkR4UlNGZTE3Zz09_1745322245_0.jpg,,320/04133 | 320/B4420,https://www.antheautoparts.com/product-details/engine-oil-filter-320-04133-320-b4420-jcb-aftermarket-parts,320/04133,320-04133-filterengine-oil,source_image,false,RRE_ORIGINAL_AVAILABLE,RIGHTS_REVIEW_COMPLETE,PRESERVE_EXISTING_RRE_ORIGINAL_PHOTO,RRE already possesses an authentic catalog photograph for this SKU; external image kept purely as secondary cross-reference.
img_600c390cea5e,https://enterprise.saioautomotive.com/backend/assets/uploads/products/UTdZdUI2bFV0OERqWDREUGdkaUptQT09_1745322328_0.jpg,,320/A7170,https://www.antheautoparts.com/product-details/fuel-filter-320-a7170-jcb-parts,320/A7170,320-a7170-iefuelfilter-eleme-a-1b-07mb-179-08,source_image,false,RRE_ORIGINAL_AVAILABLE,RIGHTS_REVIEW_COMPLETE,PRESERVE_EXISTING_RRE_ORIGINAL_PHOTO,RRE already possesses an authentic catalog photograph for this SKU; external image kept purely as secondary cross-reference.
img_ef7f10c9f20f,https://enterprise.saioautomotive.com/backend/assets/uploads/products/b0J2cVRUaHdLSHZ2RGxtem9Hb1V5UT09_1745322376_0.jpg,,320/A7124,https://www.antheautoparts.com/product-details/fuel-filter-320-a7124-jcb-genuine-parts,320/A7124,320-a7124-element-b-1b-30wl-091-079,source_image,false,RRE_ORIGINAL_AVAILABLE,RIGHTS_REVIEW_COMPLETE,PRESERVE_EXISTING_RRE_ORIGINAL_PHOTO,RRE already possesses an authentic catalog photograph for this SKU; external image kept purely as secondary cross-reference.
img_c8b95704d6ed,https://enterprise.saioautomotive.com/backend/assets/uploads/products/,,581/R5206,https://www.antheautoparts.com/product-details/micron-transmission-filter-581-r5206-jcb-genuine-parts,581/R5206,581-r5206-filter-transmission-15-micron,placeholder_image,false,FLAGGED_FOR_RRE_ASSET_GENERATION,RIGHTS_REVIEW_COMPLETE,GENERATE_NEW_RRE_ASSET_FROM_REFERENCE,"External photo serves strictly as a technical visual reference to produce an unbranded, high-resolution RRE International asset."
img_c8b95704d6ed,https://enterprise.saioautomotive.com/backend/assets/uploads/products/,,32/920300 | 332/B1918,https://www.antheautoparts.com/product-details/hydraulic-filter-element-suction-32-920300-332-b1918-jcb-spare-parts,32/920300,32-920300-hydraulic-strainer,source_image,false,RRE_ORIGINAL_AVAILABLE,RIGHTS_REVIEW_COMPLETE,PRESERVE_EXISTING_RRE_ORIGINAL_PHOTO,RRE already possesses an authentic catalog photograph for this SKU; external image kept purely as secondary cross-reference.
img_a4e21090530b,https://enterprise.saioautomotive.com/backend/assets/uploads/products/WCtrSkVEam02Y1M4SldvaFlzUjFMdz09_1745322582_0.jpg,,32/925421 | 333/Y1376,https://www.antheautoparts.com/product-details/hydraulic-filter-cap-key-32-925421-333-y1376-jcb-spare-parts-dealer,32/925421,32-925421-filler-breather-cap,placeholder_image,false,FLAGGED_FOR_RRE_ASSET_GENERATION,RIGHTS_REVIEW_COMPLETE,GENERATE_NEW_RRE_ASSET_FROM_REFERENCE,"External photo serves strictly as a technical visual reference to produce an unbranded, high-resolution RRE International asset."
img_893ca8217425,https://enterprise.saioautomotive.com/backend/assets/uploads/products/cmJxVmczU1IrSzExQUlwWTFkV291Zz09_1745384186_0.jpg,,02/200145,https://www.antheautoparts.com/product-details/gasket-for-thermostat-housing-02-200145-jcb-genuine-parts,02/200145,02-200145-gasket,source_image,false,RRE_ORIGINAL_AVAILABLE,RIGHTS_REVIEW_COMPLETE,PRESERVE_EXISTING_RRE_ORIGINAL_PHOTO,RRE already possesses an authentic catalog photograph for this SKU; external image kept purely as secondary cross-reference.
img_75e92c25def8,https://enterprise.saioautomotive.com/backend/assets/uploads/products/cmpJTTJkbHdEN24yYjZZQm1oTnJnZz09_1745384294_0.jpg,,02/201539,https://www.antheautoparts.com/product-details/gasket-water-pump-perkins-02-201539-jcb-spares,N/A,N/A,N/A,false,UNMATCHED_EXTERNAL_REFERENCE,RIGHTS_REVIEW_COMPLETE,STAGED_AS_TECHNICAL_REFERENCE,External part not currently in RRE master catalog. Image staged in reference archive.
img_83e35e71ad05,https://enterprise.saioautomotive.com/backend/assets/uploads/products/QzBSWHFHanJrSFZlVmhQdWRzVzZodz09_1745384351_0.jpg,,02/201729 | 02/200056,https://www.antheautoparts.com/product-details/head-gasket-1000-series-02-201729-02-200056-jcb-genuine-parts,02/201729,02-201729-gasketcylhead,source_image,false,RRE_ORIGINAL_AVAILABLE,RIGHTS_REVIEW_COMPLETE,PRESERVE_EXISTING_RRE_ORIGINAL_PHOTO,RRE already possesses an authentic catalog photograph for this SKU; external image kept purely as secondary cross-reference.
img_775f98ee7a63,https://enterprise.saioautomotive.com/backend/assets/uploads/products/NEwzcVFkRW05aEhORjRUNmJqRytZQT09_1745384447_0.jpg,,02/202326,https://www.antheautoparts.com/product-details/gasket-for-timing-case-to-block-02-202326-jcb-parts-online,02/202326,02-202326-gasket,source_image,false,RRE_ORIGINAL_AVAILABLE,RIGHTS_REVIEW_COMPLETE,PRESERVE_EXISTING_RRE_ORIGINAL_PHOTO,RRE already possesses an authentic catalog photograph for this SKU; external image kept purely as secondary cross-reference.
img_3bda2859c6b4,https://enterprise.saioautomotive.com/backend/assets/uploads/products/bFZHOFJiTHg1c2FYOXN1NkNOejdOdz09_1745384490_0.jpg,,123/09018,https://www.antheautoparts.com/product-details/hydraulic-tank-gasket-123-09018-jcb-spare-parts,123/09018,123-09018-gasket,source_image,false,RRE_ORIGINAL_AVAILABLE,RIGHTS_REVIEW_COMPLETE,PRESERVE_EXISTING_RRE_ORIGINAL_PHOTO,RRE already possesses an authentic catalog photograph for this SKU; external image kept purely as secondary cross-reference.
img_3ed67ac6a2e6,https://enterprise.saioautomotive.com/backend/assets/uploads/products/U1hVYklvUWVWVzJjL0d6L0RSeWpxdz09_1745384550_0.jpg,,320/05550 | 320/06004,https://www.antheautoparts.com/product-details/intake-manifold-gaskets-for-jcb-engine-320-05550-320-06004-jcb-parts,320/05550,320-05550-gasketintakemanifold,source_image,false,RRE_ORIGINAL_AVAILABLE,RIGHTS_REVIEW_COMPLETE,PRESERVE_EXISTING_RRE_ORIGINAL_PHOTO,RRE already possesses an authentic catalog photograph for this SKU; external image kept purely as secondary cross-reference.
img_bece036638d7,https://enterprise.saioautomotive.com/backend/assets/uploads/products/SmluUzNVa2R2Rjcwb2FyUy9LekNmUT09_1745384609_0.jpg,,320/06004 | 320/06199,https://www.antheautoparts.com/product-details/exhaust-manifold-gasket-for-jcb-engine-320-06004-320-06199-jcb-parts-near-me,320/06199,320-06199-exhaust-gasket-na,source_image,false,RRE_ORIGINAL_AVAILABLE,RIGHTS_REVIEW_COMPLETE,PRESERVE_EXISTING_RRE_ORIGINAL_PHOTO,RRE already possesses an authentic catalog photograph for this SKU; external image kept purely as secondary cross-reference.
img_4b4347047977,https://enterprise.saioautomotive.com/backend/assets/uploads/products/UkJ2VXpwdEVnaGJGazRialR0VjNQQT09_1745384663_0.jpg,,813/00360,https://www.antheautoparts.com/product-details/gasket-hydraulic-tank-8-hole-813-00360-jcb-parts-near-me,813/00360,813-00360-gasket,source_image,false,RRE_ORIGINAL_AVAILABLE,RIGHTS_REVIEW_COMPLETE,PRESERVE_EXISTING_RRE_ORIGINAL_PHOTO,RRE already possesses an authentic catalog photograph for this SKU; external image kept purely as secondary cross-reference.
img_97087c8e8144,https://enterprise.saioautomotive.com/backend/assets/uploads/products/b1RBYmt6R09xeW1TVXpTdjc5dmNBUT09_1745384772_0.jpg,,813/00375,https://www.antheautoparts.com/product-details/gasket-fuel-hydraulic-tank-813-00375-jcb-parts-online,813/00375,813-00375-gasket,source_image,false,RRE_ORIGINAL_AVAILABLE,RIGHTS_REVIEW_COMPLETE,PRESERVE_EXISTING_RRE_ORIGINAL_PHOTO,RRE already possesses an authentic catalog photograph for this SKU; external image kept purely as secondary cross-reference.
img_080bdcdf37c8,https://enterprise.saioautomotive.com/backend/assets/uploads/products/Rmp3dXBFaFA5bTY1NExQenl4M0NuZz09_1745384856_0.jpg,,813/00466,https://www.antheautoparts.com/product-details/gasket-hydraulic-tank-813-00466-jcb-spares,813/00466,813-00466-gasket,source_image,false,RRE_ORIGINAL_AVAILABLE,RIGHTS_REVIEW_COMPLETE,PRESERVE_EXISTING_RRE_ORIGINAL_PHOTO,RRE already possesses an authentic catalog photograph for this SKU; external image kept purely as secondary cross-reference.
img_e6e7bec1dde8,https://enterprise.saioautomotive.com/backend/assets/uploads/products/TjNScnhaSGpiYUdhU3N2NzdtSm1NUT09_1745384899_0.jpg,,813/10175 | 813/50010 | 813/50003,https://www.antheautoparts.com/product-details/gasket-for-transmission-813-10175-813-50010-813-50003-jcb-parts-near-me,813/10175,813-10175-gasket-valve-block,source_image,false,RRE_ORIGINAL_AVAILABLE,RIGHTS_REVIEW_COMPLETE,PRESERVE_EXISTING_RRE_ORIGINAL_PHOTO,RRE already possesses an authentic catalog photograph for this SKU; external image kept purely as secondary cross-reference.
img_d3e41321360a,https://enterprise.saioautomotive.com/backend/assets/uploads/products/U0JEUDVFRlRHR042WHZqSUtwOXYrQT09_1745384951_0.jpg,,813/50027,https://www.antheautoparts.com/product-details/gasket-813-50027-jcb-spares,813/50027,813-50027-gasket-suction-strainer,source_image,false,RRE_ORIGINAL_AVAILABLE,RIGHTS_REVIEW_COMPLETE,PRESERVE_EXISTING_RRE_ORIGINAL_PHOTO,RRE already possesses an authentic catalog photograph for this SKU; external image kept purely as secondary cross-reference.
img_0cc0e24e618c,https://enterprise.saioautomotive.com/backend/assets/uploads/products/ZXVLaFZuaitkUFo4VGxQdGxWNE1FUT09_1745385017_0.jpg,,813/50042,https://www.antheautoparts.com/product-details/gasket-gear-lever-housing-813-50042-jcb-spare-parts,813/50042,813-50042-gasket-gear-lever,source_image,false,RRE_ORIGINAL_AVAILABLE,RIGHTS_REVIEW_COMPLETE,PRESERVE_EXISTING_RRE_ORIGINAL_PHOTO,RRE already possesses an authentic catalog photograph for this SKU; external image kept purely as secondary cross-reference.
img_86b2bdc88192,https://enterprise.saioautomotive.com/backend/assets/uploads/products/OW5iSUlaNFY1Z1Nja3VaWitidlNWUT09_1745385075_0.jpg,,320/06036,https://www.antheautoparts.com/product-details/exhaust-gasket-320-06036-jcb-parts-near-me,320/06036,320-06036-gasket-turbo-outlet,source_image,false,RRE_ORIGINAL_AVAILABLE,RIGHTS_REVIEW_COMPLETE,PRESERVE_EXISTING_RRE_ORIGINAL_PHOTO,RRE already possesses an authentic catalog photograph for this SKU; external image kept purely as secondary cross-reference.
img_1e98d7129fbc,https://enterprise.saioautomotive.com/backend/assets/uploads/products/MWVzekJGWWhFT09oRFFuY2hJcHFMQT09_1745385210_0.jpg,,320/09216,https://www.antheautoparts.com/product-details/gasket-top-set-320-09216-jcb-parts-near-me,320/09216,320-09216-kit-top-gasket-na,source_image,false,RRE_ORIGINAL_AVAILABLE,RIGHTS_REVIEW_COMPLETE,PRESERVE_EXISTING_RRE_ORIGINAL_PHOTO,RRE already possesses an authentic catalog photograph for this SKU; external image kept purely as secondary cross-reference.
img_26ced20d2f87,https://enterprise.saioautomotive.com/backend/assets/uploads/products/SlpPbXVreHN6UU9vM3lEN3ZBQ3hUQT09_1745385311_0.jpg,,320/09383,https://www.antheautoparts.com/product-details/kit-bottom-gasket-444-turbo-engine-320-09383-jcb-aftermarket-parts,N/A,N/A,N/A,false,UNMATCHED_EXTERNAL_REFERENCE,RIGHTS_REVIEW_COMPLETE,STAGED_AS_TECHNICAL_REFERENCE,External part not currently in RRE master catalog. Image staged in reference archive.
img_b890c088fabe,https://enterprise.saioautomotive.com/backend/assets/uploads/products/S3BOa3I1UUUzeFRMeG1xVWpNcDZCdz09_1745385426_0.jpg,,320/06006,https://www.antheautoparts.com/product-details/gasket-exhaust-flange-manifold-320-320-06006-jcb-spare-parts,320/06006,320-06006-gasket-turbo,source_image,false,RRE_ORIGINAL_AVAILABLE,RIGHTS_REVIEW_COMPLETE,PRESERVE_EXISTING_RRE_ORIGINAL_PHOTO,RRE already possesses an authentic catalog photograph for this SKU; external image kept purely as secondary cross-reference.
img_61cb4b5c9c71,https://enterprise.saioautomotive.com/backend/assets/uploads/products/SXhQYzMrODZIYy9yK3hKbjJzOE1kZz09_1745387417_0.jpg,,1450/0001,https://www.antheautoparts.com/product-details/grease-nipple-straight-1-8-bsp-1450-0001-jcb-spares,1450/0001,1450-0001-grease-nipple-1-8-bsp,source_image,false,RRE_ORIGINAL_AVAILABLE,RIGHTS_REVIEW_COMPLETE,PRESERVE_EXISTING_RRE_ORIGINAL_PHOTO,RRE already possesses an authentic catalog photograph for this SKU; external image kept purely as secondary cross-reference.
img_279a05a38f55,https://enterprise.saioautomotive.com/backend/assets/uploads/products/ZUNMczFNNnVPTEVoRFo3RDVFWW5ZZz09_1745387496_0.jpg,,1450/0002,https://www.antheautoparts.com/product-details/grease-nipple-straight-1-4-bsp-1450-0002-jcb-spare-parts,1450/0002,1450-0002-grease-nipple-straight,source_image,false,RRE_ORIGINAL_AVAILABLE,RIGHTS_REVIEW_COMPLETE,PRESERVE_EXISTING_RRE_ORIGINAL_PHOTO,RRE already possesses an authentic catalog photograph for this SKU; external image kept purely as secondary cross-reference.
img_40ec83ba6dea,https://enterprise.saioautomotive.com/backend/assets/uploads/products/UURpWjRmMEU2OU5tYkVTWk9VaUdkUT09_1745387556_0.jpg,,1450/1001,https://www.antheautoparts.com/product-details/greasing-nipple-45-angled-1450-1001-jcb-parts-online,1450/1001,1450-1001-grease-nipple-90-deg,source_image,false,RRE_ORIGINAL_AVAILABLE,RIGHTS_REVIEW_COMPLETE,PRESERVE_EXISTING_RRE_ORIGINAL_PHOTO,RRE already possesses an authentic catalog photograph for this SKU; external image kept purely as secondary cross-reference.
img_bab2e8d6dc1b,https://enterprise.saioautomotive.com/backend/assets/uploads/products/M2lhTURXT3cyd09kMEo2NFlmUGFzQT09_1745387616_0.jpg,,992/11300 | 915/07300,https://www.antheautoparts.com/product-details/original-groz-grease-gun-992-11300-915-07300-jcb-parts-online,992/11300,992-11300-gun-grease,source_image,false,RRE_ORIGINAL_AVAILABLE,RIGHTS_REVIEW_COMPLETE,PRESERVE_EXISTING_RRE_ORIGINAL_PHOTO,RRE already possesses an authentic catalog photograph for this SKU; external image kept purely as secondary cross-reference.
img_42dc4fe38c72,https://enterprise.saioautomotive.com/backend/assets/uploads/products/bTYxSVE4UWFFemo3bUlhQnV5cjZCZz09_1745387676_0.jpg,,816/60056A,https://www.antheautoparts.com/product-details/grease-nipple-816-60056a-jcb-parts-catalog,N/A,N/A,N/A,false,UNMATCHED_EXTERNAL_REFERENCE,RIGHTS_REVIEW_COMPLETE,STAGED_AS_TECHNICAL_REFERENCE,External part not currently in RRE master catalog. Image staged in reference archive.
img_c8b95704d6ed,https://enterprise.saioautomotive.com/backend/assets/uploads/products/,,,https://www.antheautoparts.com/product-details/original-groz-grease-gun-nozzle-jcb-spare-parts,N/A,N/A,N/A,false,UNMATCHED_EXTERNAL_REFERENCE,RIGHTS_REVIEW_COMPLETE,STAGED_AS_TECHNICAL_REFERENCE,External part not currently in RRE master catalog. Image staged in reference archive.
img_526c0430fa80,https://enterprise.saioautomotive.com/backend/assets/uploads/products/NzNZY1JqelpyM2ZRY1ByU1RubjYydz09_1745396778_0.jpg,,834/00437,https://www.antheautoparts.com/product-details/radiator-hose-bottom-834-00437-jcb-parts-catalog,N/A,N/A,N/A,false,UNMATCHED_EXTERNAL_REFERENCE,RIGHTS_REVIEW_COMPLETE,STAGED_AS_TECHNICAL_REFERENCE,External part not currently in RRE master catalog. Image staged in reference archive.
img_b2f51a0f7898,https://enterprise.saioautomotive.com/backend/assets/uploads/products/YkdqV1VmZFRtZE56dncvVFhZTHdOQT09_1745391746_0.jpg,,02/200918,https://www.antheautoparts.com/product-details/oil-cooler-hose-02-200918-jcb-spare-parts-dealer,02/200918,02-200918-hose,source_image,false,RRE_ORIGINAL_AVAILABLE,RIGHTS_REVIEW_COMPLETE,PRESERVE_EXISTING_RRE_ORIGINAL_PHOTO,RRE already possesses an authentic catalog photograph for this SKU; external image kept purely as secondary cross-reference.
img_1d6a87edad27,https://enterprise.saioautomotive.com/backend/assets/uploads/products/eVQrVFJYK05WdlJoS1V4cmVMc0haUT09_1745391807_0.jpg,,02/202336,https://www.antheautoparts.com/product-details/oil-cooler-hose-02-202336-jcb-parts-catalog,02/202336,02-202336-hose,source_image,false,RRE_ORIGINAL_AVAILABLE,RIGHTS_REVIEW_COMPLETE,PRESERVE_EXISTING_RRE_ORIGINAL_PHOTO,RRE already possesses an authentic catalog photograph for this SKU; external image kept purely as secondary cross-reference.
img_22c0451cd24b,https://enterprise.saioautomotive.com/backend/assets/uploads/products/TkZNNngrTFEwNFF6OS9BOFZyOHA3Zz09_1745391854_0.jpg,,123/01427 | 346/00138,https://www.antheautoparts.com/product-details/hose-retainer-123-01427-346-00138-jcb-genuine-parts,123/01427,123-01427-rear-frame-hose-retainer,source_image,false,RRE_ORIGINAL_AVAILABLE,RIGHTS_REVIEW_COMPLETE,PRESERVE_EXISTING_RRE_ORIGINAL_PHOTO,RRE already possesses an authentic catalog photograph for this SKU; external image kept purely as secondary cross-reference.
img_f3d41abe5d0b,https://enterprise.saioautomotive.com/backend/assets/uploads/products/RVJuYnBaL0Z4dlBRMjZtdFRZRldrQT09_1745391901_0.jpg,,123/05836,https://www.antheautoparts.com/product-details/circuit-hose-clamp-m10-123-05836-jcb-spare-parts-dealer,123/05836,123-05836-clamp,source_image,false,RRE_ORIGINAL_AVAILABLE,RIGHTS_REVIEW_COMPLETE,PRESERVE_EXISTING_RRE_ORIGINAL_PHOTO,RRE already possesses an authentic catalog photograph for this SKU; external image kept purely as secondary cross-reference.
img_7b9713c563df,https://enterprise.saioautomotive.com/backend/assets/uploads/products/R3NRR1gzNnNQN29ocTdYUmorbGRvZz09_1745391960_0.jpg,,1604/0005,https://www.antheautoparts.com/product-details/adaptor-5-8-1604-0005-jcb-parts-near-me,N/A,N/A,N/A,false,UNMATCHED_EXTERNAL_REFERENCE,RIGHTS_REVIEW_COMPLETE,STAGED_AS_TECHNICAL_REFERENCE,External part not currently in RRE master catalog. Image staged in reference archive.
img_49ce77abd00b,https://enterprise.saioautomotive.com/backend/assets/uploads/products/a2xwR2xZNCsxSkVvZGcraVA5amROUT09_1745392050_0.jpg,,1604/2053 | 1604/0004,https://www.antheautoparts.com/product-details/adaptor-1-2-1604-2053-1604-0004-jcb-spare-parts,1604/2053,1604-2053-adaptor-m-m,source_image,false,RRE_ORIGINAL_AVAILABLE,RIGHTS_REVIEW_COMPLETE,PRESERVE_EXISTING_RRE_ORIGINAL_PHOTO,RRE already possesses an authentic catalog photograph for this SKU; external image kept purely as secondary cross-reference.
img_ed7a2c3f108e,https://enterprise.saioautomotive.com/backend/assets/uploads/products/bkxSenVaYVdsWHZYRzhXdk9oSWVKZz09_1745392109_0.jpg,,1604/2055 | 1604/0006,https://www.antheautoparts.com/product-details/adaptor-3-4-1604-2055-1604-0006-jcb-genuine-parts,1604/2055,1604-2055-adaptor-g3,source_image,false,RRE_ORIGINAL_AVAILABLE,RIGHTS_REVIEW_COMPLETE,PRESERVE_EXISTING_RRE_ORIGINAL_PHOTO,RRE already possesses an authentic catalog photograph for this SKU; external image kept purely as secondary cross-reference.
img_36e5e605f994,https://enterprise.saioautomotive.com/backend/assets/uploads/products/b3VieW1mMTVPaHNkUEx4RlpEYW9XZz09_1745392161_0.jpg,,2201/0005,https://www.antheautoparts.com/product-details/hose-clip-jubilee-18-28mm-2201-0005-jcb-parts-near-me,2201/0005,2201-0005-clip-wormdrive-14-27mm,source_image,false,RRE_ORIGINAL_AVAILABLE,RIGHTS_REVIEW_COMPLETE,PRESERVE_EXISTING_RRE_ORIGINAL_PHOTO,RRE already possesses an authentic catalog photograph for this SKU; external image kept purely as secondary cross-reference.
img_970c86c7864e,https://enterprise.saioautomotive.com/backend/assets/uploads/products/bXlxM1dVMU4wNnIrampzdU8wcnU3QT09_1745392230_0.jpg,,2201/0013,https://www.antheautoparts.com/product-details/hose-clip-jubilee-60-80mm-2201-0013-jcb-parts-catalog,2201/0013,2201-0013-worm-drive-clip-60,source_image,false,RRE_ORIGINAL_AVAILABLE,RIGHTS_REVIEW_COMPLETE,PRESERVE_EXISTING_RRE_ORIGINAL_PHOTO,RRE already possesses an authentic catalog photograph for this SKU; external image kept purely as secondary cross-reference.
img_54fa2d4a57a1,https://enterprise.saioautomotive.com/backend/assets/uploads/products/Yk1GcE1JOWs4cmZETC9mQ0dqdEFyUT09_1745392253_0.jpg,,2201/0013,https://www.antheautoparts.com/product-details/hose-clip-jubilee-60-80mm-2201-0013-jcb-parts-online,2201/0013,2201-0013-worm-drive-clip-60,source_image,false,RRE_ORIGINAL_AVAILABLE,RIGHTS_REVIEW_COMPLETE,PRESERVE_EXISTING_RRE_ORIGINAL_PHOTO,RRE already possesses an authentic catalog photograph for this SKU; external image kept purely as secondary cross-reference.
img_590dd5069995,https://enterprise.saioautomotive.com/backend/assets/uploads/products/Tk41NmhmTnV0WDgvczM4WEtaSzZ4UT09_1745392489_0.jpg,,40/303610 | 1620/0002,https://www.antheautoparts.com/product-details/hydraclamp-t-adaptor-adaptor-1-4-x-9-16-40-303610-1620-0002-jcb-parts-near-me,40/303610,40-303610-tee-adaptor,source_image,false,RRE_ORIGINAL_AVAILABLE,RIGHTS_REVIEW_COMPLETE,PRESERVE_EXISTING_RRE_ORIGINAL_PHOTO,RRE already possesses an authentic catalog photograph for this SKU; external image kept purely as secondary cross-reference.
img_3012f2f0dc74,https://enterprise.saioautomotive.com/backend/assets/uploads/products/UTJPbjVFak5adkhwSnFBT0FEMFNoQT09_1745392594_0.jpg,,816/90548,https://www.antheautoparts.com/product-details/adaptor-elbow-hydraclamp-816-90548-jcb-parts,816/90548,816-90548-elbow-adaptor,source_image,false,RRE_ORIGINAL_AVAILABLE,RIGHTS_REVIEW_COMPLETE,PRESERVE_EXISTING_RRE_ORIGINAL_PHOTO,RRE already possesses an authentic catalog photograph for this SKU; external image kept purely as secondary cross-reference.
img_ddb03ca159d8,https://enterprise.saioautomotive.com/backend/assets/uploads/products/YmFPbnlnNWw2Y2xWaHRrbkRjUFRYdz09_1745392666_0.jpg,,816/90618,https://www.antheautoparts.com/product-details/adaptor-90-elbow-9-16-unf-x-1-4-816-90618-replacement-jcb-parts,816/90618,816-90618-adaptor-90-m-m-swivel,source_image,false,RRE_ORIGINAL_AVAILABLE,RIGHTS_REVIEW_COMPLETE,PRESERVE_EXISTING_RRE_ORIGINAL_PHOTO,RRE already possesses an authentic catalog photograph for this SKU; external image kept purely as secondary cross-reference.
img_9bce4a1f0891,https://enterprise.saioautomotive.com/backend/assets/uploads/products/d0tPUklrWnM3WXYyZ3J6aUdiUVFoZz09_1745392831_0.jpg,,834/00181,https://www.antheautoparts.com/product-details/water-hose-top-834-00181-jcb-spares,N/A,N/A,N/A,false,UNMATCHED_EXTERNAL_REFERENCE,RIGHTS_REVIEW_COMPLETE,STAGED_AS_TECHNICAL_REFERENCE,External part not currently in RRE master catalog. Image staged in reference archive.
img_4865e5e0c84f,https://enterprise.saioautomotive.com/backend/assets/uploads/products/N2tXbUh3eDNsNEJ1d3BPVnowY2R4dz09_1745392940_0.jpg,,834/00261,https://www.antheautoparts.com/product-details/water-hose-top-834-00261-jcb-parts-near-me,N/A,N/A,N/A,false,UNMATCHED_EXTERNAL_REFERENCE,RIGHTS_REVIEW_COMPLETE,STAGED_AS_TECHNICAL_REFERENCE,External part not currently in RRE master catalog. Image staged in reference archive.
img_95ae11f3dad8,https://enterprise.saioautomotive.com/backend/assets/uploads/products/TjNKZDV4LzRWN2RDa2tXdWV2Zm5iZz09_1745393019_0.jpg,,834/00262 | 834/00666,https://www.antheautoparts.com/product-details/water-hose-elbow-bottom-834-00262-834-00666-replacement-jcb-parts,N/A,N/A,N/A,false,UNMATCHED_EXTERNAL_REFERENCE,RIGHTS_REVIEW_COMPLETE,STAGED_AS_TECHNICAL_REFERENCE,External part not currently in RRE master catalog. Image staged in reference archive.
img_839e2e1cb0cf,https://enterprise.saioautomotive.com/backend/assets/uploads/products/NkwreFU5SXA4L2Q1K0ZIdWprdWROUT09_1745393278_0.jpg,,834/00263,https://www.antheautoparts.com/product-details/water-hose-bottom-834-00263-jcb-parts-catalog,N/A,N/A,N/A,false,UNMATCHED_EXTERNAL_REFERENCE,RIGHTS_REVIEW_COMPLETE,STAGED_AS_TECHNICAL_REFERENCE,External part not currently in RRE master catalog. Image staged in reference archive.
img_e50e115a3a3b,https://enterprise.saioautomotive.com/backend/assets/uploads/products/a0Z0bjl4cmx1M0xZM0NYMXBTc29WQT09_1745393340_0.jpg,,834/00340,https://www.antheautoparts.com/product-details/bottom-radiator-hose-834-00340-jcb-spare-parts-dealer,N/A,N/A,N/A,false,UNMATCHED_EXTERNAL_REFERENCE,RIGHTS_REVIEW_COMPLETE,STAGED_AS_TECHNICAL_REFERENCE,External part not currently in RRE master catalog. Image staged in reference archive.
img_4a8000c4f620,https://enterprise.saioautomotive.com/backend/assets/uploads/products/MXVWVnZSTzhMUms4b00xeEczakVzQT09_1745393398_0.jpg,,834/00347,https://www.antheautoparts.com/product-details/water-hose-top-834-00347-jcb-parts-catalog,N/A,N/A,N/A,false,UNMATCHED_EXTERNAL_REFERENCE,RIGHTS_REVIEW_COMPLETE,STAGED_AS_TECHNICAL_REFERENCE,External part not currently in RRE master catalog. Image staged in reference archive.
img_464e1310f005,https://enterprise.saioautomotive.com/backend/assets/uploads/products/V3ZFVEpOdGwyQU9BWUlCNWh1bTZWUT09_1745395858_0.jpg,,834/00401,https://www.antheautoparts.com/product-details/water-hose-top-834-00401-jcb-parts-online,N/A,N/A,N/A,false,UNMATCHED_EXTERNAL_REFERENCE,RIGHTS_REVIEW_COMPLETE,STAGED_AS_TECHNICAL_REFERENCE,External part not currently in RRE master catalog. Image staged in reference archive.
img_8ddf567d4d1c,https://enterprise.saioautomotive.com/backend/assets/uploads/products/RVo2Uk10ZW9MSXRmNlMyd1NLK2lHQT09_1745396189_0.jpg,,834/00412,https://www.antheautoparts.com/product-details/bottom-radiator-hose-834-00412-jcb-spare-parts,N/A,N/A,N/A,false,UNMATCHED_EXTERNAL_REFERENCE,RIGHTS_REVIEW_COMPLETE,STAGED_AS_TECHNICAL_REFERENCE,External part not currently in RRE master catalog. Image staged in reference archive.
img_dcd815bb19ab,https://enterprise.saioautomotive.com/backend/assets/uploads/products/QWxPVE82ZnpLaERBM2JEdkV0ckY3dz09_1745396407_0.jpg,,834/00414,https://www.antheautoparts.com/product-details/water-hose-elbow-834-00414-jcb-spare-parts-dealer,834/00414,834-00414-suctionelbow,source_image,false,RRE_ORIGINAL_AVAILABLE,RIGHTS_REVIEW_COMPLETE,PRESERVE_EXISTING_RRE_ORIGINAL_PHOTO,RRE already possesses an authentic catalog photograph for this SKU; external image kept purely as secondary cross-reference.
img_83ecb641ef59,https://enterprise.saioautomotive.com/backend/assets/uploads/products/NUxsb1VudlRyTzhwLzRXaHQ2RmRXUT09_1745397518_0.jpg,,834/00437,https://www.antheautoparts.com/product-details/radiator-hose-bottom-834-00437-jcb-spare-parts,N/A,N/A,N/A,false,UNMATCHED_EXTERNAL_REFERENCE,RIGHTS_REVIEW_COMPLETE,STAGED_AS_TECHNICAL_REFERENCE,External part not currently in RRE master catalog. Image staged in reference archive.
img_b4fe1e587bb2,https://enterprise.saioautomotive.com/backend/assets/uploads/products/bS9IVTNlaVZwVzFIQndWbUlZbXZzUT09_1745397907_0.jpg,,834/00450,https://www.antheautoparts.com/product-details/hose-oil-cooler-to-waterpump-834-00450-jcb-parts-online,N/A,N/A,N/A,false,UNMATCHED_EXTERNAL_REFERENCE,RIGHTS_REVIEW_COMPLETE,STAGED_AS_TECHNICAL_REFERENCE,External part not currently in RRE master catalog. Image staged in reference archive.
img_a89c78cbf411,https://enterprise.saioautomotive.com/backend/assets/uploads/products/NDBlekJvYzYvdXpROHd2UUQ5eVRKQT09_1745397953_0.jpg,,834/00528,https://www.antheautoparts.com/product-details/water-hose-top-834-00528-jcb-aftermarket-parts,834/00528,834-00528-tophose,source_image,false,RRE_ORIGINAL_AVAILABLE,RIGHTS_REVIEW_COMPLETE,PRESERVE_EXISTING_RRE_ORIGINAL_PHOTO,RRE already possesses an authentic catalog photograph for this SKU; external image kept purely as secondary cross-reference.
img_a752d48365cf,https://enterprise.saioautomotive.com/backend/assets/uploads/products/Z0JVbml3bDQxaGduUU5KSVNUUXJVUT09_1745398031_0.jpg,,834/00685,https://www.antheautoparts.com/product-details/water-hose-bottom-834-00685-jcb-parts,N/A,N/A,N/A,false,UNMATCHED_EXTERNAL_REFERENCE,RIGHTS_REVIEW_COMPLETE,STAGED_AS_TECHNICAL_REFERENCE,External part not currently in RRE master catalog. Image staged in reference archive.
img_cf44d87a0fe6,https://enterprise.saioautomotive.com/backend/assets/uploads/products/NUNLRmEvQ1ZFWFRJUTU1VWpJeVJ2dz09_1745398078_0.jpg,,834/00704,https://www.antheautoparts.com/product-details/bottom-hose-for-various-jcb-models-834-00704-jcb-parts-near-me,834/00704,834-00704-hosebottom,source_image,false,RRE_ORIGINAL_AVAILABLE,RIGHTS_REVIEW_COMPLETE,PRESERVE_EXISTING_RRE_ORIGINAL_PHOTO,RRE already possesses an authentic catalog photograph for this SKU; external image kept purely as secondary cross-reference.
img_b7450102b32f,https://enterprise.saioautomotive.com/backend/assets/uploads/products/a0dCZkJrdEl4NmtkNC9CVVUvK1BWdz09_1745398127_0.jpg,,834/00739,https://www.antheautoparts.com/product-details/water-hose-top-834-00739-jcb-parts-online,N/A,N/A,N/A,false,UNMATCHED_EXTERNAL_REFERENCE,RIGHTS_REVIEW_COMPLETE,STAGED_AS_TECHNICAL_REFERENCE,External part not currently in RRE master catalog. Image staged in reference archive.
img_8470d4467a61,https://enterprise.saioautomotive.com/backend/assets/uploads/products/c0pXSTN2aFRZWStpOWwvQkorYzRvQT09_1745398216_0.jpg,,834/10756,https://www.antheautoparts.com/product-details/hose-suction-hydraulic-oil-834-10756-jcb-spare-parts,N/A,N/A,N/A,false,UNMATCHED_EXTERNAL_REFERENCE,RIGHTS_REVIEW_COMPLETE,STAGED_AS_TECHNICAL_REFERENCE,External part not currently in RRE master catalog. Image staged in reference archive.
img_bc32ed65c599,https://enterprise.saioautomotive.com/backend/assets/uploads/products/S2pXeVNDL3lucFI0Nnh4KzdtUEl4UT09_1745398296_0.jpg,,2203/0041,https://www.antheautoparts.com/product-details/circlip-2203-0041-jcb-parts,2203/0041,2203-0041-circlip,source_image,false,RRE_ORIGINAL_AVAILABLE,RIGHTS_REVIEW_COMPLETE,PRESERVE_EXISTING_RRE_ORIGINAL_PHOTO,RRE already possesses an authentic catalog photograph for this SKU; external image kept purely as secondary cross-reference.
img_9f4e9416a3c4,https://enterprise.saioautomotive.com/backend/assets/uploads/products/Q1ZXYzlnbk95ZWk1VFhzdU9INUxidz09_1745398387_0.jpg,,649/51240,https://www.antheautoparts.com/product-details/brake-house-580mm-649-51240-jcb-spare-parts,N/A,N/A,N/A,false,UNMATCHED_EXTERNAL_REFERENCE,RIGHTS_REVIEW_COMPLETE,STAGED_AS_TECHNICAL_REFERENCE,External part not currently in RRE master catalog. Image staged in reference archive.
img_27424aabde86,https://enterprise.saioautomotive.com/backend/assets/uploads/products/cmhOQlYrb2pXRmJlbzNacy82bHdRdz09_1745398481_0.jpg,,612/04100,https://www.antheautoparts.com/product-details/hose-pipe-3-8bsp-550-mm-612-04100-jcb-parts-near-me,612/04100,612-04100-hose,source_image,false,RRE_ORIGINAL_AVAILABLE,RIGHTS_REVIEW_COMPLETE,PRESERVE_EXISTING_RRE_ORIGINAL_PHOTO,RRE already possesses an authentic catalog photograph for this SKU; external image kept purely as secondary cross-reference.
img_ec842fc9eada,https://enterprise.saioautomotive.com/backend/assets/uploads/products/MWwwcjRacS9sbmdrNkJTTmROL1BKUT09_1745398571_0.jpg,,613/36002,https://www.antheautoparts.com/product-details/circuit-hose-1-2bsp-1710-mm-613-36002-jcb-spares,613/36002,613-36002-hose,source_image,false,RRE_ORIGINAL_AVAILABLE,RIGHTS_REVIEW_COMPLETE,PRESERVE_EXISTING_RRE_ORIGINAL_PHOTO,RRE already possesses an authentic catalog photograph for this SKU; external image kept purely as secondary cross-reference.
img_6586de775b71,https://enterprise.saioautomotive.com/backend/assets/uploads/products/K3lDOTZHV1R6c3dqNFRQOG41WW5QZz09_1745398641_0.jpg,,629/26900,https://www.antheautoparts.com/product-details/circuit-hose-5-8bsp-2520-mm-629-26900-jcb-parts-near-me,629/26900,629-26900-hose-5-8-bsp-2520mm,source_image,false,RRE_ORIGINAL_AVAILABLE,RIGHTS_REVIEW_COMPLETE,PRESERVE_EXISTING_RRE_ORIGINAL_PHOTO,RRE already possesses an authentic catalog photograph for this SKU; external image kept purely as secondary cross-reference.
img_5f717e42144f,https://enterprise.saioautomotive.com/backend/assets/uploads/products/bUVyRC9TVzF0QndaeXI4bHdhYTl1QT09_1745398896_0.jpg,,1604/2051 | 1604/0002,https://www.antheautoparts.com/product-details/adaptor-5-8-bsp-1604-2051-1604-0002-jcb-parts-catalog,1604/2051,1604-2051-adaptor-g1-4a-m-m,placeholder_image,false,FLAGGED_FOR_RRE_ASSET_GENERATION,RIGHTS_REVIEW_COMPLETE,GENERATE_NEW_RRE_ASSET_FROM_REFERENCE,"External photo serves strictly as a technical visual reference to produce an unbranded, high-resolution RRE International asset."
img_35dc83cd3147,https://enterprise.saioautomotive.com/backend/assets/uploads/products/clB0RHhCRkRHdjFVTVJBZmVEblU5Zz09_1745398955_0.jpg,,1604/2052 | 1604/0003,https://www.antheautoparts.com/product-details/adaptor-3-8-bsp-1604-2052-1604-0003-replacement-jcb-parts,1604/2052,1604-2052-adaptor-g3-8a-m-m,placeholder_image,false,FLAGGED_FOR_RRE_ASSET_GENERATION,RIGHTS_REVIEW_COMPLETE,GENERATE_NEW_RRE_ASSET_FROM_REFERENCE,"External photo serves strictly as a technical visual reference to produce an unbranded, high-resolution RRE International asset."
img_368a4dfd0fb0,https://enterprise.saioautomotive.com/backend/assets/uploads/products/UlNYb3BJSEtaUmVnM3Z2SER1c05TUT09_1745399009_0.jpg,,2201/0011,https://www.antheautoparts.com/product-details/hose-clip-jubilee-44-60mm-2201-0011-jcb-spares,2201/0011,2201-0011-clip-wormdrive-40-64mm,placeholder_image,false,FLAGGED_FOR_RRE_ASSET_GENERATION,RIGHTS_REVIEW_COMPLETE,GENERATE_NEW_RRE_ASSET_FROM_REFERENCE,"External photo serves strictly as a technical visual reference to produce an unbranded, high-resolution RRE International asset."
img_aaa7a6870e67,https://enterprise.saioautomotive.com/backend/assets/uploads/products/ZC9GQzJFWDkyMkNPamkyK3ZHOHl6dz09_1745399068_0.jpg,,2201/0012,https://www.antheautoparts.com/product-details/hose-clip-jubilee-51-70mm-2201-0012-jcb-spare-parts-dealer,2201/0012,2201-0012-clip-wormdrive-46-70mmjs220,placeholder_image,false,FLAGGED_FOR_RRE_ASSET_GENERATION,RIGHTS_REVIEW_COMPLETE,GENERATE_NEW_RRE_ASSET_FROM_REFERENCE,"External photo serves strictly as a technical visual reference to produce an unbranded, high-resolution RRE International asset."
img_b9a3cfeb072d,https://enterprise.saioautomotive.com/backend/assets/uploads/products/VlI3WXdBbSs1aVlhS3Jvc2w2c3FJQT09_1745399113_0.jpg,,649/51270,https://www.antheautoparts.com/product-details/hose-air-con-649-51270-replacement-jcb-parts,N/A,N/A,N/A,false,UNMATCHED_EXTERNAL_REFERENCE,RIGHTS_REVIEW_COMPLETE,STAGED_AS_TECHNICAL_REFERENCE,External part not currently in RRE master catalog. Image staged in reference archive.
img_71689abf3a17,https://enterprise.saioautomotive.com/backend/assets/uploads/products/bEdRR1V4aUV4YWlFbFdCOWZmTWZIdz09_1745399163_0.jpg,,828/00237 | 2301/0006 | 2301/0010 | 2301/0011 | 2301/0,https://www.antheautoparts.com/product-details/circuit-hose-o-rings-kit-828-00237-2301-0006-2301-0010-2301-0011-2301-0-jcb-parts,828/00237,828-00237-o-ring,placeholder_image,false,FLAGGED_FOR_RRE_ASSET_GENERATION,RIGHTS_REVIEW_COMPLETE,GENERATE_NEW_RRE_ASSET_FROM_REFERENCE,"External photo serves strictly as a technical visual reference to produce an unbranded, high-resolution RRE International asset."
img_5a52e7981b40,https://enterprise.saioautomotive.com/backend/assets/uploads/products/VFVud2hyWFZwT3UzOW11aW5UUTdjUT09_1745399201_0.jpg,,,https://www.antheautoparts.com/product-details/circuit-hose-clamp-for-6-hoses-replacement-jcb-parts,N/A,N/A,N/A,false,UNMATCHED_EXTERNAL_REFERENCE,RIGHTS_REVIEW_COMPLETE,STAGED_AS_TECHNICAL_REFERENCE,External part not currently in RRE master catalog. Image staged in reference archive.
img_489017fcaabd,https://enterprise.saioautomotive.com/backend/assets/uploads/products/UjFKTEw0ZXlReWJ2KzNxY2w3cWI4QT09_1745399252_0.jpg,,613/00700,https://www.antheautoparts.com/product-details/hose-24-1-2-613-00700-jcb-spare-parts,613/00700,613-00700-hose,placeholder_image,false,FLAGGED_FOR_RRE_ASSET_GENERATION,RIGHTS_REVIEW_COMPLETE,GENERATE_NEW_RRE_ASSET_FROM_REFERENCE,"External photo serves strictly as a technical visual reference to produce an unbranded, high-resolution RRE International asset."
img_18d55e92227d,https://enterprise.saioautomotive.com/backend/assets/uploads/products/V3R3Yk5rY1dkUk1FZ3Q4NC81OHltUT09_1745473162_0.jpg,,20/903100,https://www.antheautoparts.com/product-details/pump-main-hydraulic-33-29-cc-rev-20-903100-jcb-spare-parts-dealer,N/A,N/A,N/A,false,UNMATCHED_EXTERNAL_REFERENCE,RIGHTS_REVIEW_COMPLETE,STAGED_AS_TECHNICAL_REFERENCE,External part not currently in RRE master catalog. Image staged in reference archive.
img_1c3eaf4c3f01,https://enterprise.saioautomotive.com/backend/assets/uploads/products/L0hRODI3K0w2bW5ra2c5TW4vWE1XUT09_1745403080_0.jpg,,20/902703 20/902901,https://www.antheautoparts.com/product-details/parker-hydraulic-pump-spline-model-repair-kit-20-902703-20-902901-jcb-parts,N/A,N/A,N/A,false,UNMATCHED_EXTERNAL_REFERENCE,RIGHTS_REVIEW_COMPLETE,STAGED_AS_TECHNICAL_REFERENCE,External part not currently in RRE master catalog. Image staged in reference archive.
img_41d268c87540,https://enterprise.saioautomotive.com/backend/assets/uploads/products/ano2RWZVUjRTVHkxcWZvVlVPeTRIUT09_1745403133_0.jpg,,,https://www.antheautoparts.com/product-details/hydraulic-pump-flange-plate-jcb-parts-near-me,N/A,N/A,N/A,false,UNMATCHED_EXTERNAL_REFERENCE,RIGHTS_REVIEW_COMPLETE,STAGED_AS_TECHNICAL_REFERENCE,External part not currently in RRE master catalog. Image staged in reference archive.
img_5a76cf08510d,https://enterprise.saioautomotive.com/backend/assets/uploads/products/MFhvMWNSaUJGZjR2TFRXb2twa3lpdz09_1745403193_0.jpg,,20/903100,https://www.antheautoparts.com/product-details/pump-main-hydraulic-33-29-cc-rev-20-903100-replacement-jcb-parts,N/A,N/A,N/A,false,UNMATCHED_EXTERNAL_REFERENCE,RIGHTS_REVIEW_COMPLETE,STAGED_AS_TECHNICAL_REFERENCE,External part not currently in RRE master catalog. Image staged in reference archive.
img_0f2d2ecb268d,https://enterprise.saioautomotive.com/backend/assets/uploads/products/SitHQmJQUHhXNzlvQVJnT2FsOGIydz09_1745403321_0.jpg,,20/911200,https://www.antheautoparts.com/product-details/pump-main-hydraulic-41-26-cc-rev-20-911200-replacement-jcb-parts,20/911200,20-911200-pump-main-hydrauli,source_image,false,RRE_ORIGINAL_AVAILABLE,RIGHTS_REVIEW_COMPLETE,PRESERVE_EXISTING_RRE_ORIGINAL_PHOTO,RRE already possesses an authentic catalog photograph for this SKU; external image kept purely as secondary cross-reference.
img_b5b71e4a3d6a,https://enterprise.saioautomotive.com/backend/assets/uploads/products/N3lxV253MllYZTFjRkNhL25aNnhHQT09_1745403425_0.jpg,,20/912800,https://www.antheautoparts.com/product-details/pump-main-hydraulic-36-26-cc-rev-20-912800-jcb-spare-parts-dealer,N/A,N/A,N/A,false,UNMATCHED_EXTERNAL_REFERENCE,RIGHTS_REVIEW_COMPLETE,STAGED_AS_TECHNICAL_REFERENCE,External part not currently in RRE master catalog. Image staged in reference archive.
img_87114777b73c,https://enterprise.saioautomotive.com/backend/assets/uploads/products/cmdpVjIya3N5bFdYY09wdFMyRXhjQT09_1745403490_0.jpg,,25/606108 | 25/222109,https://www.antheautoparts.com/product-details/loader-valve-block-spool-caps-25-606108-25-222109-jcb-parts-catalog,25/606108,25-606108-cover,source_image,false,RRE_ORIGINAL_AVAILABLE,RIGHTS_REVIEW_COMPLETE,PRESERVE_EXISTING_RRE_ORIGINAL_PHOTO,RRE already possesses an authentic catalog photograph for this SKU; external image kept purely as secondary cross-reference.
img_40c81bb41a59,https://enterprise.saioautomotive.com/backend/assets/uploads/products/TkhkYk1jSFZJeW5rU3JGUmxySEZCZz09_1745403688_0.jpg,,25/618901,https://www.antheautoparts.com/product-details/main-relief-valve-25-618901-jcb-spares,N/A,N/A,N/A,false,UNMATCHED_EXTERNAL_REFERENCE,RIGHTS_REVIEW_COMPLETE,STAGED_AS_TECHNICAL_REFERENCE,External part not currently in RRE master catalog. Image staged in reference archive.
img_ff889df7a80f,https://enterprise.saioautomotive.com/backend/assets/uploads/products/S2I3eEY5SFFhNnBlR1gxeVB0d2pVQT09_1745406502_0.jpg,,25/618902,https://www.antheautoparts.com/product-details/relief-valve-repair-kit-25-618902-replacement-jcb-parts,25/618902,25-618902-kit-seal,placeholder_image,false,FLAGGED_FOR_RRE_ASSET_GENERATION,RIGHTS_REVIEW_COMPLETE,GENERATE_NEW_RRE_ASSET_FROM_REFERENCE,"External photo serves strictly as a technical visual reference to produce an unbranded, high-resolution RRE International asset."
img_9e46e074de2e,https://enterprise.saioautomotive.com/backend/assets/uploads/products/N05FbFJpcTRDUXdBS2dsQUpMeUM2Zz09_1745404237_0.jpg,,25/624302 | 333/Y0793,https://www.antheautoparts.com/product-details/valve-block-boot-rubber-25-624302-333-y0793-jcb-aftermarket-parts,25/624302,25-624302-boot,source_image,false,RRE_ORIGINAL_AVAILABLE,RIGHTS_REVIEW_COMPLETE,PRESERVE_EXISTING_RRE_ORIGINAL_PHOTO,RRE already possesses an authentic catalog photograph for this SKU; external image kept purely as secondary cross-reference.
img_55a1aab4c138,https://enterprise.saioautomotive.com/backend/assets/uploads/products/NElNWk9nc1pXUHc0dkZLOVhwWjN4Zz09_1745404307_0.jpg,,25/974602,https://www.antheautoparts.com/product-details/valve-relief-25-974602-jcb-parts,25/974602,25-974602-valve,source_image,false,RRE_ORIGINAL_AVAILABLE,RIGHTS_REVIEW_COMPLETE,PRESERVE_EXISTING_RRE_ORIGINAL_PHOTO,RRE already possesses an authentic catalog photograph for this SKU; external image kept purely as secondary cross-reference.
img_0db316f00fd0,https://enterprise.saioautomotive.com/backend/assets/uploads/products/R3hMV3hRWHdWYUZ4M3F4QkpmdGVGdz09_1745404365_0.jpg,,332/F9028,https://www.antheautoparts.com/product-details/pump-main-hydraulic-33-23-cc-rev-332-f9028-jcb-parts-catalog,332/F9028,332-f9028-twin-pump-33-23ccr,source_image,false,RRE_ORIGINAL_AVAILABLE,RIGHTS_REVIEW_COMPLETE,PRESERVE_EXISTING_RRE_ORIGINAL_PHOTO,RRE already possesses an authentic catalog photograph for this SKU; external image kept purely as secondary cross-reference.
img_41acf91bd05d,https://enterprise.saioautomotive.com/backend/assets/uploads/products/Z1QxQmhrMkV0WTY0dHpIdFUvL3hPUT09_1745404418_0.jpg,,332/F9030 20/925580,https://www.antheautoparts.com/product-details/pump-main-hydraulic-36-29-cc-rev-332-f9030-20-925580-jcb-parts-online,N/A,N/A,N/A,false,UNMATCHED_EXTERNAL_REFERENCE,RIGHTS_REVIEW_COMPLETE,STAGED_AS_TECHNICAL_REFERENCE,External part not currently in RRE master catalog. Image staged in reference archive.
img_54ba85cfb264,https://enterprise.saioautomotive.com/backend/assets/uploads/products/alg3WVdMaUJxMmlld2x3UGpjSWJ6UT09_1745404472_0.jpg,,35/412100,https://www.antheautoparts.com/product-details/priority-valve-steering-35-412100-jcb-parts-online,35/412100,35-412100-priority-valve,source_image,false,RRE_ORIGINAL_AVAILABLE,RIGHTS_REVIEW_COMPLETE,PRESERVE_EXISTING_RRE_ORIGINAL_PHOTO,RRE already possesses an authentic catalog photograph for this SKU; external image kept purely as secondary cross-reference.
img_94048f7acbfc,https://enterprise.saioautomotive.com/backend/assets/uploads/products/V1FyVmYvTzErMGY3aW80Z3dKbTlrUT09_1745404550_0.jpg,,459/50431,https://www.antheautoparts.com/product-details/pump-drive-shaft-ss700-gearbox-459-50431-jcb-spare-parts-dealer,459/50431,459-50431-pumpdriveshaft,source_image,false,RRE_ORIGINAL_AVAILABLE,RIGHTS_REVIEW_COMPLETE,PRESERVE_EXISTING_RRE_ORIGINAL_PHOTO,RRE already possesses an authentic catalog photograph for this SKU; external image kept purely as secondary cross-reference.
img_7d6fc6e05c2d,https://enterprise.saioautomotive.com/backend/assets/uploads/products/aFBkVHhTaGJtYWE0QWhibjBMUjNDUT09_1745404613_0.jpg,,914/35000,https://www.antheautoparts.com/product-details/pump-drive-shaft-32mm-914-35000-jcb-parts-online,N/A,N/A,N/A,false,UNMATCHED_EXTERNAL_REFERENCE,RIGHTS_REVIEW_COMPLETE,STAGED_AS_TECHNICAL_REFERENCE,External part not currently in RRE master catalog. Image staged in reference archive.
img_e43225f02c18,https://enterprise.saioautomotive.com/backend/assets/uploads/products/RmhXcEpSbEdOSHk1TnA3d3BPQnBjdz09_1745404664_0.jpg,,914/35001,https://www.antheautoparts.com/product-details/yoke-flange-914-35001-jcb-spare-parts,914/35001,914-35001-yokeflange,source_image,false,RRE_ORIGINAL_AVAILABLE,RIGHTS_REVIEW_COMPLETE,PRESERVE_EXISTING_RRE_ORIGINAL_PHOTO,RRE already possesses an authentic catalog photograph for this SKU; external image kept purely as secondary cross-reference.
img_78742e5c8b39,https://enterprise.saioautomotive.com/backend/assets/uploads/products/bWYvVlZ4L21IQ1FRb2FxbWtQTGczUT09_1745404721_0.jpg,,914/35402,https://www.antheautoparts.com/product-details/yoke-flange-914-35402-replacement-jcb-parts,N/A,N/A,N/A,false,UNMATCHED_EXTERNAL_REFERENCE,RIGHTS_REVIEW_COMPLETE,STAGED_AS_TECHNICAL_REFERENCE,External part not currently in RRE master catalog. Image staged in reference archive.
img_7441bf279b3b,https://enterprise.saioautomotive.com/backend/assets/uploads/products/Sk5xNlQzdUdJeW9QTFU0S1prUXVsUT09_1745473665_0.jpg,,914/37400,https://www.antheautoparts.com/product-details/pump-drive-shaft-285-mm-1125-914-37400-jcb-parts-online,N/A,N/A,N/A,false,UNMATCHED_EXTERNAL_REFERENCE,RIGHTS_REVIEW_COMPLETE,STAGED_AS_TECHNICAL_REFERENCE,External part not currently in RRE master catalog. Image staged in reference archive.
img_7ebc02219037,https://enterprise.saioautomotive.com/backend/assets/uploads/products/YlNMZytkQUYyUzhKbDc2OXJDR0xYQT09_1745404934_0.jpg,,914/60041 | 914/44500,https://www.antheautoparts.com/product-details/pump-drive-shaft-254-mm-1-914-60041-914-44500-jcb-parts-catalog,914/60041,914-60041-pump-driveshaft,source_image,false,RRE_ORIGINAL_AVAILABLE,RIGHTS_REVIEW_COMPLETE,PRESERVE_EXISTING_RRE_ORIGINAL_PHOTO,RRE already possesses an authentic catalog photograph for this SKU; external image kept purely as secondary cross-reference.
img_9b44969d1876,https://enterprise.saioautomotive.com/backend/assets/uploads/products/elcxeUZyN0FKc1lSbURHY2dhdWZ3dz09_1745404995_0.jpg,,914/70045,https://www.antheautoparts.com/product-details/yoke-end-254-mm-914-70045-jcb-parts-online,N/A,N/A,N/A,false,UNMATCHED_EXTERNAL_REFERENCE,RIGHTS_REVIEW_COMPLETE,STAGED_AS_TECHNICAL_REFERENCE,External part not currently in RRE master catalog. Image staged in reference archive.
img_a4d52d1c1ee7,https://enterprise.saioautomotive.com/backend/assets/uploads/products/TUN2eEUzWElDQmlyS2NPMW8zOEVnQT09_1745406560_0.jpg,,,https://www.antheautoparts.com/product-details/spool-for-husco-excavator-valve-block-6-spool-replacement-jcb-parts,N/A,N/A,N/A,false,UNMATCHED_EXTERNAL_REFERENCE,RIGHTS_REVIEW_COMPLETE,STAGED_AS_TECHNICAL_REFERENCE,External part not currently in RRE master catalog. Image staged in reference archive.
img_c177ce8a1cab,https://enterprise.saioautomotive.com/backend/assets/uploads/products/cTZmN3dCQTQ0RTlDZjZoUm03NzZoQT09_1745406588_0.jpg,,,https://www.antheautoparts.com/product-details/spool-for-short-for-husco-loader-valve-block-2-spool-3-spool-replacement-jcb-parts,N/A,N/A,N/A,false,UNMATCHED_EXTERNAL_REFERENCE,RIGHTS_REVIEW_COMPLETE,STAGED_AS_TECHNICAL_REFERENCE,External part not currently in RRE master catalog. Image staged in reference archive.
img_db2e9d400e07,https://enterprise.saioautomotive.com/backend/assets/uploads/products/MjNFOWsyWUJQOE15K2NYejF3bzNlZz09_1745406614_0.jpg,,,https://www.antheautoparts.com/product-details/spool-for-long-for-husco-loader-valve-block-2-spool-3-spool-jcb-parts,N/A,N/A,N/A,false,UNMATCHED_EXTERNAL_REFERENCE,RIGHTS_REVIEW_COMPLETE,STAGED_AS_TECHNICAL_REFERENCE,External part not currently in RRE master catalog. Image staged in reference archive.
img_1a99377e1236,https://enterprise.saioautomotive.com/backend/assets/uploads/products/d3FlbTdLNDZIRFJJTDFndi9tUnlGUT09_1745406056_0.jpg,,20/925586,https://www.antheautoparts.com/product-details/pump-main-hydraulic-29-23-cc-rev-20-925586-replacement-jcb-parts,N/A,N/A,N/A,false,UNMATCHED_EXTERNAL_REFERENCE,RIGHTS_REVIEW_COMPLETE,STAGED_AS_TECHNICAL_REFERENCE,External part not currently in RRE master catalog. Image staged in reference archive.
img_ff152e971498,https://enterprise.saioautomotive.com/backend/assets/uploads/products/Q04zQUpsdThEV21yRzk5WVpsVi9vUT09_1745406875_0.jpg,,20/925468 | 3349111930,https://www.antheautoparts.com/product-details/hydraulic-pump-20-925468-3349111930-jcb-spare-parts,N/A,N/A,N/A,false,UNMATCHED_EXTERNAL_REFERENCE,RIGHTS_REVIEW_COMPLETE,STAGED_AS_TECHNICAL_REFERENCE,External part not currently in RRE master catalog. Image staged in reference archive.
img_083a3912819a,https://enterprise.saioautomotive.com/backend/assets/uploads/products/VHR6NHNBemY3M281WjNJVDR4OElWQT09_1745406799_0.jpg,,333/G5390,https://www.antheautoparts.com/product-details/pump-main-hydraulic-twin-pump-gear-36-29-cc-rev-333-g5390-jcb-parts-catalog,333/G5390,333-g5390-twin-pump-36-29ccr,placeholder_image,false,FLAGGED_FOR_RRE_ASSET_GENERATION,RIGHTS_REVIEW_COMPLETE,GENERATE_NEW_RRE_ASSET_FROM_REFERENCE,"External photo serves strictly as a technical visual reference to produce an unbranded, high-resolution RRE International asset."
img_9ff23c65b9f6,https://enterprise.saioautomotive.com/backend/assets/uploads/products/QTMxeU5uZ3pZczJlZmhjN2E5OUtkQT09_1745406754_0.jpg,,333/G5391,https://www.antheautoparts.com/product-details/twin-hydraulic-pump-333-g5391-jcb-spare-parts,333/G5391,333-g5391-twin-pump-37-33ccr,placeholder_image,false,FLAGGED_FOR_RRE_ASSET_GENERATION,RIGHTS_REVIEW_COMPLETE,GENERATE_NEW_RRE_ASSET_FROM_REFERENCE,"External photo serves strictly as a technical visual reference to produce an unbranded, high-resolution RRE International asset."
img_c1f2496b9323,https://enterprise.saioautomotive.com/backend/assets/uploads/products/M0RtMzdCVVhYS214UVNqUUNOUmJKQT09_1745406393_0.jpg,,20/903200,https://www.antheautoparts.com/product-details/twin-hydraulic-pump-20-903200-jcb-spare-parts,20/903200,20-903200-pump,source_image,false,RRE_ORIGINAL_AVAILABLE,RIGHTS_REVIEW_COMPLETE,PRESERVE_EXISTING_RRE_ORIGINAL_PHOTO,RRE already possesses an authentic catalog photograph for this SKU; external image kept purely as secondary cross-reference.
img_7655fa1aba47,https://enterprise.saioautomotive.com/backend/assets/uploads/products/dXd5OXNZUTkrY0xPV1htNHRjb2phZz09_1744890949_0.jpg,,700/16001,https://www.antheautoparts.com/product-details/indicator-light-lens-700-16001-jcb-genuine-parts,700/16001,700-16001-lens,source_image,false,RRE_ORIGINAL_AVAILABLE,RIGHTS_REVIEW_COMPLETE,PRESERVE_EXISTING_RRE_ORIGINAL_PHOTO,RRE already possesses an authentic catalog photograph for this SKU; external image kept purely as secondary cross-reference.
img_0917fb623e4d,https://enterprise.saioautomotive.com/backend/assets/uploads/products/QUpPOTJTRTkwaHNlUWpmcWlJZ0hTZz09_1744891007_0.jpg,,700/21100 | 262/68200,https://www.antheautoparts.com/product-details/headlamp-headlight-assembly-700-21100-262-68200-jcb-spare-parts,262/68200,262-68200-lightheadlightrhdip,source_image,false,RRE_ORIGINAL_AVAILABLE,RIGHTS_REVIEW_COMPLETE,PRESERVE_EXISTING_RRE_ORIGINAL_PHOTO,RRE already possesses an authentic catalog photograph for this SKU; external image kept purely as secondary cross-reference.
img_af1362c763fa,https://enterprise.saioautomotive.com/backend/assets/uploads/products/aVpxV21KUklyYXRWZFVkWjF1b1l4UT09_1744891073_0.jpg,,700/23600,https://www.antheautoparts.com/product-details/rear-stop-light-assembly-700-23600-jcb-aftermarket-parts,N/A,N/A,N/A,false,UNMATCHED_EXTERNAL_REFERENCE,RIGHTS_REVIEW_COMPLETE,STAGED_AS_TECHNICAL_REFERENCE,External part not currently in RRE master catalog. Image staged in reference archive.
img_45ba4261bf5d,https://enterprise.saioautomotive.com/backend/assets/uploads/products/cDRJelRIc3JRS0Zwek1LSFFEcUdMQT09_1744891148_0.jpg,,700/26201,https://www.antheautoparts.com/product-details/tail-light-lens-700-26201-jcb-parts,700/26201,700-26201-lens,source_image,false,RRE_ORIGINAL_AVAILABLE,RIGHTS_REVIEW_COMPLETE,PRESERVE_EXISTING_RRE_ORIGINAL_PHOTO,RRE already possesses an authentic catalog photograph for this SKU; external image kept purely as secondary cross-reference.
img_19aa712a5369,https://enterprise.saioautomotive.com/backend/assets/uploads/products/STBCMEJnenB0V0c2Si95Q3JybFF0UT09_1744891239_0.jpg,,700/31800,https://www.antheautoparts.com/product-details/front-rear-working-light-12v-with-bulb-700-31800-replacement-jcb-parts,N/A,N/A,N/A,false,UNMATCHED_EXTERNAL_REFERENCE,RIGHTS_REVIEW_COMPLETE,STAGED_AS_TECHNICAL_REFERENCE,External part not currently in RRE master catalog. Image staged in reference archive.
img_1814caf45c99,https://enterprise.saioautomotive.com/backend/assets/uploads/products/UG5tYU1RWWhDa1RyVXg4cng3anlHQT09_1744949501_0.jpg,,700/38400,https://www.antheautoparts.com/product-details/headlamp-headlight-assembly-700-38400-jcb-spares,700/38400,700-38400-light-head-assembl,source_image,false,RRE_ORIGINAL_AVAILABLE,RIGHTS_REVIEW_COMPLETE,PRESERVE_EXISTING_RRE_ORIGINAL_PHOTO,RRE already possesses an authentic catalog photograph for this SKU; external image kept purely as secondary cross-reference.
img_4ff27a79ceaa,https://enterprise.saioautomotive.com/backend/assets/uploads/products/REYxditybUcrck0yR0ZSazU1U2JmQT09_1744949644_0.jpg,,700/38800,https://www.antheautoparts.com/product-details/rear-working-light-12v-without-bulb-700-38800-jcb-parts-online,N/A,N/A,N/A,false,UNMATCHED_EXTERNAL_REFERENCE,RIGHTS_REVIEW_COMPLETE,STAGED_AS_TECHNICAL_REFERENCE,External part not currently in RRE master catalog. Image staged in reference archive.
img_4e8f8863045b,https://enterprise.saioautomotive.com/backend/assets/uploads/products/c3o5bEJ0VHZDbWM0dGtVN0x3NXVjdz09_1744949705_0.jpg,,700/50018,https://www.antheautoparts.com/product-details/rear-light-unit-complete-700-50018-jcb-parts-near-me,700/50018,700-50018-combination-lamp-rear-12v,source_image,false,RRE_ORIGINAL_AVAILABLE,RIGHTS_REVIEW_COMPLETE,PRESERVE_EXISTING_RRE_ORIGINAL_PHOTO,RRE already possesses an authentic catalog photograph for this SKU; external image kept purely as secondary cross-reference.
img_9aaacf1d5791,https://enterprise.saioautomotive.com/backend/assets/uploads/products/RjhGSTBsVjJ0dkZkN0JQTmpjdEtQQT09_1744949778_0.jpg,,700/50024,https://www.antheautoparts.com/product-details/rear-light-lens-700-50024-jcb-spare-parts,700/50024,700-50024-lens-crl300-acryli,source_image,false,RRE_ORIGINAL_AVAILABLE,RIGHTS_REVIEW_COMPLETE,PRESERVE_EXISTING_RRE_ORIGINAL_PHOTO,RRE already possesses an authentic catalog photograph for this SKU; external image kept purely as secondary cross-reference.
img_6f881522d1e3,https://enterprise.saioautomotive.com/backend/assets/uploads/products/RGNSYlJFT2trM0hORm1idzZRY0NyQT09_1744949840_0.jpg,,700/50029,https://www.antheautoparts.com/product-details/working-light-assembly-12v-with-bulb-700-50029-jcb-genuine-parts,700/50029,700-50029-pedestal-mounting-worklamp,source_image,false,RRE_ORIGINAL_AVAILABLE,RIGHTS_REVIEW_COMPLETE,PRESERVE_EXISTING_RRE_ORIGINAL_PHOTO,RRE already possesses an authentic catalog photograph for this SKU; external image kept purely as secondary cross-reference.
img_ec733c359d89,https://enterprise.saioautomotive.com/backend/assets/uploads/products/U1Yya1kvUHB4WjRkTHJyOFh0eGV4UT09_1745470830_0.jpg,,1019/3832,https://www.antheautoparts.com/product-details/shovel-pivot-pin-w-zerk-fitting-1019-3832-jcb-aftermarket-parts,1019/3832,1019-3832-pivot-pin,source_image,false,RRE_ORIGINAL_AVAILABLE,RIGHTS_REVIEW_COMPLETE,PRESERVE_EXISTING_RRE_ORIGINAL_PHOTO,RRE already possesses an authentic catalog photograph for this SKU; external image kept purely as secondary cross-reference.
img_377c7bc4726a,https://enterprise.saioautomotive.com/backend/assets/uploads/products/UTRVSTllZE9YV0lWRDd1cWtuVWFpUT09_1746163549_0.jpg,,120/30002,https://www.antheautoparts.com/product-details/cotter-pin-120-30002-jcb-parts-online,120/30002,120-30002-cotter-pin,source_image,false,RRE_ORIGINAL_AVAILABLE,RIGHTS_REVIEW_COMPLETE,PRESERVE_EXISTING_RRE_ORIGINAL_PHOTO,RRE already possesses an authentic catalog photograph for this SKU; external image kept purely as secondary cross-reference.
img_84f55051e7f0,https://enterprise.saioautomotive.com/backend/assets/uploads/products/SnJDVjRSeWtpcWdmYU9ZOGxQVlRJdz09_1745470941_0.jpg,,123/00932,https://www.antheautoparts.com/product-details/pivot-pin-123-00932-jcb-spare-parts,123/00932,123-00932-lockingpin,source_image,false,RRE_ORIGINAL_AVAILABLE,RIGHTS_REVIEW_COMPLETE,PRESERVE_EXISTING_RRE_ORIGINAL_PHOTO,RRE already possesses an authentic catalog photograph for this SKU; external image kept purely as secondary cross-reference.
img_58d31ef20213,https://enterprise.saioautomotive.com/backend/assets/uploads/products/YU1WZ0hGd1dNTjM4bjFxbEt3am1rQT09_1745471003_0.jpg,,191/00618 | 120/30001,https://www.antheautoparts.com/product-details/king-pin-2wd-191-00618-120-30001-jcb-spare-parts-dealer,191/00618,191-00618-kingpin,source_image,false,RRE_ORIGINAL_AVAILABLE,RIGHTS_REVIEW_COMPLETE,PRESERVE_EXISTING_RRE_ORIGINAL_PHOTO,RRE already possesses an authentic catalog photograph for this SKU; external image kept purely as secondary cross-reference.
img_5e90f5b46d4d,https://enterprise.saioautomotive.com/backend/assets/uploads/products/QnV0bzZOdGdTZUZKVHNkR2FCNzl6dz09_1745471226_0.jpg,,332/G6451,https://www.antheautoparts.com/product-details/center-mount-kingpost-top-pin-332-g6451-jcb-spare-parts,332/G6451,332-g6451-ingpost-pivot-c-m-alt-no-913-10079,source_image,false,RRE_ORIGINAL_AVAILABLE,RIGHTS_REVIEW_COMPLETE,PRESERVE_EXISTING_RRE_ORIGINAL_PHOTO,RRE already possesses an authentic catalog photograph for this SKU; external image kept purely as secondary cross-reference.
img_515adec4fb1d,https://enterprise.saioautomotive.com/backend/assets/uploads/products/R3RZTUI5TWk1OXVWTWlvYUhvRTBqZz09_1745471280_0.jpg,,450/10903 | 458/M3121,https://www.antheautoparts.com/product-details/diff-gear-set-trunnion-pin-450-10903-458-m3121-jcb-parts,450/10903,450-10903-trunnionpin,source_image,false,RRE_ORIGINAL_AVAILABLE,RIGHTS_REVIEW_COMPLETE,PRESERVE_EXISTING_RRE_ORIGINAL_PHOTO,RRE already possesses an authentic catalog photograph for this SKU; external image kept purely as secondary cross-reference.
img_5244099b8fb0,https://enterprise.saioautomotive.com/backend/assets/uploads/products/azE4SjdYVjdIa2QxaWpteHB3M2RnZz09_1745471331_0.jpg,,811/10011,https://www.antheautoparts.com/product-details/center-pivot-pin-350mm-811-10011-jcb-genuine-parts,811/10011,811-10011-pivot-pin,source_image,false,RRE_ORIGINAL_AVAILABLE,RIGHTS_REVIEW_COMPLETE,PRESERVE_EXISTING_RRE_ORIGINAL_PHOTO,RRE already possesses an authentic catalog photograph for this SKU; external image kept purely as secondary cross-reference.
img_24a7b35a77ee,https://enterprise.saioautomotive.com/backend/assets/uploads/products/QzNtTVZ2clk4T1oxZlBvRDQrajA3QT09_1745471387_0.jpg,,811/10059,https://www.antheautoparts.com/product-details/axle-assembly-center-pin-811-10059-jcb-genuine-parts,811/10059,811-10059-pivot-pin,source_image,false,RRE_ORIGINAL_AVAILABLE,RIGHTS_REVIEW_COMPLETE,PRESERVE_EXISTING_RRE_ORIGINAL_PHOTO,RRE already possesses an authentic catalog photograph for this SKU; external image kept purely as secondary cross-reference.
img_e7509b85f07b,https://enterprise.saioautomotive.com/backend/assets/uploads/products/ZzJvc1ljeTU1OHVmL0ZsYU16T3Nsdz09_1745471749_0.jpg,,811/10061,https://www.antheautoparts.com/product-details/loader-arm-pivot-pin-811-10061-jcb-parts,811/10061,811-10061-pivotpin,placeholder_image,false,FLAGGED_FOR_RRE_ASSET_GENERATION,RIGHTS_REVIEW_COMPLETE,GENERATE_NEW_RRE_ASSET_FROM_REFERENCE,"External photo serves strictly as a technical visual reference to produce an unbranded, high-resolution RRE International asset."
img_fa663ddf1b78,https://enterprise.saioautomotive.com/backend/assets/uploads/products/VURibUsvRmpPRVZZU1hlUVBnSWJFdz09_1745471814_0.jpg,,811/10066,https://www.antheautoparts.com/product-details/axle-assembly-center-pin-811-10066-jcb-parts-near-me,811/10066,811-10066-pivotpin,source_image,false,RRE_ORIGINAL_AVAILABLE,RIGHTS_REVIEW_COMPLETE,PRESERVE_EXISTING_RRE_ORIGINAL_PHOTO,RRE already possesses an authentic catalog photograph for this SKU; external image kept purely as secondary cross-reference.
img_352e71e2a836,https://enterprise.saioautomotive.com/backend/assets/uploads/products/ZUYrNmpYRzYzNWNaY0hSaE1rS0JPQT09_1745471876_0.jpg,,811/10088,https://www.antheautoparts.com/product-details/pivot-pin-link-to-frame-811-10088-jcb-aftermarket-parts,N/A,N/A,N/A,false,UNMATCHED_EXTERNAL_REFERENCE,RIGHTS_REVIEW_COMPLETE,STAGED_AS_TECHNICAL_REFERENCE,External part not currently in RRE master catalog. Image staged in reference archive.
img_64febd232617,https://enterprise.saioautomotive.com/backend/assets/uploads/products/SGNWdGJuS1RFZHo0b2MvWlpWdmI4dz09_1745474362_0.jpg,,811/10089,https://www.antheautoparts.com/product-details/loader-arm-pivot-pin-50-dia-811-10089-jcb-aftermarket-parts,N/A,N/A,N/A,false,UNMATCHED_EXTERNAL_REFERENCE,RIGHTS_REVIEW_COMPLETE,STAGED_AS_TECHNICAL_REFERENCE,External part not currently in RRE master catalog. Image staged in reference archive.
img_845d2602369e,https://enterprise.saioautomotive.com/backend/assets/uploads/products/aTRENEkxcndLeHRoS0FVN3pGTXcvZz09_1745474477_0.jpg,,811/10091,https://www.antheautoparts.com/product-details/front-axle-main-pin-811-10091-replacement-jcb-parts,811/10091,811-10091-pivot-pin,source_image,false,RRE_ORIGINAL_AVAILABLE,RIGHTS_REVIEW_COMPLETE,PRESERVE_EXISTING_RRE_ORIGINAL_PHOTO,RRE already possesses an authentic catalog photograph for this SKU; external image kept purely as secondary cross-reference.
img_636cf6f61c1a,https://enterprise.saioautomotive.com/backend/assets/uploads/products/bVdxSThpSDNIUzRrVFZEaFRXUEIwZz09_1745474535_0.jpg,,811/20005,https://www.antheautoparts.com/product-details/dipper-arm-pivot-pin-811-20005-jcb-spares,811/20005,811-20005-pivotpin,placeholder_image,false,FLAGGED_FOR_RRE_ASSET_GENERATION,RIGHTS_REVIEW_COMPLETE,GENERATE_NEW_RRE_ASSET_FROM_REFERENCE,"External photo serves strictly as a technical visual reference to produce an unbranded, high-resolution RRE International asset."
img_a0d0780ff362,https://enterprise.saioautomotive.com/backend/assets/uploads/products/NUhHaTIvL2Q5Qm5tcXQwZ3k0UVZMdz09_1745474602_0.jpg,,811/20043,https://www.antheautoparts.com/product-details/pivot-pin-lever-link-811-20043-jcb-parts-near-me,811/20043,811-20043-pivot-pin-s-1-c-sb,source_image,false,RRE_ORIGINAL_AVAILABLE,RIGHTS_REVIEW_COMPLETE,PRESERVE_EXISTING_RRE_ORIGINAL_PHOTO,RRE already possesses an authentic catalog photograph for this SKU; external image kept purely as secondary cross-reference.
img_6dd4ee45a30a,https://enterprise.saioautomotive.com/backend/assets/uploads/products/SWcxNVdiM3JwSmwrVHB1NzlvK1VuQT09_1745474653_0.jpg,,811/20053,https://www.antheautoparts.com/product-details/pivot-pin-arm-loader-811-20053-replacement-jcb-parts,811/20053,811-20053-pivotpin,source_image,false,RRE_ORIGINAL_AVAILABLE,RIGHTS_REVIEW_COMPLETE,PRESERVE_EXISTING_RRE_ORIGINAL_PHOTO,RRE already possesses an authentic catalog photograph for this SKU; external image kept purely as secondary cross-reference.
img_b5a38a789410,https://enterprise.saioautomotive.com/backend/assets/uploads/products/MW1BRjZuam9aMTkwYXlQMFQ2eVEzUT09_1745474722_0.jpg,,811/20061,https://www.antheautoparts.com/product-details/pivot-pin-811-20061-jcb-parts-near-me,811/20061,811-20061-pivot-pin,source_image,false,RRE_ORIGINAL_AVAILABLE,RIGHTS_REVIEW_COMPLETE,PRESERVE_EXISTING_RRE_ORIGINAL_PHOTO,RRE already possesses an authentic catalog photograph for this SKU; external image kept purely as secondary cross-reference.
img_1fcf095b0d3f,https://enterprise.saioautomotive.com/backend/assets/uploads/products/b0lCOHRMK2dTR3M3bkwwcTlCWDk3dz09_1745474780_0.jpg,,811/30048,https://www.antheautoparts.com/product-details/pivot-pin-811-30048-jcb-aftermarket-parts,811/30048,811-30048-pivot-pin,source_image,false,RRE_ORIGINAL_AVAILABLE,RIGHTS_REVIEW_COMPLETE,PRESERVE_EXISTING_RRE_ORIGINAL_PHOTO,RRE already possesses an authentic catalog photograph for this SKU; external image kept purely as secondary cross-reference.
img_26cf05d6eb53,https://enterprise.saioautomotive.com/backend/assets/uploads/products/bFY5Vjdsa2RRaktsY1h3V0g0WWEzQT09_1745474837_0.jpg,,811/50007,https://www.antheautoparts.com/product-details/dipper-arm-pivot-pin-811-50007-jcb-spare-parts,N/A,N/A,N/A,false,UNMATCHED_EXTERNAL_REFERENCE,RIGHTS_REVIEW_COMPLETE,STAGED_AS_TECHNICAL_REFERENCE,External part not currently in RRE master catalog. Image staged in reference archive.
img_853adda4be05,https://enterprise.saioautomotive.com/backend/assets/uploads/products/S21IblhpV1ZHOVVIcGd6Q2JsbmhqUT09_1745475025_0.jpg,,811/50167,https://www.antheautoparts.com/product-details/kingpost-pivot-pin-811-50167-jcb-parts-near-me,811/50167,811-50167-pivotpin,source_image,false,RRE_ORIGINAL_AVAILABLE,RIGHTS_REVIEW_COMPLETE,PRESERVE_EXISTING_RRE_ORIGINAL_PHOTO,RRE already possesses an authentic catalog photograph for this SKU; external image kept purely as secondary cross-reference.
img_245c46ce5d23,https://enterprise.saioautomotive.com/backend/assets/uploads/products/UE9FT29QUEMwZ0NQYUIzV1VXVncyQT09_1745475080_0.jpg,,811/50267,https://www.antheautoparts.com/product-details/pivot-pin-dipper-stick-tipping-link-811-50267-jcb-spare-parts,811/50267,811-50267-pivot-pins-3175mm-nomi-sb,source_image,false,RRE_ORIGINAL_AVAILABLE,RIGHTS_REVIEW_COMPLETE,PRESERVE_EXISTING_RRE_ORIGINAL_PHOTO,RRE already possesses an authentic catalog photograph for this SKU; external image kept purely as secondary cross-reference.
img_2f769d110e3a,https://enterprise.saioautomotive.com/backend/assets/uploads/products/aS9GRFFzSE1nMnJBcFVLejJPL2E2Zz09_1745475138_0.jpg,,811/50272,https://www.antheautoparts.com/product-details/boom-base-pin-811-50272-jcb-spare-parts-dealer,N/A,N/A,N/A,false,UNMATCHED_EXTERNAL_REFERENCE,RIGHTS_REVIEW_COMPLETE,STAGED_AS_TECHNICAL_REFERENCE,External part not currently in RRE master catalog. Image staged in reference archive.
img_39a94454cde1,https://enterprise.saioautomotive.com/backend/assets/uploads/products/WUxlek9ab3EwTmJTclE2Q0NhS211UT09_1745475184_0.jpg,,811/50277,https://www.antheautoparts.com/product-details/kingpost-top-pivot-pin-811-50277-jcb-spare-parts-dealer,N/A,N/A,N/A,false,UNMATCHED_EXTERNAL_REFERENCE,RIGHTS_REVIEW_COMPLETE,STAGED_AS_TECHNICAL_REFERENCE,External part not currently in RRE master catalog. Image staged in reference archive.
img_b344dd20d7ca,https://enterprise.saioautomotive.com/backend/assets/uploads/products/UlF4WitTZ2E4dzJEU25mSk1XeFROUT09_1745475245_0.jpg,,811/50365,https://www.antheautoparts.com/product-details/pivot-pin-boom-811-50365-jcb-parts-near-me,811/50365,811-50365-pivot-pin,source_image,false,RRE_ORIGINAL_AVAILABLE,RIGHTS_REVIEW_COMPLETE,PRESERVE_EXISTING_RRE_ORIGINAL_PHOTO,RRE already possesses an authentic catalog photograph for this SKU; external image kept purely as secondary cross-reference.
img_56f20113cabb,https://enterprise.saioautomotive.com/backend/assets/uploads/products/cTZ5cEk3MDUvSnVxSlRITmJyVDR4QT09_1745475318_0.jpg,,811/50367 | 811/50375,https://www.antheautoparts.com/product-details/pivot-pin-dipper-811-50367-811-50375-jcb-spare-parts,811/50367,811-50367-pivotpin,source_image,false,RRE_ORIGINAL_AVAILABLE,RIGHTS_REVIEW_COMPLETE,PRESERVE_EXISTING_RRE_ORIGINAL_PHOTO,RRE already possesses an authentic catalog photograph for this SKU; external image kept purely as secondary cross-reference.
img_28c923af0187,https://enterprise.saioautomotive.com/backend/assets/uploads/products/enN3d1ZPNjdIVzF5SlVockJoaVp6QT09_1745475364_0.jpg,,811/50368,https://www.antheautoparts.com/product-details/pivot-pin-811-50368-jcb-spare-parts,811/50368,811-50368-pivotpin,source_image,false,RRE_ORIGINAL_AVAILABLE,RIGHTS_REVIEW_COMPLETE,PRESERVE_EXISTING_RRE_ORIGINAL_PHOTO,RRE already possesses an authentic catalog photograph for this SKU; external image kept purely as secondary cross-reference.
img_519e6fcd8d4c,https://enterprise.saioautomotive.com/backend/assets/uploads/products/VnJHUG5IRDdIT2VJdnZ0M3JKTncvUT09_1745475444_0.jpg,,811/50369,https://www.antheautoparts.com/product-details/pivot-pin-811-50369-jcb-spare-parts-dealer,811/50369,811-50369-pivot-pin,source_image,false,RRE_ORIGINAL_AVAILABLE,RIGHTS_REVIEW_COMPLETE,PRESERVE_EXISTING_RRE_ORIGINAL_PHOTO,RRE already possesses an authentic catalog photograph for this SKU; external image kept purely as secondary cross-reference.
img_2ae851f62ed7,https://enterprise.saioautomotive.com/backend/assets/uploads/products/c0VVNGl4QUdURGdBdEVBYTJKT2VzUT09_1745475500_0.jpg,,811/50371,https://www.antheautoparts.com/product-details/pivot-pin-boom-dipper-811-50371-jcb-spares,811/50371,811-50371-pivotpin,source_image,false,RRE_ORIGINAL_AVAILABLE,RIGHTS_REVIEW_COMPLETE,PRESERVE_EXISTING_RRE_ORIGINAL_PHOTO,RRE already possesses an authentic catalog photograph for this SKU; external image kept purely as secondary cross-reference.
img_0f2d617afca2,https://enterprise.saioautomotive.com/backend/assets/uploads/products/OVFoZVo5U0d1czVGWG9rbWxySUxXZz09_1745475562_0.jpg,,811/50372,https://www.antheautoparts.com/product-details/pivot-pin-boom-dipper-811-50372-jcb-aftermarket-parts,811/50372,811-50372-pivot-pin-5995-5987x350,source_image,false,RRE_ORIGINAL_AVAILABLE,RIGHTS_REVIEW_COMPLETE,PRESERVE_EXISTING_RRE_ORIGINAL_PHOTO,RRE already possesses an authentic catalog photograph for this SKU; external image kept purely as secondary cross-reference.
img_42ff09b129a0,https://enterprise.saioautomotive.com/backend/assets/uploads/products/aGVjZy9PUE5hM0Rxcml2azAyK2dQQT09_1745475616_0.jpg,,811/50398 | 811/90478,https://www.antheautoparts.com/product-details/pivot-pin-clamshovel-811-50398-811-90478-jcb-parts-online,811/50398,811-50398-pivot-pin,source_image,false,RRE_ORIGINAL_AVAILABLE,RIGHTS_REVIEW_COMPLETE,PRESERVE_EXISTING_RRE_ORIGINAL_PHOTO,RRE already possesses an authentic catalog photograph for this SKU; external image kept purely as secondary cross-reference.
img_21376105e471,https://enterprise.saioautomotive.com/backend/assets/uploads/products/WHJ1ZHRUWHVQWUFETm5WU2RhL3ZnUT09_1745475726_0.jpg,,811/50400,https://www.antheautoparts.com/product-details/pivot-pin-811-50400-jcb-spare-parts-dealer,N/A,N/A,N/A,false,UNMATCHED_EXTERNAL_REFERENCE,RIGHTS_REVIEW_COMPLETE,STAGED_AS_TECHNICAL_REFERENCE,External part not currently in RRE master catalog. Image staged in reference archive.
img_d9ffe0678c98,https://enterprise.saioautomotive.com/backend/assets/uploads/products/TURJZFEwdzZSQlNwM0lDZ3R1UDFlQT09_1745475821_0.jpg,,811/50436,https://www.antheautoparts.com/product-details/pivot-pin-dipper-stick-811-50436-jcb-spare-parts-dealer,811/50436,811-50436-pinpivot,placeholder_image,false,FLAGGED_FOR_RRE_ASSET_GENERATION,RIGHTS_REVIEW_COMPLETE,GENERATE_NEW_RRE_ASSET_FROM_REFERENCE,"External photo serves strictly as a technical visual reference to produce an unbranded, high-resolution RRE International asset."
img_c3d7bc9ba52f,https://enterprise.saioautomotive.com/backend/assets/uploads/products/THRwdHpQdDhNcGhaYnNSeDM1VW9zdz09_1745475877_0.jpg,,811/50437,https://www.antheautoparts.com/product-details/pivot-pin-dipper-811-50437-jcb-spares,811/50437,811-50437-pivot-pin-50x266mm,source_image,false,RRE_ORIGINAL_AVAILABLE,RIGHTS_REVIEW_COMPLETE,PRESERVE_EXISTING_RRE_ORIGINAL_PHOTO,RRE already possesses an authentic catalog photograph for this SKU; external image kept purely as secondary cross-reference.
img_e53307dde247,https://enterprise.saioautomotive.com/backend/assets/uploads/products/dU5sUFhWekVBdkNDTHRVRmNQcDZLZz09_1745475941_0.jpg,,811/50482,https://www.antheautoparts.com/product-details/slew-swing-pin-172mm-811-50482-jcb-aftermarket-parts,N/A,N/A,N/A,false,UNMATCHED_EXTERNAL_REFERENCE,RIGHTS_REVIEW_COMPLETE,STAGED_AS_TECHNICAL_REFERENCE,External part not currently in RRE master catalog. Image staged in reference archive.
img_7c73de501ce5,https://enterprise.saioautomotive.com/backend/assets/uploads/products/Ry9lbWR3R1lwNlZTNnRWRFZBY2JQUT09_1745476018_0.jpg,,811/50483,https://www.antheautoparts.com/product-details/kingpost-pin-811-50483-jcb-spares,811/50483,811-50483-pivot-pin-50x250mm,source_image,false,RRE_ORIGINAL_AVAILABLE,RIGHTS_REVIEW_COMPLETE,PRESERVE_EXISTING_RRE_ORIGINAL_PHOTO,RRE already possesses an authentic catalog photograph for this SKU; external image kept purely as secondary cross-reference.
img_df4e58fbed77,https://enterprise.saioautomotive.com/backend/assets/uploads/products/eklkRTRwTTdoWDVKOE1Zb1hjaVVLdz09_1745476080_0.jpg,,811/50520,https://www.antheautoparts.com/product-details/pivot-pin-boom-811-50520-jcb-parts,811/50520,811-50520-pivot-pin-50x275mm,source_image,false,RRE_ORIGINAL_AVAILABLE,RIGHTS_REVIEW_COMPLETE,PRESERVE_EXISTING_RRE_ORIGINAL_PHOTO,RRE already possesses an authentic catalog photograph for this SKU; external image kept purely as secondary cross-reference.
img_b71f56c2160e,https://enterprise.saioautomotive.com/backend/assets/uploads/products/cmV3SjVOQW9rWTB0RXdwQnpJdHBTUT09_1745476197_0.jpg,,811/50530 | 811/90590,https://www.antheautoparts.com/product-details/stabiliser-pivot-pin-811-50530-811-90590-jcb-parts-catalog,811/50530,811-50530-pivot-pin,source_image,false,RRE_ORIGINAL_AVAILABLE,RIGHTS_REVIEW_COMPLETE,PRESERVE_EXISTING_RRE_ORIGINAL_PHOTO,RRE already possesses an authentic catalog photograph for this SKU; external image kept purely as secondary cross-reference.
img_ecdc002045a1,https://enterprise.saioautomotive.com/backend/assets/uploads/products/c2JKYklzWWpsOWg3UnFJejc2YlE4dz09_1745476306_0.jpg,,811/50569,https://www.antheautoparts.com/product-details/pivot-pin-boom-dipper-811-50569-jcb-spare-parts-dealer,811/50569,811-50569-pivot-pin-60x322mm,placeholder_image,false,FLAGGED_FOR_RRE_ASSET_GENERATION,RIGHTS_REVIEW_COMPLETE,GENERATE_NEW_RRE_ASSET_FROM_REFERENCE,"External photo serves strictly as a technical visual reference to produce an unbranded, high-resolution RRE International asset."
img_8c3633424ad7,https://enterprise.saioautomotive.com/backend/assets/uploads/products/bGZYYzZXVUxyQ0c0UGhMVEUzaWFxZz09_1745476366_0.jpg,,811/70001 | 811/90471,https://www.antheautoparts.com/product-details/pivot-pin-811-70001-811-90471-jcb-parts,811/70001,811-70001-pivotpin,source_image,false,RRE_ORIGINAL_AVAILABLE,RIGHTS_REVIEW_COMPLETE,PRESERVE_EXISTING_RRE_ORIGINAL_PHOTO,RRE already possesses an authentic catalog photograph for this SKU; external image kept purely as secondary cross-reference.
img_5110bd7d4d83,https://enterprise.saioautomotive.com/backend/assets/uploads/products/TmJOTlZ6andBM3RBUXFucEx2OHA4QT09_1745476419_0.jpg,,811/70003 | 811/90472,https://www.antheautoparts.com/product-details/pivot-pin-with-grease-hole-811-70003-811-90472-jcb-parts-near-me,811/70003,811-70003-pivotpin-center,source_image,false,RRE_ORIGINAL_AVAILABLE,RIGHTS_REVIEW_COMPLETE,PRESERVE_EXISTING_RRE_ORIGINAL_PHOTO,RRE already possesses an authentic catalog photograph for this SKU; external image kept purely as secondary cross-reference.
img_6c76e9f8e02d,https://enterprise.saioautomotive.com/backend/assets/uploads/products/V1lmd1VSRUZ4NitIYVg0ZUFqQmJ5UT09_1745476491_0.jpg,,811/70005 | 811/70072,https://www.antheautoparts.com/product-details/lower-king-pin-811-70005-811-70072-jcb-spare-parts-dealer,N/A,N/A,N/A,false,UNMATCHED_EXTERNAL_REFERENCE,RIGHTS_REVIEW_COMPLETE,STAGED_AS_TECHNICAL_REFERENCE,External part not currently in RRE master catalog. Image staged in reference archive.
img_835b0bfd2850,https://enterprise.saioautomotive.com/backend/assets/uploads/products/Mi9jeFY0RG5PTDZoTXhsWC9wVHB6Zz09_1745476555_0.jpg,,811/70018,https://www.antheautoparts.com/product-details/front-axle-pin-811-70018-jcb-parts,811/70018,811-70018-pivot-pin,source_image,false,RRE_ORIGINAL_AVAILABLE,RIGHTS_REVIEW_COMPLETE,PRESERVE_EXISTING_RRE_ORIGINAL_PHOTO,RRE already possesses an authentic catalog photograph for this SKU; external image kept purely as secondary cross-reference.
img_d82edb7f98cd,https://enterprise.saioautomotive.com/backend/assets/uploads/products/U2MvMmNNbVN0ZjZlbHhjbWljOW9SUT09_1745476664_0.jpg,,811/70071,https://www.antheautoparts.com/product-details/kingpost-pivot-pin-811-70071-jcb-spares,N/A,N/A,N/A,false,UNMATCHED_EXTERNAL_REFERENCE,RIGHTS_REVIEW_COMPLETE,STAGED_AS_TECHNICAL_REFERENCE,External part not currently in RRE master catalog. Image staged in reference archive.
img_c3e1eb5b45c7,https://enterprise.saioautomotive.com/backend/assets/uploads/products/c3VjSTlJNzlHUVZpUVhaNkIrNWNPUT09_1745476716_0.jpg,,811/70078,https://www.antheautoparts.com/product-details/pivot-pin-kingpost-lower-811-70078-jcb-spares,N/A,N/A,N/A,false,UNMATCHED_EXTERNAL_REFERENCE,RIGHTS_REVIEW_COMPLETE,STAGED_AS_TECHNICAL_REFERENCE,External part not currently in RRE master catalog. Image staged in reference archive.
img_33903b8b523a,https://enterprise.saioautomotive.com/backend/assets/uploads/products/SERMTDM5RkdRYnAvWXpJQVkyOUtuUT09_1745476815_0.jpg,,811/70080 | 811/90585,https://www.antheautoparts.com/product-details/pivot-pin-811-70080-811-90585-jcb-parts-catalog,811/70080,811-70080-pivot-pin,source_image,false,RRE_ORIGINAL_AVAILABLE,RIGHTS_REVIEW_COMPLETE,PRESERVE_EXISTING_RRE_ORIGINAL_PHOTO,RRE already possesses an authentic catalog photograph for this SKU; external image kept purely as secondary cross-reference.
img_3edaea14e4f4,https://enterprise.saioautomotive.com/backend/assets/uploads/products/bThQT3FVT3IyK24xYUhvM2xMUmg0Zz09_1745476885_0.jpg,,811/70098,https://www.antheautoparts.com/product-details/pivot-pin-kingpost-lower-811-70098-jcb-parts-near-me,811/70098,811-70098-pivotpin60x440mm,source_image,false,RRE_ORIGINAL_AVAILABLE,RIGHTS_REVIEW_COMPLETE,PRESERVE_EXISTING_RRE_ORIGINAL_PHOTO,RRE already possesses an authentic catalog photograph for this SKU; external image kept purely as secondary cross-reference.
img_ece592cf4c24,https://enterprise.saioautomotive.com/backend/assets/uploads/products/Z29LamFLRlJsMFJSa3IzZGhXS054QT09_1745476944_0.jpg,,811/70108 | 811/90587,https://www.antheautoparts.com/product-details/pivot-pin-811-70108-811-90587-replacement-jcb-parts,811/90587,811-90587-pivot-pin-4492-4482-x-208,source_image,false,RRE_ORIGINAL_AVAILABLE,RIGHTS_REVIEW_COMPLETE,PRESERVE_EXISTING_RRE_ORIGINAL_PHOTO,RRE already possesses an authentic catalog photograph for this SKU; external image kept purely as secondary cross-reference.
img_1d2b05489f07,https://enterprise.saioautomotive.com/backend/assets/uploads/products/WjQ5enlrNnBZNzhZOW1xeU14WFpudz09_1745476996_0.jpg,,811/80001 | 811/90483,https://www.antheautoparts.com/product-details/pivot-pins-811-80001-811-90483-jcb-parts-catalog,811/80001,811-80001-pivotpin,source_image,false,RRE_ORIGINAL_AVAILABLE,RIGHTS_REVIEW_COMPLETE,PRESERVE_EXISTING_RRE_ORIGINAL_PHOTO,RRE already possesses an authentic catalog photograph for this SKU; external image kept purely as secondary cross-reference.
img_59845e32cc59,https://enterprise.saioautomotive.com/backend/assets/uploads/products/Wm5ZRzQvYXpBQzk4aGlOelJ3VTE0dz09_1745477065_0.jpg,,811/80008 | 1019/2030,https://www.antheautoparts.com/product-details/centermount-stabiliser-ram-pivot-pin-811-80008-1019-2030-jcb-spare-parts,811/80008,811-80008-pivotpin,placeholder_image,false,FLAGGED_FOR_RRE_ASSET_GENERATION,RIGHTS_REVIEW_COMPLETE,GENERATE_NEW_RRE_ASSET_FROM_REFERENCE,"External photo serves strictly as a technical visual reference to produce an unbranded, high-resolution RRE International asset."
img_a0b53176f581,https://enterprise.saioautomotive.com/backend/assets/uploads/products/a0pDZURjdU9lWDJaeUM3eTNpV1FuQT09_1745477150_0.jpg,,811/80013,https://www.antheautoparts.com/product-details/shovel-pivot-pin-w-zerk-fitting-811-80013-jcb-spare-parts,N/A,N/A,N/A,false,UNMATCHED_EXTERNAL_REFERENCE,RIGHTS_REVIEW_COMPLETE,STAGED_AS_TECHNICAL_REFERENCE,External part not currently in RRE master catalog. Image staged in reference archive.
img_03a44671e642,https://enterprise.saioautomotive.com/backend/assets/uploads/products/WEgyL2VLeTRaYTU1NVFrQkVLT1JxZz09_1745477218_0.jpg,,811/80014 | 1019/2059,https://www.antheautoparts.com/product-details/pivot-pin-dipper-811-80014-1019-2059-replacement-jcb-parts,N/A,N/A,N/A,false,UNMATCHED_EXTERNAL_REFERENCE,RIGHTS_REVIEW_COMPLETE,STAGED_AS_TECHNICAL_REFERENCE,External part not currently in RRE master catalog. Image staged in reference archive.
img_445c7b5dfbdd,https://enterprise.saioautomotive.com/backend/assets/uploads/products/REZTeHczR1g1RmZ6dkdmbkxCbDdXZz09_1745477283_0.jpg,,811/80018 | 811/90485,https://www.antheautoparts.com/product-details/pivot-pin-811-80018-811-90485-jcb-spare-parts,811/90485,811-90485-pivotpin,source_image,false,RRE_ORIGINAL_AVAILABLE,RIGHTS_REVIEW_COMPLETE,PRESERVE_EXISTING_RRE_ORIGINAL_PHOTO,RRE already possesses an authentic catalog photograph for this SKU; external image kept purely as secondary cross-reference.
img_d59bc01574a4,https://enterprise.saioautomotive.com/backend/assets/uploads/products/OWk4TVZDY0R3UllpM1hmQXM5dmNrZz09_1745477508_0.jpg,,811/80020,https://www.antheautoparts.com/product-details/pivot-pin-811-80020-jcb-parts,N/A,N/A,N/A,false,UNMATCHED_EXTERNAL_REFERENCE,RIGHTS_REVIEW_COMPLETE,STAGED_AS_TECHNICAL_REFERENCE,External part not currently in RRE master catalog. Image staged in reference archive.
img_44481e29b24f,https://enterprise.saioautomotive.com/backend/assets/uploads/products/azNxdUdYWE5oRDExSzhZWDgrdGpudz09_1745477630_0.jpg,,811/80022,https://www.antheautoparts.com/product-details/pivot-pin-811-80022-replacement-jcb-parts,N/A,N/A,N/A,false,UNMATCHED_EXTERNAL_REFERENCE,RIGHTS_REVIEW_COMPLETE,STAGED_AS_TECHNICAL_REFERENCE,External part not currently in RRE master catalog. Image staged in reference archive.
img_dbb3fad4e346,https://enterprise.saioautomotive.com/backend/assets/uploads/products/S1RVem5tY1FxNDhGU2FjbEJKVXlWdz09_1745477764_0.jpg,,811/90061 | 811/90593,https://www.antheautoparts.com/product-details/loader-arm-pivot-pin-508-dia-811-90061-811-90593-jcb-spare-parts,811/90061,811-90061-pivotpin,source_image,false,RRE_ORIGINAL_AVAILABLE,RIGHTS_REVIEW_COMPLETE,PRESERVE_EXISTING_RRE_ORIGINAL_PHOTO,RRE already possesses an authentic catalog photograph for this SKU; external image kept purely as secondary cross-reference.
img_878d2716818f,https://enterprise.saioautomotive.com/backend/assets/uploads/products/bTJReDJUbGhCNjhhcGZwN0hXbjltdz09_1745477865_0.jpg,,811/90165,https://www.antheautoparts.com/product-details/kingpost-pin-top-811-90165-jcb-spare-parts-dealer,811/90165,811-90165-pivotpin-kingpost,source_image,false,RRE_ORIGINAL_AVAILABLE,RIGHTS_REVIEW_COMPLETE,PRESERVE_EXISTING_RRE_ORIGINAL_PHOTO,RRE already possesses an authentic catalog photograph for this SKU; external image kept purely as secondary cross-reference.
img_1b5abcb2aee3,https://enterprise.saioautomotive.com/backend/assets/uploads/products/L3F2MHVYa2NsTFYxeFp3T0p0OEJDdz09_1745477910_0.jpg,,811/90198,https://www.antheautoparts.com/product-details/slew-swing-pin-811-90198-jcb-parts,811/90198,811-90198-p-pin-54985-54970x172,source_image,false,RRE_ORIGINAL_AVAILABLE,RIGHTS_REVIEW_COMPLETE,PRESERVE_EXISTING_RRE_ORIGINAL_PHOTO,RRE already possesses an authentic catalog photograph for this SKU; external image kept purely as secondary cross-reference.
img_489823f6ab9d,https://enterprise.saioautomotive.com/backend/assets/uploads/products/ZE9LbzdnTHpWRU1ENnZCUncrS0VwQT09_1745477961_0.jpg,,811/90409,https://www.antheautoparts.com/product-details/pivot-pin-811-90409-jcb-genuine-parts,811/90409,811-90409-pin-4495-4485x206,source_image,false,RRE_ORIGINAL_AVAILABLE,RIGHTS_REVIEW_COMPLETE,PRESERVE_EXISTING_RRE_ORIGINAL_PHOTO,RRE already possesses an authentic catalog photograph for this SKU; external image kept purely as secondary cross-reference.
img_398ca0f50046,https://enterprise.saioautomotive.com/backend/assets/uploads/products/VUVxZGlidGZRelRmb09CdCs4M1E1UT09_1745478014_0.jpg,,811/90469 | 811/80007 | 1019/2028,https://www.antheautoparts.com/product-details/pivot-pin-shovel-811-90469-811-80007-1019-2028-jcb-parts-online,811/90469,811-90469-pivotpin,source_image,false,RRE_ORIGINAL_AVAILABLE,RIGHTS_REVIEW_COMPLETE,PRESERVE_EXISTING_RRE_ORIGINAL_PHOTO,RRE already possesses an authentic catalog photograph for this SKU; external image kept purely as secondary cross-reference.
img_065cdb4ab4af,https://enterprise.saioautomotive.com/backend/assets/uploads/products/SXN2Z3JWd2NuNFRkbE8zaUowUTBkdz09_1745478112_0.jpg,,811/90473 | 811/10111,https://www.antheautoparts.com/product-details/pivot-pin-black-loader-arm-811-90473-811-10111-jcb-spare-parts,811/90473,811-90473-pivotpin-5991x247,source_image,false,RRE_ORIGINAL_AVAILABLE,RIGHTS_REVIEW_COMPLETE,PRESERVE_EXISTING_RRE_ORIGINAL_PHOTO,RRE already possesses an authentic catalog photograph for this SKU; external image kept purely as secondary cross-reference.
img_8864345286cb,https://enterprise.saioautomotive.com/backend/assets/uploads/products/L1ZuV3hFcjdUa2RrNkp2REdyTUZRZz09_1745478167_0.jpg,,811/90486 | 811/90214,https://www.antheautoparts.com/product-details/pivot-pin-arm-loader-811-90486-811-90214-jcb-spare-parts,811/90486,811-90486-pivotpin5991x247,source_image,false,RRE_ORIGINAL_AVAILABLE,RIGHTS_REVIEW_COMPLETE,PRESERVE_EXISTING_RRE_ORIGINAL_PHOTO,RRE already possesses an authentic catalog photograph for this SKU; external image kept purely as secondary cross-reference.
img_0a80a37f9898,https://enterprise.saioautomotive.com/backend/assets/uploads/products/ald3WTBRMk1HUWN6MGNJUWc5cXUydz09_1745478253_0.jpg,,811/90583 | 811/50373,https://www.antheautoparts.com/product-details/pivot-pin-dipper-811-90583-811-50373-jcb-parts-catalog,811/50373,811-50373-pivot-pin,source_image,false,RRE_ORIGINAL_AVAILABLE,RIGHTS_REVIEW_COMPLETE,PRESERVE_EXISTING_RRE_ORIGINAL_PHOTO,RRE already possesses an authentic catalog photograph for this SKU; external image kept purely as secondary cross-reference.
img_16c6e527a940,https://enterprise.saioautomotive.com/backend/assets/uploads/products/NC9DTmE0RnFHOHJtdFpnWHlYZkczZz09_1745478327_0.jpg,,911/12300,https://www.antheautoparts.com/product-details/kingpost-pin-911-12300-jcb-parts,911/12300,911-12300-pivotpin,source_image,false,RRE_ORIGINAL_AVAILABLE,RIGHTS_REVIEW_COMPLETE,PRESERVE_EXISTING_RRE_ORIGINAL_PHOTO,RRE already possesses an authentic catalog photograph for this SKU; external image kept purely as secondary cross-reference.
img_8a8ce81ef75b,https://enterprise.saioautomotive.com/backend/assets/uploads/products/ck5QZFpORzMxMGh6VmdhLzdiT0xLdz09_1745478380_0.jpg,,911/12400,https://www.antheautoparts.com/product-details/rear-bucket-pin-911-12400-jcb-spare-parts-dealer,911/12400,911-12400-wa-pivot-pin,source_image,false,RRE_ORIGINAL_AVAILABLE,RIGHTS_REVIEW_COMPLETE,PRESERVE_EXISTING_RRE_ORIGINAL_PHOTO,RRE already possesses an authentic catalog photograph for this SKU; external image kept purely as secondary cross-reference.
img_d24aacee1138,https://enterprise.saioautomotive.com/backend/assets/uploads/products/b3ZTZGt1K0REMjlhQ3VJWi9HQ2N4UT09_1745478523_0.jpg,,911/16600,https://www.antheautoparts.com/product-details/bucket-pivot-pin-911-16600-jcb-spares,N/A,N/A,N/A,false,UNMATCHED_EXTERNAL_REFERENCE,RIGHTS_REVIEW_COMPLETE,STAGED_AS_TECHNICAL_REFERENCE,External part not currently in RRE master catalog. Image staged in reference archive.
img_639c9b3d8743,https://enterprise.saioautomotive.com/backend/assets/uploads/products/MmtqSEZUa1ZPblpCakZIVy9wQW5Vdz09_1745478586_0.jpg,,911/22800,https://www.antheautoparts.com/product-details/front-axle-pivot-pin-4wd-911-22800-jcb-parts,911/22800,911-22800-wapivot-pin,source_image,false,RRE_ORIGINAL_AVAILABLE,RIGHTS_REVIEW_COMPLETE,PRESERVE_EXISTING_RRE_ORIGINAL_PHOTO,RRE already possesses an authentic catalog photograph for this SKU; external image kept purely as secondary cross-reference.
img_7b506dc0a684,https://enterprise.saioautomotive.com/backend/assets/uploads/products/ck15aENhYWxxYmlnU2hnQzRvblVrUT09_1745478669_0.jpg,,911/40048,https://www.antheautoparts.com/product-details/kingpost-pin-bottom-911-40048-jcb-genuine-parts,911/40048,911-40048-pivot-pin-keep-plate-wa,source_image,false,RRE_ORIGINAL_AVAILABLE,RIGHTS_REVIEW_COMPLETE,PRESERVE_EXISTING_RRE_ORIGINAL_PHOTO,RRE already possesses an authentic catalog photograph for this SKU; external image kept purely as secondary cross-reference.
img_d5abd9e55513,https://enterprise.saioautomotive.com/backend/assets/uploads/products/K3V5Z2p3cUhPKzFoZ2ZJNHdSeG9HUT09_1745478933_0.jpg,,911/40104,https://www.antheautoparts.com/product-details/kingpost-pin-bottom-911-40104-jcb-parts-catalog,911/40104,911-40104-wa-bottom-pin,source_image,false,RRE_ORIGINAL_AVAILABLE,RIGHTS_REVIEW_COMPLETE,PRESERVE_EXISTING_RRE_ORIGINAL_PHOTO,RRE already possesses an authentic catalog photograph for this SKU; external image kept purely as secondary cross-reference.
img_23bc56041719,https://enterprise.saioautomotive.com/backend/assets/uploads/products/dVFENFZZazBLTXJ6dU02Sm9kMmdQZz09_1745479012_0.jpg,,913/10078,https://www.antheautoparts.com/product-details/kingpost-top-pin-913-10078-jcb-spares,N/A,N/A,N/A,false,UNMATCHED_EXTERNAL_REFERENCE,RIGHTS_REVIEW_COMPLETE,STAGED_AS_TECHNICAL_REFERENCE,External part not currently in RRE master catalog. Image staged in reference archive.
img_cc561bfcc1b6,https://enterprise.saioautomotive.com/backend/assets/uploads/products/N1hLYk4xdFRhdjVubFQ4b09xV3BiQT09_1745479090_0.jpg,,913/10080,https://www.antheautoparts.com/product-details/kingpost-pin-bottom-913-10080-jcb-genuine-parts,N/A,N/A,N/A,false,UNMATCHED_EXTERNAL_REFERENCE,RIGHTS_REVIEW_COMPLETE,STAGED_AS_TECHNICAL_REFERENCE,External part not currently in RRE master catalog. Image staged in reference archive.
img_1f90627740f1,https://enterprise.saioautomotive.com/backend/assets/uploads/products/NkdFdWE4MUlZZHJELzhWaXNnQlhqQT09_1745479182_0.jpg,,450/10213,https://www.antheautoparts.com/product-details/pin-reaction-450-10213-jcb-spare-parts-dealer,450/10213,450-10213-reaction-pin,source_image,false,RRE_ORIGINAL_AVAILABLE,RIGHTS_REVIEW_COMPLETE,PRESERVE_EXISTING_RRE_ORIGINAL_PHOTO,RRE already possesses an authentic catalog photograph for this SKU; external image kept purely as secondary cross-reference.
img_31a6b916c943,https://enterprise.saioautomotive.com/backend/assets/uploads/products/UDZxTDJYZUtUV3grdXJDTVh3bnZHUT09_1745493103_0.jpg,,04/500219 | 20/915901 | 20/MM4617 | 904/M9407,https://www.antheautoparts.com/product-details/oil-pump-seal-04-500219-20-915901-20-mm4617-904-m9407-jcb-parts,20/915901,20-915901-seal,source_image,false,RRE_ORIGINAL_AVAILABLE,RIGHTS_REVIEW_COMPLETE,PRESERVE_EXISTING_RRE_ORIGINAL_PHOTO,RRE already possesses an authentic catalog photograph for this SKU; external image kept purely as secondary cross-reference.
img_9e4bb2394498,https://enterprise.saioautomotive.com/backend/assets/uploads/products/MEcrMndiSFBCN0NWMlhnaml6TjAwZz09_1745493207_0.jpg,,123/04237,https://www.antheautoparts.com/product-details/kingpost-carriage-seal-123-04237-replacement-jcb-parts,123/04237,123-04237-seal,source_image,false,RRE_ORIGINAL_AVAILABLE,RIGHTS_REVIEW_COMPLETE,PRESERVE_EXISTING_RRE_ORIGINAL_PHOTO,RRE already possesses an authentic catalog photograph for this SKU; external image kept purely as secondary cross-reference.
img_581617b1ec06,https://enterprise.saioautomotive.com/backend/assets/uploads/products/cEZxby90Z3QzWlNyYmVQcW95d0c4QT09_1745493315_0.jpg,,1406/0015 KHJ0891,https://www.antheautoparts.com/product-details/dowty-seal-3-8-1406-0015-khj0891-jcb-parts-catalog,N/A,N/A,N/A,false,UNMATCHED_EXTERNAL_REFERENCE,RIGHTS_REVIEW_COMPLETE,STAGED_AS_TECHNICAL_REFERENCE,External part not currently in RRE master catalog. Image staged in reference archive.
img_f84047829549,https://enterprise.saioautomotive.com/backend/assets/uploads/products/MEd0QjV3eGJoZW1KVFVPV2RBak45Zz09_1745493377_0.jpg,,1406/0018 20/200601,https://www.antheautoparts.com/product-details/dowty-seal-1-2-1406-0018-20-200601-jcb-aftermarket-parts,N/A,N/A,N/A,false,UNMATCHED_EXTERNAL_REFERENCE,RIGHTS_REVIEW_COMPLETE,STAGED_AS_TECHNICAL_REFERENCE,External part not currently in RRE master catalog. Image staged in reference archive.
img_c32ee1c4b78e,https://enterprise.saioautomotive.com/backend/assets/uploads/products/S2hML1JtVmlCRDQyY2tiLytOWDQzdz09_1745493428_0.jpg,,1406/0021,https://www.antheautoparts.com/product-details/dowty-seal-3-4-1406-0021-jcb-parts,1406/0021,1406-0021-bonded-washer,source_image,false,RRE_ORIGINAL_AVAILABLE,RIGHTS_REVIEW_COMPLETE,PRESERVE_EXISTING_RRE_ORIGINAL_PHOTO,RRE already possesses an authentic catalog photograph for this SKU; external image kept purely as secondary cross-reference.
img_9bf51e11f24f,https://enterprise.saioautomotive.com/backend/assets/uploads/products/dnNTR0lGQ3Y0SXRxTHplSkgzNEZhQT09_1745493477_0.jpg,,1406/0026,https://www.antheautoparts.com/product-details/dowty-seal-1-1406-0026-jcb-aftermarket-parts,1406/0026,1406-0026-bonded-washer,source_image,false,RRE_ORIGINAL_AVAILABLE,RIGHTS_REVIEW_COMPLETE,PRESERVE_EXISTING_RRE_ORIGINAL_PHOTO,RRE already possesses an authentic catalog photograph for this SKU; external image kept purely as secondary cross-reference.
img_f9261df578ab,https://enterprise.saioautomotive.com/backend/assets/uploads/products/TzBTZlZvNGdtbUdmUVNuRDlkbkdiZz09_1745493780_0.jpg,,20/900401,https://www.antheautoparts.com/product-details/transmission-oil-seal-20-900401-jcb-spares,20/900401,20-900401-seal-shaft,source_image,false,RRE_ORIGINAL_AVAILABLE,RIGHTS_REVIEW_COMPLETE,PRESERVE_EXISTING_RRE_ORIGINAL_PHOTO,RRE already possesses an authentic catalog photograph for this SKU; external image kept purely as secondary cross-reference.
img_00009eae8c0c,https://enterprise.saioautomotive.com/backend/assets/uploads/products/dzVDR21EQlZsNWZaMjMrdE5seGJJdz09_1745493833_0.jpg,,20/900402,https://www.antheautoparts.com/product-details/transmission-o-ring-20-900402-jcb-parts-near-me,N/A,N/A,N/A,false,UNMATCHED_EXTERNAL_REFERENCE,RIGHTS_REVIEW_COMPLETE,STAGED_AS_TECHNICAL_REFERENCE,External part not currently in RRE master catalog. Image staged in reference archive.
img_77ec06fea9f9,https://enterprise.saioautomotive.com/backend/assets/uploads/products/bCtKNUNsdW9aTjdZcVVuOE5IOXI4dz09_1745493910_0.jpg,,20/902901,https://www.antheautoparts.com/product-details/hydraulic-pump-repair-seal-kit-parker-20-902901-jcb-parts,20/902901,20-902901-it-seal-pump,source_image,false,RRE_ORIGINAL_AVAILABLE,RIGHTS_REVIEW_COMPLETE,PRESERVE_EXISTING_RRE_ORIGINAL_PHOTO,RRE already possesses an authentic catalog photograph for this SKU; external image kept purely as secondary cross-reference.
img_d956d56216e8,https://enterprise.saioautomotive.com/backend/assets/uploads/products/dkxzbmtxbXI1MnMrcWF2YkpoTFpkQT09_1745494047_0.jpg,,206/20705,https://www.antheautoparts.com/product-details/kingpost-seal-206-20705-jcb-aftermarket-parts,206/20705,206-20705-seal,source_image,false,RRE_ORIGINAL_AVAILABLE,RIGHTS_REVIEW_COMPLETE,PRESERVE_EXISTING_RRE_ORIGINAL_PHOTO,RRE already possesses an authentic catalog photograph for this SKU; external image kept purely as secondary cross-reference.
img_1cce3f1891b3,https://enterprise.saioautomotive.com/backend/assets/uploads/products/ZkplbHVIaFRmb0I1WVJOcFZBUDcrZz09_1745494239_0.jpg,,25/222305,https://www.antheautoparts.com/product-details/kit-arv-service-kit-25-222305-jcb-spare-parts-dealer,25/222305,25-222305-kit-seal,source_image,false,RRE_ORIGINAL_AVAILABLE,RIGHTS_REVIEW_COMPLETE,PRESERVE_EXISTING_RRE_ORIGINAL_PHOTO,RRE already possesses an authentic catalog photograph for this SKU; external image kept purely as secondary cross-reference.
img_65bbf3d8681c,https://enterprise.saioautomotive.com/backend/assets/uploads/products/TldMVkJTTFU4Tk1iakxIdlpkN3FUQT09_1745494299_0.jpg,,25/222661,https://www.antheautoparts.com/product-details/wiper-seal-25-222661-jcb-parts-catalog,25/222661,25-222661-wiper-seal,source_image,false,RRE_ORIGINAL_AVAILABLE,RIGHTS_REVIEW_COMPLETE,PRESERVE_EXISTING_RRE_ORIGINAL_PHOTO,RRE already possesses an authentic catalog photograph for this SKU; external image kept purely as secondary cross-reference.
img_0c34aa23f497,https://enterprise.saioautomotive.com/backend/assets/uploads/products/eGtSQXVEaFlFUUhvRTREOWJ2UVVOQT09_1745494392_0.jpg,,25/610301,https://www.antheautoparts.com/product-details/kit-arv-service-kit-25-610301-replacement-jcb-parts,N/A,N/A,N/A,false,UNMATCHED_EXTERNAL_REFERENCE,RIGHTS_REVIEW_COMPLETE,STAGED_AS_TECHNICAL_REFERENCE,External part not currently in RRE master catalog. Image staged in reference archive.
img_b3bdbbe2c7ac,https://enterprise.saioautomotive.com/backend/assets/uploads/products/U2VDeGFQcDdKUU1JYlRmSytudEI0QT09_1745494618_0.jpg,,25/975703 | 25/221208,https://www.antheautoparts.com/product-details/spool-seal-25-975703-25-221208-jcb-parts-catalog,25/221208,25-221208-seal,source_image,false,RRE_ORIGINAL_AVAILABLE,RIGHTS_REVIEW_COMPLETE,PRESERVE_EXISTING_RRE_ORIGINAL_PHOTO,RRE already possesses an authentic catalog photograph for this SKU; external image kept purely as secondary cross-reference.
img_98a21dddd67f,https://enterprise.saioautomotive.com/backend/assets/uploads/products/bmZiK20rak5oN2xJRHBLTlFqV2tZUT09_1745494694_0.jpg,,25/975704,https://www.antheautoparts.com/product-details/wiper-valve-seal-25-975704-jcb-genuine-parts,25/975704,25-975704-seal,source_image,false,RRE_ORIGINAL_AVAILABLE,RIGHTS_REVIEW_COMPLETE,PRESERVE_EXISTING_RRE_ORIGINAL_PHOTO,RRE already possesses an authentic catalog photograph for this SKU; external image kept purely as secondary cross-reference.
img_5e0e9c635d9a,https://enterprise.saioautomotive.com/backend/assets/uploads/products/ODJweWtIR3VNRlNHWGJHbWp2SGNkUT09_1745494813_0.jpg,,,https://www.antheautoparts.com/product-details/oil-seal-jcb-parts-catalog,N/A,N/A,N/A,false,UNMATCHED_EXTERNAL_REFERENCE,RIGHTS_REVIEW_COMPLETE,STAGED_AS_TECHNICAL_REFERENCE,External part not currently in RRE master catalog. Image staged in reference archive.
img_0246ce917c02,https://enterprise.saioautomotive.com/backend/assets/uploads/products/MFlXY0d1N2kwWkVtYzFJcFZoamR2UT09_1745494884_0.jpg,,320/07504,https://www.antheautoparts.com/product-details/seal-fuel-injector-for-jcb-engine-320-07504-jcb-spare-parts-dealer,320/07504,320-07504-seal-fuel-injector,source_image,false,RRE_ORIGINAL_AVAILABLE,RIGHTS_REVIEW_COMPLETE,PRESERVE_EXISTING_RRE_ORIGINAL_PHOTO,RRE already possesses an authentic catalog photograph for this SKU; external image kept purely as secondary cross-reference.
img_ddb1fa0f785d,https://enterprise.saioautomotive.com/backend/assets/uploads/products/cjN0S1NjYXZLZGp5Z0FnMkFGdW5rUT09_1745494972_0.jpg,,35/404202 | 35/412202,https://www.antheautoparts.com/product-details/seal-kit-valve-steering-35-404202-35-412202-jcb-genuine-parts,35/404202,35-404202-repair-kit,source_image,false,RRE_ORIGINAL_AVAILABLE,RIGHTS_REVIEW_COMPLETE,PRESERVE_EXISTING_RRE_ORIGINAL_PHOTO,RRE already possesses an authentic catalog photograph for this SKU; external image kept purely as secondary cross-reference.
img_be55d282d3ab,https://enterprise.saioautomotive.com/backend/assets/uploads/products/RCsxV3pYT2RQRGlVOTh0RVUrYUt2UT09_1745495032_0.jpg,,40/303398,https://www.antheautoparts.com/product-details/seal-pivot-pin-40-303398-jcb-genuine-parts,40/303398,40-303398-seal-60-70-5,source_image,false,RRE_ORIGINAL_AVAILABLE,RIGHTS_REVIEW_COMPLETE,PRESERVE_EXISTING_RRE_ORIGINAL_PHOTO,RRE already possesses an authentic catalog photograph for this SKU; external image kept purely as secondary cross-reference.
img_096f4de6ee1e,https://enterprise.saioautomotive.com/backend/assets/uploads/products/ZEsvWTZZWEdKZkw4bjJ4aW1ORmVxdz09_1745495105_0.jpg,,581/05604,https://www.antheautoparts.com/product-details/hydraulic-filter-seal-581-05604-jcb-spare-parts,581/05604,581-05604-seal,source_image,false,RRE_ORIGINAL_AVAILABLE,RIGHTS_REVIEW_COMPLETE,PRESERVE_EXISTING_RRE_ORIGINAL_PHOTO,RRE already possesses an authentic catalog photograph for this SKU; external image kept purely as secondary cross-reference.
img_0749e18eb7fc,https://enterprise.saioautomotive.com/backend/assets/uploads/products/K0swYUJZL3gvRlhzWTJLMEJyamhtUT09_1745495162_0.jpg,,813/00184,https://www.antheautoparts.com/product-details/brake-piston-seal-813-00184-jcb-spare-parts-dealer,813/00184,813-00184-brakeseal,source_image,false,RRE_ORIGINAL_AVAILABLE,RIGHTS_REVIEW_COMPLETE,PRESERVE_EXISTING_RRE_ORIGINAL_PHOTO,RRE already possesses an authentic catalog photograph for this SKU; external image kept purely as secondary cross-reference.
img_1daff7bef942,https://enterprise.saioautomotive.com/backend/assets/uploads/products/MUVlbWhLWS9CM3NYQytEQlFHZlFoQT09_1745495218_0.jpg,,813/00376,https://www.antheautoparts.com/product-details/seal-813-00376-replacement-jcb-parts,813/00376,813-00376-seal,source_image,false,RRE_ORIGINAL_AVAILABLE,RIGHTS_REVIEW_COMPLETE,PRESERVE_EXISTING_RRE_ORIGINAL_PHOTO,RRE already possesses an authentic catalog photograph for this SKU; external image kept purely as secondary cross-reference.
img_f944a2b62b93,https://enterprise.saioautomotive.com/backend/assets/uploads/products/QWs5dWxIRUxjNkYwaHRGNEZKa3lEZz09_1745495549_0.jpg,,813/00412,https://www.antheautoparts.com/product-details/pivot-pin-seal-grease-813-00412-jcb-parts-near-me,N/A,N/A,N/A,false,UNMATCHED_EXTERNAL_REFERENCE,RIGHTS_REVIEW_COMPLETE,STAGED_AS_TECHNICAL_REFERENCE,External part not currently in RRE master catalog. Image staged in reference archive.
img_439ae19d0762,https://enterprise.saioautomotive.com/backend/assets/uploads/products/cTU1QkFYTVIxb1lTMC9Yb0V1SlpFUT09_1745495608_0.jpg,,813/00415,https://www.antheautoparts.com/product-details/pivot-pin-seal-grease-813-00415-jcb-genuine-parts,813/00415,813-00415-pivot-pin-seal-75-dia,source_image,false,RRE_ORIGINAL_AVAILABLE,RIGHTS_REVIEW_COMPLETE,PRESERVE_EXISTING_RRE_ORIGINAL_PHOTO,RRE already possesses an authentic catalog photograph for this SKU; external image kept purely as secondary cross-reference.
img_e09c668d8b31,https://enterprise.saioautomotive.com/backend/assets/uploads/products/c1U3cG9kM1hFTUZEYjdway9yeWVqdz09_1745495838_0.jpg,,813/00425,https://www.antheautoparts.com/product-details/pivot-pin-seal-grease-813-00425-jcb-parts-catalog,N/A,N/A,N/A,false,UNMATCHED_EXTERNAL_REFERENCE,RIGHTS_REVIEW_COMPLETE,STAGED_AS_TECHNICAL_REFERENCE,External part not currently in RRE master catalog. Image staged in reference archive.
img_b1a86acdc104,https://enterprise.saioautomotive.com/backend/assets/uploads/products/S3VOVU1CaXZPNjZ5UWNnUGtzNGh3QT09_1745495896_0.jpg,,813/00426,https://www.antheautoparts.com/product-details/seal-pivot-pin-grease-50mm-813-00426-jcb-parts-online,813/00426,813-00426-seal-pivot-pin-50x60x5,placeholder_image,false,FLAGGED_FOR_RRE_ASSET_GENERATION,RIGHTS_REVIEW_COMPLETE,GENERATE_NEW_RRE_ASSET_FROM_REFERENCE,"External photo serves strictly as a technical visual reference to produce an unbranded, high-resolution RRE International asset."
img_46d112f96832,https://enterprise.saioautomotive.com/backend/assets/uploads/products/YlA3SElaQlZNTGRVdzAwY3ovQml1Zz09_1745495946_0.jpg,,813/00427,https://www.antheautoparts.com/product-details/grease-seal-assorted-machines-813-00427-jcb-parts,813/00427,813-00427-sealpivotpin,source_image,false,RRE_ORIGINAL_AVAILABLE,RIGHTS_REVIEW_COMPLETE,PRESERVE_EXISTING_RRE_ORIGINAL_PHOTO,RRE already possesses an authentic catalog photograph for this SKU; external image kept purely as secondary cross-reference.
img_b6138b3ad858,https://enterprise.saioautomotive.com/backend/assets/uploads/products/M1hWcGhXdnYrSTN4TlFPVHBXUVB1UT09_1745561117_0.jpg,,813/00456,https://www.antheautoparts.com/product-details/pivot-pin-grease-seal-assorted-machines-813-00456-jcb-parts-online,813/00456,813-00456-seal-70-835-6,source_image,false,RRE_ORIGINAL_AVAILABLE,RIGHTS_REVIEW_COMPLETE,PRESERVE_EXISTING_RRE_ORIGINAL_PHOTO,RRE already possesses an authentic catalog photograph for this SKU; external image kept purely as secondary cross-reference.
img_92e9a7eee605,https://enterprise.saioautomotive.com/backend/assets/uploads/products/VmlDVDQrU3YwMlVOZ2ZLUGNTMDdyZz09_1745561368_0.jpg,,813/00460,https://www.antheautoparts.com/product-details/pivot-pin-dust-seal-813-00460-jcb-spares,813/00460,813-00460-sealpivotpin55x65x5x7,source_image,false,RRE_ORIGINAL_AVAILABLE,RIGHTS_REVIEW_COMPLETE,PRESERVE_EXISTING_RRE_ORIGINAL_PHOTO,RRE already possesses an authentic catalog photograph for this SKU; external image kept purely as secondary cross-reference.
img_ae67fd9a7ef2,https://enterprise.saioautomotive.com/backend/assets/uploads/products/S1NyZnBzTFpaak91b0RvTGJnNzFOQT09_1745561453_0.jpg,,813/50026,https://www.antheautoparts.com/product-details/brake-piston-seal-for-project-9-12-813-50026-jcb-aftermarket-parts,813/50026,813-50026-brake-seal,source_image,false,RRE_ORIGINAL_AVAILABLE,RIGHTS_REVIEW_COMPLETE,PRESERVE_EXISTING_RRE_ORIGINAL_PHOTO,RRE already possesses an authentic catalog photograph for this SKU; external image kept purely as secondary cross-reference.
img_bfee8b5e8d8b,https://enterprise.saioautomotive.com/backend/assets/uploads/products/RUNKczJ5VU0zZjQzNDVoNkdHNk5WZz09_1745561536_0.jpg,,813/50041 | 04/500218,https://www.antheautoparts.com/product-details/transmission-o-ring-813-50041-04-500218-jcb-spares,813/50041,813-50041-seal-ring,source_image,false,RRE_ORIGINAL_AVAILABLE,RIGHTS_REVIEW_COMPLETE,PRESERVE_EXISTING_RRE_ORIGINAL_PHOTO,RRE already possesses an authentic catalog photograph for this SKU; external image kept purely as secondary cross-reference.
img_4d5970019aa7,https://enterprise.saioautomotive.com/backend/assets/uploads/products/RzE1UmZMWktjZmVkY0srOTFhQkIxQT09_1745561635_0.jpg,,828/00137 | 2407/0227,https://www.antheautoparts.com/product-details/king-post-carriage-seal-top-o-ring-828-00137-2407-0227-jcb-spare-parts,828/00137,828-00137-kingpostseal,source_image,false,RRE_ORIGINAL_AVAILABLE,RIGHTS_REVIEW_COMPLETE,PRESERVE_EXISTING_RRE_ORIGINAL_PHOTO,RRE already possesses an authentic catalog photograph for this SKU; external image kept purely as secondary cross-reference.
img_04855efc3c61,https://enterprise.saioautomotive.com/backend/assets/uploads/products/S1dRU2lXcFhsSjM2bU9LaFZGSTg5UT09_1745561731_0.jpg,,828/00148,https://www.antheautoparts.com/product-details/kingpost-o-ring-828-00148-jcb-parts-catalog,N/A,N/A,N/A,false,UNMATCHED_EXTERNAL_REFERENCE,RIGHTS_REVIEW_COMPLETE,STAGED_AS_TECHNICAL_REFERENCE,External part not currently in RRE master catalog. Image staged in reference archive.
img_8fd867cdbe5f,https://enterprise.saioautomotive.com/backend/assets/uploads/products/RU5TZ2VDSVBsclUwMjlSZmJUU0JXUT09_1745561781_0.jpg,,828/00196,https://www.antheautoparts.com/product-details/hub-o-ring-828-00196-replacement-jcb-parts,828/00196,828-00196-o-ring-seal,source_image,false,RRE_ORIGINAL_AVAILABLE,RIGHTS_REVIEW_COMPLETE,PRESERVE_EXISTING_RRE_ORIGINAL_PHOTO,RRE already possesses an authentic catalog photograph for this SKU; external image kept purely as secondary cross-reference.
img_16d0d55eb978,https://enterprise.saioautomotive.com/backend/assets/uploads/products/eWRrZnRZbHJNajh0cGZIdFRUMzlsZz09_1745561844_0.jpg,,828/00224,https://www.antheautoparts.com/product-details/transmission-o-ring-397mm-id-828-00224-jcb-parts-near-me,828/00224,828-00224-o-ring,source_image,false,RRE_ORIGINAL_AVAILABLE,RIGHTS_REVIEW_COMPLETE,PRESERVE_EXISTING_RRE_ORIGINAL_PHOTO,RRE already possesses an authentic catalog photograph for this SKU; external image kept purely as secondary cross-reference.
img_ca58afe1d4a0,https://enterprise.saioautomotive.com/backend/assets/uploads/products/aVEvQzdkdkh1QzR4OGh2eFlOVC9ndz09_1745561896_0.jpg,,828/00414 | 828/00154,https://www.antheautoparts.com/product-details/transmission-o-ring-1235mm-828-00414-828-00154-jcb-parts-near-me,828/00414,828-00414-o-ring,source_image,false,RRE_ORIGINAL_AVAILABLE,RIGHTS_REVIEW_COMPLETE,PRESERVE_EXISTING_RRE_ORIGINAL_PHOTO,RRE already possesses an authentic catalog photograph for this SKU; external image kept purely as secondary cross-reference.
img_768447540e6a,https://enterprise.saioautomotive.com/backend/assets/uploads/products/QVRqZ2c1ZHczcGZ2MEZVNlNyQStuUT09_1745562138_0.jpg,,828/00414 | 828/00224 | 904/50020 | 828/00207,https://www.antheautoparts.com/product-details/transmission-overhaul-o-ring-kit-828-00414-828-00224-904-50020-828-00207-jcb-spare-parts-dealer,828/00414,828-00414-o-ring,source_image,false,RRE_ORIGINAL_AVAILABLE,RIGHTS_REVIEW_COMPLETE,PRESERVE_EXISTING_RRE_ORIGINAL_PHOTO,RRE already possesses an authentic catalog photograph for this SKU; external image kept purely as secondary cross-reference.
img_7acc26c988f6,https://enterprise.saioautomotive.com/backend/assets/uploads/products/Tm03dTdQcndyWXJGMFBKNHpYalNFQT09_1745562255_0.jpg,,828/10180,https://www.antheautoparts.com/product-details/transmission-o-ring-828-10180-jcb-spare-parts,828/10180,828-10180-o-ring,source_image,false,RRE_ORIGINAL_AVAILABLE,RIGHTS_REVIEW_COMPLETE,PRESERVE_EXISTING_RRE_ORIGINAL_PHOTO,RRE already possesses an authentic catalog photograph for this SKU; external image kept purely as secondary cross-reference.
img_bc30ac0fd222,https://enterprise.saioautomotive.com/backend/assets/uploads/products/bGg0bFh6WktUWXRLbmlJeUVqVW9WUT09_1745563361_0.jpg,,904/5002,https://www.antheautoparts.com/product-details/transmission-seal-ring-dia-35-904-5002-jcb-genuine-parts,N/A,N/A,N/A,false,UNMATCHED_EXTERNAL_REFERENCE,RIGHTS_REVIEW_COMPLETE,STAGED_AS_TECHNICAL_REFERENCE,External part not currently in RRE master catalog. Image staged in reference archive.
img_4e1188de4902,https://enterprise.saioautomotive.com/backend/assets/uploads/products/MEdoY3lmTURSVVRlQm1yNFBPMWtaZz09_1745562380_0.jpg,,903/04610,https://www.antheautoparts.com/product-details/diaphragm-hm360-hm360q-rammer-s25-s25n-903-04610-jcb-genuine-parts,903/04610,903-04610-diaphragm,source_image,false,RRE_ORIGINAL_AVAILABLE,RIGHTS_REVIEW_COMPLETE,PRESERVE_EXISTING_RRE_ORIGINAL_PHOTO,RRE already possesses an authentic catalog photograph for this SKU; external image kept purely as secondary cross-reference.
img_0e4cdc43c7f4,https://enterprise.saioautomotive.com/backend/assets/uploads/products/RnJtNVpVU016dkZHWnMwN2haSHFtQT09_1745562478_0.jpg,,904/05100,https://www.antheautoparts.com/product-details/pinion-oil-seal-904-05100-jcb-spare-parts-dealer,904/05100,904-05100-seal-dual-lip,source_image,false,RRE_ORIGINAL_AVAILABLE,RIGHTS_REVIEW_COMPLETE,PRESERVE_EXISTING_RRE_ORIGINAL_PHOTO,RRE already possesses an authentic catalog photograph for this SKU; external image kept purely as secondary cross-reference.
img_9361a262d4d5,https://enterprise.saioautomotive.com/backend/assets/uploads/products/QlZhWjlZTWE4ZVZsemFiYXRuQmFSQT09_1745562568_0.jpg,,904/06200,https://www.antheautoparts.com/product-details/oil-seal-front-axle-904-06200-jcb-parts,904/06200,904-06200-oilseal-alt-40-303621,source_image,false,RRE_ORIGINAL_AVAILABLE,RIGHTS_REVIEW_COMPLETE,PRESERVE_EXISTING_RRE_ORIGINAL_PHOTO,RRE already possesses an authentic catalog photograph for this SKU; external image kept purely as secondary cross-reference.
img_b36633b6b8b7,https://enterprise.saioautomotive.com/backend/assets/uploads/products/aTR6TDZ4cCtud1creGJHTXpiZ0l3dz09_1745562643_0.jpg,,904/06500,https://www.antheautoparts.com/product-details/front-axle-grease-seal-904-06500-jcb-parts-near-me,904/06500,904-06500-oil-seal,source_image,false,RRE_ORIGINAL_AVAILABLE,RIGHTS_REVIEW_COMPLETE,PRESERVE_EXISTING_RRE_ORIGINAL_PHOTO,RRE already possesses an authentic catalog photograph for this SKU; external image kept purely as secondary cross-reference.
img_d69d1bd35c79,https://enterprise.saioautomotive.com/backend/assets/uploads/products/b1RveWtiQnZYTmxMTU9IRWtGckR5UT09_1745562703_0.jpg,,904/06700,https://www.antheautoparts.com/product-details/king-pin-oil-seal-904-06700-jcb-genuine-parts,904/06700,904-06700-trunnion-seal,source_image,false,RRE_ORIGINAL_AVAILABLE,RIGHTS_REVIEW_COMPLETE,PRESERVE_EXISTING_RRE_ORIGINAL_PHOTO,RRE already possesses an authentic catalog photograph for this SKU; external image kept purely as secondary cross-reference.
img_5d77345e5bcf,https://enterprise.saioautomotive.com/backend/assets/uploads/products/MEdUOVE4VFpKREdhdGNOeUdObEJnQT09_1745562761_0.jpg,,904/09300,https://www.antheautoparts.com/product-details/steering-assembly-wiper-seal-904-09300-jcb-spare-parts-dealer,904/09300,904-09300-wiper-seal,source_image,false,RRE_ORIGINAL_AVAILABLE,RIGHTS_REVIEW_COMPLETE,PRESERVE_EXISTING_RRE_ORIGINAL_PHOTO,RRE already possesses an authentic catalog photograph for this SKU; external image kept purely as secondary cross-reference.
img_1e3fcfeb69ef,https://enterprise.saioautomotive.com/backend/assets/uploads/products/TWZNOUNoYng2d1JwRXRuL2hPc2pQZz09_1745562831_0.jpg,,904/09400,https://www.antheautoparts.com/product-details/hydra-clamp-seal-904-09400-jcb-aftermarket-parts,904/09400,904-09400-piston-seal,source_image,false,RRE_ORIGINAL_AVAILABLE,RIGHTS_REVIEW_COMPLETE,PRESERVE_EXISTING_RRE_ORIGINAL_PHOTO,RRE already possesses an authentic catalog photograph for this SKU; external image kept purely as secondary cross-reference.
img_500631159f98,https://enterprise.saioautomotive.com/backend/assets/uploads/products/aWhCd0RNRy9xaWZySDk3M2JYMjNCZz09_1745562887_0.jpg,,904/20140,https://www.antheautoparts.com/product-details/hydra-clamp-seal-904-20140-jcb-spare-parts-dealer,904/20140,904-20140-pistoncarriageclamp,source_image,false,RRE_ORIGINAL_AVAILABLE,RIGHTS_REVIEW_COMPLETE,PRESERVE_EXISTING_RRE_ORIGINAL_PHOTO,RRE already possesses an authentic catalog photograph for this SKU; external image kept purely as secondary cross-reference.
img_b5fdc7d12446,https://enterprise.saioautomotive.com/backend/assets/uploads/products/NGJpdnlrWXNZQTMyeTJaSGZFaGNXdz09_1745562956_0.jpg,,904/20172,https://www.antheautoparts.com/product-details/front-rear-axle-seal-triple-lip-904-20172-jcb-parts-online,904/20172,904-20172-triplelipseal,source_image,false,RRE_ORIGINAL_AVAILABLE,RIGHTS_REVIEW_COMPLETE,PRESERVE_EXISTING_RRE_ORIGINAL_PHOTO,RRE already possesses an authentic catalog photograph for this SKU; external image kept purely as secondary cross-reference.
img_a9919cc045b8,https://enterprise.saioautomotive.com/backend/assets/uploads/products/YmZCc0c0YTI0SjhOT0RmVWNUZVVkQT09_1745563024_0.jpg,,904/20226,https://www.antheautoparts.com/product-details/transmission-pump-oil-seal-904-20226-replacement-jcb-parts,904/20226,904-20226-seal-transmission-pump,source_image,false,RRE_ORIGINAL_AVAILABLE,RIGHTS_REVIEW_COMPLETE,PRESERVE_EXISTING_RRE_ORIGINAL_PHOTO,RRE already possesses an authentic catalog photograph for this SKU; external image kept purely as secondary cross-reference.
img_1dc3378c7c62,https://enterprise.saioautomotive.com/backend/assets/uploads/products/OUxoRi9LOW13UXVhcktQbnREV3Njdz09_1745563096_0.jpg,,904/20336,https://www.antheautoparts.com/product-details/hydra-clamp-seal-904-20336-jcb-parts,904/20336,904-20336-piston-carriage-clamp,source_image,false,RRE_ORIGINAL_AVAILABLE,RIGHTS_REVIEW_COMPLETE,PRESERVE_EXISTING_RRE_ORIGINAL_PHOTO,RRE already possesses an authentic catalog photograph for this SKU; external image kept purely as secondary cross-reference.
img_0d983447f79b,https://enterprise.saioautomotive.com/backend/assets/uploads/products/Yi9jcUc3dTliNWVKa3paM2pySXAydz09_1745563178_0.jpg,,904/50009,https://www.antheautoparts.com/product-details/oil-seal-904-50009-jcb-parts-near-me,N/A,N/A,N/A,false,UNMATCHED_EXTERNAL_REFERENCE,RIGHTS_REVIEW_COMPLETE,STAGED_AS_TECHNICAL_REFERENCE,External part not currently in RRE master catalog. Image staged in reference archive.
img_a224fc98d222,https://enterprise.saioautomotive.com/backend/assets/uploads/products/WW5TSDZENEYweGpxVTF0ZkxlU3U0Zz09_1745563613_0.jpg,,904/5002,https://www.antheautoparts.com/product-details/transmission-seal-ring-dia-35-904-5002-jcb-spare-parts-dealer,N/A,N/A,N/A,false,UNMATCHED_EXTERNAL_REFERENCE,RIGHTS_REVIEW_COMPLETE,STAGED_AS_TECHNICAL_REFERENCE,External part not currently in RRE master catalog. Image staged in reference archive.
img_f673b5bd5fa3,https://enterprise.saioautomotive.com/backend/assets/uploads/products/RXVaQlZtTXhnYzMwMzkrNUxiY0luUT09_1745563675_0.jpg,,904/50023,https://www.antheautoparts.com/product-details/front-axle-seal-904-50023-jcb-spare-parts-dealer,904/50023,904-50023-seal-triple-lip,source_image,false,RRE_ORIGINAL_AVAILABLE,RIGHTS_REVIEW_COMPLETE,PRESERVE_EXISTING_RRE_ORIGINAL_PHOTO,RRE already possesses an authentic catalog photograph for this SKU; external image kept purely as secondary cross-reference.
img_409393df25f0,https://enterprise.saioautomotive.com/backend/assets/uploads/products/Y1gzd0FpQTFyZThEU3hIYnJ2TThkUT09_1745563739_0.jpg,,904/50024,https://www.antheautoparts.com/product-details/seal-ring-904-50024-jcb-genuine-parts,904/50024,904-50024-sealingring,source_image,false,RRE_ORIGINAL_AVAILABLE,RIGHTS_REVIEW_COMPLETE,PRESERVE_EXISTING_RRE_ORIGINAL_PHOTO,RRE already possesses an authentic catalog photograph for this SKU; external image kept purely as secondary cross-reference.
img_7bf6db2d2bdb,https://enterprise.saioautomotive.com/backend/assets/uploads/products/dFBkOTE5Yzg1UmtFdGZ6YW41K0szZz09_1745563800_0.jpg,,904/50033 | 904/50021 | 904/M6779,https://www.antheautoparts.com/product-details/rear-front-hub-seal-904-50033-904-50021-904-m6779-jcb-parts-near-me,904/50033,904-50033-seal-cassette-obs,source_image,false,RRE_ORIGINAL_AVAILABLE,RIGHTS_REVIEW_COMPLETE,PRESERVE_EXISTING_RRE_ORIGINAL_PHOTO,RRE already possesses an authentic catalog photograph for this SKU; external image kept purely as secondary cross-reference.
img_a00d81135cee,https://enterprise.saioautomotive.com/backend/assets/uploads/products/cnlOdzlWdWFPSFpHN2xkWnR0UHF2dz09_1745563860_0.jpg,,904/50040 | 904/50006 | 904/08000,https://www.antheautoparts.com/product-details/oil-seal-904-50040-904-50006-904-08000-jcb-parts-near-me,904/50040,904-50040-seal,source_image,false,RRE_ORIGINAL_AVAILABLE,RIGHTS_REVIEW_COMPLETE,PRESERVE_EXISTING_RRE_ORIGINAL_PHOTO,RRE already possesses an authentic catalog photograph for this SKU; external image kept purely as secondary cross-reference.
img_0b71d5b1eba1,https://enterprise.saioautomotive.com/backend/assets/uploads/products/WVpUU1ZmQmF4ZHVvUkpGZEllNkF2dz09_1745563949_0.jpg,,904/50043,https://www.antheautoparts.com/product-details/seal-pivot-pin-grease-904-50043-jcb-genuine-parts,N/A,N/A,N/A,false,UNMATCHED_EXTERNAL_REFERENCE,RIGHTS_REVIEW_COMPLETE,STAGED_AS_TECHNICAL_REFERENCE,External part not currently in RRE master catalog. Image staged in reference archive.
img_2dfbfe285f8c,https://enterprise.saioautomotive.com/backend/assets/uploads/products/bXU1ZmV5aDRNYTF3QW4zRVZPR2pGQT09_1745564009_0.jpg,,904/50047,https://www.antheautoparts.com/product-details/oil-seal-904-50047-jcb-parts,904/50047,904-50047-seal,source_image,false,RRE_ORIGINAL_AVAILABLE,RIGHTS_REVIEW_COMPLETE,PRESERVE_EXISTING_RRE_ORIGINAL_PHOTO,RRE already possesses an authentic catalog photograph for this SKU; external image kept purely as secondary cross-reference.
img_1da1509c0915,https://enterprise.saioautomotive.com/backend/assets/uploads/products/SzZqY1A2U0tGUE1Kcnd0QlhpZ1NIQT09_1745564085_0.jpg,,920/01013,https://www.antheautoparts.com/product-details/kit-seal-pump-920-01013-jcb-spares,920/01013,920-01013-kitseal,source_image,false,RRE_ORIGINAL_AVAILABLE,RIGHTS_REVIEW_COMPLETE,PRESERVE_EXISTING_RRE_ORIGINAL_PHOTO,RRE already possesses an authentic catalog photograph for this SKU; external image kept purely as secondary cross-reference.
img_980f86a1974a,https://enterprise.saioautomotive.com/backend/assets/uploads/products/aXFGODN0c1JhdnJJRENuVVE0ck1EQT09_1745564202_0.jpg,,920/01647,https://www.antheautoparts.com/product-details/hydraulic-pump-repair-seal-kit-david-brown-920-01647-jcb-parts,920/01647,920-01647-kitseal,placeholder_image,false,FLAGGED_FOR_RRE_ASSET_GENERATION,RIGHTS_REVIEW_COMPLETE,GENERATE_NEW_RRE_ASSET_FROM_REFERENCE,"External photo serves strictly as a technical visual reference to produce an unbranded, high-resolution RRE International asset."
img_99e08be0ea53,https://enterprise.saioautomotive.com/backend/assets/uploads/products/U1V5dXJkRDNPN0cvQ21ZMElFUzE5dz09_1745564262_0.jpg,,983/10322,https://www.antheautoparts.com/product-details/seal-kit-hm360-hm360q-rammer-s25-s25n-983-10322-jcb-aftermarket-parts,983/10322,983-10322-seal-kit-hm360,source_image,false,RRE_ORIGINAL_AVAILABLE,RIGHTS_REVIEW_COMPLETE,PRESERVE_EXISTING_RRE_ORIGINAL_PHOTO,RRE already possesses an authentic catalog photograph for this SKU; external image kept purely as secondary cross-reference.
img_ae862161acb8,https://enterprise.saioautomotive.com/backend/assets/uploads/products/bGE5TzgrU0FCY3NHK0I4cncwSmdPdz09_1745564546_0.jpg,,332/E8224,https://www.antheautoparts.com/product-details/hydraulic-cylinder-seal-kit-60mm-x-rod-90mm-cylinder-332-e8224-jcb-spare-parts-dealer,332/E8224,332-e8224-seal-kit-90x60,source_image,false,RRE_ORIGINAL_AVAILABLE,RIGHTS_REVIEW_COMPLETE,PRESERVE_EXISTING_RRE_ORIGINAL_PHOTO,RRE already possesses an authentic catalog photograph for this SKU; external image kept purely as secondary cross-reference.
img_5c86436e70f7,https://enterprise.saioautomotive.com/backend/assets/uploads/products/SWVCbVgxUnMza1dMNXpJejNqTTArQT09_1745564737_0.jpg,,991/00012,https://www.antheautoparts.com/product-details/hydraulic-cylinder-seal-kit-60mm-rod-x-100mm-cylinder-991-00012-jcb-parts,991/00012,991-00012-ramsealkit,source_image,false,RRE_ORIGINAL_AVAILABLE,RIGHTS_REVIEW_COMPLETE,PRESERVE_EXISTING_RRE_ORIGINAL_PHOTO,RRE already possesses an authentic catalog photograph for this SKU; external image kept purely as secondary cross-reference.
img_2323ea80b61b,https://enterprise.saioautomotive.com/backend/assets/uploads/products/V1BJd254VUtoTHlZb2hRMTBOZTJ0QT09_1745564802_0.jpg,,991/00013,https://www.antheautoparts.com/product-details/hydraulic-cylinder-seal-kit-50mm-rod-x-90mm-cylinder-991-00013-jcb-aftermarket-parts,991/00013,991-00013-kitramseal,source_image,false,RRE_ORIGINAL_AVAILABLE,RIGHTS_REVIEW_COMPLETE,PRESERVE_EXISTING_RRE_ORIGINAL_PHOTO,RRE already possesses an authentic catalog photograph for this SKU; external image kept purely as secondary cross-reference.
img_e89b92e6cf8d,https://enterprise.saioautomotive.com/backend/assets/uploads/products/QjlqbERPNmlaaThFMmFHMjVMR082Zz09_1745564859_0.jpg,,991/00014,https://www.antheautoparts.com/product-details/boom-swing-lift-cylinder-seal-kit-60mm-x-rod-110mm-cylinder-991-00014-jcb-aftermarket-parts,N/A,N/A,N/A,false,UNMATCHED_EXTERNAL_REFERENCE,RIGHTS_REVIEW_COMPLETE,STAGED_AS_TECHNICAL_REFERENCE,External part not currently in RRE master catalog. Image staged in reference archive.
img_5f6d4e4d1705,https://enterprise.saioautomotive.com/backend/assets/uploads/products/a0RuNkZrTG4xdDhRdHQ0ekU3dWNodz09_1745564961_0.jpg,,991/00015,https://www.antheautoparts.com/product-details/hydraulic-cylinder-seal-kit-40mm-rod-x-70mm-cylinder-991-00015-jcb-spares,N/A,N/A,N/A,false,UNMATCHED_EXTERNAL_REFERENCE,RIGHTS_REVIEW_COMPLETE,STAGED_AS_TECHNICAL_REFERENCE,External part not currently in RRE master catalog. Image staged in reference archive.
img_ed2afafc32c8,https://enterprise.saioautomotive.com/backend/assets/uploads/products/WWdzclJtMFluRkJ0VW0wbmVubDRnZz09_1745565101_0.jpg,,991/00016,https://www.antheautoparts.com/product-details/hydraulic-cylinder-seal-kit-50mm-rod-x-80mm-cylinder-991-00016-jcb-spare-parts-dealer,N/A,N/A,N/A,false,UNMATCHED_EXTERNAL_REFERENCE,RIGHTS_REVIEW_COMPLETE,STAGED_AS_TECHNICAL_REFERENCE,External part not currently in RRE master catalog. Image staged in reference archive.
img_6579e401d498,https://enterprise.saioautomotive.com/backend/assets/uploads/products/R0t2SGpJTlQxeWRYU1p4dk82ZVk2QT09_1745565190_0.jpg,,991/00025,https://www.antheautoparts.com/product-details/hydraulic-cylinder-seal-kit-40mm-rod-x-70mm-cylinder-991-00025-jcb-parts,N/A,N/A,N/A,false,UNMATCHED_EXTERNAL_REFERENCE,RIGHTS_REVIEW_COMPLETE,STAGED_AS_TECHNICAL_REFERENCE,External part not currently in RRE master catalog. Image staged in reference archive.
img_b7d84218cff5,https://enterprise.saioautomotive.com/backend/assets/uploads/products/ekFzdlVVMExLUVU4S1hBWWxMTUI0Zz09_1745565286_0.jpg,,991/00026,https://www.antheautoparts.com/product-details/hydraulic-cylinder-seal-kit-50mm-rod-x-80mm-cylinder-991-00026-jcb-genuine-parts,N/A,N/A,N/A,false,UNMATCHED_EXTERNAL_REFERENCE,RIGHTS_REVIEW_COMPLETE,STAGED_AS_TECHNICAL_REFERENCE,External part not currently in RRE master catalog. Image staged in reference archive.
img_83e78748c866,https://enterprise.saioautomotive.com/backend/assets/uploads/products/L3pmWWJ6NUttbEl0MVdhTUlmVFRSUT09_1745565443_0.jpg,,991/00027,https://www.antheautoparts.com/product-details/bucket-cylinder-seal-kit-50mm-rod-x-90mm-cylinder-991-00027-jcb-parts-catalog,N/A,N/A,N/A,false,UNMATCHED_EXTERNAL_REFERENCE,RIGHTS_REVIEW_COMPLETE,STAGED_AS_TECHNICAL_REFERENCE,External part not currently in RRE master catalog. Image staged in reference archive.
img_f3f332cd6983,https://enterprise.saioautomotive.com/backend/assets/uploads/products/RHM4WEFOdU9UN2w0RXZnSkpmRTJjZz09_1745568798_0.jpg,,991/00028,https://www.antheautoparts.com/product-details/dipper-hydraulic-cylinder-seal-kit-60mm-rod-x-100mm-cylinder-991-00028-jcb-genuine-parts,N/A,N/A,N/A,false,UNMATCHED_EXTERNAL_REFERENCE,RIGHTS_REVIEW_COMPLETE,STAGED_AS_TECHNICAL_REFERENCE,External part not currently in RRE master catalog. Image staged in reference archive.
img_4614bbc2ca09,https://enterprise.saioautomotive.com/backend/assets/uploads/products/ak4rTElMUjBFTDNCRTFlRkowaGJtUT09_1745568948_0.jpg,,991/00030,https://www.antheautoparts.com/product-details/hydraulic-cylinder-seal-kit-65mm-rod-x-120mm-cylinder-991-00030-jcb-aftermarket-parts,N/A,N/A,N/A,false,UNMATCHED_EXTERNAL_REFERENCE,RIGHTS_REVIEW_COMPLETE,STAGED_AS_TECHNICAL_REFERENCE,External part not currently in RRE master catalog. Image staged in reference archive.
img_7181b605d8d4,https://enterprise.saioautomotive.com/backend/assets/uploads/products/RWtaemJDbW9vZGpkaWxuK1ZRUlBYZz09_1745569046_0.jpg,,991/00036,https://www.antheautoparts.com/product-details/hydraulic-cylinder-seal-kit-30mm-rod-x-70mm-cylinder-991-00036-jcb-spare-parts-dealer,991/00036,991-00036-sealkits,source_image,false,RRE_ORIGINAL_AVAILABLE,RIGHTS_REVIEW_COMPLETE,PRESERVE_EXISTING_RRE_ORIGINAL_PHOTO,RRE already possesses an authentic catalog photograph for this SKU; external image kept purely as secondary cross-reference.
img_b03def860d74,https://enterprise.saioautomotive.com/backend/assets/uploads/products/bGgrYmpRVDNoK1gxZE13NllaaEpxdz09_1745569093_0.jpg,,991/00055,https://www.antheautoparts.com/product-details/hydraulic-cylinder-seal-kit-60mm-rod-x-100mm-cylinder-991-00055-jcb-spare-parts-dealer,N/A,N/A,N/A,false,UNMATCHED_EXTERNAL_REFERENCE,RIGHTS_REVIEW_COMPLETE,STAGED_AS_TECHNICAL_REFERENCE,External part not currently in RRE master catalog. Image staged in reference archive.
img_c4b4f0a10b63,https://enterprise.saioautomotive.com/backend/assets/uploads/products/NEZQSjhKa0EvMGlnZklNajZlWkRCQT09_1745569139_0.jpg,,991/00056,https://www.antheautoparts.com/product-details/hydraulic-cylinder-seal-kit-65mm-rod-x-120mm-cylinder-991-00056-jcb-spare-parts,N/A,N/A,N/A,false,UNMATCHED_EXTERNAL_REFERENCE,RIGHTS_REVIEW_COMPLETE,STAGED_AS_TECHNICAL_REFERENCE,External part not currently in RRE master catalog. Image staged in reference archive.
img_96c6d93e8bbc,https://enterprise.saioautomotive.com/backend/assets/uploads/products/MVozeldua2VRS3ZiSFlZbkNOWlpIdz09_1745569198_0.jpg,,991/00095,https://www.antheautoparts.com/product-details/hydraulic-cylinder-seal-kit-40mm-rod-x-70mm-cylinder-991-00095-jcb-parts-online,N/A,N/A,N/A,false,UNMATCHED_EXTERNAL_REFERENCE,RIGHTS_REVIEW_COMPLETE,STAGED_AS_TECHNICAL_REFERENCE,External part not currently in RRE master catalog. Image staged in reference archive.
img_b859b9577359,https://enterprise.saioautomotive.com/backend/assets/uploads/products/UUExdTFVek1UaWtDY3kvSFM5aTZpUT09_1745569243_0.jpg,,991/00096,https://www.antheautoparts.com/product-details/bucket-lift-cylinder-seal-kit-50mm-rod-x-90mm-cylinder-991-00096-jcb-parts-near-me,N/A,N/A,N/A,false,UNMATCHED_EXTERNAL_REFERENCE,RIGHTS_REVIEW_COMPLETE,STAGED_AS_TECHNICAL_REFERENCE,External part not currently in RRE master catalog. Image staged in reference archive.
img_e7b1fe6595bb,https://enterprise.saioautomotive.com/backend/assets/uploads/products/MTljaFJtR0c1bXRnVFBpdlFKYk5pZz09_1745569329_0.jpg,,991/00097,https://www.antheautoparts.com/product-details/hydraulic-cylinder-seal-kit-25mm-rod-x-50mm-cylinder-991-00097-jcb-spare-parts-dealer,991/00097,991-00097-kitseal,source_image,false,RRE_ORIGINAL_AVAILABLE,RIGHTS_REVIEW_COMPLETE,PRESERVE_EXISTING_RRE_ORIGINAL_PHOTO,RRE already possesses an authentic catalog photograph for this SKU; external image kept purely as secondary cross-reference.
img_b853e061a3bb,https://enterprise.saioautomotive.com/backend/assets/uploads/products/bklWYUNCSFZKNTlKcDcrcWhNVTVSUT09_1745569378_0.jpg,,991/00098,https://www.antheautoparts.com/product-details/hydraulic-cylinder-seal-kit-30mm-rod-x-60mm-cylinder-991-00098-jcb-aftermarket-parts,991/00098,991-00098-kitseal,source_image,false,RRE_ORIGINAL_AVAILABLE,RIGHTS_REVIEW_COMPLETE,PRESERVE_EXISTING_RRE_ORIGINAL_PHOTO,RRE already possesses an authentic catalog photograph for this SKU; external image kept purely as secondary cross-reference.
img_df8449501105,https://enterprise.saioautomotive.com/backend/assets/uploads/products/L2NSUWhrOHhtNU1JbCtrQmwvSWtPdz09_1745569451_0.jpg,,991/00102,https://www.antheautoparts.com/product-details/lift-ram-seal-kit-50mm-rod-x-80mm-cylinder-991-00102-jcb-parts-near-me,991/00102,991-00102-sealkit,source_image,false,RRE_ORIGINAL_AVAILABLE,RIGHTS_REVIEW_COMPLETE,PRESERVE_EXISTING_RRE_ORIGINAL_PHOTO,RRE already possesses an authentic catalog photograph for this SKU; external image kept purely as secondary cross-reference.
img_ca800f7c6309,https://enterprise.saioautomotive.com/backend/assets/uploads/products/a1JZSDR6Mk1HZkE0Njh1NUsyVlRFUT09_1745582348_0.jpg,,991/00103,https://www.antheautoparts.com/product-details/assorted-cylinder-seal-kit-50mm-rod-x-90mm-cylinder-991-00103-replacement-jcb-parts,N/A,N/A,N/A,false,UNMATCHED_EXTERNAL_REFERENCE,RIGHTS_REVIEW_COMPLETE,STAGED_AS_TECHNICAL_REFERENCE,External part not currently in RRE master catalog. Image staged in reference archive.
img_44ef45e2aabf,https://enterprise.saioautomotive.com/backend/assets/uploads/products/WlBlVVI3ZE5OMGEwZTl1QWZ4bmlqQT09_1745570097_0.jpg,,991/00109,https://www.antheautoparts.com/product-details/hydraulic-cylinder-seal-kit-50mm-rod-x-110mm-cylinder-991-00109-replacement-jcb-parts,991/00109,991-00109-kitseal,source_image,false,RRE_ORIGINAL_AVAILABLE,RIGHTS_REVIEW_COMPLETE,PRESERVE_EXISTING_RRE_ORIGINAL_PHOTO,RRE already possesses an authentic catalog photograph for this SKU; external image kept purely as secondary cross-reference.
img_d31e9aec66f8,https://enterprise.saioautomotive.com/backend/assets/uploads/products/bzZXN2VwTTZWMUxkTmdKcmhjenBiZz09_1745570950_0.jpg,,991/00018,https://www.antheautoparts.com/product-details/slew-ram-seal-kit-110mm-991-00018-replacement-jcb-parts,991/00018,991-00018-seal-kit,source_image,false,RRE_ORIGINAL_AVAILABLE,RIGHTS_REVIEW_COMPLETE,PRESERVE_EXISTING_RRE_ORIGINAL_PHOTO,RRE already possesses an authentic catalog photograph for this SKU; external image kept purely as secondary cross-reference.
img_02fcc88f59cb,https://enterprise.saioautomotive.com/backend/assets/uploads/products/Uy9iSkRwZVJFMEVNWWEvMG83NVhyZz09_1745570643_0.jpg,,991/00120,https://www.antheautoparts.com/product-details/hydraulic-cylinder-seal-kit-70mm-rod-x-130mm-cylinder-991-00120-jcb-aftermarket-parts,991/00120,991-00120-sealkit,source_image,false,RRE_ORIGINAL_AVAILABLE,RIGHTS_REVIEW_COMPLETE,PRESERVE_EXISTING_RRE_ORIGINAL_PHOTO,RRE already possesses an authentic catalog photograph for this SKU; external image kept purely as secondary cross-reference.
img_49e08cdb728d,https://enterprise.saioautomotive.com/backend/assets/uploads/products/OVR0L2lUSHpveDZIWjlmYXZFazE5dz09_1745571266_0.jpg,,991/00135,https://www.antheautoparts.com/product-details/boom-cylinder-seal-kit-65mm-rod-x-120mm-cylinder-991-00135-jcb-spare-parts-dealer,991/00135,991-00135-sealkit,placeholder_image,false,FLAGGED_FOR_RRE_ASSET_GENERATION,RIGHTS_REVIEW_COMPLETE,GENERATE_NEW_RRE_ASSET_FROM_REFERENCE,"External photo serves strictly as a technical visual reference to produce an unbranded, high-resolution RRE International asset."
img_2d962ccc8fb2,https://enterprise.saioautomotive.com/backend/assets/uploads/products/Z2R6RVlubVBTZWIrNWlRRHRYTUZpUT09_1745571327_0.jpg,,991/00141,https://www.antheautoparts.com/product-details/hydraulic-cylinder-seal-kit-65mm-rod-x-130mm-cylinder-991-00141-jcb-aftermarket-parts,N/A,N/A,N/A,false,UNMATCHED_EXTERNAL_REFERENCE,RIGHTS_REVIEW_COMPLETE,STAGED_AS_TECHNICAL_REFERENCE,External part not currently in RRE master catalog. Image staged in reference archive.
img_f98474a27b91,https://enterprise.saioautomotive.com/backend/assets/uploads/products/QThpS1Z0elQ4RStDWmN5RmRCUFV6Zz09_1745571712_0.jpg,,991/00144,https://www.antheautoparts.com/product-details/boom-cylinder-seal-kit-75mm-rod-x-140mm-cylinder-991-00144-jcb-parts,991/00144,991-00144-kitseal,source_image,false,RRE_ORIGINAL_AVAILABLE,RIGHTS_REVIEW_COMPLETE,PRESERVE_EXISTING_RRE_ORIGINAL_PHOTO,RRE already possesses an authentic catalog photograph for this SKU; external image kept purely as secondary cross-reference.
img_f44caeb56757,https://enterprise.saioautomotive.com/backend/assets/uploads/products/aE40bVpxeHp0UkcvaEsrS09VSW1ZQT09_1745571762_0.jpg,,991/00146,https://www.antheautoparts.com/product-details/dipper-ram-seal-kit-65mm-rod-x-110mm-cylinder-991-00146-jcb-parts-catalog,N/A,N/A,N/A,false,UNMATCHED_EXTERNAL_REFERENCE,RIGHTS_REVIEW_COMPLETE,STAGED_AS_TECHNICAL_REFERENCE,External part not currently in RRE master catalog. Image staged in reference archive.
img_376c65c46d56,https://enterprise.saioautomotive.com/backend/assets/uploads/products/K3ZndmRTUCt1R2UvbjM1bzZmWVlTQT09_1745571824_0.jpg,,991/00159,https://www.antheautoparts.com/product-details/lift-ram-seal-kit-80mm-rod-x-160mm-cylinder-991-00159-jcb-aftermarket-parts,991/00159,991-00159-sealkit,source_image,false,RRE_ORIGINAL_AVAILABLE,RIGHTS_REVIEW_COMPLETE,PRESERVE_EXISTING_RRE_ORIGINAL_PHOTO,RRE already possesses an authentic catalog photograph for this SKU; external image kept purely as secondary cross-reference.
img_cda7b10de85e,https://enterprise.saioautomotive.com/backend/assets/uploads/products/dEdUUTNCcU9xNC9SbjZqL0x1ckJ0Zz09_1745571889_0.jpg,,991/00157,https://www.antheautoparts.com/product-details/hydraulic-cylinder-seal-kit-50mm-rod-x-90mm-cylinder-991-00157-jcb-spare-parts,991/00157,991-00157-seal-kit-service,placeholder_image,false,FLAGGED_FOR_RRE_ASSET_GENERATION,RIGHTS_REVIEW_COMPLETE,GENERATE_NEW_RRE_ASSET_FROM_REFERENCE,"External photo serves strictly as a technical visual reference to produce an unbranded, high-resolution RRE International asset."
img_1b665087c63b,https://enterprise.saioautomotive.com/backend/assets/uploads/products/Y0NHcmFhSktkL1Riekt0UENTKzVBdz09_1745571950_0.jpg,,991/000158,https://www.antheautoparts.com/product-details/hydraulic-cylinder-seal-kit-60mm-rod-x-120mm-cylinder-991-000158-jcb-parts-online,N/A,N/A,N/A,false,UNMATCHED_EXTERNAL_REFERENCE,RIGHTS_REVIEW_COMPLETE,STAGED_AS_TECHNICAL_REFERENCE,External part not currently in RRE master catalog. Image staged in reference archive.
img_02bc6fd4a610,https://enterprise.saioautomotive.com/backend/assets/uploads/products/aFJBZ0ZHeTNHSmxIUENMMDNRcHZadz09_1745572005_0.jpg,,991/00163,https://www.antheautoparts.com/product-details/hydraulic-cylinder-seal-kit-50mm-rod-x-90mm-cylinder-991-00163-jcb-parts-near-me,N/A,N/A,N/A,false,UNMATCHED_EXTERNAL_REFERENCE,RIGHTS_REVIEW_COMPLETE,STAGED_AS_TECHNICAL_REFERENCE,External part not currently in RRE master catalog. Image staged in reference archive.
img_8666af5efe90,https://enterprise.saioautomotive.com/backend/assets/uploads/products/TXMydXd6d2M4UzRQOG5JTUVtS0NOZz09_1745572068_0.jpg,,991/10142,https://www.antheautoparts.com/product-details/hydraulic-cylinder-seal-kit-60mm-rod-x-100mm-cylinder-991-10142-jcb-spares,N/A,N/A,N/A,false,UNMATCHED_EXTERNAL_REFERENCE,RIGHTS_REVIEW_COMPLETE,STAGED_AS_TECHNICAL_REFERENCE,External part not currently in RRE master catalog. Image staged in reference archive.
img_186a7bf59940,https://enterprise.saioautomotive.com/backend/assets/uploads/products/WGxXK3kwbGNIVUgyMUdITFRYbjFEUT09_1745572071_0.jpg,,991/10142,https://www.antheautoparts.com/product-details/hydraulic-cylinder-seal-kit-60mm-rod-x-100mm-cylinder-991-10142-replacement-jcb-parts,N/A,N/A,N/A,false,UNMATCHED_EXTERNAL_REFERENCE,RIGHTS_REVIEW_COMPLETE,STAGED_AS_TECHNICAL_REFERENCE,External part not currently in RRE master catalog. Image staged in reference archive.
img_38f51891c8b0,https://enterprise.saioautomotive.com/backend/assets/uploads/products/WlJQdWtVaFZHdHhlM1pGMTVoQUNYZz09_1745572133_0.jpg,,991/10151,https://www.antheautoparts.com/product-details/hydraulic-cylinder-seal-kit-40mm-rod-x-70mm-cylinder-991-10151-replacement-jcb-parts,N/A,N/A,N/A,false,UNMATCHED_EXTERNAL_REFERENCE,RIGHTS_REVIEW_COMPLETE,STAGED_AS_TECHNICAL_REFERENCE,External part not currently in RRE master catalog. Image staged in reference archive.
img_5268b5a2ea65,https://enterprise.saioautomotive.com/backend/assets/uploads/products/dXExMGhzN2tUUXJIVHZ3VUdTd1ZoUT09_1745572206_0.jpg,,991/10152,https://www.antheautoparts.com/product-details/hydraulic-cylinder-seal-kit-70mm-x-40mm-cylinder-991-10152-jcb-genuine-parts,991/10152,991-10152-sealkit,source_image,false,RRE_ORIGINAL_AVAILABLE,RIGHTS_REVIEW_COMPLETE,PRESERVE_EXISTING_RRE_ORIGINAL_PHOTO,RRE already possesses an authentic catalog photograph for this SKU; external image kept purely as secondary cross-reference.
img_476e5face6ec,https://enterprise.saioautomotive.com/backend/assets/uploads/products/RFVnK0cxdCt6dnhGZmxMaDlKNGtuUT09_1745572438_0.jpg,,991/20009,https://www.antheautoparts.com/product-details/hydraulic-cylinder-seal-kit-50mm-rod-x-90mm-cylinder-991-20009-jcb-spare-parts,991/20009,991-20009-service-seal-kit-90x50,source_image,false,RRE_ORIGINAL_AVAILABLE,RIGHTS_REVIEW_COMPLETE,PRESERVE_EXISTING_RRE_ORIGINAL_PHOTO,RRE already possesses an authentic catalog photograph for this SKU; external image kept purely as secondary cross-reference.
img_f2e6347951bf,https://enterprise.saioautomotive.com/backend/assets/uploads/products/eFpidmJwc2syWXlFa1AyNkRVajhIUT09_1745572520_0.jpg,,991/20022,https://www.antheautoparts.com/product-details/hydraulic-cylinder-seal-kit-50mm-rod-x-80mm-cylinder-991-20022-jcb-spares,991/20022,991-20022-kit-sealuniversal80x50,source_image,false,RRE_ORIGINAL_AVAILABLE,RIGHTS_REVIEW_COMPLETE,PRESERVE_EXISTING_RRE_ORIGINAL_PHOTO,RRE already possesses an authentic catalog photograph for this SKU; external image kept purely as secondary cross-reference.
img_c6e435b62d32,https://enterprise.saioautomotive.com/backend/assets/uploads/products/aDNYdzNqbTNDb05Da1Zyb3VzdzJidz09_1745572582_0.jpg,,991/20023,https://www.antheautoparts.com/product-details/hydraulic-cylinder-seal-kit-60mm-rod-x-100mm-cylinder-991-20023-jcb-parts-catalog,991/20023,991-20023-universal-seal-kit,source_image,false,RRE_ORIGINAL_AVAILABLE,RIGHTS_REVIEW_COMPLETE,PRESERVE_EXISTING_RRE_ORIGINAL_PHOTO,RRE already possesses an authentic catalog photograph for this SKU; external image kept purely as secondary cross-reference.
img_ccd60bb443a4,https://enterprise.saioautomotive.com/backend/assets/uploads/products/TWV1WXVsRVYrYkF2bWg5WDd1TWRRZz09_1745572644_0.jpg,,991/20024,https://www.antheautoparts.com/product-details/hydraulic-cylinder-seal-kit-30mm-rod-x-60mm-cylinder-991-20024-jcb-genuine-parts,991/20024,991-20024-universalsealkit,source_image,false,RRE_ORIGINAL_AVAILABLE,RIGHTS_REVIEW_COMPLETE,PRESERVE_EXISTING_RRE_ORIGINAL_PHOTO,RRE already possesses an authentic catalog photograph for this SKU; external image kept purely as secondary cross-reference.
img_e90b9bfe1645,https://enterprise.saioautomotive.com/backend/assets/uploads/products/N2tpRTE1Mm5BZ1orNURvbWdIQzFXZz09_1745572706_0.jpg,,991/20028,https://www.antheautoparts.com/product-details/lift-ram-seal-kit-991-20028-jcb-parts-catalog,991/20028,991-20028-kitseal16090,source_image,false,RRE_ORIGINAL_AVAILABLE,RIGHTS_REVIEW_COMPLETE,PRESERVE_EXISTING_RRE_ORIGINAL_PHOTO,RRE already possesses an authentic catalog photograph for this SKU; external image kept purely as secondary cross-reference.
img_c5c41b5d94de,https://enterprise.saioautomotive.com/backend/assets/uploads/products/Q1hSOE9BRFFnbzl6SVU4WDVDaGF0dz09_1745572783_0.jpg,,991/20029,https://www.antheautoparts.com/product-details/lift-ram-seal-kit-991-20029-jcb-spares,991/20029,991-20029-kit-seal,source_image,false,RRE_ORIGINAL_AVAILABLE,RIGHTS_REVIEW_COMPLETE,PRESERVE_EXISTING_RRE_ORIGINAL_PHOTO,RRE already possesses an authentic catalog photograph for this SKU; external image kept purely as secondary cross-reference.
img_fed1c8331eef,https://enterprise.saioautomotive.com/backend/assets/uploads/products/UEZVbUdtbERjU2Q0QjFsUG0zV3ZoQT09_1745572880_0.jpg,,991/20030,https://www.antheautoparts.com/product-details/hydraulic-cylinder-seal-kit-60mm-rod-x-110mm-cylinder-991-20030-replacement-jcb-parts,991/20030,991-20030-service-seal-kit-univ-110,source_image,false,RRE_ORIGINAL_AVAILABLE,RIGHTS_REVIEW_COMPLETE,PRESERVE_EXISTING_RRE_ORIGINAL_PHOTO,RRE already possesses an authentic catalog photograph for this SKU; external image kept purely as secondary cross-reference.
img_55e573ef261d,https://enterprise.saioautomotive.com/backend/assets/uploads/products/d1dON1FXb3ZMUzNGemR5R29NT1lKZz09_1745572940_0.jpg,,991/20038,https://www.antheautoparts.com/product-details/hydraulic-cylinder-seal-kit-65mm-rod-x-120mm-cylinder-991-20038-jcb-parts-near-me,991/20038,991-20038-servicesealkit120x65u,source_image,false,RRE_ORIGINAL_AVAILABLE,RIGHTS_REVIEW_COMPLETE,PRESERVE_EXISTING_RRE_ORIGINAL_PHOTO,RRE already possesses an authentic catalog photograph for this SKU; external image kept purely as secondary cross-reference.
img_85ab07acc329,https://enterprise.saioautomotive.com/backend/assets/uploads/products/dnlhK0xMUjh1K3psY1VNaUhkZExnQT09_1745573017_0.jpg,,991/00115,https://www.antheautoparts.com/product-details/hydraulic-cylinder-seal-kit-65mm-rod-x-120mm-cylinder-991-00115-replacement-jcb-parts,991/00115,991-00115-kitseal,source_image,false,RRE_ORIGINAL_AVAILABLE,RIGHTS_REVIEW_COMPLETE,PRESERVE_EXISTING_RRE_ORIGINAL_PHOTO,RRE already possesses an authentic catalog photograph for this SKU; external image kept purely as secondary cross-reference.
img_a3f139cf2cc3,https://enterprise.saioautomotive.com/backend/assets/uploads/products/cHU3SkRZY1RsanFRaXhlc0VodDNFdz09_1745573072_0.jpg,,991/00148,https://www.antheautoparts.com/product-details/hydraulic-cylinder-seal-kit-60mm-rod-x-110mm-cylinder-991-00148-jcb-parts-near-me,N/A,N/A,N/A,false,UNMATCHED_EXTERNAL_REFERENCE,RIGHTS_REVIEW_COMPLETE,STAGED_AS_TECHNICAL_REFERENCE,External part not currently in RRE master catalog. Image staged in reference archive.
img_3fbab9884597,https://enterprise.saioautomotive.com/backend/assets/uploads/products/aUt4SEt0L0NscU05UmE1d21EVjFodz09_1745573135_0.jpg,,991/00100,https://www.antheautoparts.com/product-details/hydraulic-cylinder-seal-kit-40mm-rod-x-70mm-cylinder-991-00100-replacement-jcb-parts,991/00100,991-00100-sealkit-alt-991-10152,source_image,false,RRE_ORIGINAL_AVAILABLE,RIGHTS_REVIEW_COMPLETE,PRESERVE_EXISTING_RRE_ORIGINAL_PHOTO,RRE already possesses an authentic catalog photograph for this SKU; external image kept purely as secondary cross-reference.
img_f40fd53216ee,https://enterprise.saioautomotive.com/backend/assets/uploads/products/QzVnY0FLL1VqSWhDNEpNelNwenMwdz09_1745573211_0.jpg,,991/00110,https://www.antheautoparts.com/product-details/hydraulic-cylinder-seal-kit-60mm-rod-x-110mm-cylinder-991-00110-jcb-spare-parts-dealer,991/00110,991-00110-kitseal,source_image,false,RRE_ORIGINAL_AVAILABLE,RIGHTS_REVIEW_COMPLETE,PRESERVE_EXISTING_RRE_ORIGINAL_PHOTO,RRE already possesses an authentic catalog photograph for this SKU; external image kept purely as secondary cross-reference.
img_3455c588a8e8,https://enterprise.saioautomotive.com/backend/assets/uploads/products/alp4SXRlOFJTSVc2Um9FVDNObEZXdz09_1745573278_0.jpg,,991/00122,https://www.antheautoparts.com/product-details/stabiliser-dipper-cylinder-seal-kit-40mm-rod-x-70mm-991-00122-jcb-parts,N/A,N/A,N/A,false,UNMATCHED_EXTERNAL_REFERENCE,RIGHTS_REVIEW_COMPLETE,STAGED_AS_TECHNICAL_REFERENCE,External part not currently in RRE master catalog. Image staged in reference archive.
img_584c66210dba,https://enterprise.saioautomotive.com/backend/assets/uploads/products/U2xwTUdESDhFaUp3T2dqcUFybXNOZz09_1745573332_0.jpg,,991/00123,https://www.antheautoparts.com/product-details/lift-ram-cylinder-seal-kit-50mm-rod-x-80mm-cylinder-991-00123-jcb-aftermarket-parts,991/00123,991-00123-sealkit,source_image,false,RRE_ORIGINAL_AVAILABLE,RIGHTS_REVIEW_COMPLETE,PRESERVE_EXISTING_RRE_ORIGINAL_PHOTO,RRE already possesses an authentic catalog photograph for this SKU; external image kept purely as secondary cross-reference.
img_d1bdec7edaf5,https://enterprise.saioautomotive.com/backend/assets/uploads/products/LzR2aFJKa2FRMkF6N3A4OFJXeTk2UT09_1745573394_0.jpg,,991/00127,https://www.antheautoparts.com/product-details/bucket-lift-cylinder-seal-kit-50mm-rod-x-90mm-cylinder-991-00127-jcb-genuine-parts,991/00127,991-00127-kitseal,source_image,false,RRE_ORIGINAL_AVAILABLE,RIGHTS_REVIEW_COMPLETE,PRESERVE_EXISTING_RRE_ORIGINAL_PHOTO,RRE already possesses an authentic catalog photograph for this SKU; external image kept purely as secondary cross-reference.
img_3beed68c35d7,https://enterprise.saioautomotive.com/backend/assets/uploads/products/ZTlFSEJRditxalQ0MXNCYzB1OWRZUT09_1745573459_0.jpg,,991/00130,https://www.antheautoparts.com/product-details/dipper-ram-cylinder-seal-kit-60mm-rod-x-100mm-cylinder-991-00130-replacement-jcb-parts,991/00130,991-00130-ramsealkit,source_image,false,RRE_ORIGINAL_AVAILABLE,RIGHTS_REVIEW_COMPLETE,PRESERVE_EXISTING_RRE_ORIGINAL_PHOTO,RRE already possesses an authentic catalog photograph for this SKU; external image kept purely as secondary cross-reference.
img_0250ffebc615,https://enterprise.saioautomotive.com/backend/assets/uploads/products/alhFV1JPcTh4eGtjeHk1U0pVbTNOdz09_1745573612_0.jpg,,991/00131,https://www.antheautoparts.com/product-details/boom-ram-seal-kit-60mm-rod-x-110mm-cylinder-991-00131-jcb-parts-near-me,991/00131,991-00131-ram-seal-kit,source_image,false,RRE_ORIGINAL_AVAILABLE,RIGHTS_REVIEW_COMPLETE,PRESERVE_EXISTING_RRE_ORIGINAL_PHOTO,RRE already possesses an authentic catalog photograph for this SKU; external image kept purely as secondary cross-reference.
img_2daabdfba4bd,https://enterprise.saioautomotive.com/backend/assets/uploads/products/Um5wTTlzUjVPV0FIY2RUalZaTEtBQT09_1745573690_0.jpg,,991/00145 | 991/00107,https://www.antheautoparts.com/product-details/hydraulic-cylinder-seal-kit-60mm-rod-x-100mm-cylinder-991-00145-991-00107-jcb-parts-catalog,991/00145,991-00145-sealkit,source_image,false,RRE_ORIGINAL_AVAILABLE,RIGHTS_REVIEW_COMPLETE,PRESERVE_EXISTING_RRE_ORIGINAL_PHOTO,RRE already possesses an authentic catalog photograph for this SKU; external image kept purely as secondary cross-reference.
img_45c58691b814,https://enterprise.saioautomotive.com/backend/assets/uploads/products/dHFTNzFEenRxRUt1ZmVJNk12ZVoyUT09_1745573744_0.jpg,,991/00147,https://www.antheautoparts.com/product-details/hydraulic-cylinder-seal-kit-60mm-rod-x-90mm-cylinder-991-00147-jcb-genuine-parts,991/00147,991-00147-kitseal90x60mm,source_image,false,RRE_ORIGINAL_AVAILABLE,RIGHTS_REVIEW_COMPLETE,PRESERVE_EXISTING_RRE_ORIGINAL_PHOTO,RRE already possesses an authentic catalog photograph for this SKU; external image kept purely as secondary cross-reference.
img_b5c6f86324a3,https://enterprise.saioautomotive.com/backend/assets/uploads/products/MGwrTE9POVJveWw1WjJRVlUrY0xDdz09_1745573842_0.jpg,,991/00152,https://www.antheautoparts.com/product-details/slew-swing-seal-kit-60mm-rod-x-100mm-cylinder-991-00152-jcb-spare-parts,N/A,N/A,N/A,false,UNMATCHED_EXTERNAL_REFERENCE,RIGHTS_REVIEW_COMPLETE,STAGED_AS_TECHNICAL_REFERENCE,External part not currently in RRE master catalog. Image staged in reference archive.
img_a39ac6404c04,https://enterprise.saioautomotive.com/backend/assets/uploads/products/NFZ1ZC9XbWlReHIrcUJRN3h5VHpXQT09_1745573913_0.jpg,,991/00156,https://www.antheautoparts.com/product-details/steering-ram-seal-kit-45-mm-rod-x-75mm-cylinder-991-00156-replacement-jcb-parts,991/00156,991-00156-kit-sealtrack-rod,source_image,false,RRE_ORIGINAL_AVAILABLE,RIGHTS_REVIEW_COMPLETE,PRESERVE_EXISTING_RRE_ORIGINAL_PHOTO,RRE already possesses an authentic catalog photograph for this SKU; external image kept purely as secondary cross-reference.
img_94e8d225267c,https://enterprise.saioautomotive.com/backend/assets/uploads/products/TG1xelVuT3RLb1dYeXdRdFE2V21hZz09_1745574034_0.jpg,,991/20021,https://www.antheautoparts.com/product-details/hydraulic-cylinder-seal-kit-40mm-rod-x-70mm-cylinder-991-20021-jcb-spares,991/20021,991-20021-universal-seal-kit,placeholder_image,false,FLAGGED_FOR_RRE_ASSET_GENERATION,RIGHTS_REVIEW_COMPLETE,GENERATE_NEW_RRE_ASSET_FROM_REFERENCE,"External photo serves strictly as a technical visual reference to produce an unbranded, high-resolution RRE International asset."
img_311f45ecffcd,https://enterprise.saioautomotive.com/backend/assets/uploads/products/QzhFM2JUNXUzU3ZSRmc4RkJxZ1FXZz09_1745574092_0.jpg,,991/00099,https://www.antheautoparts.com/product-details/hydraulic-cylinder-seal-kit-30mm-rod-x-70mm-cylinder-991-00099-jcb-genuine-parts,991/00099,991-00099-sealkit,source_image,false,RRE_ORIGINAL_AVAILABLE,RIGHTS_REVIEW_COMPLETE,PRESERVE_EXISTING_RRE_ORIGINAL_PHOTO,RRE already possesses an authentic catalog photograph for this SKU; external image kept purely as secondary cross-reference.
img_a7e47eae5a2e,https://enterprise.saioautomotive.com/backend/assets/uploads/products/ZHFXSGJaUFFHeFp3dkZkUDkraHZkUT09_1745574163_0.jpg,,448/17205,https://www.antheautoparts.com/product-details/seal-kit-448-17205-jcb-parts-near-me,448/17205,448-17205-kitseal,source_image,false,RRE_ORIGINAL_AVAILABLE,RIGHTS_REVIEW_COMPLETE,PRESERVE_EXISTING_RRE_ORIGINAL_PHOTO,RRE already possesses an authentic catalog photograph for this SKU; external image kept purely as secondary cross-reference.
img_cea9970043e6,https://enterprise.saioautomotive.com/backend/assets/uploads/products/ZE9QeWRCNm1ydUVtZXJjc3JYQXdZQT09_1745574221_0.jpg,,,https://www.antheautoparts.com/product-details/o-ring-jcb-aftermarket-parts,N/A,N/A,N/A,false,UNMATCHED_EXTERNAL_REFERENCE,RIGHTS_REVIEW_COMPLETE,STAGED_AS_TECHNICAL_REFERENCE,External part not currently in RRE master catalog. Image staged in reference archive.
img_7e92cc6308d0,https://enterprise.saioautomotive.com/backend/assets/uploads/products/Uy9HVE5CQzFKRjdpT0UvWHJIOVZoZz09_1745574288_0.jpg,,320/09200,https://www.antheautoparts.com/product-details/seal-kit-rocker-cover-320-09200-replacement-jcb-parts,320/09200,320-09200-kit-sealrocker,source_image,false,RRE_ORIGINAL_AVAILABLE,RIGHTS_REVIEW_COMPLETE,PRESERVE_EXISTING_RRE_ORIGINAL_PHOTO,RRE already possesses an authentic catalog photograph for this SKU; external image kept purely as secondary cross-reference.
img_7c820bb435c3,https://enterprise.saioautomotive.com/backend/assets/uploads/products/K2ZrZU5hbk1SRDBKN0kwYzZhVlJ5UT09_1745574341_0.jpg,,320/03119,https://www.antheautoparts.com/product-details/oil-seal-320-03119-jcb-genuine-parts,320/03119,320-03119-crank-seal-front-85mm,source_image,false,RRE_ORIGINAL_AVAILABLE,RIGHTS_REVIEW_COMPLETE,PRESERVE_EXISTING_RRE_ORIGINAL_PHOTO,RRE already possesses an authentic catalog photograph for this SKU; external image kept purely as secondary cross-reference.
img_a7e334dceac5,https://enterprise.saioautomotive.com/backend/assets/uploads/products/SXk1SE1jMy9VUHhxRW5ZbDV0VXlQdz09_1745574423_0.jpg,,813/50012 | 813/50026,https://www.antheautoparts.com/product-details/brake-piston-seal-kit-813-50012-813-50026-replacement-jcb-parts,813/50012,813-50012-brakeseal,source_image,false,RRE_ORIGINAL_AVAILABLE,RIGHTS_REVIEW_COMPLETE,PRESERVE_EXISTING_RRE_ORIGINAL_PHOTO,RRE already possesses an authentic catalog photograph for this SKU; external image kept purely as secondary cross-reference.
img_5d35ada2feb4,https://enterprise.saioautomotive.com/backend/assets/uploads/products/QUNZT3VrMUMwbFA3MlgvMkc0M3FGZz09_1745574513_0.jpg,,320/02596,https://www.antheautoparts.com/product-details/exhaust-valve-seal-320-02596-jcb-parts-near-me,320/02596,320-02596-exhaustvalveseat-local,source_image,false,RRE_ORIGINAL_AVAILABLE,RIGHTS_REVIEW_COMPLETE,PRESERVE_EXISTING_RRE_ORIGINAL_PHOTO,RRE already possesses an authentic catalog photograph for this SKU; external image kept purely as secondary cross-reference.
img_e0a3263bfac1,https://enterprise.saioautomotive.com/backend/assets/uploads/products/MmlWK0NUT2xRNE0yRktBUFR5SzRBUT09_1745574581_0.jpg,,550/42888,https://www.antheautoparts.com/product-details/cylinder-seal-kit-550-42888-jcb-spare-parts,550/42888,550-42888-seal-kit,placeholder_image,false,FLAGGED_FOR_RRE_ASSET_GENERATION,RIGHTS_REVIEW_COMPLETE,GENERATE_NEW_RRE_ASSET_FROM_REFERENCE,"External photo serves strictly as a technical visual reference to produce an unbranded, high-resolution RRE International asset."
img_90e303d506c3,https://enterprise.saioautomotive.com/backend/assets/uploads/products/MkV0WU03bythUFphbTE5bktNd2doUT09_1745574696_0.jpg,,550/42895,https://www.antheautoparts.com/product-details/cylinder-seal-kit-550-42895-jcb-parts-online,550/42895,550-42895-seal-kit,placeholder_image,false,FLAGGED_FOR_RRE_ASSET_GENERATION,RIGHTS_REVIEW_COMPLETE,GENERATE_NEW_RRE_ASSET_FROM_REFERENCE,"External photo serves strictly as a technical visual reference to produce an unbranded, high-resolution RRE International asset."
img_770e21982cca,https://enterprise.saioautomotive.com/backend/assets/uploads/products/WS8xcVVTNGtGWlFZUHgxelRzNkVaZz09_1745574761_0.jpg,,448/04802,https://www.antheautoparts.com/product-details/masking-ring-448-04802-jcb-parts-near-me,448/04802,448-04802-masking-ring,source_image,false,RRE_ORIGINAL_AVAILABLE,RIGHTS_REVIEW_COMPLETE,PRESERVE_EXISTING_RRE_ORIGINAL_PHOTO,RRE already possesses an authentic catalog photograph for this SKU; external image kept purely as secondary cross-reference.
img_d1b6de937c51,https://enterprise.saioautomotive.com/backend/assets/uploads/products/VGtZekl4d0lzM1BXbHk3WE9nV2tnQT09_1745575624_0.jpg,,120/30006 | 458/20541,https://www.antheautoparts.com/product-details/stub-axle-washer-120-30006-458-20541-jcb-aftermarket-parts,120/30006,120-30006-washer,source_image,false,RRE_ORIGINAL_AVAILABLE,RIGHTS_REVIEW_COMPLETE,PRESERVE_EXISTING_RRE_ORIGINAL_PHOTO,RRE already possesses an authentic catalog photograph for this SKU; external image kept purely as secondary cross-reference.
img_cbec4ab60416,https://enterprise.saioautomotive.com/backend/assets/uploads/products/MTBmSmhuS1FlOWlvNDVqNGZEWE8wdz09_1745575687_0.jpg,,2203/0054,https://www.antheautoparts.com/product-details/circlip-2203-0054-jcb-genuine-parts,2203/0054,2203-0054-circlip-external-40mm,source_image,false,RRE_ORIGINAL_AVAILABLE,RIGHTS_REVIEW_COMPLETE,PRESERVE_EXISTING_RRE_ORIGINAL_PHOTO,RRE already possesses an authentic catalog photograph for this SKU; external image kept purely as secondary cross-reference.
img_f1386dbb30b5,https://enterprise.saioautomotive.com/backend/assets/uploads/products/T29sdmY1bHR2dlVSSmlYYXphNWtNQT09_1745575772_0.jpg,,2203/1080,https://www.antheautoparts.com/product-details/gear-housing-circlip-internal-78mm-2203-1080-jcb-parts-near-me,2203/1080,2203-1080-circlip-internal,source_image,false,RRE_ORIGINAL_AVAILABLE,RIGHTS_REVIEW_COMPLETE,PRESERVE_EXISTING_RRE_ORIGINAL_PHOTO,RRE already possesses an authentic catalog photograph for this SKU; external image kept purely as secondary cross-reference.
img_c8f81bca56b0,https://enterprise.saioautomotive.com/backend/assets/uploads/products/RitqVzZRaEJYSm9ZZm94ajdGV3p1QT09_1745575826_0.jpg,,445/03005 | 921/53400 | 921/52600,https://www.antheautoparts.com/product-details/collapsible-spacer-445-03005-921-53400-921-52600-jcb-spare-parts-dealer,445/03005,445-03005-collapsible-spacer,source_image,false,RRE_ORIGINAL_AVAILABLE,RIGHTS_REVIEW_COMPLETE,PRESERVE_EXISTING_RRE_ORIGINAL_PHOTO,RRE already possesses an authentic catalog photograph for this SKU; external image kept purely as secondary cross-reference.
img_f3277f9f18b9,https://enterprise.saioautomotive.com/backend/assets/uploads/products/S1ZzU3VEdHQwYllZODArbDFIZ1l0QT09_1745575888_0.jpg,,445/04700,https://www.antheautoparts.com/product-details/shim-kit-445-04700-jcb-parts-online,445/04700,445-04700-shim-kit,source_image,false,RRE_ORIGINAL_AVAILABLE,RIGHTS_REVIEW_COMPLETE,PRESERVE_EXISTING_RRE_ORIGINAL_PHOTO,RRE already possesses an authentic catalog photograph for this SKU; external image kept purely as secondary cross-reference.
img_60c1c7dc47e3,https://enterprise.saioautomotive.com/backend/assets/uploads/products/eitmSEJGOG5aY2U2Z0hRR2FTcy9JUT09_1745575989_0.jpg,,445/40204,https://www.antheautoparts.com/product-details/oil-baffle-445-40204-jcb-spare-parts-dealer,445/40204,445-40204-oil-baffle-plate,source_image,false,RRE_ORIGINAL_AVAILABLE,RIGHTS_REVIEW_COMPLETE,PRESERVE_EXISTING_RRE_ORIGINAL_PHOTO,RRE already possesses an authentic catalog photograph for this SKU; external image kept purely as secondary cross-reference.
img_9fe4a07a98ae,https://enterprise.saioautomotive.com/backend/assets/uploads/products/Y2FXQ3c0YjVqNVBzU0J6VGo0QmE5dz09_1745576036_0.jpg,,808/00207,https://www.antheautoparts.com/product-details/king-post-carriage-thrust-washer-8mm-808-00207-jcb-spare-parts,808/00207,808-00207-thrust-washer,source_image,false,RRE_ORIGINAL_AVAILABLE,RIGHTS_REVIEW_COMPLETE,PRESERVE_EXISTING_RRE_ORIGINAL_PHOTO,RRE already possesses an authentic catalog photograph for this SKU; external image kept purely as secondary cross-reference.
img_f009ff76df52,https://enterprise.saioautomotive.com/backend/assets/uploads/products/UEhVUmNNYjJZS0s2NStiWm1wWjNvdz09_1745576136_0.jpg,,808/00209 | 808/00210,https://www.antheautoparts.com/product-details/diff-gear-set-thrust-washer-808-00209-808-00210-jcb-aftermarket-parts,808/00209,808-00209-side-gear-washer,source_image,false,RRE_ORIGINAL_AVAILABLE,RIGHTS_REVIEW_COMPLETE,PRESERVE_EXISTING_RRE_ORIGINAL_PHOTO,RRE already possesses an authentic catalog photograph for this SKU; external image kept purely as secondary cross-reference.
img_b294ad8f4daf,https://enterprise.saioautomotive.com/backend/assets/uploads/products/L1Q5aTUvaDZWbkRNMVZWMEd2RDdsQT09_1745576198_0.jpg,,808/00210,https://www.antheautoparts.com/product-details/thrust-washer-side-gear-808-00210-replacement-jcb-parts,808/00210,808-00210-spherical-washer,generated_image,false,RRE_GENERATED_AVAILABLE,RIGHTS_REVIEW_COMPLETE,PRESERVE_EXISTING_RRE_GENERATED_ASSET,RRE generated visual asset is already assigned.
img_838d05be3eb1,https://enterprise.saioautomotive.com/backend/assets/uploads/products/eXd1VjZpMldBYUVaeENHeGxCc3ZNdz09_1745576249_0.jpg,,814/00233,https://www.antheautoparts.com/product-details/gear-lever-assy-spring-814-00233-jcb-parts-catalog,814/00233,814-00233-spring,source_image,false,RRE_ORIGINAL_AVAILABLE,RIGHTS_REVIEW_COMPLETE,PRESERVE_EXISTING_RRE_ORIGINAL_PHOTO,RRE already possesses an authentic catalog photograph for this SKU; external image kept purely as secondary cross-reference.
img_d162e4d411cd,https://enterprise.saioautomotive.com/backend/assets/uploads/products/aGJpcXI1TnRJaDlpWlVTNGIrRkxIZz09_1745576323_0.jpg,,814/00382,https://www.antheautoparts.com/product-details/spring-814-00382-jcb-spare-parts,814/00382,814-00382-torsion-spring,source_image,false,RRE_ORIGINAL_AVAILABLE,RIGHTS_REVIEW_COMPLETE,PRESERVE_EXISTING_RRE_ORIGINAL_PHOTO,RRE already possesses an authentic catalog photograph for this SKU; external image kept purely as secondary cross-reference.
img_0638ec670ed6,https://enterprise.saioautomotive.com/backend/assets/uploads/products/TjRJMlVrUy9LdzRIVnlFWTJsU2Z0UT09_1745576375_0.jpg,,814/00441,https://www.antheautoparts.com/product-details/spring-814-00441-jcb-spare-parts-dealer,814/00441,814-00441-torsion-spring,source_image,false,RRE_ORIGINAL_AVAILABLE,RIGHTS_REVIEW_COMPLETE,PRESERVE_EXISTING_RRE_ORIGINAL_PHOTO,RRE already possesses an authentic catalog photograph for this SKU; external image kept purely as secondary cross-reference.
img_37a2babd7cec,https://enterprise.saioautomotive.com/backend/assets/uploads/products/VnQxWEFueFhxR0hZOTdiWXhmbW4yQT09_1745576427_0.jpg,,819/00049,https://www.antheautoparts.com/product-details/bucket-pin-washer-15mm-819-00049-replacement-jcb-parts,819/00049,819-00049-shim,source_image,false,RRE_ORIGINAL_AVAILABLE,RIGHTS_REVIEW_COMPLETE,PRESERVE_EXISTING_RRE_ORIGINAL_PHOTO,RRE already possesses an authentic catalog photograph for this SKU; external image kept purely as secondary cross-reference.
img_3d9274cec062,https://enterprise.saioautomotive.com/backend/assets/uploads/products/eUJZUHB4TmNxZ3paYUUybmJzNUg5UT09_1745576484_0.jpg,,819/00099,https://www.antheautoparts.com/product-details/spacer-5mm-819-00099-jcb-aftermarket-parts,819/00099,819-00099-spacer-60x80x5,source_image,false,RRE_ORIGINAL_AVAILABLE,RIGHTS_REVIEW_COMPLETE,PRESERVE_EXISTING_RRE_ORIGINAL_PHOTO,RRE already possesses an authentic catalog photograph for this SKU; external image kept purely as secondary cross-reference.
img_c6d18fb14bf8,https://enterprise.saioautomotive.com/backend/assets/uploads/products/QmQxalVTTE9FdG4rZjZadWFuNXJxdz09_1745576572_0.jpg,,819/00100,https://www.antheautoparts.com/product-details/shim-14mm-819-00100-jcb-parts-online,819/00100,819-00100-shim,source_image,false,RRE_ORIGINAL_AVAILABLE,RIGHTS_REVIEW_COMPLETE,PRESERVE_EXISTING_RRE_ORIGINAL_PHOTO,RRE already possesses an authentic catalog photograph for this SKU; external image kept purely as secondary cross-reference.
img_2b4ccd0596c5,https://enterprise.saioautomotive.com/backend/assets/uploads/products/aTdHc21FZ2dPT3Znc0xpMWVrRUJ2QT09_1745576635_0.jpg,,819/00132,https://www.antheautoparts.com/product-details/front-axle-spacer-35mm-819-00132-jcb-aftermarket-parts,819/00132,819-00132-spacer,source_image,false,RRE_ORIGINAL_AVAILABLE,RIGHTS_REVIEW_COMPLETE,PRESERVE_EXISTING_RRE_ORIGINAL_PHOTO,RRE already possesses an authentic catalog photograph for this SKU; external image kept purely as secondary cross-reference.
img_88a4c9d00133,https://enterprise.saioautomotive.com/backend/assets/uploads/products/RTlHTDQyWW1mRkRna2pqQk9XOUw4QT09_1745576693_0.jpg,,819/00133,https://www.antheautoparts.com/product-details/front-axle-spacer-4mm-819-00133-replacement-jcb-parts,819/00133,819-00133-spacer-50x120x40m,placeholder_image,false,FLAGGED_FOR_RRE_ASSET_GENERATION,RIGHTS_REVIEW_COMPLETE,GENERATE_NEW_RRE_ASSET_FROM_REFERENCE,"External photo serves strictly as a technical visual reference to produce an unbranded, high-resolution RRE International asset."
img_403cf55d8d4c,https://enterprise.saioautomotive.com/backend/assets/uploads/products/Q2RFR09udG40Tm00a1VscnJTNjAyUT09_1745576750_0.jpg,,819/00134,https://www.antheautoparts.com/product-details/front-axle-spacer-45mm-819-00134-jcb-parts-near-me,819/00134,819-00134-spacer,placeholder_image,false,FLAGGED_FOR_RRE_ASSET_GENERATION,RIGHTS_REVIEW_COMPLETE,GENERATE_NEW_RRE_ASSET_FROM_REFERENCE,"External photo serves strictly as a technical visual reference to produce an unbranded, high-resolution RRE International asset."
img_a8d3202d218d,https://enterprise.saioautomotive.com/backend/assets/uploads/products/YWJiSXI3Y1R2Si9EWGRIcWpWQ21ydz09_1745576808_0.jpg,,819/00135,https://www.antheautoparts.com/product-details/front-axle-spacer-5mm-819-00135-jcb-genuine-parts,819/00135,819-00135-spacer,source_image,false,RRE_ORIGINAL_AVAILABLE,RIGHTS_REVIEW_COMPLETE,PRESERVE_EXISTING_RRE_ORIGINAL_PHOTO,RRE already possesses an authentic catalog photograph for this SKU; external image kept purely as secondary cross-reference.
img_d8e3fdb2228d,https://enterprise.saioautomotive.com/backend/assets/uploads/products/YitqK28xV1luQ245NGFMbmpBenhaQT09_1745576863_0.jpg,,819/00136,https://www.antheautoparts.com/product-details/front-axle-spacer-55mm-819-00136-jcb-spare-parts,819/00136,819-00136-spacer,source_image,false,RRE_ORIGINAL_AVAILABLE,RIGHTS_REVIEW_COMPLETE,PRESERVE_EXISTING_RRE_ORIGINAL_PHOTO,RRE already possesses an authentic catalog photograph for this SKU; external image kept purely as secondary cross-reference.
img_b2079f9d3ae6,https://enterprise.saioautomotive.com/backend/assets/uploads/products/NVc2cHhwaEV0eHlHdU5RL3dKUHZiUT09_1745576917_0.jpg,,819/00137,https://www.antheautoparts.com/product-details/front-axle-spacer-6mm-819-00137-jcb-parts-near-me,819/00137,819-00137-spacer,source_image,false,RRE_ORIGINAL_AVAILABLE,RIGHTS_REVIEW_COMPLETE,PRESERVE_EXISTING_RRE_ORIGINAL_PHOTO,RRE already possesses an authentic catalog photograph for this SKU; external image kept purely as secondary cross-reference.
img_0da559ad6ef5,https://enterprise.saioautomotive.com/backend/assets/uploads/products/Y0dvVTRaZ3FOenFkbmZkb1pvbVdSQT09_1745577128_0.jpg,,819/00143,https://www.antheautoparts.com/product-details/shim-14mm-819-00143-jcb-parts-near-me,819/00143,819-00143-shim-60x130x14,source_image,false,RRE_ORIGINAL_AVAILABLE,RIGHTS_REVIEW_COMPLETE,PRESERVE_EXISTING_RRE_ORIGINAL_PHOTO,RRE already possesses an authentic catalog photograph for this SKU; external image kept purely as secondary cross-reference.
img_cd112b2da5a7,https://enterprise.saioautomotive.com/backend/assets/uploads/products/c01BVDcwdVdES0Z3OXJNTWdpZGJVZz09_1745577181_0.jpg,,821/00209,https://www.antheautoparts.com/product-details/circlip-821-00209-jcb-parts-near-me,821/00209,821-00209-lshapedcirclipcd2983,source_image,false,RRE_ORIGINAL_AVAILABLE,RIGHTS_REVIEW_COMPLETE,PRESERVE_EXISTING_RRE_ORIGINAL_PHOTO,RRE already possesses an authentic catalog photograph for this SKU; external image kept purely as secondary cross-reference.
img_74396376cd68,https://enterprise.saioautomotive.com/backend/assets/uploads/products/MzhSSGpJYWxsYkgxS25YVGxYRFlxdz09_1745577246_0.jpg,,821/00210,https://www.antheautoparts.com/product-details/hub-circlip-821-00210-jcb-parts-online,821/00210,821-00210-circlip-internal,generated_image,false,RRE_GENERATED_AVAILABLE,RIGHTS_REVIEW_COMPLETE,PRESERVE_EXISTING_RRE_GENERATED_ASSET,RRE generated visual asset is already assigned.
img_8602fda5331c,https://enterprise.saioautomotive.com/backend/assets/uploads/products/Q3Q5RFNPQU53T1lURUhsckUwMGl0dz09_1745577318_0.jpg,,821/00297,https://www.antheautoparts.com/product-details/circlip-pivot-pin-821-00297-jcb-parts-catalog,821/00297,821-00297-circlip-60mm,source_image,false,RRE_ORIGINAL_AVAILABLE,RIGHTS_REVIEW_COMPLETE,PRESERVE_EXISTING_RRE_ORIGINAL_PHOTO,RRE already possesses an authentic catalog photograph for this SKU; external image kept purely as secondary cross-reference.
img_cdf39d8a5a0a,https://enterprise.saioautomotive.com/backend/assets/uploads/products/YVZOS1N0dkt6bksvUkM0U0lrdWs2dz09_1745577436_0.jpg,,823/00237,https://www.antheautoparts.com/product-details/shim-95mm-823-00237-jcb-parts-online,823/00237,823-00237-shim,source_image,false,RRE_ORIGINAL_AVAILABLE,RIGHTS_REVIEW_COMPLETE,PRESERVE_EXISTING_RRE_ORIGINAL_PHOTO,RRE already possesses an authentic catalog photograph for this SKU; external image kept purely as secondary cross-reference.
img_70b82b332dc7,https://enterprise.saioautomotive.com/backend/assets/uploads/products/bjRIYUR4OXBIbm9yTjZwdjBjVVU5QT09_1745577489_0.jpg,,823/00334,https://www.antheautoparts.com/product-details/ring-clip-35mm-823-00334-jcb-spare-parts-dealer,823/00334,823-00334-klipring,source_image,false,RRE_ORIGINAL_AVAILABLE,RIGHTS_REVIEW_COMPLETE,PRESERVE_EXISTING_RRE_ORIGINAL_PHOTO,RRE already possesses an authentic catalog photograph for this SKU; external image kept purely as secondary cross-reference.
img_8a12c8f9eb19,https://enterprise.saioautomotive.com/backend/assets/uploads/products/R0FpVjFqS1NKdW1IZTNCSUJicXdzQT09_1745577544_0.jpg,,823/00470,https://www.antheautoparts.com/product-details/bucket-pin-washers-823-00470-jcb-genuine-parts,823/00470,823-00470-washer,source_image,false,RRE_ORIGINAL_AVAILABLE,RIGHTS_REVIEW_COMPLETE,PRESERVE_EXISTING_RRE_ORIGINAL_PHOTO,RRE already possesses an authentic catalog photograph for this SKU; external image kept purely as secondary cross-reference.
img_cd43cc2b6c06,https://enterprise.saioautomotive.com/backend/assets/uploads/products/Z3NJa0p3TVQ3WFhZdFhQc3NKSnJQZz09_1745577596_0.jpg,,823/00471,https://www.antheautoparts.com/product-details/shim-14mm-823-00471-replacement-jcb-parts,823/00471,823-00471-shim-14mm,source_image,false,RRE_ORIGINAL_AVAILABLE,RIGHTS_REVIEW_COMPLETE,PRESERVE_EXISTING_RRE_ORIGINAL_PHOTO,RRE already possesses an authentic catalog photograph for this SKU; external image kept purely as secondary cross-reference.
img_b87f970c6fc3,https://enterprise.saioautomotive.com/backend/assets/uploads/products/bW1Ec0J3SmVEWGx4ZHlrV3hXZ2lPZz09_1745577656_0.jpg,,823/00476,https://www.antheautoparts.com/product-details/hydraclamp-tab-washer-823-00476-jcb-spares,823/00476,823-00476-tab-washer,source_image,false,RRE_ORIGINAL_AVAILABLE,RIGHTS_REVIEW_COMPLETE,PRESERVE_EXISTING_RRE_ORIGINAL_PHOTO,RRE already possesses an authentic catalog photograph for this SKU; external image kept purely as secondary cross-reference.
img_df1b646a890d,https://enterprise.saioautomotive.com/backend/assets/uploads/products/aWpSd1R6REkzbUxtWXI2SmEzZHVlQT09_1745577717_0.jpg,,823/00576 | 823/10331,https://www.antheautoparts.com/product-details/washer-clamp-lh-823-00576-823-10331-jcb-parts-online,823/00576,823-00576-l-h-clamp-washer,source_image,false,RRE_ORIGINAL_AVAILABLE,RIGHTS_REVIEW_COMPLETE,PRESERVE_EXISTING_RRE_ORIGINAL_PHOTO,RRE already possesses an authentic catalog photograph for this SKU; external image kept purely as secondary cross-reference.
img_d79b105513a4,https://enterprise.saioautomotive.com/backend/assets/uploads/products/R1dQblN4SmdVWWtzampaRjRpRWd5QT09_1745577811_0.jpg,,823/00577 | 823/10332,https://www.antheautoparts.com/product-details/washer-clamp-rh-823-00577-823-10332-jcb-parts-near-me,823/00577,823-00577-r-h-clamp-washer,source_image,false,RRE_ORIGINAL_AVAILABLE,RIGHTS_REVIEW_COMPLETE,PRESERVE_EXISTING_RRE_ORIGINAL_PHOTO,RRE already possesses an authentic catalog photograph for this SKU; external image kept purely as secondary cross-reference.
img_5fb92ff373a3,https://enterprise.saioautomotive.com/backend/assets/uploads/products/N3BMNDdtNU5PdlJjcWI3SkNKT3dkZz09_1745577942_0.jpg,,823/10270 | 123/05227,https://www.antheautoparts.com/product-details/thrust-washer-6mm-823-10270-123-05227-jcb-spares,823/10270,823-10270-thrust-washer-king-post,source_image,false,RRE_ORIGINAL_AVAILABLE,RIGHTS_REVIEW_COMPLETE,PRESERVE_EXISTING_RRE_ORIGINAL_PHOTO,RRE already possesses an authentic catalog photograph for this SKU; external image kept purely as secondary cross-reference.
img_fc85f13af41c,https://enterprise.saioautomotive.com/backend/assets/uploads/products/Yk1Ja3ZncSt3SHpmTEowdGdPRTBsUT09_1745578047_0.jpg,,826/00512,https://www.antheautoparts.com/product-details/lynch-pins-826-00512-jcb-spare-parts,826/00512,826-00512-89mm-x-57mm-lynch-pin,source_image,false,RRE_ORIGINAL_AVAILABLE,RIGHTS_REVIEW_COMPLETE,PRESERVE_EXISTING_RRE_ORIGINAL_PHOTO,RRE already possesses an authentic catalog photograph for this SKU; external image kept purely as secondary cross-reference.
img_e1844f2e2e6c,https://enterprise.saioautomotive.com/backend/assets/uploads/products/dTF2V3ZEdUw5R25Yc2lBYnlURG4wUT09_1745578108_0.jpg,,#831/00114,https://www.antheautoparts.com/product-details/kingpost-carriage-thrust-washer-831-00114-jcb-parts-near-me,831/00114,831-00114-thrust-washer-sb,source_image,false,RRE_ORIGINAL_AVAILABLE,RIGHTS_REVIEW_COMPLETE,PRESERVE_EXISTING_RRE_ORIGINAL_PHOTO,RRE already possesses an authentic catalog photograph for this SKU; external image kept purely as secondary cross-reference.
img_2950c1faff84,https://enterprise.saioautomotive.com/backend/assets/uploads/products/a0lIZHJRTFBaM0JDS001NE9zRzJRQT09_1745578177_0.jpg,,913/00005,https://www.antheautoparts.com/product-details/clip-safety-913-00005-jcb-parts-online,913/00005,913-00005-clevis-clip,source_image,false,RRE_ORIGINAL_AVAILABLE,RIGHTS_REVIEW_COMPLETE,PRESERVE_EXISTING_RRE_ORIGINAL_PHOTO,RRE already possesses an authentic catalog photograph for this SKU; external image kept purely as secondary cross-reference.
img_e4ceccc56c02,https://enterprise.saioautomotive.com/backend/assets/uploads/products/a3dsVlNiNFZIZkIrUVhRTEV6V2V2UT09_1745578241_0.jpg,,921/00807,https://www.antheautoparts.com/product-details/king-pin-shims-921-00807-jcb-spare-parts,921/00807,921-00807-shim-05,source_image,false,RRE_ORIGINAL_AVAILABLE,RIGHTS_REVIEW_COMPLETE,PRESERVE_EXISTING_RRE_ORIGINAL_PHOTO,RRE already possesses an authentic catalog photograph for this SKU; external image kept purely as secondary cross-reference.
img_ff247ff48334,https://enterprise.saioautomotive.com/backend/assets/uploads/products/aEdGelJEbFY2QVdhaEo1WFhLT2syUT09_1745578338_0.jpg,,998/00006,https://www.antheautoparts.com/product-details/thrust-washer-7mm-998-00006-jcb-spare-parts-dealer,N/A,N/A,N/A,false,UNMATCHED_EXTERNAL_REFERENCE,RIGHTS_REVIEW_COMPLETE,STAGED_AS_TECHNICAL_REFERENCE,External part not currently in RRE master catalog. Image staged in reference archive.
img_61dafa432f3c,https://enterprise.saioautomotive.com/backend/assets/uploads/products/Z0piWmdjZ0hvb1V5QkZxdmlpY25jUT09_1745578413_0.jpg,,998/00007,https://www.antheautoparts.com/product-details/thrust-washer-4mm-998-00007-jcb-spare-parts-dealer,998/00007,998-00007-washer4mmthrust,source_image,false,RRE_ORIGINAL_AVAILABLE,RIGHTS_REVIEW_COMPLETE,PRESERVE_EXISTING_RRE_ORIGINAL_PHOTO,RRE already possesses an authentic catalog photograph for this SKU; external image kept purely as secondary cross-reference.
img_68ed40f39600,https://enterprise.saioautomotive.com/backend/assets/uploads/products/NEFXNld2S0tBRms5UDhEN3piUWhuUT09_1745578467_0.jpg,,921/01900,https://www.antheautoparts.com/product-details/shim-921-01900-replacement-jcb-parts,921/01900,921-01900-shimkit-40-303432,source_image,false,RRE_ORIGINAL_AVAILABLE,RIGHTS_REVIEW_COMPLETE,PRESERVE_EXISTING_RRE_ORIGINAL_PHOTO,RRE already possesses an authentic catalog photograph for this SKU; external image kept purely as secondary cross-reference.
img_a410faf843da,https://enterprise.saioautomotive.com/backend/assets/uploads/products/c2U0UDE3cnpGT1JDeUt4cG9qM2RMUT09_1745578526_0.jpg,,823/00377,https://www.antheautoparts.com/product-details/washer-823-00377-jcb-parts,823/00377,823-00377-plain-washer,placeholder_image,false,FLAGGED_FOR_RRE_ASSET_GENERATION,RIGHTS_REVIEW_COMPLETE,GENERATE_NEW_RRE_ASSET_FROM_REFERENCE,"External photo serves strictly as a technical visual reference to produce an unbranded, high-resolution RRE International asset."
img_0f7eb7729976,https://enterprise.saioautomotive.com/backend/assets/uploads/products/cFMzM2VDME5yODZuZDRrdjZ3OHJiZz09_1745579142_0.jpg,,17/105201,https://www.antheautoparts.com/product-details/solenoid-pump-cut-off-17-105201-replacement-jcb-parts,17/105201,17-105201-solenoid,source_image,false,RRE_ORIGINAL_AVAILABLE,RIGHTS_REVIEW_COMPLETE,PRESERVE_EXISTING_RRE_ORIGINAL_PHOTO,RRE already possesses an authentic catalog photograph for this SKU; external image kept purely as secondary cross-reference.
img_32f20310b9f6,https://enterprise.saioautomotive.com/backend/assets/uploads/products/TU1lNENBQWN4M2VpNC9QSFkxSHNLdz09_1745579231_0.jpg,,25/101100 25/918800,https://www.antheautoparts.com/product-details/genuine-vickers-eaton-3-pin-solenoid-valve-assy-25-101100-25-918800-jcb-aftermarket-parts,N/A,N/A,N/A,false,UNMATCHED_EXTERNAL_REFERENCE,RIGHTS_REVIEW_COMPLETE,STAGED_AS_TECHNICAL_REFERENCE,External part not currently in RRE master catalog. Image staged in reference archive.
img_d3904e46bdaf,https://enterprise.saioautomotive.com/backend/assets/uploads/products/ZEVlNDZvejEwUUl1ODAwL3BXL25nZz09_1745579321_0.jpg,,25/103000,https://www.antheautoparts.com/product-details/3-pin-solenoid-valve-assy-25-103000-jcb-aftermarket-parts,25/103000,25-103000-solenoidvalve,source_image,false,RRE_ORIGINAL_AVAILABLE,RIGHTS_REVIEW_COMPLETE,PRESERVE_EXISTING_RRE_ORIGINAL_PHOTO,RRE already possesses an authentic catalog photograph for this SKU; external image kept purely as secondary cross-reference.
img_ef6458d43ad4,https://enterprise.saioautomotive.com/backend/assets/uploads/products/THZ6WElvRkhub3dXODRneWVvenZ3dz09_1745579381_0.jpg,,25/105100,https://www.antheautoparts.com/product-details/solenoid-valve-assembly-25-105100-jcb-spare-parts,N/A,N/A,N/A,false,UNMATCHED_EXTERNAL_REFERENCE,RIGHTS_REVIEW_COMPLETE,STAGED_AS_TECHNICAL_REFERENCE,External part not currently in RRE master catalog. Image staged in reference archive.
img_f9731ef01b90,https://enterprise.saioautomotive.com/backend/assets/uploads/products/NXF3NHVvM0R1dHdEbkkzZHdsc1NhQT09_1745579503_0.jpg,,25/105200,https://www.antheautoparts.com/product-details/solenoid-valve-assembly-25-105200-jcb-parts-near-me,N/A,N/A,N/A,false,UNMATCHED_EXTERNAL_REFERENCE,RIGHTS_REVIEW_COMPLETE,STAGED_AS_TECHNICAL_REFERENCE,External part not currently in RRE master catalog. Image staged in reference archive.
img_7d0238dd48d3,https://enterprise.saioautomotive.com/backend/assets/uploads/products/eWdPai9CajNGb0VzVWpDdXBKYzVwUT09_1745579588_0.jpg,,25/220994,https://www.antheautoparts.com/product-details/solenoid-valve-assembly-25-220994-jcb-parts-near-me,N/A,N/A,N/A,false,UNMATCHED_EXTERNAL_REFERENCE,RIGHTS_REVIEW_COMPLETE,STAGED_AS_TECHNICAL_REFERENCE,External part not currently in RRE master catalog. Image staged in reference archive.
img_fb2a0b899165,https://enterprise.saioautomotive.com/backend/assets/uploads/products/VVQvakM3WVI4L1NGY1pJS1dmaWFiZz09_1745579659_0.jpg,,25/220998 | 25/MM6396,https://www.antheautoparts.com/product-details/valve-solenoid-25-220998-25-mm6396-jcb-parts-catalog,25/220998,25-220998-valve-solenoid,placeholder_image,false,FLAGGED_FOR_RRE_ASSET_GENERATION,RIGHTS_REVIEW_COMPLETE,GENERATE_NEW_RRE_ASSET_FROM_REFERENCE,"External photo serves strictly as a technical visual reference to produce an unbranded, high-resolution RRE International asset."
img_2937b7d1e52c,https://enterprise.saioautomotive.com/backend/assets/uploads/products/eVY0L1YvOTdEaVJNbnhiRTI0M2dxZz09_1745579731_0.jpg,,25/222657,https://www.antheautoparts.com/product-details/hydraforce-solenoid-assembly-25-222657-jcb-spare-parts-dealer,25/222657,25-222657-solonoid-cartidge-valve,source_image,false,RRE_ORIGINAL_AVAILABLE,RIGHTS_REVIEW_COMPLETE,PRESERVE_EXISTING_RRE_ORIGINAL_PHOTO,RRE already possesses an authentic catalog photograph for this SKU; external image kept purely as secondary cross-reference.
img_6f760d3d6d72,https://enterprise.saioautomotive.com/backend/assets/uploads/products/SHBaOHJWeGoyWUlBOXl3QzlDNjlVUT09_1745579915_0.jpg,,25/974628,https://www.antheautoparts.com/product-details/solenoid-coil-25-974628-jcb-parts-catalog,25/974628,25-974628-coil,source_image,false,RRE_ORIGINAL_AVAILABLE,RIGHTS_REVIEW_COMPLETE,PRESERVE_EXISTING_RRE_ORIGINAL_PHOTO,RRE already possesses an authentic catalog photograph for this SKU; external image kept purely as secondary cross-reference.
img_4821109a992a,https://enterprise.saioautomotive.com/backend/assets/uploads/products/bDhZNnZkVjB3VC95ZTFLa3ArV0RTQT09_1745579987_0.jpg,,445/10200,https://www.antheautoparts.com/product-details/valve-assembly-445-10200-jcb-aftermarket-parts,445/10200,445-10200-gasolenoidadaptor,source_image,false,RRE_ORIGINAL_AVAILABLE,RIGHTS_REVIEW_COMPLETE,PRESERVE_EXISTING_RRE_ORIGINAL_PHOTO,RRE already possesses an authentic catalog photograph for this SKU; external image kept purely as secondary cross-reference.
img_8f7e3f9f49a2,https://enterprise.saioautomotive.com/backend/assets/uploads/products/aUVpMFpzdXJ4Y0M4aUk5Y2FWbXJRUT09_1745580049_0.jpg,,459/M2874 | 25/220990 | 25/220804,https://www.antheautoparts.com/product-details/solenoid-valve-assembly-459-m2874-25-220990-25-220804-replacement-jcb-parts,459/M2874,459-m2874-valvesolenoidassembly,source_image,false,RRE_ORIGINAL_AVAILABLE,RIGHTS_REVIEW_COMPLETE,PRESERVE_EXISTING_RRE_ORIGINAL_PHOTO,RRE already possesses an authentic catalog photograph for this SKU; external image kept purely as secondary cross-reference.
img_1e25bd491a3c,https://enterprise.saioautomotive.com/backend/assets/uploads/products/V2JKcVVQS3hVdnlRR1U0ZTM4cHc1dz09_1745580120_0.jpg,,477/00824 | 02/124661,https://www.antheautoparts.com/product-details/vickers-12v-30w-solenoid-coil-flat-pin-477-00824-02-124661-jcb-parts-near-me,N/A,N/A,N/A,false,UNMATCHED_EXTERNAL_REFERENCE,RIGHTS_REVIEW_COMPLETE,STAGED_AS_TECHNICAL_REFERENCE,External part not currently in RRE master catalog. Image staged in reference archive.
img_1331fd36c42a,https://enterprise.saioautomotive.com/backend/assets/uploads/products/V2o5cDlqNzgrZzkwNjgzT1BtSHVUQT09_1745580170_0.jpg,,714/40160,https://www.antheautoparts.com/product-details/solenoid-switch-starter-motor-714-40160-jcb-aftermarket-parts,N/A,N/A,N/A,false,UNMATCHED_EXTERNAL_REFERENCE,RIGHTS_REVIEW_COMPLETE,STAGED_AS_TECHNICAL_REFERENCE,External part not currently in RRE master catalog. Image staged in reference archive.
img_aabfc066e8c5,https://enterprise.saioautomotive.com/backend/assets/uploads/products/cTFSeUFJd3JVbGhCOTFxNWk2K283Zz09_1745580235_0.jpg,,716/30255 | 716/30098,https://www.antheautoparts.com/product-details/delphi-solenoid-fuel-pump-esos-716-30255-716-30098-jcb-aftermarket-parts,716/30255,716-30255-solenoid-esos,source_image,false,RRE_ORIGINAL_AVAILABLE,RIGHTS_REVIEW_COMPLETE,PRESERVE_EXISTING_RRE_ORIGINAL_PHOTO,RRE already possesses an authentic catalog photograph for this SKU; external image kept purely as secondary cross-reference.
img_a7a1bf0a3f20,https://enterprise.saioautomotive.com/backend/assets/uploads/products/RVd1U0sxSHVEbEVXK3NkRmtNZU1JUT09_1745580286_0.jpg,,717/20142,https://www.antheautoparts.com/product-details/solenoid-coil-12v-30w-717-20142-jcb-parts-catalog,N/A,N/A,N/A,false,UNMATCHED_EXTERNAL_REFERENCE,RIGHTS_REVIEW_COMPLETE,STAGED_AS_TECHNICAL_REFERENCE,External part not currently in RRE master catalog. Image staged in reference archive.
img_766e572c1e86,https://enterprise.saioautomotive.com/backend/assets/uploads/products/TTk2NkFkKzV3ZEhTQmJJbkg5REx6Zz09_1745580362_0.jpg,,25/220992,https://www.antheautoparts.com/product-details/hydraulic-solenoid-valve-25-220992-jcb-parts-near-me,25/220992,25-220992-valve-solenoid,source_image,false,RRE_ORIGINAL_AVAILABLE,RIGHTS_REVIEW_COMPLETE,PRESERVE_EXISTING_RRE_ORIGINAL_PHOTO,RRE already possesses an authentic catalog photograph for this SKU; external image kept purely as secondary cross-reference.
img_554523b9339a,https://enterprise.saioautomotive.com/backend/assets/uploads/products/SSt0NTVzUnFVdkg5T1lqalN1OXlkUT09_1745580418_0.jpg,,25/222913,https://www.antheautoparts.com/product-details/hydraulic-solenoid-25-222913-jcb-spare-parts-dealer,25/222913,25-222913-valve-cartridge,source_image,false,RRE_ORIGINAL_AVAILABLE,RIGHTS_REVIEW_COMPLETE,PRESERVE_EXISTING_RRE_ORIGINAL_PHOTO,RRE already possesses an authentic catalog photograph for this SKU; external image kept purely as secondary cross-reference.
img_d91db8fd0734,https://enterprise.saioautomotive.com/backend/assets/uploads/products/RC9iTUFNZXZoVWdWVzlmNnBnZnFNZz09_1745640965_0.jpg,,03/300001,https://www.antheautoparts.com/product-details/torque-converter-03-300001-jcb-parts-near-me,03/300001,03-300001-torque-convertor,source_image,false,RRE_ORIGINAL_AVAILABLE,RIGHTS_REVIEW_COMPLETE,PRESERVE_EXISTING_RRE_ORIGINAL_PHOTO,RRE already possesses an authentic catalog photograph for this SKU; external image kept purely as secondary cross-reference.
img_d2c62450d7b6,https://enterprise.saioautomotive.com/backend/assets/uploads/products/ajhlTlE4T1JZbldsd1oxLzRSYnFoQT09_1745641077_0.jpg,,04/500100 | 04/500600,https://www.antheautoparts.com/product-details/torque-converter-04-500100-04-500600-jcb-spare-parts-dealer,04/500100,04-500100-torqueconverter,source_image,false,RRE_ORIGINAL_AVAILABLE,RIGHTS_REVIEW_COMPLETE,PRESERVE_EXISTING_RRE_ORIGINAL_PHOTO,RRE already possesses an authentic catalog photograph for this SKU; external image kept purely as secondary cross-reference.
img_6489eae64ed2,https://enterprise.saioautomotive.com/backend/assets/uploads/products/YUNjeDNZaVlZaDBwNGNkdllDRlIvUT09_1745641166_0.jpg,,04/600650 | 04/501600,https://www.antheautoparts.com/product-details/torque-converter-04-600650-04-501600-jcb-spare-parts,N/A,N/A,N/A,false,UNMATCHED_EXTERNAL_REFERENCE,RIGHTS_REVIEW_COMPLETE,STAGED_AS_TECHNICAL_REFERENCE,External part not currently in RRE master catalog. Image staged in reference archive.
img_1a352950025c,https://enterprise.saioautomotive.com/backend/assets/uploads/products/b2tIWGdLM2xFMFB5cEhlaXV6UjdiQT09_1745641233_0.jpg,,04/501200,https://www.antheautoparts.com/product-details/torque-converter-04-501200-jcb-parts-near-me,N/A,N/A,N/A,false,UNMATCHED_EXTERNAL_REFERENCE,RIGHTS_REVIEW_COMPLETE,STAGED_AS_TECHNICAL_REFERENCE,External part not currently in RRE master catalog. Image staged in reference archive.
img_9051652375f3,https://enterprise.saioautomotive.com/backend/assets/uploads/products/RXhxZFBGTi9UdnpPaG1IUFByVFBRUT09_1745641291_0.jpg,,04/500800,https://www.antheautoparts.com/product-details/torque-converter-04-500800-jcb-genuine-parts,04/500800,04-500800-wh-11torqueconvertor,source_image,false,RRE_ORIGINAL_AVAILABLE,RIGHTS_REVIEW_COMPLETE,PRESERVE_EXISTING_RRE_ORIGINAL_PHOTO,RRE already possesses an authentic catalog photograph for this SKU; external image kept purely as secondary cross-reference.
img_d5504abfdb9f,https://enterprise.saioautomotive.com/backend/assets/uploads/products/Z25FOFBXRitCbXhDRVE0MUJmRVpBQT09_1745641340_0.jpg,,04/600581,https://www.antheautoparts.com/product-details/torque-converter-04-600581-jcb-genuine-parts,N/A,N/A,N/A,false,UNMATCHED_EXTERNAL_REFERENCE,RIGHTS_REVIEW_COMPLETE,STAGED_AS_TECHNICAL_REFERENCE,External part not currently in RRE master catalog. Image staged in reference archive.
img_0865cfe4b201,https://enterprise.saioautomotive.com/backend/assets/uploads/products/YlBVMGF0RURTTFpBeWZuZU9QY3dlZz09_1745641391_0.jpg,,04/600784,https://www.antheautoparts.com/product-details/torque-converter-04-600784-jcb-parts-near-me,04/600784,04-600784-convertor-w300-252-4dx,source_image,false,RRE_ORIGINAL_AVAILABLE,RIGHTS_REVIEW_COMPLETE,PRESERVE_EXISTING_RRE_ORIGINAL_PHOTO,RRE already possesses an authentic catalog photograph for this SKU; external image kept purely as secondary cross-reference.
img_1c8c7fb315f5,https://enterprise.saioautomotive.com/backend/assets/uploads/products/eGM5aC9xNnZ1cFVtdWxhU1hwTUpydz09_1745641471_0.jpg,,04/600786,https://www.antheautoparts.com/product-details/torque-converter-04-600786-jcb-aftermarket-parts,04/600786,04-600786-torque-convertor-w,placeholder_image,false,FLAGGED_FOR_RRE_ASSET_GENERATION,RIGHTS_REVIEW_COMPLETE,GENERATE_NEW_RRE_ASSET_FROM_REFERENCE,"External photo serves strictly as a technical visual reference to produce an unbranded, high-resolution RRE International asset."
img_760d3c99584f,https://enterprise.saioautomotive.com/backend/assets/uploads/products/bXRJS0l2clh0ajROd1NnNU9hMmZ2QT09_1745641525_0.jpg,,04/600868,https://www.antheautoparts.com/product-details/torque-converter-04-600868-jcb-parts-near-me,04/600868,04-600868-torque-convertor-luc,source_image,false,RRE_ORIGINAL_AVAILABLE,RIGHTS_REVIEW_COMPLETE,PRESERVE_EXISTING_RRE_ORIGINAL_PHOTO,RRE already possesses an authentic catalog photograph for this SKU; external image kept purely as secondary cross-reference.
img_c487a920d461,https://enterprise.saioautomotive.com/backend/assets/uploads/products/UEQ3K2JUYTdocjI5ZnVGWG1qZnRndz09_1745641580_0.jpg,,04/600864,https://www.antheautoparts.com/product-details/drive-plate-kit-04-600864-jcb-aftermarket-parts,04/600864,04-600864-8-bulkhead-adaptor,source_image,false,RRE_ORIGINAL_AVAILABLE,RIGHTS_REVIEW_COMPLETE,PRESERVE_EXISTING_RRE_ORIGINAL_PHOTO,RRE already possesses an authentic catalog photograph for this SKU; external image kept purely as secondary cross-reference.
img_53813fc918e0,https://enterprise.saioautomotive.com/backend/assets/uploads/products/TnhNb1ZlMm9zaWpiVS9DdmdGM0J3dz09_1745641633_0.jpg,,04/600136,https://www.antheautoparts.com/product-details/drive-plate-kit-04-600136-jcb-parts-catalog,N/A,N/A,N/A,false,UNMATCHED_EXTERNAL_REFERENCE,RIGHTS_REVIEW_COMPLETE,STAGED_AS_TECHNICAL_REFERENCE,External part not currently in RRE master catalog. Image staged in reference archive.
img_95c2c7dee16e,https://enterprise.saioautomotive.com/backend/assets/uploads/products/QzNCTThQWk56NXEzdTFyaE0vL2x6dz09_1745641706_0.jpg,,04/500300,https://www.antheautoparts.com/product-details/drive-plate-kit-04-500300-jcb-parts-online,04/500300,04-500300-drive-plate-kit,placeholder_image,false,FLAGGED_FOR_RRE_ASSET_GENERATION,RIGHTS_REVIEW_COMPLETE,GENERATE_NEW_RRE_ASSET_FROM_REFERENCE,"External photo serves strictly as a technical visual reference to produce an unbranded, high-resolution RRE International asset."
img_2dc0ac03dee2,https://enterprise.saioautomotive.com/backend/assets/uploads/products/RmlzcjA1VUduTXZHdG5JSlY5VWxmUT09_1745646814_0.jpg,,04/500230,https://www.antheautoparts.com/product-details/transmission-friction-plate-04-500230-jcb-spare-parts,N/A,N/A,N/A,false,UNMATCHED_EXTERNAL_REFERENCE,RIGHTS_REVIEW_COMPLETE,STAGED_AS_TECHNICAL_REFERENCE,External part not currently in RRE master catalog. Image staged in reference archive.
img_d930d6000694,https://enterprise.saioautomotive.com/backend/assets/uploads/products/RnF1QnEwVGNHelNTRE9SM0dsUVdCdz09_1745646876_0.jpg,,04/500231,https://www.antheautoparts.com/product-details/counter-plate-borg-warner-04-500231-jcb-parts-near-me,N/A,N/A,N/A,false,UNMATCHED_EXTERNAL_REFERENCE,RIGHTS_REVIEW_COMPLETE,STAGED_AS_TECHNICAL_REFERENCE,External part not currently in RRE master catalog. Image staged in reference archive.
img_e1f4a6f9da37,https://enterprise.saioautomotive.com/backend/assets/uploads/products/SmN0M1lGcFN5clR0blBmZEJJbTkydz09_1745646924_0.jpg,,123/02459,https://www.antheautoparts.com/product-details/transmission-oil-dipstick-123-02459-jcb-spare-parts-dealer,N/A,N/A,N/A,false,UNMATCHED_EXTERNAL_REFERENCE,RIGHTS_REVIEW_COMPLETE,STAGED_AS_TECHNICAL_REFERENCE,External part not currently in RRE master catalog. Image staged in reference archive.
img_541f9b25164a,https://enterprise.saioautomotive.com/backend/assets/uploads/products/eVVsRHZPTW9xK2tzanE0dU1NYVpoUT09_1745646974_0.jpg,,155/10600,https://www.antheautoparts.com/product-details/nut-male-1-sealastic-155-10600-jcb-parts-online,155/10600,155-10600-lock-nut-and-seal,placeholder_image,false,FLAGGED_FOR_RRE_ASSET_GENERATION,RIGHTS_REVIEW_COMPLETE,GENERATE_NEW_RRE_ASSET_FROM_REFERENCE,"External photo serves strictly as a technical visual reference to produce an unbranded, high-resolution RRE International asset."
img_aaf8dd291c4b,https://enterprise.saioautomotive.com/backend/assets/uploads/products/MUJaK1hqYkVIVnl5UWRRSHF0MTdMUT09_1745647049_0.jpg,,30/921200 | 30/925441 | 923/02700,https://www.antheautoparts.com/product-details/transmission-oil-cooler-30-921200-30-925441-923-02700-jcb-spare-parts,30/921200,30-921200-coolertrans,source_image,false,RRE_ORIGINAL_AVAILABLE,RIGHTS_REVIEW_COMPLETE,PRESERVE_EXISTING_RRE_ORIGINAL_PHOTO,RRE already possesses an authentic catalog photograph for this SKU; external image kept purely as secondary cross-reference.
img_ceb18cb0aeb5,https://enterprise.saioautomotive.com/backend/assets/uploads/products/S3BLaHdUSWZDZTgwK1lFNEFPQ1RYZz09_1745647104_0.jpg,,331/16516,https://www.antheautoparts.com/product-details/counter-plate-clutch-331-16516-jcb-spares,331/16516,331-16516-counterplate,source_image,false,RRE_ORIGINAL_AVAILABLE,RIGHTS_REVIEW_COMPLETE,PRESERVE_EXISTING_RRE_ORIGINAL_PHOTO,RRE already possesses an authentic catalog photograph for this SKU; external image kept purely as secondary cross-reference.
img_536d49bfd1d4,https://enterprise.saioautomotive.com/backend/assets/uploads/products/RFFYSUx0TDdBa1VZdFZrYytKZThFQT09_1745647166_0.jpg,,331/16520,https://www.antheautoparts.com/product-details/friction-plate-clutch-331-16520-jcb-parts-near-me,331/16520,331-16520-fricationplate,source_image,false,RRE_ORIGINAL_AVAILABLE,RIGHTS_REVIEW_COMPLETE,PRESERVE_EXISTING_RRE_ORIGINAL_PHOTO,RRE already possesses an authentic catalog photograph for this SKU; external image kept purely as secondary cross-reference.
img_b53a51a0b4f4,https://enterprise.saioautomotive.com/backend/assets/uploads/products/azFrUXVQdGtxNy8xbnVRU3pyWFIvZz09_1745647228_0.jpg,,331/40347,https://www.antheautoparts.com/product-details/mount-331-40347-replacement-jcb-parts,N/A,N/A,N/A,false,UNMATCHED_EXTERNAL_REFERENCE,RIGHTS_REVIEW_COMPLETE,STAGED_AS_TECHNICAL_REFERENCE,External part not currently in RRE master catalog. Image staged in reference archive.
img_51050583cdbb,https://enterprise.saioautomotive.com/backend/assets/uploads/products/SENwb013VEIwYnJmVFRIbWJReVQ5dz09_1745647279_0.jpg,,332/Y8857,https://www.antheautoparts.com/product-details/layshaft-332-y8857-jcb-genuine-parts,332/Y8857,332-y8857-layshaft-l-r,source_image,false,RRE_ORIGINAL_AVAILABLE,RIGHTS_REVIEW_COMPLETE,PRESERVE_EXISTING_RRE_ORIGINAL_PHOTO,RRE already possesses an authentic catalog photograph for this SKU; external image kept purely as secondary cross-reference.
img_5700e442fb8b,https://enterprise.saioautomotive.com/backend/assets/uploads/products/UTA3RlhLbE5VTk1hbmNzdmdockpVdz09_1745647337_0.jpg,,445/03003,https://www.antheautoparts.com/product-details/main-shaft-sleeve-445-03003-jcb-genuine-parts,N/A,N/A,N/A,false,UNMATCHED_EXTERNAL_REFERENCE,RIGHTS_REVIEW_COMPLETE,STAGED_AS_TECHNICAL_REFERENCE,External part not currently in RRE master catalog. Image staged in reference archive.
img_87cd461ec87a,https://enterprise.saioautomotive.com/backend/assets/uploads/products/M0FweUNaMURYN2tzakRBWTJNQzM4QT09_1745647545_0.jpg,,445/03007,https://www.antheautoparts.com/product-details/gear-3rd-31t-445-03007-jcb-genuine-parts,445/03007,445-03007-thirdgear,source_image,false,RRE_ORIGINAL_AVAILABLE,RIGHTS_REVIEW_COMPLETE,PRESERVE_EXISTING_RRE_ORIGINAL_PHOTO,RRE already possesses an authentic catalog photograph for this SKU; external image kept purely as secondary cross-reference.
img_2d726c6d60ad,https://enterprise.saioautomotive.com/backend/assets/uploads/products/YjdnOU0zQk1LZzN5MW91cC9PWWcrUT09_1745647614_0.jpg,,445/03009,https://www.antheautoparts.com/product-details/gear-3nd-40teeth-445-03009-jcb-parts-catalog,445/03009,445-03009-second-gear,source_image,false,RRE_ORIGINAL_AVAILABLE,RIGHTS_REVIEW_COMPLETE,PRESERVE_EXISTING_RRE_ORIGINAL_PHOTO,RRE already possesses an authentic catalog photograph for this SKU; external image kept purely as secondary cross-reference.
img_f1d4841bd2e8,https://enterprise.saioautomotive.com/backend/assets/uploads/products/OHRqd2sxOWRqOEpVUFp5MkpubGwvZz09_1745647716_0.jpg,,445/03010,https://www.antheautoparts.com/product-details/lay-shaft-sleeve-445-03010-jcb-aftermarket-parts,445/03010,445-03010-hub-sleeve,source_image,false,RRE_ORIGINAL_AVAILABLE,RIGHTS_REVIEW_COMPLETE,PRESERVE_EXISTING_RRE_ORIGINAL_PHOTO,RRE already possesses an authentic catalog photograph for this SKU; external image kept purely as secondary cross-reference.
img_2adc2cecb6b8,https://enterprise.saioautomotive.com/backend/assets/uploads/products/QkJxSmRETTZ0MnVFY3hWY2w0ejRtUT09_1745647764_0.jpg,,445/03012,https://www.antheautoparts.com/product-details/gear-1st-44-445-03012-jcb-parts-catalog,445/03012,445-03012-firstgear,source_image,false,RRE_ORIGINAL_AVAILABLE,RIGHTS_REVIEW_COMPLETE,PRESERVE_EXISTING_RRE_ORIGINAL_PHOTO,RRE already possesses an authentic catalog photograph for this SKU; external image kept purely as secondary cross-reference.
img_5306f4862336,https://enterprise.saioautomotive.com/backend/assets/uploads/products/ZHJTUFdvN05lMXlNMitYRWhjNUU0Zz09_1745647815_0.jpg,,445/03014,https://www.antheautoparts.com/product-details/transmission-shaft-445-03014-jcb-spare-parts-dealer,N/A,N/A,N/A,false,UNMATCHED_EXTERNAL_REFERENCE,RIGHTS_REVIEW_COMPLETE,STAGED_AS_TECHNICAL_REFERENCE,External part not currently in RRE master catalog. Image staged in reference archive.
img_07bfc3a62c30,https://enterprise.saioautomotive.com/backend/assets/uploads/products/OUZmWlMzT2JKaC84aTdpQXF3YUdrdz09_1745647917_0.jpg,,445/03023,https://www.antheautoparts.com/product-details/gear-lever-assy-pin-445-03023-replacement-jcb-parts,445/03023,445-03023-pivot-pin,source_image,false,RRE_ORIGINAL_AVAILABLE,RIGHTS_REVIEW_COMPLETE,PRESERVE_EXISTING_RRE_ORIGINAL_PHOTO,RRE already possesses an authentic catalog photograph for this SKU; external image kept purely as secondary cross-reference.
img_9f0648a52723,https://enterprise.saioautomotive.com/backend/assets/uploads/products/L25la3lWU2d5L2w1UVYxMUJMVFFwZz09_1745648114_0.jpg,,445/03205,https://www.antheautoparts.com/product-details/transmission-friction-plate-445-03205-jcb-parts,445/03205,445-03205-friction-plate,source_image,false,RRE_ORIGINAL_AVAILABLE,RIGHTS_REVIEW_COMPLETE,PRESERVE_EXISTING_RRE_ORIGINAL_PHOTO,RRE already possesses an authentic catalog photograph for this SKU; external image kept purely as secondary cross-reference.
img_205ad1a5ccf3,https://enterprise.saioautomotive.com/backend/assets/uploads/products/UE9tbXluV2tUbUdsSEJMdzN1Ni9tdz09_1745648160_0.jpg,,445/03206,https://www.antheautoparts.com/product-details/transmission-counter-plate-445-03206-jcb-parts-near-me,445/03206,445-03206-counter-plate,source_image,false,RRE_ORIGINAL_AVAILABLE,RIGHTS_REVIEW_COMPLETE,PRESERVE_EXISTING_RRE_ORIGINAL_PHOTO,RRE already possesses an authentic catalog photograph for this SKU; external image kept purely as secondary cross-reference.
img_f7a836333689,https://enterprise.saioautomotive.com/backend/assets/uploads/products/NXhDWGpZc3pyckM0VHpZOVVHQUNVZz09_1745648217_0.jpg,,445/03300,https://www.antheautoparts.com/product-details/synchroniser-assembly-445-03300-jcb-spare-parts,445/03300,445-03300-synchroniser-assy,source_image,false,RRE_ORIGINAL_AVAILABLE,RIGHTS_REVIEW_COMPLETE,PRESERVE_EXISTING_RRE_ORIGINAL_PHOTO,RRE already possesses an authentic catalog photograph for this SKU; external image kept purely as secondary cross-reference.
img_1cda948cc0e9,https://enterprise.saioautomotive.com/backend/assets/uploads/products/T0Y1TE16ZnZWZ2ZHbDJkdGwrLzBoQT09_1745648272_0.jpg,,445/05501,https://www.antheautoparts.com/product-details/lever-gear-shift-top-445-05501-jcb-spare-parts-dealer,445/05501,445-05501-top-gear-shift-lever,source_image,false,RRE_ORIGINAL_AVAILABLE,RIGHTS_REVIEW_COMPLETE,PRESERVE_EXISTING_RRE_ORIGINAL_PHOTO,RRE already possesses an authentic catalog photograph for this SKU; external image kept purely as secondary cross-reference.
img_ccfd4cf17fb8,https://enterprise.saioautomotive.com/backend/assets/uploads/products/UGRmbFNvZjQzUEFoT0ZSOWdUcEk4dz09_1745648336_0.jpg,,445/05503,https://www.antheautoparts.com/product-details/gear-lever-shift-bottom-445-05503-jcb-parts-online,445/05503,445-05503-gear-shift-bot-stab-l,source_image,false,RRE_ORIGINAL_AVAILABLE,RIGHTS_REVIEW_COMPLETE,PRESERVE_EXISTING_RRE_ORIGINAL_PHOTO,RRE already possesses an authentic catalog photograph for this SKU; external image kept purely as secondary cross-reference.
img_038caf8bb79a,https://enterprise.saioautomotive.com/backend/assets/uploads/products/VmRNWTdYTnN4dkwxbnFSQSt2SytlZz09_1745648389_0.jpg,,445/10800 | 459/101542,https://www.antheautoparts.com/product-details/lever-gear-assy-kit-w-turret-housing-445-10800-459-101542-jcb-genuine-parts,N/A,N/A,N/A,false,UNMATCHED_EXTERNAL_REFERENCE,RIGHTS_REVIEW_COMPLETE,STAGED_AS_TECHNICAL_REFERENCE,External part not currently in RRE master catalog. Image staged in reference archive.
img_6458531e0eef,https://enterprise.saioautomotive.com/backend/assets/uploads/products/cW5jc1dlWTZTRDJkUlNpUkFVc05Zdz09_1745648446_0.jpg,,445/10801,https://www.antheautoparts.com/product-details/gear-change-turret-housing-445-10801-jcb-parts-near-me,N/A,N/A,N/A,false,UNMATCHED_EXTERNAL_REFERENCE,RIGHTS_REVIEW_COMPLETE,STAGED_AS_TECHNICAL_REFERENCE,External part not currently in RRE master catalog. Image staged in reference archive.
img_ec0767aa2745,https://enterprise.saioautomotive.com/backend/assets/uploads/products/bzVMMWJBREYwV0U1VmptWS9MQW1oUT09_1745648501_0.jpg,,445/10802,https://www.antheautoparts.com/product-details/gear-shift-ball-turret-seating-445-10802-jcb-parts-near-me,445/10802,445-10802-gear-shift-ball-seating,source_image,false,RRE_ORIGINAL_AVAILABLE,RIGHTS_REVIEW_COMPLETE,PRESERVE_EXISTING_RRE_ORIGINAL_PHOTO,RRE already possesses an authentic catalog photograph for this SKU; external image kept purely as secondary cross-reference.
img_4e4b824219b1,https://enterprise.saioautomotive.com/backend/assets/uploads/products/MkI3R0QvUTYzQmZoSnZPQ3NsVVhpZz09_1745648555_0.jpg,,445/10803,https://www.antheautoparts.com/product-details/gear-shift-turret-washers-445-10803-jcb-spare-parts-dealer,445/10803,445-10803-gear-shift-ball-washer,source_image,false,RRE_ORIGINAL_AVAILABLE,RIGHTS_REVIEW_COMPLETE,PRESERVE_EXISTING_RRE_ORIGINAL_PHOTO,RRE already possesses an authentic catalog photograph for this SKU; external image kept purely as secondary cross-reference.
img_26fc1ee0fb3f,https://enterprise.saioautomotive.com/backend/assets/uploads/products/MFFUQnQxWjY3czFrR1FXMy9USEUzQT09_1745648667_0.jpg,,445/12303 | 445/19808,https://www.antheautoparts.com/product-details/thrust-washer-transmission-445-12303-445-19808-replacement-jcb-parts,445/12303,445-12303-washer-thrust,source_image,false,RRE_ORIGINAL_AVAILABLE,RIGHTS_REVIEW_COMPLETE,PRESERVE_EXISTING_RRE_ORIGINAL_PHOTO,RRE already possesses an authentic catalog photograph for this SKU; external image kept purely as secondary cross-reference.
img_89204add14d1,https://enterprise.saioautomotive.com/backend/assets/uploads/products/a2hGWURHU1NPdkdycVVvbW40R3htQT09_1745648764_0.jpg,,445/12307,https://www.antheautoparts.com/product-details/transmission-counter-plate-445-12307-jcb-genuine-parts,445/12307,445-12307-counter-plate,source_image,false,RRE_ORIGINAL_AVAILABLE,RIGHTS_REVIEW_COMPLETE,PRESERVE_EXISTING_RRE_ORIGINAL_PHOTO,RRE already possesses an authentic catalog photograph for this SKU; external image kept purely as secondary cross-reference.
img_57cc5ff7e297,https://enterprise.saioautomotive.com/backend/assets/uploads/products/RWQ0cllmemdobENCZXdxekFKSldZZz09_1745648849_0.jpg,,445/12600 | 449/02001,https://www.antheautoparts.com/product-details/housing-plate-carrier-assy-22t-45t-445-12600-449-02001-jcb-aftermarket-parts,449/02001,449-02001-gear-22tplatesupport,source_image,false,RRE_ORIGINAL_AVAILABLE,RIGHTS_REVIEW_COMPLETE,PRESERVE_EXISTING_RRE_ORIGINAL_PHOTO,RRE already possesses an authentic catalog photograph for this SKU; external image kept purely as secondary cross-reference.
img_0aa1c3033844,https://enterprise.saioautomotive.com/backend/assets/uploads/products/bEhEbVFvRVd1MVhGdlU3Q1JsL1hEdz09_1745648920_0.jpg,,445/12703 | 449/10601,https://www.antheautoparts.com/product-details/pressure-plate-4mm-445-12703-449-10601-jcb-parts-online,445/12703,445-12703-pressureplate,source_image,false,RRE_ORIGINAL_AVAILABLE,RIGHTS_REVIEW_COMPLETE,PRESERVE_EXISTING_RRE_ORIGINAL_PHOTO,RRE already possesses an authentic catalog photograph for this SKU; external image kept purely as secondary cross-reference.
img_3e66a0c1bf91,https://enterprise.saioautomotive.com/backend/assets/uploads/products/UHZraEV3Z2hRSW91RENFeW1OUkNkUT09_1745649163_0.jpg,,,https://www.antheautoparts.com/product-details/gear-idler-35t-jcb-aftermarket-parts,N/A,N/A,N/A,false,UNMATCHED_EXTERNAL_REFERENCE,RIGHTS_REVIEW_COMPLETE,STAGED_AS_TECHNICAL_REFERENCE,External part not currently in RRE master catalog. Image staged in reference archive.
img_1e3145eb8017,https://enterprise.saioautomotive.com/backend/assets/uploads/products/aWVnY1ZxaVk4UnpkUk9naGl1M1hZUT09_1745649247_0.jpg,,445/30011,https://www.antheautoparts.com/product-details/transmission-friction-plate-445-30011-jcb-parts-catalog,445/30011,445-30011-friction-plate,source_image,false,RRE_ORIGINAL_AVAILABLE,RIGHTS_REVIEW_COMPLETE,PRESERVE_EXISTING_RRE_ORIGINAL_PHOTO,RRE already possesses an authentic catalog photograph for this SKU; external image kept purely as secondary cross-reference.
img_929592fe5f7e,https://enterprise.saioautomotive.com/backend/assets/uploads/products/YnJBdUlXVEc3Q0VzcHdTTmpxNnFSQT09_1745649308_0.jpg,,445/64301,https://www.antheautoparts.com/product-details/gear-38-tooth-445-64301-jcb-spares,445/64301,445-64301-transfergear,source_image,false,RRE_ORIGINAL_AVAILABLE,RIGHTS_REVIEW_COMPLETE,PRESERVE_EXISTING_RRE_ORIGINAL_PHOTO,RRE already possesses an authentic catalog photograph for this SKU; external image kept purely as secondary cross-reference.
img_f4e5e642d497,https://enterprise.saioautomotive.com/backend/assets/uploads/products/RzlRTXhRK3VRSGtsSU1Dek1xK3A1Zz09_1745649363_0.jpg,,445/64401,https://www.antheautoparts.com/product-details/gear-36-tooth-445-64401-jcb-parts-online,445/64401,445-64401-transfer-gear,source_image,false,RRE_ORIGINAL_AVAILABLE,RIGHTS_REVIEW_COMPLETE,PRESERVE_EXISTING_RRE_ORIGINAL_PHOTO,RRE already possesses an authentic catalog photograph for this SKU; external image kept purely as secondary cross-reference.
img_7d99b2817b28,https://enterprise.saioautomotive.com/backend/assets/uploads/products/aFBXM3R3NkhnRi9YdWM2S1kzczRVdz09_1745649442_0.jpg,,445/70401,https://www.antheautoparts.com/product-details/lay-shaft-445-70401-jcb-genuine-parts,445/70401,445-70401-layshaft,source_image,false,RRE_ORIGINAL_AVAILABLE,RIGHTS_REVIEW_COMPLETE,PRESERVE_EXISTING_RRE_ORIGINAL_PHOTO,RRE already possesses an authentic catalog photograph for this SKU; external image kept purely as secondary cross-reference.
img_391acf016e03,https://enterprise.saioautomotive.com/backend/assets/uploads/products/RnJiRm9DeUNzd0k3akkvYjc2TlZwdz09_1745649490_0.jpg,,445/70501,https://www.antheautoparts.com/product-details/lay-shaft-445-70501-jcb-parts-online,N/A,N/A,N/A,false,UNMATCHED_EXTERNAL_REFERENCE,RIGHTS_REVIEW_COMPLETE,STAGED_AS_TECHNICAL_REFERENCE,External part not currently in RRE master catalog. Image staged in reference archive.
img_f64d0508541e,https://enterprise.saioautomotive.com/backend/assets/uploads/products/MEc3cVZwbTQvbWxsbFM0YjJvemgzdz09_1745649553_0.jpg,,449/02002,https://www.antheautoparts.com/product-details/gear-housing-plate-carrier-assy-31t-45t-449-02002-jcb-parts-online,449/02002,449-02002-3platesupport,source_image,false,RRE_ORIGINAL_AVAILABLE,RIGHTS_REVIEW_COMPLETE,PRESERVE_EXISTING_RRE_ORIGINAL_PHOTO,RRE already possesses an authentic catalog photograph for this SKU; external image kept purely as secondary cross-reference.
img_d76fe239b6a5,https://enterprise.saioautomotive.com/backend/assets/uploads/products/d3JxbFErb2gxNWlaV3FVSisrQ00zdz09_1745649616_0.jpg,,449/05500,https://www.antheautoparts.com/product-details/disc-spring-449-05500-jcb-parts,449/05500,449-05500-disc-spring-assy,source_image,false,RRE_ORIGINAL_AVAILABLE,RIGHTS_REVIEW_COMPLETE,PRESERVE_EXISTING_RRE_ORIGINAL_PHOTO,RRE already possesses an authentic catalog photograph for this SKU; external image kept purely as secondary cross-reference.
img_1aff69f04e30,https://enterprise.saioautomotive.com/backend/assets/uploads/products/MTB1WDV5TklHay9RbUFqSkl4Rk9Sdz09_1745649676_0.jpg,,449/10003,https://www.antheautoparts.com/product-details/housing-plate-carrier-assy-22t-45t-449-10003-replacement-jcb-parts,449/10003,449-10003-housing-plate-carrier-assy-22t-45t,source_image,false,RRE_ORIGINAL_AVAILABLE,RIGHTS_REVIEW_COMPLETE,PRESERVE_EXISTING_RRE_ORIGINAL_PHOTO,RRE already possesses an authentic catalog photograph for this SKU; external image kept purely as secondary cross-reference.
img_381a34c8cb4c,https://enterprise.saioautomotive.com/backend/assets/uploads/products/cWMrVXRhMG5DSEMyanlHcUxpVWxRUT09_1745649746_0.jpg,,449/10900 | 449/M2160 | 445/73503,https://www.antheautoparts.com/product-details/transmission-piston-assy-449-10900-449-m2160-445-73503-jcb-parts-catalog,449/M2160,449-m2160-ga-piston-clutch,source_image,false,RRE_ORIGINAL_AVAILABLE,RIGHTS_REVIEW_COMPLETE,PRESERVE_EXISTING_RRE_ORIGINAL_PHOTO,RRE already possesses an authentic catalog photograph for this SKU; external image kept purely as secondary cross-reference.
img_f150eba71782,https://enterprise.saioautomotive.com/backend/assets/uploads/products/VGFRVWZoZXhFQWJPd3p1VG5yNDA1QT09_1745649835_0.jpg,,459/10096,https://www.antheautoparts.com/product-details/transmission-piston-assembly-459-10096-jcb-aftermarket-parts,459/10096,459-10096-ga-piston-clutch,source_image,false,RRE_ORIGINAL_AVAILABLE,RIGHTS_REVIEW_COMPLETE,PRESERVE_EXISTING_RRE_ORIGINAL_PHOTO,RRE already possesses an authentic catalog photograph for this SKU; external image kept purely as secondary cross-reference.
img_b7c050b97394,https://enterprise.saioautomotive.com/backend/assets/uploads/products/QUlDSVEzd3hoNWJGVHN3ZnNBOTVLQT09_1745649925_0.jpg,,459/10143 | 459/30295,https://www.antheautoparts.com/product-details/gear-change-turret-housing-459-10143-459-30295-jcb-spare-parts,459/10143,459-10143-gagearleverturret,placeholder_image,false,FLAGGED_FOR_RRE_ASSET_GENERATION,RIGHTS_REVIEW_COMPLETE,GENERATE_NEW_RRE_ASSET_FROM_REFERENCE,"External photo serves strictly as a technical visual reference to produce an unbranded, high-resolution RRE International asset."
img_245c15d865d6,https://enterprise.saioautomotive.com/backend/assets/uploads/products/bTFEQytiRFJtaks3dkVQWnlzOUg0Zz09_1745649998_0.jpg,,459/50202,https://www.antheautoparts.com/product-details/gear-2nd-40-teeth-459-50202-jcb-parts-catalog,459/50202,459-50202-2ndgear,source_image,false,RRE_ORIGINAL_AVAILABLE,RIGHTS_REVIEW_COMPLETE,PRESERVE_EXISTING_RRE_ORIGINAL_PHOTO,RRE already possesses an authentic catalog photograph for this SKU; external image kept purely as secondary cross-reference.
img_f7ee7eee59a2,https://enterprise.saioautomotive.com/backend/assets/uploads/products/Sk90cGpVZzY1elpEUkVqYzRkckUzZz09_1745650055_0.jpg,,459/50428,https://www.antheautoparts.com/product-details/gear-31t-plate-carrier-459-50428-jcb-spares,459/50428,459-50428-gear-31t,source_image,false,RRE_ORIGINAL_AVAILABLE,RIGHTS_REVIEW_COMPLETE,PRESERVE_EXISTING_RRE_ORIGINAL_PHOTO,RRE already possesses an authentic catalog photograph for this SKU; external image kept purely as secondary cross-reference.
img_3ed8b77131bf,https://enterprise.saioautomotive.com/backend/assets/uploads/products/M1hUWnA5c2pURXhmR0VDa3pYclJxZz09_1745650113_0.jpg,,459/50429,https://www.antheautoparts.com/product-details/gear-22t-plate-carrier-459-50429-jcb-aftermarket-parts,459/50429,459-50429-gear-22t,source_image,false,RRE_ORIGINAL_AVAILABLE,RIGHTS_REVIEW_COMPLETE,PRESERVE_EXISTING_RRE_ORIGINAL_PHOTO,RRE already possesses an authentic catalog photograph for this SKU; external image kept purely as secondary cross-reference.
img_83654f9d7e58,https://enterprise.saioautomotive.com/backend/assets/uploads/products/bzRxQzR2VTE1Vy94WTRVblVNODRaUT09_1745650211_0.jpg,,459/50511,https://www.antheautoparts.com/product-details/gear-2nd-40t-ss700-459-50511-jcb-aftermarket-parts,459/50511,459-50511-gear-2nd,placeholder_image,false,FLAGGED_FOR_RRE_ASSET_GENERATION,RIGHTS_REVIEW_COMPLETE,GENERATE_NEW_RRE_ASSET_FROM_REFERENCE,"External photo serves strictly as a technical visual reference to produce an unbranded, high-resolution RRE International asset."
img_5ecd33429c5d,https://enterprise.saioautomotive.com/backend/assets/uploads/products/enB6ZCt1NXVJenBDZjZIaFUvdGpVUT09_1745650262_0.jpg,,459/70271,https://www.antheautoparts.com/product-details/lever-bottom-gearshift-459-70271-jcb-spares,459/70271,459-70271-gear-shift-lever-btm,source_image,false,RRE_ORIGINAL_AVAILABLE,RIGHTS_REVIEW_COMPLETE,PRESERVE_EXISTING_RRE_ORIGINAL_PHOTO,RRE already possesses an authentic catalog photograph for this SKU; external image kept purely as secondary cross-reference.
img_31a296cdf6ca,https://enterprise.saioautomotive.com/backend/assets/uploads/products/dzJXV2RpblFBVDB2dmZVa0lHQkhtUT09_1745650340_0.jpg,,459/M8200,https://www.antheautoparts.com/product-details/gear-34t-plate-carrier-459-m8200-jcb-spare-parts-dealer,N/A,N/A,N/A,false,UNMATCHED_EXTERNAL_REFERENCE,RIGHTS_REVIEW_COMPLETE,STAGED_AS_TECHNICAL_REFERENCE,External part not currently in RRE master catalog. Image staged in reference archive.
img_54a9f7c9a170,https://enterprise.saioautomotive.com/backend/assets/uploads/products/c1lGaWhjeFB0UjhzV3VibGNQeUM2Zz09_1745651454_0.jpg,,20/925552,https://www.antheautoparts.com/product-details/transmission-pump-20-925552-jcb-genuine-parts,20/925552,20-925552-pump-assembly,source_image,false,RRE_ORIGINAL_AVAILABLE,RIGHTS_REVIEW_COMPLETE,PRESERVE_EXISTING_RRE_ORIGINAL_PHOTO,RRE already possesses an authentic catalog photograph for this SKU; external image kept purely as secondary cross-reference.
img_4b0732a0f916,https://enterprise.saioautomotive.com/backend/assets/uploads/products/Myt6SFlXb0thL0F3UG5SeS9UWGgzdz09_1745651539_0.jpg,,20/925000,https://www.antheautoparts.com/product-details/transmission-pump-20-925000-jcb-spare-parts,20/925000,20-925000-pumpassembly,source_image,false,RRE_ORIGINAL_AVAILABLE,RIGHTS_REVIEW_COMPLETE,PRESERVE_EXISTING_RRE_ORIGINAL_PHOTO,RRE already possesses an authentic catalog photograph for this SKU; external image kept purely as secondary cross-reference.
img_c67a78d4ff31,https://enterprise.saioautomotive.com/backend/assets/uploads/products/YVVLV2hxdjNvU1Zaa0pVcEUxRmMxdz09_1745651600_0.jpg,,20/925020,https://www.antheautoparts.com/product-details/transmission-pump-20-925020-jcb-genuine-parts,N/A,N/A,N/A,false,UNMATCHED_EXTERNAL_REFERENCE,RIGHTS_REVIEW_COMPLETE,STAGED_AS_TECHNICAL_REFERENCE,External part not currently in RRE master catalog. Image staged in reference archive.
img_bb60316948e7,https://enterprise.saioautomotive.com/backend/assets/uploads/products/Z0NZOXViUjdzZUQvblhxeVBCdTQ2dz09_1745651690_0.jpg,,20/500217,https://www.antheautoparts.com/product-details/transmission-pump-20-500217-jcb-parts-near-me,N/A,N/A,N/A,false,UNMATCHED_EXTERNAL_REFERENCE,RIGHTS_REVIEW_COMPLETE,STAGED_AS_TECHNICAL_REFERENCE,External part not currently in RRE master catalog. Image staged in reference archive.
img_1631f6aae896,https://enterprise.saioautomotive.com/backend/assets/uploads/products/V21TTytYaUFvUnhrdm1XT0lVemw4dz09_1745651799_0.jpg,,20/925327,https://www.antheautoparts.com/product-details/transmission-oil-pump-20-925327-jcb-parts-online,20/925327,20-925327-ga-pump-transmission,source_image,false,RRE_ORIGINAL_AVAILABLE,RIGHTS_REVIEW_COMPLETE,PRESERVE_EXISTING_RRE_ORIGINAL_PHOTO,RRE already possesses an authentic catalog photograph for this SKU; external image kept purely as secondary cross-reference.
img_ca40757e92ab,https://enterprise.saioautomotive.com/backend/assets/uploads/products/ZnBja2JlOGx2ell4WjZQT1RwL24vUT09_1745656152_0.jpg,,166/00525,https://www.antheautoparts.com/product-details/prop-shaft-cross-strap-166-00525-jcb-spares,N/A,N/A,N/A,false,UNMATCHED_EXTERNAL_REFERENCE,RIGHTS_REVIEW_COMPLETE,STAGED_AS_TECHNICAL_REFERENCE,External part not currently in RRE master catalog. Image staged in reference archive.
img_6984a83272c6,https://enterprise.saioautomotive.com/backend/assets/uploads/products/enlsS09CMU1ObDdZQnlidG00blBOZz09_1745656314_0.jpg,,333/G3318,https://www.antheautoparts.com/product-details/universal-joint-kit-333-g3318-jcb-parts-near-me,333/G3318,333-g3318-kitspider,source_image,false,RRE_ORIGINAL_AVAILABLE,RIGHTS_REVIEW_COMPLETE,PRESERVE_EXISTING_RRE_ORIGINAL_PHOTO,RRE already possesses an authentic catalog photograph for this SKU; external image kept purely as secondary cross-reference.
img_50abb51b985c,https://enterprise.saioautomotive.com/backend/assets/uploads/products/cTAwcEIxWTlXa3dPTmdvNklMRVRhdz09_1745656378_0.jpg,,826/00892 | 826/11635,https://www.antheautoparts.com/product-details/prop-shaft-strap-bolt-826-00892-826-11635-replacement-jcb-parts,826/00892,826-00892-set-screw-3-8unfx3-4,source_image,false,RRE_ORIGINAL_AVAILABLE,RIGHTS_REVIEW_COMPLETE,PRESERVE_EXISTING_RRE_ORIGINAL_PHOTO,RRE already possesses an authentic catalog photograph for this SKU; external image kept purely as secondary cross-reference.
img_e658a5553127,https://enterprise.saioautomotive.com/backend/assets/uploads/products/TldFT2kydWhHWDZQOUhBUWVobnc5QT09_1745656635_0.jpg,,914/10803 | 914/60080 | 914/36201 | 914/60315,https://www.antheautoparts.com/product-details/universal-joint-914-10803-914-60080-914-36201-914-60315-jcb-genuine-parts,914/10803,914-10803-spider-universal,source_image,false,RRE_ORIGINAL_AVAILABLE,RIGHTS_REVIEW_COMPLETE,PRESERVE_EXISTING_RRE_ORIGINAL_PHOTO,RRE already possesses an authentic catalog photograph for this SKU; external image kept purely as secondary cross-reference.
img_8745215f2833,https://enterprise.saioautomotive.com/backend/assets/uploads/products/MzU0S2IvQkFPRmdycFBUNGpyenRWUT09_1745656687_0.jpg,,914/35401 | 914/56401,https://www.antheautoparts.com/product-details/universal-joint-for-front-rear-prop-shaft-914-35401-914-56401-jcb-parts,914/35401,914-35401-spiderkit,source_image,false,RRE_ORIGINAL_AVAILABLE,RIGHTS_REVIEW_COMPLETE,PRESERVE_EXISTING_RRE_ORIGINAL_PHOTO,RRE already possesses an authentic catalog photograph for this SKU; external image kept purely as secondary cross-reference.
img_fc7b9f6b9fc4,https://enterprise.saioautomotive.com/backend/assets/uploads/products/UVp5YmVKOHIzQWVoS01mYVdTZStEQT09_1745656756_0.jpg,,914/37801,https://www.antheautoparts.com/product-details/universal-joint-82-x-27mm-914-37801-jcb-spares,N/A,N/A,N/A,false,UNMATCHED_EXTERNAL_REFERENCE,RIGHTS_REVIEW_COMPLETE,STAGED_AS_TECHNICAL_REFERENCE,External part not currently in RRE master catalog. Image staged in reference archive.
img_58a8d8a941c4,https://enterprise.saioautomotive.com/backend/assets/uploads/products/V0xELzR4ajlvYWNkK0h5T0trUDRVQT09_1745656857_0.jpg,,914/45301,https://www.antheautoparts.com/product-details/kit-spider-126mm-x-35mm-bearing-cup-914-45301-jcb-spare-parts-dealer,N/A,N/A,N/A,false,UNMATCHED_EXTERNAL_REFERENCE,RIGHTS_REVIEW_COMPLETE,STAGED_AS_TECHNICAL_REFERENCE,External part not currently in RRE master catalog. Image staged in reference archive.
img_f060e6963429,https://enterprise.saioautomotive.com/backend/assets/uploads/products/c214Z25LNFNJZVlGSzc2VDZMVXR2QT09_1745656979_0.jpg,,914/80206 | 914/80207,https://www.antheautoparts.com/product-details/spider-kit-assembly-914-80206-914-80207-jcb-parts-online,914/80206,914-80206-kitspider,source_image,false,RRE_ORIGINAL_AVAILABLE,RIGHTS_REVIEW_COMPLETE,PRESERVE_EXISTING_RRE_ORIGINAL_PHOTO,RRE already possesses an authentic catalog photograph for this SKU; external image kept purely as secondary cross-reference.
img_0f4af5a02179,https://enterprise.saioautomotive.com/backend/assets/uploads/products/YXlIcjlJdXdDcDFnNldRZ2JsRndYdz09_1745657034_0.jpg,,914/86202,https://www.antheautoparts.com/product-details/spider-kit-assembly-914-86202-jcb-aftermarket-parts,914/86202,914-86202-spider-assy,source_image,false,RRE_ORIGINAL_AVAILABLE,RIGHTS_REVIEW_COMPLETE,PRESERVE_EXISTING_RRE_ORIGINAL_PHOTO,RRE already possesses an authentic catalog photograph for this SKU; external image kept purely as secondary cross-reference.
img_a758f0bc1818,https://enterprise.saioautomotive.com/backend/assets/uploads/products/UFVzTkZNWWM5M3pVUDlxUVYydFU4UT09_1745657137_0.jpg,,998/10361,https://www.antheautoparts.com/product-details/drive-shaft-universal-joint-cross-998-10361-jcb-spare-parts-dealer,N/A,N/A,N/A,false,UNMATCHED_EXTERNAL_REFERENCE,RIGHTS_REVIEW_COMPLETE,STAGED_AS_TECHNICAL_REFERENCE,External part not currently in RRE master catalog. Image staged in reference archive.
img_560b10e4e101,https://enterprise.saioautomotive.com/backend/assets/uploads/products/QnJHU01XWjRUMkJTb3FvUm5LUlhkdz09_1745657192_0.jpg,,116/00525,https://www.antheautoparts.com/product-details/prop-shaft-cross-strap-116-00525-jcb-aftermarket-parts,N/A,N/A,N/A,false,UNMATCHED_EXTERNAL_REFERENCE,RIGHTS_REVIEW_COMPLETE,STAGED_AS_TECHNICAL_REFERENCE,External part not currently in RRE master catalog. Image staged in reference archive.
img_a628d4f22177,https://enterprise.saioautomotive.com/backend/assets/uploads/products/cEF3QUFrTTFOM3hwOXE2aGtVenpjdz09_1745659600_0.jpg,,123/03215,https://www.antheautoparts.com/product-details/bottom-wear-slides-123-03215-jcb-parts,N/A,N/A,N/A,false,UNMATCHED_EXTERNAL_REFERENCE,RIGHTS_REVIEW_COMPLETE,STAGED_AS_TECHNICAL_REFERENCE,External part not currently in RRE master catalog. Image staged in reference archive.
img_1d1ebb53f837,https://enterprise.saioautomotive.com/backend/assets/uploads/products/QzhnRGpqeUR2QmNpeGVac0dYaTY0Zz09_1745659669_0.jpg,,123/04764,https://www.antheautoparts.com/product-details/top-wear-slides-for-extending-dipper-123-04764-jcb-parts-near-me,N/A,N/A,N/A,false,UNMATCHED_EXTERNAL_REFERENCE,RIGHTS_REVIEW_COMPLETE,STAGED_AS_TECHNICAL_REFERENCE,External part not currently in RRE master catalog. Image staged in reference archive.
img_4ecb019b7e23,https://enterprise.saioautomotive.com/backend/assets/uploads/products/VXJlZGxMWU1GaHhIZFpKUmErc3k5UT09_1745659734_0.jpg,,123/06012,https://www.antheautoparts.com/product-details/stabiliser-spacer-123-06012-jcb-spare-parts,123/06012,123-06012-spacer,source_image,false,RRE_ORIGINAL_AVAILABLE,RIGHTS_REVIEW_COMPLETE,PRESERVE_EXISTING_RRE_ORIGINAL_PHOTO,RRE already possesses an authentic catalog photograph for this SKU; external image kept purely as secondary cross-reference.
img_34e855607167,https://enterprise.saioautomotive.com/backend/assets/uploads/products/ZmNsbHdSTXRvSkR1MThRaUwyL2M4UT09_1745659738_0.jpg,,123/06012,https://www.antheautoparts.com/product-details/stabiliser-spacer-123-06012-jcb-spares,123/06012,123-06012-spacer,source_image,false,RRE_ORIGINAL_AVAILABLE,RIGHTS_REVIEW_COMPLETE,PRESERVE_EXISTING_RRE_ORIGINAL_PHOTO,RRE already possesses an authentic catalog photograph for this SKU; external image kept purely as secondary cross-reference.
img_e2f4f167179f,https://enterprise.saioautomotive.com/backend/assets/uploads/products/RllsWGRqVWFmSmFoNWNMckFxMFpCZz09_1745659821_0.jpg,,123/06014,https://www.antheautoparts.com/product-details/wear-pad-lower-123-06014-jcb-parts,123/06014,123-06014-lower-wear-pad-6mm,source_image,false,RRE_ORIGINAL_AVAILABLE,RIGHTS_REVIEW_COMPLETE,PRESERVE_EXISTING_RRE_ORIGINAL_PHOTO,RRE already possesses an authentic catalog photograph for this SKU; external image kept purely as secondary cross-reference.
img_b9581416f2b9,https://enterprise.saioautomotive.com/backend/assets/uploads/products/b0R5dFpGdkZwejFTUWFTRzkwQTFpZz09_1745659973_0.jpg,,123/06189,https://www.antheautoparts.com/product-details/top-wear-slides-for-extending-dipper-123-06189-jcb-spares,N/A,N/A,N/A,false,UNMATCHED_EXTERNAL_REFERENCE,RIGHTS_REVIEW_COMPLETE,STAGED_AS_TECHNICAL_REFERENCE,External part not currently in RRE master catalog. Image staged in reference archive.
img_9f44b0b5af52,https://enterprise.saioautomotive.com/backend/assets/uploads/products/eXJKYXRJVEpvWllJOGNTTE56dDh1UT09_1745660035_0.jpg,,123/07665,https://www.antheautoparts.com/product-details/plastic-wear-pad-for-jack-leg-stabiliser-123-07665-jcb-parts,123/07665,123-07665-lowerweartpadadjustab,source_image,false,RRE_ORIGINAL_AVAILABLE,RIGHTS_REVIEW_COMPLETE,PRESERVE_EXISTING_RRE_ORIGINAL_PHOTO,RRE already possesses an authentic catalog photograph for this SKU; external image kept purely as secondary cross-reference.
img_b936c9a245d0,https://enterprise.saioautomotive.com/backend/assets/uploads/products/a1MxZVpqVzJxdXZqaW9lQjR2eTVoUT09_1745660114_0.jpg,,159/69899,https://www.antheautoparts.com/product-details/wear-pad-159-69899-jcb-genuine-parts,159/69899,159-69899-padwearassy,source_image,false,RRE_ORIGINAL_AVAILABLE,RIGHTS_REVIEW_COMPLETE,PRESERVE_EXISTING_RRE_ORIGINAL_PHOTO,RRE already possesses an authentic catalog photograph for this SKU; external image kept purely as secondary cross-reference.
img_8d09b7bcd0f4,https://enterprise.saioautomotive.com/backend/assets/uploads/products/V3pKNXQ3RTBsMUNMaWFUenJuTkRrQT09_1745660176_0.jpg,,159/69914,https://www.antheautoparts.com/product-details/liftall-wear-pad-159-69914-jcb-parts-catalog,159/69914,159-69914-wear-pad-assembly,source_image,false,RRE_ORIGINAL_AVAILABLE,RIGHTS_REVIEW_COMPLETE,PRESERVE_EXISTING_RRE_ORIGINAL_PHOTO,RRE already possesses an authentic catalog photograph for this SKU; external image kept purely as secondary cross-reference.
img_d1b58d059b10,https://enterprise.saioautomotive.com/backend/assets/uploads/products/UVVWbmF0M01PYVJHTXVRWEtzUEljZz09_1745660233_0.jpg,,160/00982,https://www.antheautoparts.com/product-details/liftall-wear-pad-160-00982-jcb-spare-parts,160/00982,160-00982-wear-pad-assy,source_image,false,RRE_ORIGINAL_AVAILABLE,RIGHTS_REVIEW_COMPLETE,PRESERVE_EXISTING_RRE_ORIGINAL_PHOTO,RRE already possesses an authentic catalog photograph for this SKU; external image kept purely as secondary cross-reference.
img_266a6989f6ca,https://enterprise.saioautomotive.com/backend/assets/uploads/products/VFJJS2JwSHRLUGtKcUZGendCbTBUdz09_1745660314_0.jpg,,160/00991,https://www.antheautoparts.com/product-details/wear-pad-160-00991-jcb-parts-near-me,160/00991,160-00991-wear-pad-assy-150-x-95mm,source_image,false,RRE_ORIGINAL_AVAILABLE,RIGHTS_REVIEW_COMPLETE,PRESERVE_EXISTING_RRE_ORIGINAL_PHOTO,RRE already possesses an authentic catalog photograph for this SKU; external image kept purely as secondary cross-reference.
img_408379182045,https://enterprise.saioautomotive.com/backend/assets/uploads/products/TUgxeVl0LzEyb2FYbiszZHdQV0hxZz09_1745660371_0.jpg,,160/00992,https://www.antheautoparts.com/product-details/wear-pad-160-00992-jcb-parts-near-me,160/00992,160-00992-wear-pad-assy-150-x-60mm,source_image,false,RRE_ORIGINAL_AVAILABLE,RIGHTS_REVIEW_COMPLETE,PRESERVE_EXISTING_RRE_ORIGINAL_PHOTO,RRE already possesses an authentic catalog photograph for this SKU; external image kept purely as secondary cross-reference.
img_ba341f0612c7,https://enterprise.saioautomotive.com/backend/assets/uploads/products/byt4Q2JrZzlKY0dzZHovOURLTlFmZz09_1745660420_0.jpg,,331/20550,https://www.antheautoparts.com/product-details/5mm-upper-wear-pad-for-stabiliser-nylon-331-20550-jcb-genuine-parts,331/20550,331-20550-upper-wear-pad-5mm,source_image,false,RRE_ORIGINAL_AVAILABLE,RIGHTS_REVIEW_COMPLETE,PRESERVE_EXISTING_RRE_ORIGINAL_PHOTO,RRE already possesses an authentic catalog photograph for this SKU; external image kept purely as secondary cross-reference.
img_d6853a167c7d,https://enterprise.saioautomotive.com/backend/assets/uploads/products/d2prTG9lWGRyeU9ZemR3UWJaazVsdz09_1745660476_0.jpg,,331/20552,https://www.antheautoparts.com/product-details/6mm-upper-wear-pad-for-stabiliser-nylon-331-20552-jcb-parts-online,331/20552,331-20552-upper-wear-pad-6mm,source_image,false,RRE_ORIGINAL_AVAILABLE,RIGHTS_REVIEW_COMPLETE,PRESERVE_EXISTING_RRE_ORIGINAL_PHOTO,RRE already possesses an authentic catalog photograph for this SKU; external image kept purely as secondary cross-reference.
img_05aeab9ce291,https://enterprise.saioautomotive.com/backend/assets/uploads/products/NlV6UUZnWDNmWk5wWVBLc3lhV055QT09_1745660526_0.jpg,,331/20556,https://www.antheautoparts.com/product-details/7mm-upper-wear-pad-for-stabiliser-331-20556-jcb-spare-parts-dealer,331/20556,331-20556-upper-wear-pad-7mm,source_image,false,RRE_ORIGINAL_AVAILABLE,RIGHTS_REVIEW_COMPLETE,PRESERVE_EXISTING_RRE_ORIGINAL_PHOTO,RRE already possesses an authentic catalog photograph for this SKU; external image kept purely as secondary cross-reference.
img_3ecf3f178c3d,https://enterprise.saioautomotive.com/backend/assets/uploads/products/eFdCSFNvQVNERzhVSWFaSmZxalhHdz09_1745660582_0.jpg,,331/22379,https://www.antheautoparts.com/product-details/adjuster-for-stabiliser-leg-331-22379-jcb-parts-near-me,N/A,N/A,N/A,false,UNMATCHED_EXTERNAL_REFERENCE,RIGHTS_REVIEW_COMPLETE,STAGED_AS_TECHNICAL_REFERENCE,External part not currently in RRE master catalog. Image staged in reference archive.
img_5cd116b8692f,https://enterprise.saioautomotive.com/backend/assets/uploads/products/eENBSGFFZ2tzL3RjTU03dEgvTURLZz09_1745660638_0.jpg,,331/22380,https://www.antheautoparts.com/product-details/teflon-wear-pad-for-stabiliser-leg-331-22380-jcb-parts-catalog,331/22380,331-22380-wearpad,source_image,false,RRE_ORIGINAL_AVAILABLE,RIGHTS_REVIEW_COMPLETE,PRESERVE_EXISTING_RRE_ORIGINAL_PHOTO,RRE already possesses an authentic catalog photograph for this SKU; external image kept purely as secondary cross-reference.
img_32b6731b4d18,https://enterprise.saioautomotive.com/backend/assets/uploads/products/Y1ZUdVpNbDJwaW5uT2xIeGdEbzQ3UT09_1745660695_0.jpg,,331/27389,https://www.antheautoparts.com/product-details/bottom-wear-slides-331-27389-jcb-aftermarket-parts,331/27389,331-27389-bottom-wear-strip,source_image,false,RRE_ORIGINAL_AVAILABLE,RIGHTS_REVIEW_COMPLETE,PRESERVE_EXISTING_RRE_ORIGINAL_PHOTO,RRE already possesses an authentic catalog photograph for this SKU; external image kept purely as secondary cross-reference.
img_0a9c3363993f,https://enterprise.saioautomotive.com/backend/assets/uploads/products/eW54ajVVOWJ2ZkpIUkpRRy9OL3BFZz09_1745660742_0.jpg,,,https://www.antheautoparts.com/product-details/spreader-plates-for-extradig-dipper-jcb-parts-catalog,N/A,N/A,N/A,false,UNMATCHED_EXTERNAL_REFERENCE,RIGHTS_REVIEW_COMPLETE,STAGED_AS_TECHNICAL_REFERENCE,External part not currently in RRE master catalog. Image staged in reference archive.
img_2bc4ec8ca558,https://enterprise.saioautomotive.com/backend/assets/uploads/products/WTRQbk03Um00TUVUMVdSbC9FV2ZkQT09_1752749751_0.jpg,,71711M62S00-5PK,https://www.antheautoparts.com/product-details/front-bumper-lower-71711m62s00-5pk-jcb-parts,N/A,N/A,N/A,false,UNMATCHED_EXTERNAL_REFERENCE,RIGHTS_REVIEW_COMPLETE,STAGED_AS_TECHNICAL_REFERENCE,External part not currently in RRE master catalog. Image staged in reference archive.
img_9e6644d5f902,https://enterprise.saioautomotive.com/backend/assets/uploads/products/UmViZk80SGxlcmR4N3liMkZSOUlvUT09_1752818360_0.jpg,,35300M62S00,https://www.antheautoparts.com/product-details/headlamp-assy-lh-35300m62s00-jcb-parts-catalog,N/A,N/A,N/A,false,UNMATCHED_EXTERNAL_REFERENCE,RIGHTS_REVIEW_COMPLETE,STAGED_AS_TECHNICAL_REFERENCE,External part not currently in RRE master catalog. Image staged in reference archive.
img_dcdb111db3bc,https://enterprise.saioautomotive.com/backend/assets/uploads/products/Q3liV2NDMmp3TUVndVhMQXM3ZUZ6Zz09_1752818550_0.jpg,,35100M62S00,https://www.antheautoparts.com/product-details/headlamp-assy-rh-35100m62s00-jcb-aftermarket-parts,N/A,N/A,N/A,false,UNMATCHED_EXTERNAL_REFERENCE,RIGHTS_REVIEW_COMPLETE,STAGED_AS_TECHNICAL_REFERENCE,External part not currently in RRE master catalog. Image staged in reference archive.
img_6e49ba996e76,https://enterprise.saioautomotive.com/backend/assets/uploads/products/MFg5b1VabU5oNlI1QVVNMVVpalVwQT09_1752818781_0.jpg,,35750M62S00,https://www.antheautoparts.com/product-details/lamp-unit-rr-comb-lh-35750m62s00-jcb-spare-parts-dealer,N/A,N/A,N/A,false,UNMATCHED_EXTERNAL_REFERENCE,RIGHTS_REVIEW_COMPLETE,STAGED_AS_TECHNICAL_REFERENCE,External part not currently in RRE master catalog. Image staged in reference archive.
img_acb15339f747,https://enterprise.saioautomotive.com/backend/assets/uploads/products/clk2NU01N3NFaDFhRjFScUdRWFV3Zz09_1752819320_0.jpg,,35650M62S00,https://www.antheautoparts.com/product-details/lamp-unit-rr-comb-rh-35650m62s00-jcb-spares,N/A,N/A,N/A,false,UNMATCHED_EXTERNAL_REFERENCE,RIGHTS_REVIEW_COMPLETE,STAGED_AS_TECHNICAL_REFERENCE,External part not currently in RRE master catalog. Image staged in reference archive.
img_c8b95704d6ed,https://enterprise.saioautomotive.com/backend/assets/uploads/products/,,17700M62SA0,https://www.antheautoparts.com/product-details/radiator-assy-t1-17700m62sa0-jcb-parts,N/A,N/A,N/A,false,UNMATCHED_EXTERNAL_REFERENCE,RIGHTS_REVIEW_COMPLETE,STAGED_AS_TECHNICAL_REFERENCE,External part not currently in RRE master catalog. Image staged in reference archive.
img_8aabadf5fdf4,https://enterprise.saioautomotive.com/backend/assets/uploads/products/ZURLdFA4VjJ5cTJwd1BLNzQwOEIvZz09_1752820244_0.jpg,,17700M62S00,https://www.antheautoparts.com/product-details/radiator-assy-t2-17700m62s00-jcb-parts,N/A,N/A,N/A,false,UNMATCHED_EXTERNAL_REFERENCE,RIGHTS_REVIEW_COMPLETE,STAGED_AS_TECHNICAL_REFERENCE,External part not currently in RRE master catalog. Image staged in reference archive.
img_effe2d2734af,https://enterprise.saioautomotive.com/backend/assets/uploads/products/MlExSTRtL2NWd3E1VjJvQmZ3ZTlBUT09_1752820366_0.jpg,,95310M62S00,https://www.antheautoparts.com/product-details/condenser-assy-95310m62s00-jcb-spare-parts-dealer,N/A,N/A,N/A,false,UNMATCHED_EXTERNAL_REFERENCE,RIGHTS_REVIEW_COMPLETE,STAGED_AS_TECHNICAL_REFERENCE,External part not currently in RRE master catalog. Image staged in reference archive.
img_a4a01fe182a3,https://enterprise.saioautomotive.com/backend/assets/uploads/products/OTVXeGE5Z01LeFduaTBiK1dxSVRyZz09_1752744327_0.jpg,,71721M62S00-5PK,https://www.antheautoparts.com/product-details/front-bumper-upper-71721m62s00-5pk-jcb-parts-near-me,N/A,N/A,N/A,false,UNMATCHED_EXTERNAL_REFERENCE,RIGHTS_REVIEW_COMPLETE,STAGED_AS_TECHNICAL_REFERENCE,External part not currently in RRE master catalog. Image staged in reference archive.
img_603bc9fe18c8,https://enterprise.saioautomotive.com/backend/assets/uploads/products/VUlERlR4Q0FtdzNtT0daSUhCTFRFdz09_1752744866_0.jpg,,71732M62S00,https://www.antheautoparts.com/product-details/holder-lh-front-bumper-71732m62s00-jcb-parts-online,N/A,N/A,N/A,false,UNMATCHED_EXTERNAL_REFERENCE,RIGHTS_REVIEW_COMPLETE,STAGED_AS_TECHNICAL_REFERENCE,External part not currently in RRE master catalog. Image staged in reference archive.
img_04c939988c2e,https://enterprise.saioautomotive.com/backend/assets/uploads/products/WHBuenpzWUlIUERrNG9YZ0ZEVEtMZz09_1752744990_0.jpg,,71731M62S00,https://www.antheautoparts.com/product-details/holder-rh-front-bumper-71731m62s00-jcb-parts-catalog,N/A,N/A,N/A,false,UNMATCHED_EXTERNAL_REFERENCE,RIGHTS_REVIEW_COMPLETE,STAGED_AS_TECHNICAL_REFERENCE,External part not currently in RRE master catalog. Image staged in reference archive.
img_32d6a71619f7,https://enterprise.saioautomotive.com/backend/assets/uploads/products/bVozOCtEcThlUXZIUzVmTTI4R1RUZz09_1752745075_0.jpg,,71712M62S00-5PK,https://www.antheautoparts.com/product-details/tow-cap-bumper-71712m62s00-5pk-jcb-aftermarket-parts,N/A,N/A,N/A,false,UNMATCHED_EXTERNAL_REFERENCE,RIGHTS_REVIEW_COMPLETE,STAGED_AS_TECHNICAL_REFERENCE,External part not currently in RRE master catalog. Image staged in reference archive.
img_6e140a84b42f,https://enterprise.saioautomotive.com/backend/assets/uploads/products/dHUzb0UxSWpzditaaHk0N0JCQjhsUT09_1752745268_0.jpg,,71089M62S00-5PK,https://www.antheautoparts.com/product-details/bumper-bracket-park-set-71089m62s00-5pk-jcb-genuine-parts,N/A,N/A,N/A,false,UNMATCHED_EXTERNAL_REFERENCE,RIGHTS_REVIEW_COMPLETE,STAGED_AS_TECHNICAL_REFERENCE,External part not currently in RRE master catalog. Image staged in reference archive.
img_b87985063242,https://enterprise.saioautomotive.com/backend/assets/uploads/products/cTJ2V3cvR0s0MThjd0tYQTY0QjhFUT09_1752745355_0.jpg,,71822M62S00-5PK,https://www.antheautoparts.com/product-details/bumper-rear-side-lh-71822m62s00-5pk-jcb-genuine-parts,N/A,N/A,N/A,false,UNMATCHED_EXTERNAL_REFERENCE,RIGHTS_REVIEW_COMPLETE,STAGED_AS_TECHNICAL_REFERENCE,External part not currently in RRE master catalog. Image staged in reference archive.
img_8277e56c1f0c,https://enterprise.saioautomotive.com/backend/assets/uploads/products/d24rSWVEUC9qbmxTMjRVQVBzRitvZz09_1752745445_0.jpg,,71821M62S00-5PK,https://www.antheautoparts.com/product-details/bumper-rear-side-rh-71821m62s00-5pk-jcb-parts-online,N/A,N/A,N/A,false,UNMATCHED_EXTERNAL_REFERENCE,RIGHTS_REVIEW_COMPLETE,STAGED_AS_TECHNICAL_REFERENCE,External part not currently in RRE master catalog. Image staged in reference archive.
img_ffb4e2408626,https://enterprise.saioautomotive.com/backend/assets/uploads/products/SmkybHN5NWhQSWRxSmJVekN2NzJ6UT09_1752745584_0.jpg,,71831M62S00,https://www.antheautoparts.com/product-details/holder-rr-bumper-side-rh-71831m62s00-jcb-parts-online,N/A,N/A,N/A,false,UNMATCHED_EXTERNAL_REFERENCE,RIGHTS_REVIEW_COMPLETE,STAGED_AS_TECHNICAL_REFERENCE,External part not currently in RRE master catalog. Image staged in reference archive.
img_1a8d21252263,https://enterprise.saioautomotive.com/backend/assets/uploads/products/Z052c1BwVlk5Um95Q2JvVzBzeENDZz09_1752745802_0.jpg,,71832M62S00,https://www.antheautoparts.com/product-details/holder-rr-bumper-side-lh-71832m62s00-jcb-parts,N/A,N/A,N/A,false,UNMATCHED_EXTERNAL_REFERENCE,RIGHTS_REVIEW_COMPLETE,STAGED_AS_TECHNICAL_REFERENCE,External part not currently in RRE master catalog. Image staged in reference archive.
img_15618685b0b4,https://enterprise.saioautomotive.com/backend/assets/uploads/products/MzB2T0NNOEtiZzc5T0ZRK1BTNmhVQT09_1752746380_0.jpg,,09409M10L04,https://www.antheautoparts.com/product-details/rear-bumper-clips-09409m10l04-jcb-genuine-parts,N/A,N/A,N/A,false,UNMATCHED_EXTERNAL_REFERENCE,RIGHTS_REVIEW_COMPLETE,STAGED_AS_TECHNICAL_REFERENCE,External part not currently in RRE master catalog. Image staged in reference archive.
img_c8b95704d6ed,https://enterprise.saioautomotive.com/backend/assets/uploads/products/,,69100M62S00,https://www.antheautoparts.com/product-details/back-trunk-69100m62s00-jcb-parts,N/A,N/A,N/A,false,UNMATCHED_EXTERNAL_REFERENCE,RIGHTS_REVIEW_COMPLETE,STAGED_AS_TECHNICAL_REFERENCE,External part not currently in RRE master catalog. Image staged in reference archive.
img_324d7ada5279,https://enterprise.saioautomotive.com/backend/assets/uploads/products/MjlQWHpvaHJzSW1yUlFIdjRzcVRsZz09_1752746589_0.jpg,,57611M62S00,https://www.antheautoparts.com/product-details/front-fender-rh-57611m62s00-jcb-parts-catalog,N/A,N/A,N/A,false,UNMATCHED_EXTERNAL_REFERENCE,RIGHTS_REVIEW_COMPLETE,STAGED_AS_TECHNICAL_REFERENCE,External part not currently in RRE master catalog. Image staged in reference archive.
img_c8b95704d6ed,https://enterprise.saioautomotive.com/backend/assets/uploads/products/,,57711M62S00,https://www.antheautoparts.com/product-details/front-fender-lh-57711m62s00-jcb-parts-near-me,N/A,N/A,N/A,false,UNMATCHED_EXTERNAL_REFERENCE,RIGHTS_REVIEW_COMPLETE,STAGED_AS_TECHNICAL_REFERENCE,External part not currently in RRE master catalog. Image staged in reference archive.
img_72844a0bed01,https://enterprise.saioautomotive.com/backend/assets/uploads/products/cmZmRmhyNGVPeEI0Y1lkcDg0M2Q0UT09_1752746770_0.jpg,,72322M62S00,https://www.antheautoparts.com/product-details/fender-lining-lh-72322m62s00-jcb-parts-catalog,N/A,N/A,N/A,false,UNMATCHED_EXTERNAL_REFERENCE,RIGHTS_REVIEW_COMPLETE,STAGED_AS_TECHNICAL_REFERENCE,External part not currently in RRE master catalog. Image staged in reference archive.
img_a249d9947d0e,https://enterprise.saioautomotive.com/backend/assets/uploads/products/d0VkcVNXVkZZbTJ0WU8vNm1CRGp0Zz09_1752746919_0.jpg,,72321M62S00,https://www.antheautoparts.com/product-details/fender-lining-rh-72321m62s00-jcb-parts-near-me,N/A,N/A,N/A,false,UNMATCHED_EXTERNAL_REFERENCE,RIGHTS_REVIEW_COMPLETE,STAGED_AS_TECHNICAL_REFERENCE,External part not currently in RRE master catalog. Image staged in reference archive.
img_72d2b32efde6,https://enterprise.saioautomotive.com/backend/assets/uploads/products/YUJxcEZXaGVXVXRMTkFORTlXNGdiUT09_1752747013_0.jpg,,57300M62S00,https://www.antheautoparts.com/product-details/front-hood-57300m62s00-jcb-genuine-parts,N/A,N/A,N/A,false,UNMATCHED_EXTERNAL_REFERENCE,RIGHTS_REVIEW_COMPLETE,STAGED_AS_TECHNICAL_REFERENCE,External part not currently in RRE master catalog. Image staged in reference archive.
img_9d5bdcf057cf,https://enterprise.saioautomotive.com/backend/assets/uploads/products/UEU4dklyWmVNd3hIMHZpSXBKdUh1QT09_1752747313_0.jpg,,82160M62S00,https://www.antheautoparts.com/product-details/hood-cable-82160m62s00-jcb-parts,N/A,N/A,N/A,false,UNMATCHED_EXTERNAL_REFERENCE,RIGHTS_REVIEW_COMPLETE,STAGED_AS_TECHNICAL_REFERENCE,External part not currently in RRE master catalog. Image staged in reference archive.
img_b7778622dd74,https://enterprise.saioautomotive.com/backend/assets/uploads/products/YStaaG1SVFZYdWx4NDBnWG5nVUlEdz09_1752747404_0.jpg,,57420M62S00,https://www.antheautoparts.com/product-details/hood-hinge-lh-57420m62s00-jcb-spare-parts-dealer,N/A,N/A,N/A,false,UNMATCHED_EXTERNAL_REFERENCE,RIGHTS_REVIEW_COMPLETE,STAGED_AS_TECHNICAL_REFERENCE,External part not currently in RRE master catalog. Image staged in reference archive.
img_12753d7a956c,https://enterprise.saioautomotive.com/backend/assets/uploads/products/M3JXUlgxM2lNYVZnUDZyQWorWjN2QT09_1752747483_0.jpg,,57410M62S00,https://www.antheautoparts.com/product-details/hood-hinge-rh-57410m62s00-jcb-genuine-parts,N/A,N/A,N/A,false,UNMATCHED_EXTERNAL_REFERENCE,RIGHTS_REVIEW_COMPLETE,STAGED_AS_TECHNICAL_REFERENCE,External part not currently in RRE master catalog. Image staged in reference archive.
img_8fcf6f02b0f2,https://enterprise.saioautomotive.com/backend/assets/uploads/products/U0dieHJtZ2NpUUI4ajdrVHpmMStEQT09_1752748324_0.jpg,,82801M69R50-5PK,https://www.antheautoparts.com/product-details/handle-assy-side-door-out-rh-black-82801m69r50-5pk-jcb-spare-parts,N/A,N/A,N/A,false,UNMATCHED_EXTERNAL_REFERENCE,RIGHTS_REVIEW_COMPLETE,STAGED_AS_TECHNICAL_REFERENCE,External part not currently in RRE master catalog. Image staged in reference archive.
img_39e2fbe9ce05,https://enterprise.saioautomotive.com/backend/assets/uploads/products/cVdWWDVldytoSjZkSVEzUXQ3dUJCUT09_1752748415_0.jpg,,82802M69R50-5PK,https://www.antheautoparts.com/product-details/handle-assy-side-door-out-lh-black-82802m69r50-5pk-jcb-spares,N/A,N/A,N/A,false,UNMATCHED_EXTERNAL_REFERENCE,RIGHTS_REVIEW_COMPLETE,STAGED_AS_TECHNICAL_REFERENCE,External part not currently in RRE master catalog. Image staged in reference archive.
img_287aab5c5ef3,https://enterprise.saioautomotive.com/backend/assets/uploads/products/aVhlSGlFUDlaVStWcG5tcFc2WlpEdz09_1752748487_0.jpg,,83110M62S00,https://www.antheautoparts.com/product-details/handle-side-door-inside-rh-83110m62s00-jcb-spares,N/A,N/A,N/A,false,UNMATCHED_EXTERNAL_REFERENCE,RIGHTS_REVIEW_COMPLETE,STAGED_AS_TECHNICAL_REFERENCE,External part not currently in RRE master catalog. Image staged in reference archive.
img_c8b95704d6ed,https://enterprise.saioautomotive.com/backend/assets/uploads/products/,,83130M62S00,https://www.antheautoparts.com/product-details/handle-side-door-inside-lh-83130m62s00-jcb-aftermarket-parts,N/A,N/A,N/A,false,UNMATCHED_EXTERNAL_REFERENCE,RIGHTS_REVIEW_COMPLETE,STAGED_AS_TECHNICAL_REFERENCE,External part not currently in RRE master catalog. Image staged in reference archive.
img_ad01efed53ec,https://enterprise.saioautomotive.com/backend/assets/uploads/products/b3c3RkV3QWVSMDBZQmJuMWVaZGw4QT09_1752748989_0.jpg,,84701M62S10-5PK,https://www.antheautoparts.com/product-details/mirror-assy-out-rear-view-rh-black-84701m62s10-5pk-jcb-spares,N/A,N/A,N/A,false,UNMATCHED_EXTERNAL_REFERENCE,RIGHTS_REVIEW_COMPLETE,STAGED_AS_TECHNICAL_REFERENCE,External part not currently in RRE master catalog. Image staged in reference archive.
img_620a32badcb2,https://enterprise.saioautomotive.com/backend/assets/uploads/products/TkV6dnN5dExuSldNU3ZtQlBGeDE2Zz09_1752749067_0.jpg,,84702M62S10-5PK,https://www.antheautoparts.com/product-details/mirror-assy-out-rear-view-lh-black-84702m62s10-5pk-jcb-genuine-parts,N/A,N/A,N/A,false,UNMATCHED_EXTERNAL_REFERENCE,RIGHTS_REVIEW_COMPLETE,STAGED_AS_TECHNICAL_REFERENCE,External part not currently in RRE master catalog. Image staged in reference archive.
img_c8b95704d6ed,https://enterprise.saioautomotive.com/backend/assets/uploads/products/,,84570M62S00,https://www.antheautoparts.com/product-details/glass-back-door-window-84570m62s00-jcb-parts-online,N/A,N/A,N/A,false,UNMATCHED_EXTERNAL_REFERENCE,RIGHTS_REVIEW_COMPLETE,STAGED_AS_TECHNICAL_REFERENCE,External part not currently in RRE master catalog. Image staged in reference archive.
img_c8b95704d6ed,https://enterprise.saioautomotive.com/backend/assets/uploads/products/,,84510M62S00,https://www.antheautoparts.com/product-details/front-windshield-glass-84510m62s00-jcb-parts,N/A,N/A,N/A,false,UNMATCHED_EXTERNAL_REFERENCE,RIGHTS_REVIEW_COMPLETE,STAGED_AS_TECHNICAL_REFERENCE,External part not currently in RRE master catalog. Image staged in reference archive.
img_c8b95704d6ed,https://enterprise.saioautomotive.com/backend/assets/uploads/products/,,68001M62S00,https://www.antheautoparts.com/product-details/front-door-rh-68001m62s00-jcb-parts,N/A,N/A,N/A,false,UNMATCHED_EXTERNAL_REFERENCE,RIGHTS_REVIEW_COMPLETE,STAGED_AS_TECHNICAL_REFERENCE,External part not currently in RRE master catalog. Image staged in reference archive.
img_c8b95704d6ed,https://enterprise.saioautomotive.com/backend/assets/uploads/products/,,68002M62S10,https://www.antheautoparts.com/product-details/front-door-lh-68002m62s10-jcb-parts-online,N/A,N/A,N/A,false,UNMATCHED_EXTERNAL_REFERENCE,RIGHTS_REVIEW_COMPLETE,STAGED_AS_TECHNICAL_REFERENCE,External part not currently in RRE master catalog. Image staged in reference archive.
img_c8b95704d6ed,https://enterprise.saioautomotive.com/backend/assets/uploads/products/,,68003M62S00,https://www.antheautoparts.com/product-details/rear-door-rh-68003m62s00-jcb-spares,N/A,N/A,N/A,false,UNMATCHED_EXTERNAL_REFERENCE,RIGHTS_REVIEW_COMPLETE,STAGED_AS_TECHNICAL_REFERENCE,External part not currently in RRE master catalog. Image staged in reference archive.
img_c8b95704d6ed,https://enterprise.saioautomotive.com/backend/assets/uploads/products/,,68004M62S00,https://www.antheautoparts.com/product-details/rear-door-lh-68004m62s00-jcb-genuine-parts,N/A,N/A,N/A,false,UNMATCHED_EXTERNAL_REFERENCE,RIGHTS_REVIEW_COMPLETE,STAGED_AS_TECHNICAL_REFERENCE,External part not currently in RRE master catalog. Image staged in reference archive.
img_f92ba7d2cff7,https://enterprise.saioautomotive.com/backend/assets/uploads/products/elY3dlE0TkdOa3h3VEppbE1YeUJxZz09_1752750655_0.jpg,,81850M62S00,https://www.antheautoparts.com/product-details/balancer-back-door-rh-81850m62s00-jcb-parts-near-me,N/A,N/A,N/A,false,UNMATCHED_EXTERNAL_REFERENCE,RIGHTS_REVIEW_COMPLETE,STAGED_AS_TECHNICAL_REFERENCE,External part not currently in RRE master catalog. Image staged in reference archive.
img_80128e6ec69b,https://enterprise.saioautomotive.com/backend/assets/uploads/products/MUE4TTR2aWxJRjc3Z0ZEeUFYclg4QT09_1752750794_0.jpg,,81860M62S00,https://www.antheautoparts.com/product-details/balancer-back-door-lh-81860m62s00-replacement-jcb-parts,N/A,N/A,N/A,false,UNMATCHED_EXTERNAL_REFERENCE,RIGHTS_REVIEW_COMPLETE,STAGED_AS_TECHNICAL_REFERENCE,External part not currently in RRE master catalog. Image staged in reference archive.
img_b630c70d35c3,https://enterprise.saioautomotive.com/backend/assets/uploads/products/cTlYODBWVG11c2xtVGk4V28yeVQrZz09_1752751698_0.jpg,,77811M54GC0-0PG,https://www.antheautoparts.com/product-details/bumper-logo-s-77811m54gc0-0pg-jcb-genuine-parts,N/A,N/A,N/A,false,UNMATCHED_EXTERNAL_REFERENCE,RIGHTS_REVIEW_COMPLETE,STAGED_AS_TECHNICAL_REFERENCE,External part not currently in RRE master catalog. Image staged in reference archive.
img_c8b95704d6ed,https://enterprise.saioautomotive.com/backend/assets/uploads/products/,,84901M62S40-BHE,https://www.antheautoparts.com/product-details/seat-belt-lh-84901m62s40-bhe-jcb-parts-online,N/A,N/A,N/A,false,UNMATCHED_EXTERNAL_REFERENCE,RIGHTS_REVIEW_COMPLETE,STAGED_AS_TECHNICAL_REFERENCE,External part not currently in RRE master catalog. Image staged in reference archive.
img_c8b95704d6ed,https://enterprise.saioautomotive.com/backend/assets/uploads/products/,,84902M62S50-BHE,https://www.antheautoparts.com/product-details/seat-belt-rh-84902m62s50-bhe-jcb-parts-catalog,N/A,N/A,N/A,false,UNMATCHED_EXTERNAL_REFERENCE,RIGHTS_REVIEW_COMPLETE,STAGED_AS_TECHNICAL_REFERENCE,External part not currently in RRE master catalog. Image staged in reference archive.
img_5c496d511c2a,https://enterprise.saioautomotive.com/backend/assets/uploads/products/MkJMTmpmYWFQaUU5aEt1N2RYZzBYdz09_1752822890_0.jpg,,09471M12182,https://www.antheautoparts.com/product-details/headlight-bulb-h4-09471m12182-jcb-parts-online,N/A,N/A,N/A,false,UNMATCHED_EXTERNAL_REFERENCE,RIGHTS_REVIEW_COMPLETE,STAGED_AS_TECHNICAL_REFERENCE,External part not currently in RRE master catalog. Image staged in reference archive.
img_4e309068f422,https://enterprise.saioautomotive.com/backend/assets/uploads/products/TXBmMzE1UDM4ZEhXR0UyODBnd2c0UT09_1752823085_0.jpg,,09471M12186,https://www.antheautoparts.com/product-details/headlight-bulb-12v-21w-amber-09471m12186-jcb-parts-near-me,N/A,N/A,N/A,false,UNMATCHED_EXTERNAL_REFERENCE,RIGHTS_REVIEW_COMPLETE,STAGED_AS_TECHNICAL_REFERENCE,External part not currently in RRE master catalog. Image staged in reference archive.
img_4d75fb59a790,https://enterprise.saioautomotive.com/backend/assets/uploads/products/blhlYk9yOHAzTERKUmcvd3J5b3V6dz09_1752823393_0.jpg,,09471M12216,https://www.antheautoparts.com/product-details/headlight-bulb-12v-5w-09471m12216-jcb-spare-parts,N/A,N/A,N/A,false,UNMATCHED_EXTERNAL_REFERENCE,RIGHTS_REVIEW_COMPLETE,STAGED_AS_TECHNICAL_REFERENCE,External part not currently in RRE master catalog. Image staged in reference archive.
img_c8b95704d6ed,https://enterprise.saioautomotive.com/backend/assets/uploads/products/,,09471M12045,https://www.antheautoparts.com/product-details/tail-light-bulb-12v-p21w-09471m12045-jcb-parts,N/A,N/A,N/A,false,UNMATCHED_EXTERNAL_REFERENCE,RIGHTS_REVIEW_COMPLETE,STAGED_AS_TECHNICAL_REFERENCE,External part not currently in RRE master catalog. Image staged in reference archive.
img_f51c77a1d796,https://enterprise.saioautomotive.com/backend/assets/uploads/products/cXVsbG1vaUYzeTlkN3dBS2c4bERKdz09_1752826777_0.jpg,,09471M12245,https://www.antheautoparts.com/product-details/bulb-12v-21w-amber-09471m12245-replacement-jcb-parts,N/A,N/A,N/A,false,UNMATCHED_EXTERNAL_REFERENCE,RIGHTS_REVIEW_COMPLETE,STAGED_AS_TECHNICAL_REFERENCE,External part not currently in RRE master catalog. Image staged in reference archive.
img_c8b95704d6ed,https://enterprise.saioautomotive.com/backend/assets/uploads/products/,,09471M12046,https://www.antheautoparts.com/product-details/bulb-12v21w-5w-09471m12046-jcb-genuine-parts,N/A,N/A,N/A,false,UNMATCHED_EXTERNAL_REFERENCE,RIGHTS_REVIEW_COMPLETE,STAGED_AS_TECHNICAL_REFERENCE,External part not currently in RRE master catalog. Image staged in reference archive.
img_0c2d92665af7,https://enterprise.saioautomotive.com/backend/assets/uploads/products/VU13M2dZNHFxL1BVR2JpRWtuenUyQT09_1752827810_0.jpg,,09482M00609,https://www.antheautoparts.com/product-details/spark-plug-09482m00609-jcb-spares,N/A,N/A,N/A,false,UNMATCHED_EXTERNAL_REFERENCE,RIGHTS_REVIEW_COMPLETE,STAGED_AS_TECHNICAL_REFERENCE,External part not currently in RRE master catalog. Image staged in reference archive.
img_545bb2b18b25,https://enterprise.saioautomotive.com/backend/assets/uploads/products/LzJrS3h1L1BtTHFkZVZJcjVpcUNsQT09_1752839695_0.jpg,,36410M75F30,https://www.antheautoparts.com/product-details/lamp-assy-side-turn-signal-36410m75f30-jcb-spare-parts-dealer,N/A,N/A,N/A,false,UNMATCHED_EXTERNAL_REFERENCE,RIGHTS_REVIEW_COMPLETE,STAGED_AS_TECHNICAL_REFERENCE,External part not currently in RRE master catalog. Image staged in reference archive.
img_f88e25acdaf4,https://enterprise.saioautomotive.com/backend/assets/uploads/products/c0xqWS9jU2xQZExhK0xLOGY3dnNCdz09_1752903294_0.jpg,,09471M12216,https://www.antheautoparts.com/product-details/side-indicator-bulb-12v-5w-09471m12216-jcb-spare-parts,N/A,N/A,N/A,false,UNMATCHED_EXTERNAL_REFERENCE,RIGHTS_REVIEW_COMPLETE,STAGED_AS_TECHNICAL_REFERENCE,External part not currently in RRE master catalog. Image staged in reference archive.
img_c8b95704d6ed,https://enterprise.saioautomotive.com/backend/assets/uploads/products/,,37990M62S00,https://www.antheautoparts.com/product-details/switch-assy-p-w-and-hazard-37990m62s00-jcb-spare-parts,N/A,N/A,N/A,false,UNMATCHED_EXTERNAL_REFERENCE,RIGHTS_REVIEW_COMPLETE,STAGED_AS_TECHNICAL_REFERENCE,External part not currently in RRE master catalog. Image staged in reference archive.
img_33e274f1ef5a,https://enterprise.saioautomotive.com/backend/assets/uploads/products/cnZtSkt0MHhyS0VqU3gzU0xzb3A1Zz09_1752903929_0.jpg,,31400M69R00,https://www.antheautoparts.com/product-details/alternator-31400m69r00-jcb-spares,N/A,N/A,N/A,false,UNMATCHED_EXTERNAL_REFERENCE,RIGHTS_REVIEW_COMPLETE,STAGED_AS_TECHNICAL_REFERENCE,External part not currently in RRE master catalog. Image staged in reference archive.
img_f47c8a8bd0f8,https://enterprise.saioautomotive.com/backend/assets/uploads/products/ais0N0piZWxEeUpqMWpSYkRBSlVnZz09_1752904124_0.jpg,,37740M79G00,https://www.antheautoparts.com/product-details/set-stop-lamp-switch-37740m79g00-jcb-parts-catalog,N/A,N/A,N/A,false,UNMATCHED_EXTERNAL_REFERENCE,RIGHTS_REVIEW_COMPLETE,STAGED_AS_TECHNICAL_REFERENCE,External part not currently in RRE master catalog. Image staged in reference archive.
img_c8b95704d6ed,https://enterprise.saioautomotive.com/backend/assets/uploads/products/,,95200M62S00,https://www.antheautoparts.com/product-details/compressor-95200m62s00-jcb-spare-parts,N/A,N/A,N/A,false,UNMATCHED_EXTERNAL_REFERENCE,RIGHTS_REVIEW_COMPLETE,STAGED_AS_TECHNICAL_REFERENCE,External part not currently in RRE master catalog. Image staged in reference archive.
img_c8b95704d6ed,https://enterprise.saioautomotive.com/backend/assets/uploads/products/,,31100M55R01,https://www.antheautoparts.com/product-details/starter-motor-31100m55r01-replacement-jcb-parts,N/A,N/A,N/A,false,UNMATCHED_EXTERNAL_REFERENCE,RIGHTS_REVIEW_COMPLETE,STAGED_AS_TECHNICAL_REFERENCE,External part not currently in RRE master catalog. Image staged in reference archive.
img_0fabe4cf8744,https://enterprise.saioautomotive.com/backend/assets/uploads/products/WnhqSkJFL0w5dkorSnFSaXdIcEJoQT09_1752905050_0.jpg,,33400M68P00,https://www.antheautoparts.com/product-details/ignition-coil-33400m68p00-jcb-parts-catalog,N/A,N/A,N/A,false,UNMATCHED_EXTERNAL_REFERENCE,RIGHTS_REVIEW_COMPLETE,STAGED_AS_TECHNICAL_REFERENCE,External part not currently in RRE master catalog. Image staged in reference archive.
img_de32a7a03513,https://enterprise.saioautomotive.com/backend/assets/uploads/products/TW4wU1RWUmpGZi9LNUUyYjhzR05Gdz09_1752905209_0.jpg,,33970M55R00,https://www.antheautoparts.com/product-details/controller-assy-imm-33970m55r00-jcb-parts,N/A,N/A,N/A,false,UNMATCHED_EXTERNAL_REFERENCE,RIGHTS_REVIEW_COMPLETE,STAGED_AS_TECHNICAL_REFERENCE,External part not currently in RRE master catalog. Image staged in reference archive.
img_c8b95704d6ed,https://enterprise.saioautomotive.com/backend/assets/uploads/products/,,38500M62S00,https://www.antheautoparts.com/product-details/horn-38500m62s00-jcb-spares,N/A,N/A,N/A,false,UNMATCHED_EXTERNAL_REFERENCE,RIGHTS_REVIEW_COMPLETE,STAGED_AS_TECHNICAL_REFERENCE,External part not currently in RRE master catalog. Image staged in reference archive.
img_babb1c48436e,https://enterprise.saioautomotive.com/backend/assets/uploads/products/blJhTkUxTlFxWENQbk9KczdMMTBNdz09_1752905770_0.jpg,,95141M62S00,https://www.antheautoparts.com/product-details/compressor-belt-95141m62s00-jcb-parts,N/A,N/A,N/A,false,UNMATCHED_EXTERNAL_REFERENCE,RIGHTS_REVIEW_COMPLETE,STAGED_AS_TECHNICAL_REFERENCE,External part not currently in RRE master catalog. Image staged in reference archive.
img_773498b8f3d0,https://enterprise.saioautomotive.com/backend/assets/uploads/products/Mk13cURFMXNRNGlUcnplUXlsYWt6QT09_1752905983_0.jpg,,12221M71M00,https://www.antheautoparts.com/product-details/crankshaft-12221m71m00-jcb-genuine-parts,N/A,N/A,N/A,false,UNMATCHED_EXTERNAL_REFERENCE,RIGHTS_REVIEW_COMPLETE,STAGED_AS_TECHNICAL_REFERENCE,External part not currently in RRE master catalog. Image staged in reference archive.
img_c8b95704d6ed,https://enterprise.saioautomotive.com/backend/assets/uploads/products/,,12160M68K00,https://www.antheautoparts.com/product-details/connrod-assy-12160m68k00-jcb-genuine-parts,N/A,N/A,N/A,false,UNMATCHED_EXTERNAL_REFERENCE,RIGHTS_REVIEW_COMPLETE,STAGED_AS_TECHNICAL_REFERENCE,External part not currently in RRE master catalog. Image staged in reference archive.