part_number,description,category,original_image,original_resolution,final_image,final_resolution,image_source,image_status,matching_method,confidence,qa_status,notes
2407/0227,ORING,Seals & Seal Kits,p075_r32_4.webp,195x119,/images/products/2407-0227-oring.webp,640x480,enhanced_rre_pdf,enhanced,exact_oe_reference,high,approved,Enhanced from PDF page 75 row 32; geometry & mechanical details preserved.
02/200145,GASKET,Gasket,p057_rx_1.webp,208x96,/images/products/02-200145-gasket.webp,640x480,enhanced_rre_pdf,enhanced,exact_oe_reference,high,approved,Enhanced from PDF page 57 row null; geometry & mechanical details preserved.
02/100073,FILTERELEMENT,Filters,p053_rx_1.webp,104x140,/images/products/02-100073-filterelement.webp,640x480,enhanced_rre_pdf,enhanced,exact_oe_reference,high,approved,Enhanced from PDF page 53 row null; geometry & mechanical details preserved.
120/30006,WASHER,Shim / Spacer / Washer,p083_rx_1.webp,192x140,/images/products/120-30006-washer.webp,640x480,enhanced_rre_pdf,enhanced,exact_oe_reference,high,approved,Enhanced from PDF page 83 row null; geometry & mechanical details preserved.
02/100192,THERMOSTAT,Engine Parts,p045_rx_2.webp,203x140,/images/products/02-100192-thermostat.webp,640x480,enhanced_rre_pdf,enhanced,exact_oe_reference,high,approved,Enhanced from PDF page 45 row null; geometry & mechanical details preserved.
907/04100,BEARING-SPURPINION,Bearings,p011_rx_1.webp,236x140,/images/products/907-04100-bearing-spurpinion.webp,640x480,enhanced_rre_pdf,enhanced,exact_oe_reference,high,approved,Enhanced from PDF page 11 row null; geometry & mechanical details preserved.
331/27411,SPINNER KNOB,Cabin Parts,p034_r60_4.webp,173x141,/images/products/331-27411-spinner-knob.webp,640x480,enhanced_rre_pdf,enhanced,exact_oe_reference,high,approved,Enhanced from PDF page 34 row 60; geometry & mechanical details preserved.
1019/3832,PIVOT PIN,Pins,p067_rx_1.webp,218x87,/images/products/1019-3832-pivot-pin.webp,640x480,enhanced_rre_pdf,enhanced,exact_oe_reference,high,approved,Enhanced from PDF page 67 row null; geometry & mechanical details preserved.
1096/2004,PIVOTBOSS,Bushes / Bearing Liners,p023_rx_1.webp,233x140,/images/products/1096-2004-pivotboss.webp,640x480,enhanced_rre_pdf,enhanced,exact_oe_reference,high,approved,Enhanced from PDF page 23 row null; geometry & mechanical details preserved.
02/100078,RING STARTER,Axle & Wheel Parts,p010_r127_1.webp,247x133,/images/products/02-100078-ring-starter.webp,640x480,enhanced_rre_pdf,enhanced,exact_oe_reference,high,approved,Enhanced from PDF page 10 row 127; geometry & mechanical details preserved.
02/200918,HOSE,Hoses,p060_rx_1.webp,239x93,/images/products/02-200918-hose.webp,640x480,enhanced_rre_pdf,enhanced,exact_oe_reference,high,approved,Enhanced from PDF page 60 row null; geometry & mechanical details preserved.
25/103000,SOLENOIDVALVE,Electrical Parts,p039_rx_4.webp,196x136,/images/products/25-103000-solenoidvalve.webp,640x480,enhanced_rre_pdf,enhanced,exact_oe_reference,high,approved,Enhanced from PDF page 39 row null; geometry & mechanical details preserved.
445/12703,PRESSUREPLATE,Transmission & Gear Parts,p092_r29_1.webp,167x141,/images/products/445-12703-pressureplate.webp,640x480,enhanced_rre_pdf,enhanced,exact_oe_reference,high,approved,Enhanced from PDF page 92 row 29; geometry & mechanical details preserved.
17/105201,SOLENOID,Solenoid,p086_rx_1.webp,152x140,/images/products/17-105201-solenoid.webp,640x480,enhanced_rre_pdf,enhanced,exact_oe_reference,high,approved,Enhanced from PDF page 86 row null; geometry & mechanical details preserved.
20/903200,PUMP,Hydraulic / Pump Drive,p064_r28_13.webp,233x141,/images/products/20-903200-pump.webp,640x480,enhanced_rre_pdf,enhanced,exact_oe_reference,high,approved,Enhanced from PDF page 64 row 28; geometry & mechanical details preserved.
1450/0001,GREASE NIPPLE 1/8 BSP,Greasing,p059_rx_1.webp,191x140,/images/products/1450-0001-grease-nipple-1-8-bsp.webp,640x480,enhanced_rre_pdf,enhanced,exact_oe_reference,high,approved,Enhanced from PDF page 59 row null; geometry & mechanical details preserved.
03/300001,TORQUE CONVERTOR,Torque Converter,p088_rx_1.webp,211x140,/images/products/03-300001-torque-convertor.webp,640x480,enhanced_rre_pdf,enhanced,exact_oe_reference,high,approved,Enhanced from PDF page 88 row null; geometry & mechanical details preserved.
120/76800,L/H FRONT BRAKE PIPE,Body Parts,p019_rx_1.webp,221x81,/images/products/120-76800-l-h-front-brake-pipe.webp,640x480,enhanced_rre_pdf,enhanced,exact_oe_reference,high,approved,Enhanced from PDF page 19 row null; geometry & mechanical details preserved.
331/51612,CABLEACCELERATOR,Cables,p036_r24_9.webp,174x124,/images/products/331-51612-cableaccelerator.webp,640x480,enhanced_rre_pdf,enhanced,exact_oe_reference,high,approved,Enhanced from PDF page 36 row 24; geometry & mechanical details preserved.
123/05228,BLANKING DISC,Brake Parts,p021_r35_7.webp,211x141,/images/products/123-05228-blanking-disc.webp,640x480,enhanced_rre_pdf,enhanced,exact_oe_reference,high,approved,Enhanced from PDF page 21 row 35; geometry & mechanical details preserved.
1340/0701,NUT,Bucket Parts,p022_rx_3.webp,171x141,/images/products/1340-0701-nut.webp,640x480,enhanced_rre_pdf,enhanced,exact_oe_reference,high,approved,Enhanced from PDF page 22 row null; geometry & mechanical details preserved.
333/G3318,KitSpider,U.J. Cross / Spider Kit,p096_rx_2.webp,178x140,/images/products/333-g3318-kitspider.webp,640x480,enhanced_rre_pdf,enhanced,exact_oe_reference,high,approved,Enhanced from PDF page 96 row null; geometry & mechanical details preserved.
262/68200,LIGHTHEADLIGHTRHDIP,Light & Lenses,p066_rx_1.webp,169x140,/images/products/262-68200-lightheadlightrhdip.webp,640x480,enhanced_rre_pdf,enhanced,exact_oe_reference,high,approved,Enhanced from PDF page 66 row null; geometry & mechanical details preserved.
123/06012,SPACER,Wear Pads / Wear Plates,p097_rx_3.webp,167x141,/images/products/123-06012-spacer.webp,640x480,enhanced_rre_pdf,enhanced,exact_oe_reference,high,approved,Enhanced from PDF page 97 row null; geometry & mechanical details preserved.
20/925000,PUMPASSEMBLY,Transmission & Pumps,p094_rx_2.webp,143x141,/images/products/20-925000-pumpassembly.webp,640x480,enhanced_rre_pdf,enhanced,exact_oe_reference,high,approved,Enhanced from PDF page 94 row null; geometry & mechanical details preserved.
701/21201,CONTROL-F/REV,Column Switch,p037_rx_1.webp,254x140,/images/products/701-21201-control-f-rev.webp,640x480,enhanced_rre_pdf,enhanced,exact_oe_reference,high,approved,Enhanced from PDF page 37 row null; geometry & mechanical details preserved.
02/100284,OIL FILTER,Filters,p053_rx_2.webp,132x141,/images/products/02-100284-oil-filter.webp,640x480,enhanced_rre_pdf,enhanced,exact_oe_reference,high,approved,Enhanced from PDF page 53 row null; geometry & mechanical details preserved.
02/192069,BUSH,Engine Parts,p045_rx_3.webp,120x117,/images/products/02-192069-bush.webp,640x480,enhanced_rre_pdf,enhanced,exact_oe_reference,high,approved,Enhanced from PDF page 45 row null; geometry & mechanical details preserved.
02/200018,PULLEY,Engine Parts,p045_rx_4.webp,211x142,/images/products/02-200018-pulley.webp,640x480,enhanced_rre_pdf,enhanced,exact_oe_reference,high,approved,Enhanced from PDF page 45 row null; geometry & mechanical details preserved.
02/201343,CAP-OILFILTER,Engine Parts,p045_rx_6.webp,194x141,/images/products/02-201343-cap-oilfilter.webp,640x480,enhanced_rre_pdf,enhanced,exact_oe_reference,high,approved,Enhanced from PDF page 45 row null; geometry & mechanical details preserved.
02/201729,GASKETCYL.HEAD,Gasket,p057_rx_3.webp,241x116,/images/products/02-201729-gasketcylhead.webp,640x480,enhanced_rre_pdf,enhanced,exact_oe_reference,high,approved,Enhanced from PDF page 57 row null; geometry & mechanical details preserved.
02/202326,GASKET,Gasket,p057_rx_4.webp,150x141,/images/products/02-202326-gasket.webp,640x480,enhanced_rre_pdf,enhanced,exact_oe_reference,high,approved,Enhanced from PDF page 57 row null; geometry & mechanical details preserved.
02/202336,HOSE,Hoses,p060_rx_2.webp,231x100,/images/products/02-202336-hose.webp,640x480,enhanced_rre_pdf,enhanced,exact_oe_reference,high,approved,Enhanced from PDF page 60 row null; geometry & mechanical details preserved.
02/202411,'CONNECTOR',Engine Parts,p050_r82_11.webp,175x141,/images/products/02-202411-connector.webp,640x480,enhanced_rre_pdf,enhanced,exact_oe_reference,high,approved,Enhanced from PDF page 50 row 82; geometry & mechanical details preserved.
02/203184,CONNECTOR,Engine Parts,p050_r84_13.webp,241x142,/images/products/02-203184-connector.webp,640x480,enhanced_rre_pdf,enhanced,exact_oe_reference,high,approved,Enhanced from PDF page 50 row 84; geometry & mechanical details preserved.
04/500100,TORQUECONVERTER,Torque Converter,p088_rx_2.webp,219x140,/images/products/04-500100-torqueconverter.webp,640x480,enhanced_rre_pdf,enhanced,exact_oe_reference,high,approved,Enhanced from PDF page 88 row null; geometry & mechanical details preserved.
04/500800,WH-11TORQUECONVERTOR,Torque Converter,p088_rx_5.webp,212x141,/images/products/04-500800-wh-11torqueconvertor.webp,640x480,enhanced_rre_pdf,enhanced,exact_oe_reference,high,approved,Enhanced from PDF page 88 row null; geometry & mechanical details preserved.
04/600784,CONVERTOR - W300 (2.52)-4DX,Torque Converter,p088_rx_7.webp,196x141,/images/products/04-600784-convertor-w300-252-4dx.webp,640x480,enhanced_rre_pdf,enhanced,exact_oe_reference,high,approved,Enhanced from PDF page 88 row null; geometry & mechanical details preserved.
04/600864,"/8"" BULKHEAD ADAPTOR",Torque Converter,p088_r10_10.webp,227x140,/images/products/04-600864-8-bulkhead-adaptor.webp,640x480,enhanced_rre_pdf,enhanced,exact_oe_reference,high,approved,Enhanced from PDF page 88 row 10; geometry & mechanical details preserved.
04/600868,TORQUE CONVERTOR -LUC,Torque Converter,p088_rx_9.webp,211x141,/images/products/04-600868-torque-convertor-luc.webp,640x480,enhanced_rre_pdf,enhanced,exact_oe_reference,high,approved,Enhanced from PDF page 88 row null; geometry & mechanical details preserved.
111/30101,RUBBERMOUNTING,Engine Parts,p045_rx_8.webp,175x141,/images/products/111-30101-rubbermounting.webp,640x480,enhanced_rre_pdf,enhanced,exact_oe_reference,high,approved,Enhanced from PDF page 45 row null; geometry & mechanical details preserved.
120/30001,KING PIN,Pins,p067_rx_4.webp,209x98,/images/products/120-30001-king-pin.webp,640x480,enhanced_rre_pdf,enhanced,exact_oe_reference,high,approved,Enhanced from PDF page 67 row null; geometry & mechanical details preserved.
120/30002,COTTER PIN,Pins,p067_rx_2.webp,187x141,/images/products/120-30002-cotter-pin.webp,640x480,enhanced_rre_pdf,enhanced,exact_oe_reference,high,approved,Enhanced from PDF page 67 row null; geometry & mechanical details preserved.
120/93201,R/H HANDLE M6,Bushes / Bearing Liners,p030_rx_0.webp,204x133,/images/products/120-93201-r-h-handle-m6.webp,640x480,enhanced_rre_pdf,enhanced,exact_oe_reference,high,approved,Enhanced from PDF page 30 row null; geometry & mechanical details preserved.
120/93202,HANDLE L/H,Bushes / Bearing Liners,p030_rx_1.webp,203x130,/images/products/120-93202-handle-l-h.webp,640x480,enhanced_rre_pdf,enhanced,exact_oe_reference,high,approved,Enhanced from PDF page 30 row null; geometry & mechanical details preserved.
1206/0001,SPRING BUSH,Bushes / Bearing Liners,p023_rx_3.webp,132x137,/images/products/1206-0001-spring-bush.webp,640x480,enhanced_rre_pdf,enhanced,exact_oe_reference,high,approved,Enhanced from PDF page 23 row null; geometry & mechanical details preserved.
1206/0007,SPRING BUSH,Bushes / Bearing Liners,p023_rx_4.webp,142x141,/images/products/1206-0007-spring-bush.webp,640x480,enhanced_rre_pdf,enhanced,exact_oe_reference,high,approved,Enhanced from PDF page 23 row null; geometry & mechanical details preserved.
1206/0015,BUSHSPRING',Bushes / Bearing Liners,p023_rx_5.webp,126x141,/images/products/1206-0015-bushspring.webp,640x480,enhanced_rre_pdf,enhanced,exact_oe_reference,high,approved,Enhanced from PDF page 23 row null; geometry & mechanical details preserved.
1206/0023,BUSH 38.5 NOM BORE - 95 LONG_SB,Bushes / Bearing Liners,p023_rx_6.webp,150x141,/images/products/1206-0023-bush-385-nom-bore-95-long-sb.webp,640x480,enhanced_rre_pdf,enhanced,exact_oe_reference,high,approved,Enhanced from PDF page 23 row null; geometry & mechanical details preserved.
1206/0038,SPRING  STEEL BUSH,Bushes / Bearing Liners,p023_rx_7.webp,242x141,/images/products/1206-0038-spring-steel-bush.webp,640x480,enhanced_rre_pdf,enhanced,exact_oe_reference,high,approved,Enhanced from PDF page 23 row null; geometry & mechanical details preserved.
1207/0011,SPRING STEEL BUSH,Bushes / Bearing Liners,p023_rx_8.webp,161x141,/images/products/1207-0011-spring-steel-bush.webp,640x480,enhanced_rre_pdf,enhanced,exact_oe_reference,high,approved,Enhanced from PDF page 23 row null; geometry preserved.
1207/0019,SPRING STEEL BUSH,Bushes / Bearing Liners,p023_rx_9.webp,214x141,/images/products/1207-0019-spring-steel-bush.webp,640x480,enhanced_rre_pdf,enhanced,exact_oe_reference,high,approved,Enhanced from PDF page 23 row null; geometry preserved.
1207/0025,BUSH,Bushes / Bearing Liners,p023_r10_10.webp,237x140,/images/products/1207-0025-bush.webp,640x480,enhanced_rre_pdf,enhanced,exact_oe_reference,high,approved,Enhanced from PDF page 23 row 10; geometry preserved.
1208/0015,SPRING STEEL BUSH,Bushes / Bearing Liners,p023_r11_11.webp,233x142,/images/products/1208-0015-spring-steel-bush.webp,640x480,enhanced_rre_pdf,enhanced,exact_oe_reference,high,approved,Enhanced from PDF page 23 row 11; geometry preserved.
1208/0018,SPRING STEEL BUSH,Bushes / Bearing Liners,p023_r12_12.webp,206x141,/images/products/1208-0018-spring-steel-bush.webp,640x480,enhanced_rre_pdf,enhanced,exact_oe_reference,high,approved,Enhanced from PDF page 23 row 12; geometry preserved.
1208/0019,SPRINGBUSH,Bushes / Bearing Liners,p023_r13_13.webp,234x140,/images/products/1208-0019-springbush.webp,640x480,enhanced_rre_pdf,enhanced,exact_oe_reference,high,approved,Enhanced from PDF page 23 row 13; geometry preserved.
1208/0020,BUSH,Bushes / Bearing Liners,p023_r14_14.webp,207x141,/images/products/1208-0020-bush.webp,640x480,enhanced_rre_pdf,enhanced,exact_oe_reference,high,approved,Enhanced from PDF page 23 row 14; geometry preserved.
1208/0021,SPRING STEEL BUSH,Bushes / Bearing Liners,p024_r15_1.webp,132x141,/images/products/1208-0021-spring-steel-bush.webp,640x480,enhanced_rre_pdf,enhanced,exact_oe_reference,high,approved,Enhanced from PDF page 24 row 15; geometry preserved.
1208/0022,BUSH,Bushes / Bearing Liners,p024_r16_2.webp,237x142,/images/products/1208-0022-bush.webp,640x480,enhanced_rre_pdf,enhanced,exact_oe_reference,high,approved,Enhanced from PDF page 24 row 16; geometry preserved.
1208/0023,SPRING STEEL BUSH,Bushes / Bearing Liners,p024_r18_4.webp,249x141,/images/products/1208-0023-spring-steel-bush.webp,640x480,enhanced_rre_pdf,enhanced,exact_oe_reference,high,approved,Enhanced from PDF page 24 row 18; geometry preserved.
1208/0025,SPRINGSTEELBUSH,Bushes / Bearing Liners,p024_r17_3.webp,136x141,/images/products/1208-0025-springsteelbush.webp,640x480,enhanced_rre_pdf,enhanced,exact_oe_reference,high,approved,Enhanced from PDF page 24 row 17; geometry preserved.
1208/0031,SPRINGSTEELBUSH,Bushes / Bearing Liners,p024_r19_5.webp,98x141,/images/products/1208-0031-springsteelbush.webp,640x480,enhanced_rre_pdf,enhanced,exact_oe_reference,high,approved,Enhanced from PDF page 24 row 19; geometry preserved.
1208/0032,RING STEEL BUSH,Bushes / Bearing Liners,p024_r20_6.webp,242x141,/images/products/1208-0032-ring-steel-bush.webp,640x480,enhanced_rre_pdf,enhanced,exact_oe_reference,high,approved,Enhanced from PDF page 24 row 20; geometry preserved.
1209/0017,BUSH,Bushes / Bearing Liners,p024_rx_8.webp,233x140,/images/products/1209-0017-bush.webp,640x480,enhanced_rre_pdf,enhanced,exact_oe_reference,high,approved,Enhanced from PDF page 24 row null; geometry preserved.
1209/0019,BUSH,Bushes / Bearing Liners,p024_r23_9.webp,181x141,/images/products/1209-0019-bush.webp,640x480,enhanced_rre_pdf,enhanced,exact_oe_reference,high,approved,Enhanced from PDF page 24 row 23; geometry preserved.
1209/0020,BUSH,Bushes / Bearing Liners,p024_r24_10.webp,211x142,/images/products/1209-0020-bush.webp,640x480,enhanced_rre_pdf,enhanced,exact_oe_reference,high,approved,Enhanced from PDF page 24 row 24; geometry preserved.
1209/0021,BUSH,Bushes / Bearing Liners,p024_r25_11.webp,209x142,/images/products/1209-0021-bush.webp,640x480,enhanced_rre_pdf,enhanced,exact_oe_reference,high,approved,Enhanced from PDF page 24 row 25; geometry preserved.
1209/0026,BUSH,Bushes / Bearing Liners,p024_r26_12.webp,112x141,/images/products/1209-0026-bush.webp,640x480,enhanced_rre_pdf,enhanced,exact_oe_reference,high,approved,Enhanced from PDF page 24 row 26; geometry preserved.
121/13400,INT.DOOR LOCK L/H,Bushes / Bearing Liners,p030_rx_2.webp,162x141,/images/products/121-13400-intdoor-lock-l-h.webp,640x480,enhanced_rre_pdf,enhanced,exact_oe_reference,high,approved,Enhanced from PDF page 30 row null; geometry preserved.
121/13500,DOOR LOCK R/H,Bushes / Bearing Liners,p030_rx_3.webp,243x140,/images/products/121-13500-door-lock-r-h.webp,640x480,enhanced_rre_pdf,enhanced,exact_oe_reference,high,approved,Enhanced from PDF page 30 row null; geometry preserved.
121/38101,SLEWPINION,Body Parts,p014_rx_3.webp,179x141,/images/products/121-38101-slewpinion.webp,640x480,enhanced_rre_pdf,enhanced,exact_oe_reference,high,approved,Enhanced from PDF page 14 row null; geometry preserved.
121/38104,SLEWRACK,Body Parts,p014_rx_4.webp,215x141,/images/products/121-38104-slewrack.webp,640x480,enhanced_rre_pdf,enhanced,exact_oe_reference,high,approved,Enhanced from PDF page 14 row null; geometry preserved.
121/60601,CAPCOOLENTFILTER,Engine Parts,p045_r11_11.webp,216x140,/images/products/121-60601-capcoolentfilter.webp,640x480,enhanced_rre_pdf,enhanced,exact_oe_reference,high,approved,Enhanced from PDF page 45 row 11; geometry preserved.
122/38502,STABILISER LEVER KNOB,Bushes / Bearing Liners,p030_rx_4.webp,155x135,/images/products/122-38502-stabiliser-lever-knob.webp,640x480,enhanced_rre_pdf,enhanced,exact_oe_reference,high,approved,Enhanced from PDF page 30 row null; geometry preserved.
122/67479,BUSH,Bushes / Bearing Liners,p030_rx_5.webp,171x141,/images/products/122-67479-bush.webp,640x480,enhanced_rre_pdf,enhanced,exact_oe_reference,high,approved,Enhanced from PDF page 30 row null; geometry preserved.
123/00224,KINGPOSTRAINCOVER,Body Parts,p014_rx_7.webp,162x141,/images/products/123-00224-kingpostraincover.webp,640x480,enhanced_rre_pdf,enhanced,exact_oe_reference,high,approved,Enhanced from PDF page 14 row null; geometry preserved.
123/00661,WINDOW STOP,Bushes / Bearing Liners,p030_rx_6.webp,110x140,/images/products/123-00661-window-stop.webp,640x480,enhanced_rre_pdf,enhanced,exact_oe_reference,high,approved,Enhanced from PDF page 30 row null; geometry preserved.
123/00932,LOCKINGPIN,Pins,p067_rx_3.webp,56x141,/images/products/123-00932-lockingpin.webp,640x480,enhanced_rre_pdf,enhanced,exact_oe_reference,high,approved,Enhanced from PDF page 67 row null; geometry preserved.
123/01427,REAR FRAME HOSE RETAINER,Hoses,p060_rx_3.webp,238x105,/images/products/123-01427-rear-frame-hose-retainer.webp,640x480,enhanced_rre_pdf,enhanced,exact_oe_reference,high,approved,Enhanced from PDF page 60 row null; geometry preserved.
123/02450,L/H DOOR LATCH,Bushes / Bearing Liners,p030_rx_7.webp,220x142,/images/products/123-02450-l-h-door-latch.webp,640x480,enhanced_rre_pdf,enhanced,exact_oe_reference,high,approved,Enhanced from PDF page 30 row null; geometry preserved.
123/02451,R/H DOOR LATCH,Bushes / Bearing Liners,p030_rx_8.webp,228x139,/images/products/123-02451-r-h-door-latch.webp,640x480,enhanced_rre_pdf,enhanced,exact_oe_reference,high,approved,Enhanced from PDF page 30 row null; geometry preserved.
123/02469,L/HREARMUDGAURDS,Body Parts,p014_r12_12.webp,197x71,/images/products/123-02469-l-hrearmudgaurds.webp,640x480,enhanced_rre_pdf,enhanced,exact_oe_reference,high,approved,Enhanced from PDF page 14 row 12; geometry preserved.
123/02470,R/HREARMUDGAURDS,Body Parts,p014_r13_13.webp,58x141,/images/products/123-02470-r-hrearmudgaurds.webp,640x480,enhanced_rre_pdf,enhanced,exact_oe_reference,high,approved,Enhanced from PDF page 14 row 13; geometry preserved.
123/02516,LINK PIPE,Body Parts,p019_rx_3.webp,247x74,/images/products/123-02516-link-pipe.webp,640x480,enhanced_rre_pdf,enhanced,exact_oe_reference,high,approved,Enhanced from PDF page 19 row null; geometry preserved.
123/03138,RESILIENTMOUNT,Body Parts,p014_r14_14.webp,115x141,/images/products/123-03138-resilientmount.webp,640x480,enhanced_rre_pdf,enhanced,exact_oe_reference,high,approved,Enhanced from PDF page 14 row 14; geometry preserved.
123/04237,SEAL,Pins,p073_rx_1.webp,190x139,/images/products/123-04237-seal.webp,640x480,enhanced_rre_pdf,enhanced,exact_oe_reference,high,approved,Enhanced from PDF page 73 row null; geometry preserved.
123/04969,L/HMIRRORARM,Body Parts,p017_r52_9.webp,231x141,/images/products/123-04969-l-hmirrorarm.webp,640x480,enhanced_rre_pdf,enhanced,exact_oe_reference,high,approved,Enhanced from PDF page 17 row 52; geometry preserved.
123/05550,R/H STONE GUARD,Body Parts,p015_r17_3.webp,97x141,/images/products/123-05550-r-h-stone-guard.webp,640x480,enhanced_rre_pdf,enhanced,exact_oe_reference,high,approved,Enhanced from PDF page 15 row 17; geometry preserved.
123/05836,CLAMP,Hoses,p060_rx_4.webp,221x126,/images/products/123-05836-clamp.webp,640x480,enhanced_rre_pdf,enhanced,exact_oe_reference,high,approved,Enhanced from PDF page 60 row null; geometry preserved.
123/05911,"FAN - 21""",Engine Parts,p051_r87_2.webp,199x140,/images/products/123-05911-fan-21.webp,640x480,enhanced_rre_pdf,enhanced,exact_oe_reference,high,approved,Enhanced from PDF page 51 row 87; geometry preserved.
123/05933,TUBEDIPSTICK',Engine Parts,p045_r14_14.webp,248x69,/images/products/123-05933-tubedipstick.webp,640x480,enhanced_rre_pdf,enhanced,exact_oe_reference,high,approved,Enhanced from PDF page 45 row 14; geometry preserved.
123/06014,LOWER WEAR PAD 6mm,Wear Pads / Wear Plates,p097_rx_4.webp,234x140,/images/products/123-06014-lower-wear-pad-6mm.webp,640x480,enhanced_rre_pdf,enhanced,exact_oe_reference,high,approved,Enhanced from PDF page 97 row null; geometry preserved.
123/06023,STAB HSG. CAP S/S,Body Parts,p015_r19_5.webp,220x122,/images/products/123-06023-stab-hsg-cap-s-s.webp,640x480,enhanced_rre_pdf,enhanced,exact_oe_reference,high,approved,Enhanced from PDF page 15 row 19; geometry preserved.
123/06547,EXTERNALDOORHANDLE,Bushes / Bearing Liners,p031_r21_6.webp,194x136,/images/products/123-06547-externaldoorhandle.webp,640x480,enhanced_rre_pdf,enhanced,exact_oe_reference,high,approved,Enhanced from PDF page 31 row 21; geometry preserved.
123/06578,CAPPRESSURE0.5BAR,Engine Parts,p046_r15_0.webp,210x141,/images/products/123-06578-cappressure05bar.webp,640x480,enhanced_rre_pdf,enhanced,exact_oe_reference,high,approved,Enhanced from PDF page 46 row 15; geometry preserved.
123/07665,LOWERWEARTPADADJUSTAB,Wear Pads / Wear Plates,p097_rx_6.webp,238x141,/images/products/123-07665-lowerweartpadadjustab.webp,640x480,enhanced_rre_pdf,enhanced,exact_oe_reference,high,approved,Enhanced from PDF page 97 row null; geometry preserved.
123/08053,SIGHT GAUGE,Body Parts,p015_r20_6.webp,191x141,/images/products/123-08053-sight-gauge.webp,640x480,enhanced_rre_pdf,enhanced,exact_oe_reference,high,approved,Enhanced from PDF page 15 row 20; geometry preserved.
123/09018,GASKET,Gasket,p057_rx_5.webp,212x119,/images/products/123-09018-gasket.webp,640x480,enhanced_rre_pdf,enhanced,exact_oe_reference,high,approved,Enhanced from PDF page 57 row null; geometry preserved.
126/00200,GA FLUID RESERVOIR + washer,Body Parts,p019_rx_4.webp,245x140,/images/products/126-00200-ga-fluid-reservoir-washer.webp,640x480,enhanced_rre_pdf,enhanced,exact_oe_reference,high,approved,Enhanced from PDF page 19 row null; geometry preserved.
126/00247,GA BUCKET LINK,Body Parts,p015_r25_11.webp,239x140,/images/products/126-00247-ga-bucket-link.webp,640x480,enhanced_rre_pdf,enhanced,exact_oe_reference,high,approved,Enhanced from PDF page 15 row 25; geometry preserved.
126/00248,GA BUCKET LINK + SHACKLE,Body Parts,p015_r26_12.webp,232x99,/images/products/126-00248-ga-bucket-link-shackle.webp,640x480,enhanced_rre_pdf,enhanced,exact_oe_reference,high,approved,Enhanced from PDF page 15 row 26; geometry preserved.
126/12800,IND. PRE. CLE. GA.,Filters,p053_rx_3.webp,220x141,/images/products/126-12800-ind-pre-cle-ga.webp,640x480,enhanced_rre_pdf,enhanced,exact_oe_reference,high,approved,Enhanced from PDF page 53 row null; geometry preserved.
128/12635,GA KNOB plain,Bushes / Bearing Liners,p031_r25_10.webp,132x142,/images/products/128-12635-ga-knob-plain.webp,640x480,enhanced_rre_pdf,enhanced,exact_oe_reference,high,approved,Enhanced from PDF page 31 row 25; geometry preserved.
128/15480,ABI EXPANSION TANK,Engine Parts,p051_r92_7.webp,234x142,/images/products/128-15480-abi-expansion-tank.webp,640x480,enhanced_rre_pdf,enhanced,exact_oe_reference,high,approved,Enhanced from PDF page 51 row 92; geometry preserved.
128/H9642,ABI FRONT GRILLE,Body Parts,p017_r51_8.webp,236x140,/images/products/128-h9642-abi-front-grille.webp,640x480,enhanced_rre_pdf,enhanced,exact_oe_reference,high,approved,Enhanced from PDF page 17 row 51; geometry preserved.
130/05631,HYD.SIGHT GAUGE,Body Parts,p015_r28_14.webp,77x142,/images/products/130-05631-hydsight-gauge.webp,640x480,enhanced_rre_pdf,enhanced,exact_oe_reference,high,approved,Enhanced from PDF page 15 row 28; geometry preserved.
1315/3419Z,BOLT M10 x 90 G8.8,Engine Parts,p046_r16_1.webp,236x56,/images/products/1315-3419z-bolt-m10-x-90-g88.webp,640x480,enhanced_rre_pdf,enhanced,exact_oe_reference,high,approved,Enhanced from PDF page 46 row 16; geometry preserved.
1315/3518Z,BOLT M12x80,Engine Parts,p045_rx_9.webp,178x141,/images/products/1315-3518z-bolt-m12x80.webp,640x480,enhanced_rre_pdf,enhanced,exact_oe_reference,high,approved,Enhanced from PDF page 45 row null; geometry preserved.
1321/0509,SETSCREW M12 X 35 LG,Body Parts,p018_r58_2.webp,120x141,/images/products/1321-0509-setscrew-m12-x-35-lg.webp,640x480,enhanced_rre_pdf,enhanced,exact_oe_reference,high,approved,Enhanced from PDF page 18 row 58; geometry preserved.
1406/0021,BONDED WASHER,Pins,p073_rx_4.webp,125x107,/images/products/1406-0021-bonded-washer.webp,640x480,enhanced_rre_pdf,enhanced,exact_oe_reference,high,approved,Enhanced from PDF page 73 row null; geometry preserved.
1406/0026,BONDED WASHER,Pins,p073_rx_5.webp,168x141,/images/products/1406-0026-bonded-washer.webp,640x480,enhanced_rre_pdf,enhanced,exact_oe_reference,high,approved,Enhanced from PDF page 73 row null; geometry preserved.
1450/0002,GREASE NIPPLE STRAIGHT,Greasing,p059_rx_2.webp,196x142,/images/products/1450-0002-grease-nipple-straight.webp,640x480,enhanced_rre_pdf,enhanced,exact_oe_reference,high,approved,Enhanced from PDF page 59 row null; geometry preserved.
1450/1001,GREASE NIPPLE 90 DEG.,Greasing,p059_rx_3.webp,197x141,/images/products/1450-1001-grease-nipple-90-deg.webp,640x480,enhanced_rre_pdf,enhanced,exact_oe_reference,high,approved,Enhanced from PDF page 59 row null; geometry preserved.
15/106100,MASTER CYLINDER,Body Parts,p019_rx_0.webp,188x141,/images/products/15-106100-master-cylinder.webp,640x480,enhanced_rre_pdf,enhanced,exact_oe_reference,high,approved,Enhanced from PDF page 19 row null; geometry preserved.
15/920110,MASTERCYLINDER,Body Parts,p019_rx_6.webp,224x141,/images/products/15-920110-mastercylinder.webp,640x480,enhanced_rre_pdf,enhanced,exact_oe_reference,high,approved,Enhanced from PDF page 19 row null; geometry preserved.
15/920315,KIT SPRING 432,Brake Parts,p021_r33_5.webp,136x141,/images/products/15-920315-kit-spring-432.webp,640x480,enhanced_rre_pdf,enhanced,exact_oe_reference,high,approved,Enhanced from PDF page 21 row 33; geometry preserved.
15/920402,W BRAKE MAST.CYLINDER 7/8 Rem,Brake Parts,p021_r37_9.webp,178x140,/images/products/15-920402-w-brake-mastcylinder-7-8-rem.webp,640x480,enhanced_rre_pdf,enhanced,exact_oe_reference,high,approved,Enhanced from PDF page 21 row 37; geometry preserved.
159/69899,PADWEARASSY,Wear Pads / Wear Plates,p097_rx_7.webp,242x140,/images/products/159-69899-padwearassy.webp,640x480,enhanced_rre_pdf,enhanced,exact_oe_reference,high,approved,Enhanced from PDF page 97 row null; geometry preserved.
159/69914,WEAR PAD ASSEMBLY,Wear Pads / Wear Plates,p097_rx_8.webp,244x140,/images/products/159-69914-wear-pad-assembly.webp,640x480,enhanced_rre_pdf,enhanced,exact_oe_reference,high,approved,Enhanced from PDF page 97 row null; geometry preserved.
160/00982,WEAR PAD ASSY,Wear Pads / Wear Plates,p097_rx_9.webp,246x140,/images/products/160-00982-wear-pad-assy.webp,640x480,enhanced_rre_pdf,enhanced,exact_oe_reference,high,approved,Enhanced from PDF page 97 row null; geometry preserved.
160/00991,WEAR PAD ASSY 150 X 95MM,Wear Pads / Wear Plates,p097_r10_10.webp,247x140,/images/products/160-00991-wear-pad-assy-150-x-95mm.webp,640x480,enhanced_rre_pdf,enhanced,exact_oe_reference,high,approved,Enhanced from PDF page 97 row 10; geometry preserved.
160/00992,WEAR PAD ASSY 150 X 60MM,Wear Pads / Wear Plates,p097_r11_11.webp,243x141,/images/products/160-00992-wear-pad-assy-150-x-60mm.webp,640x480,enhanced_rre_pdf,enhanced,exact_oe_reference,high,approved,Enhanced from PDF page 97 row 11; geometry preserved.
1604/0004,ADAPTOR MALE/MALE,Hoses,p060_rx_8.webp,181x141,/images/products/1604-0004-adaptor-male-male.webp,640x480,enhanced_rre_pdf,enhanced,exact_oe_reference,high,approved,Enhanced from PDF page 60 row null; geometry preserved.
1604/0006,Adaptor,Hoses,p060_rx_9.webp,184x130,/images/products/1604-0006-adaptor.webp,640x480,enhanced_rre_pdf,enhanced,exact_oe_reference,high,approved,Enhanced from PDF page 60 row null; geometry preserved.
1604/2053,ADAPTOR M/M,Hoses,p060_rx_8.webp,181x141,/images/products/1604-2053-adaptor-m-m.webp,640x480,enhanced_rre_pdf,enhanced,exact_oe_reference,high,approved,Enhanced from PDF page 60 row null; geometry preserved.
1604/2055,ADAPTOR G3,Hoses,p060_rx_9.webp,184x130,/images/products/1604-2055-adaptor-g3.webp,640x480,enhanced_rre_pdf,enhanced,exact_oe_reference,high,approved,Enhanced from PDF page 60 row null; geometry preserved.
1620/0002,ADAPTOR 9/16UNFx1/4BSP,Hoses,p060_r14_14.webp,184x143,/images/products/1620-0002-adaptor-9-16unfx1-4bsp.webp,640x480,enhanced_rre_pdf,enhanced,exact_oe_reference,high,approved,Enhanced from PDF page 60 row 14; geometry preserved.
17/913600,PUMPFUELLIFT,Engine Parts,p046_r18_3.webp,218x142,/images/products/17-913600-pumpfuellift.webp,640x480,enhanced_rre_pdf,enhanced,exact_oe_reference,high,approved,Enhanced from PDF page 46 row 18; geometry preserved.
17/926100,PUMP-FUELFEED,Engine Parts,p051_r90_5.webp,217x141,/images/products/17-926100-pump-fuelfeed.webp,640x480,enhanced_rre_pdf,enhanced,exact_oe_reference,high,approved,Enhanced from PDF page 51 row 90; geometry preserved.
191/00618,KINGPIN,Pins,p067_rx_4.webp,209x98,/images/products/191-00618-kingpin.webp,640x480,enhanced_rre_pdf,enhanced,exact_oe_reference,high,approved,Enhanced from PDF page 67 row null; geometry preserved.
20/900401,SEAL-SHAFT,Pins,p073_rx_6.webp,179x130,/images/products/20-900401-seal-shaft.webp,640x480,enhanced_rre_pdf,enhanced,exact_oe_reference,high,approved,Enhanced from PDF page 73 row null; geometry preserved.
20/902901,IT SEAL PUMP,Pins,p073_rx_8.webp,206x140,/images/products/20-902901-it-seal-pump.webp,640x480,enhanced_rre_pdf,enhanced,exact_oe_reference,high,approved,Enhanced from PDF page 73 row null; geometry preserved.
20/911200,PUMP MAIN HYDRAULI,Hydraulic / Pump Drive,p063_rx_4.webp,222x120,/images/products/20-911200-pump-main-hydrauli.webp,640x480,enhanced_rre_pdf,enhanced,exact_oe_reference,high,approved,Enhanced from PDF page 63 row null; geometry preserved.
20/915901,SEAL,Pins,p073_rx_0.webp,363x194,/images/products/20-915901-seal.webp,640x480,enhanced_rre_pdf,enhanced,exact_oe_reference,high,approved,Enhanced from PDF page 73 row null; geometry preserved.
20/925327,GA PUMP - TRANSMISSION,Transmission & Pumps,p094_rx_5.webp,165x141,/images/products/20-925327-ga-pump-transmission.webp,640x480,enhanced_rre_pdf,enhanced,exact_oe_reference,high,approved,Enhanced from PDF page 94 row null; geometry preserved.
20/925552,PUMP ASSEMBLY,Transmission & Pumps,p094_rx_1.webp,168x140,/images/products/20-925552-pump-assembly.webp,640x480,enhanced_rre_pdf,enhanced,exact_oe_reference,high,approved,Enhanced from PDF page 94 row null; geometry preserved.
206/20705,SEAL,Pins,p073_r10_9.webp,208x141,/images/products/206-20705-seal.webp,640x480,enhanced_rre_pdf,enhanced,exact_oe_reference,high,approved,Enhanced from PDF page 73 row 10; geometry preserved.
2201/0005,CLIP WORMDRIVE 14/27mm,Hoses,p060_r10_10.webp,149x109,/images/products/2201-0005-clip-wormdrive-14-27mm.webp,640x480,enhanced_rre_pdf,enhanced,exact_oe_reference,high,approved,Enhanced from PDF page 60 row 10; geometry preserved.
2201/0013,Worm Drive clip-60,Hoses,p060_r13_13.webp,156x109,/images/products/2201-0013-worm-drive-clip-60.webp,640x480,enhanced_rre_pdf,enhanced,exact_oe_reference,high,approved,Enhanced from PDF page 60 row 13; geometry preserved.
2203/0041,CIRCLIP,Hoses,p062_r36_8.webp,174x140,/images/products/2203-0041-circlip.webp,640x480,enhanced_rre_pdf,enhanced,exact_oe_reference,high,approved,Enhanced from PDF page 62 row 36; geometry preserved.
2203/0054,CIRCLIP - EXTERNAL 40MM,Shim / Spacer / Washer,p083_rx_2.webp,209x138,/images/products/2203-0054-circlip-external-40mm.webp,640x480,enhanced_rre_pdf,enhanced,exact_oe_reference,high,approved,Enhanced from PDF page 83 row null; geometry preserved.
2203/0071,EXT CIRCLIP 60MM [1400 06,Axle & Wheel Parts,p008_r100_2.webp,148x111,/images/products/2203-0071-ext-circlip-60mm-1400-06.webp,640x480,enhanced_rre_pdf,enhanced,exact_oe_reference,high,approved,Enhanced from PDF page 8 row 100; geometry preserved.
2203/1020,CIRCLIP,Brake Parts,p021_r32_4.webp,104x97,/images/products/2203-1020-circlip.webp,640x480,enhanced_rre_pdf,enhanced,exact_oe_reference,high,approved,Enhanced from PDF page 21 row 32; geometry preserved.
2203/1080,CIRCLIP-INTERNAL,Shim / Spacer / Washer,p083_rx_3.webp,165x138,/images/products/2203-1080-circlip-internal.webp,640x480,enhanced_rre_pdf,enhanced,exact_oe_reference,high,approved,Enhanced from PDF page 83 row null; geometry preserved.
25/104700,SOLENOID VALVE,Electrical Parts,p039_rx_3.webp,234x96,/images/products/25-104700-solenoid-valve.webp,640x480,enhanced_rre_pdf,enhanced,exact_oe_reference,high,approved,Enhanced from PDF page 39 row null; geometry preserved.
25/220992,VALVE SOLENOID,Solenoid,p087_r16_1.webp,238x141,/images/products/25-220992-valve-solenoid.webp,640x480,enhanced_rre_pdf,enhanced,exact_oe_reference,high,approved,Enhanced from PDF page 87 row 16; geometry preserved.
25/221054,COIL 12V,Electrical Parts,p039_r12_12.webp,118x142,/images/products/25-221054-coil-12v.webp,640x480,enhanced_rre_pdf,enhanced,exact_oe_reference,high,approved,Enhanced from PDF page 39 row 12; geometry preserved.
25/221208,SEAL,Pins,p073_r14_13.webp,179x143,/images/products/25-221208-seal.webp,640x480,enhanced_rre_pdf,enhanced,exact_oe_reference,high,approved,Enhanced from PDF page 73 row 14; geometry preserved.
25/222305,KIT SEAL,Pins,p073_r11_10.webp,244x140,/images/products/25-222305-kit-seal.webp,640x480,enhanced_rre_pdf,enhanced,exact_oe_reference,high,approved,Enhanced from PDF page 73 row 11; geometry preserved.
25/222657,Solonoid cartidge valve,Solenoid,p086_rx_8.webp,199x141,/images/products/25-222657-solonoid-cartidge-valve.webp,640x480,enhanced_rre_pdf,enhanced,exact_oe_reference,high,approved,Enhanced from PDF page 86 row null; geometry preserved.
25/222661,WIPER SEAL,Pins,p073_r12_11.webp,164x141,/images/products/25-222661-wiper-seal.webp,640x480,enhanced_rre_pdf,enhanced,exact_oe_reference,high,approved,Enhanced from PDF page 73 row 12; geometry preserved.
25/222913,VALVE - CARTRIDGE,Solenoid,p087_r17_2.webp,236x141,/images/products/25-222913-valve-cartridge.webp,640x480,enhanced_rre_pdf,enhanced,exact_oe_reference,high,approved,Enhanced from PDF page 87 row 17; geometry preserved.
25/606108,COVER,Hydraulic / Pump Drive,p063_rx_6.webp,164x138,/images/products/25-606108-cover.webp,640x480,enhanced_rre_pdf,enhanced,exact_oe_reference,high,approved,Enhanced from PDF page 63 row null; geometry preserved.
25/624302,BOOT,Hydraulic / Pump Drive,p063_rx_9.webp,242x140,/images/products/25-624302-boot.webp,640x480,enhanced_rre_pdf,enhanced,exact_oe_reference,high,approved,Enhanced from PDF page 63 row null; geometry preserved.
25/974602,VALVE,Hydraulic / Pump Drive,p063_r10_10.webp,221x128,/images/products/25-974602-valve.webp,640x480,enhanced_rre_pdf,enhanced,exact_oe_reference,high,approved,Enhanced from PDF page 63 row 10; geometry preserved.
25/974628,COIL,Solenoid,p086_rx_9.webp,182x140,/images/products/25-974628-coil.webp,640x480,enhanced_rre_pdf,enhanced,exact_oe_reference,high,approved,Enhanced from PDF page 86 row null; geometry preserved.
25/975704,SEAL,Pins,p074_r15_0.webp,117x120,/images/products/25-975704-seal.webp,640x480,enhanced_rre_pdf,enhanced,exact_oe_reference,high,approved,Enhanced from PDF page 74 row 15; geometry preserved.
25/MM6396,SOLENOID VALVE ASSY-CETOP,Solenoid,p086_rx_7.webp,248x83,/images/products/25-mm6396-solenoid-valve-assy-cetop.webp,640x480,enhanced_rre_pdf,enhanced,exact_oe_reference,high,approved,Enhanced from PDF page 86 row null; geometry preserved.
262/36800,COOLINGFAN,Engine Parts,p051_r87_2.webp,199x140,/images/products/262-36800-coolingfan.webp,640x480,enhanced_rre_pdf,enhanced,exact_oe_reference,high,approved,Enhanced from PDF page 51 row 87; geometry preserved.
265/01289,GAUGE-SIGHT,Electrical Parts,p039_rx_1.webp,168x141,/images/products/265-01289-gauge-sight.webp,640x480,enhanced_rre_pdf,enhanced,exact_oe_reference,high,approved,Enhanced from PDF page 39 row null; geometry preserved.
30/921200,COOLERTRANS.,Torque Converter,p090_rx_4.webp,212x135,/images/products/30-921200-coolertrans.webp,640x480,enhanced_rre_pdf,enhanced,exact_oe_reference,high,approved,Enhanced from PDF page 90 row null; geometry preserved.
30/925441,COOLER-TRANS,Torque Converter,p090_rx_4.webp,212x135,/images/products/30-925441-cooler-trans.webp,640x480,enhanced_rre_pdf,enhanced,exact_oe_reference,high,approved,Enhanced from PDF page 90 row null; geometry preserved.
30/925526,ENGINE FAN,Engine Parts,p046_r19_4.webp,229x140,/images/products/30-925526-engine-fan.webp,640x480,enhanced_rre_pdf,enhanced,exact_oe_reference,high,approved,Enhanced from PDF page 46 row 19; geometry preserved.
32/901100,STRAINER,Filters,p053_rx_4.webp,191x140,/images/products/32-901100-strainer.webp,640x480,enhanced_rre_pdf,enhanced,exact_oe_reference,high,approved,Enhanced from PDF page 53 row null; geometry preserved.
32/902200,SUCTION STRAINER,Filters,p053_rx_5.webp,191x142,/images/products/32-902200-suction-strainer.webp,640x480,enhanced_rre_pdf,enhanced,exact_oe_reference,high,approved,Enhanced from PDF page 53 row null; geometry preserved.
32/903101,COVER,Filters,p053_rx_6.webp,205x134,/images/products/32-903101-cover.webp,640x480,enhanced_rre_pdf,enhanced,exact_oe_reference,high,approved,Enhanced from PDF page 53 row null; geometry preserved.
32/903103,BOWLAIRFILTER,Filters,p053_rx_7.webp,193x140,/images/products/32-903103-bowlairfilter.webp,640x480,enhanced_rre_pdf,enhanced,exact_oe_reference,high,approved,Enhanced from PDF page 53 row null; geometry preserved.
32/904200,SUCTIONSTRAINER,Filters,p053_rx_8.webp,128x141,/images/products/32-904200-suctionstrainer.webp,640x480,enhanced_rre_pdf,enhanced,exact_oe_reference,high,approved,Enhanced from PDF page 53 row null; geometry preserved.
32/904709,BOWLASSY,Filters,p053_rx_9.webp,112x140,/images/products/32-904709-bowlassy.webp,640x480,enhanced_rre_pdf,enhanced,exact_oe_reference,high,approved,Enhanced from PDF page 53 row null; geometry preserved.
32/905304,VALVE,Axle & Wheel Parts,p010_r129_3.webp,148x141,/images/products/32-905304-valve.webp,640x480,enhanced_rre_pdf,enhanced,exact_oe_reference,high,approved,Enhanced from PDF page 10 row 129; geometry preserved.
32/912001,ELEMENT-FUEL,Filters,p053_r12_12.webp,110x140,/images/products/32-912001-element-fuel.webp,640x480,enhanced_rre_pdf,enhanced,exact_oe_reference,high,approved,Enhanced from PDF page 53 row 12; geometry preserved.
32/914300,PRECLEANER,Filters,p053_r14_14.webp,236x142,/images/products/32-914300-precleaner.webp,640x480,enhanced_rre_pdf,enhanced,exact_oe_reference,high,approved,Enhanced from PDF page 53 row 14; geometry preserved.
32/915500,SUCTION ELEMENT,Filters,p054_r15_0.webp,162x140,/images/products/32-915500-suction-element.webp,640x480,enhanced_rre_pdf,enhanced,exact_oe_reference,high,approved,Enhanced from PDF page 54 row 15; geometry preserved.
32/915801,AirCleanerElementSafety(Outer)(pc),Filters,p054_r17_2.webp,131x141,/images/products/32-915801-aircleanerelementsafety-outer-pc.webp,640x480,enhanced_rre_pdf,enhanced,exact_oe_reference,high,approved,Enhanced from PDF page 54 row 17; geometry preserved.
32/915802,AirCleanerElementMain(Outer)(pc),Filters,p054_r18_3.webp,183x141,/images/products/32-915802-aircleanerelementmain-outer-pc.webp,640x480,enhanced_rre_pdf,enhanced,exact_oe_reference,high,approved,Enhanced from PDF page 54 row 18; geometry preserved.
32/917804,AIR ELEM. MAIN,Filters,p056_r45_2.webp,188x142,/images/products/32-917804-air-elem-main.webp,640x480,enhanced_rre_pdf,enhanced,exact_oe_reference,high,approved,Enhanced from PDF page 56 row 45; geometry preserved.
32/917805,AIR ELEM.SAFETY,Filters,p056_r45_2.webp,188x142,/images/products/32-917805-air-elemsafety.webp,640x480,enhanced_rre_pdf,enhanced,exact_oe_reference,high,approved,Enhanced from PDF page 56 row 45; geometry preserved.
32/920200,FILTERASSEMBLYA',Filters,p054_r16_1.webp,204x140,/images/products/32-920200-filterassemblya.webp,640x480,enhanced_rre_pdf,enhanced,exact_oe_reference,high,approved,Enhanced from PDF page 54 row 16; geometry preserved.
32/920300,Hydraulic Strainer,Filters,p054_r21_6.webp,220x137,/images/products/32-920300-hydraulic-strainer.webp,640x480,enhanced_rre_pdf,enhanced,exact_oe_reference,high,approved,Enhanced from PDF page 54 row 21; geometry preserved.
32/922300,Filter fuel Pre-filt,Filters,p054_rx_7.webp,180x141,/images/products/32-922300-filter-fuel-pre-filt.webp,640x480,enhanced_rre_pdf,enhanced,exact_oe_reference,high,approved,Enhanced from PDF page 54 row null; geometry preserved.
32/925140,PLEXUS FILTER,Filters,p056_r43_0.webp,204x142,/images/products/32-925140-plexus-filter.webp,640x480,enhanced_rre_pdf,enhanced,exact_oe_reference,high,approved,Enhanced from PDF page 56 row 43; geometry preserved.
32/925346,FILTER ELEMENT -12U PQ416,Filters,p053_r13_13.webp,228x139,/images/products/32-925346-filter-element-12u-pq416.webp,640x480,enhanced_rre_pdf,enhanced,exact_oe_reference,high,approved,Enhanced from PDF page 53 row 13; geometry preserved.
32/925682,ELEMENT-AIRPQ145,Filters,p054_r23_8.webp,210x141,/images/products/32-925682-element-airpq145.webp,640x480,enhanced_rre_pdf,enhanced,exact_oe_reference,high,approved,Enhanced from PDF page 54 row 23; geometry preserved.
32/925683,SAFETY ELEMENT,Filters,p054_r24_9.webp,162x141,/images/products/32-925683-safety-element.webp,640x480,enhanced_rre_pdf,enhanced,exact_oe_reference,high,approved,Enhanced from PDF page 54 row 24; geometry preserved.
32/925708,GLASS BOWL ASSY,Filters,p054_r27_12.webp,184x142,/images/products/32-925708-glass-bowl-assy.webp,640x480,enhanced_rre_pdf,enhanced,exact_oe_reference,high,approved,Enhanced from PDF page 54 row 27; geometry preserved.
32/925915,ELEMENT -  FUEL(local no - 32/925994),Filters,p056_r44_1.webp,124x142,/images/products/32-925915-element-fuel-local-no-32-925994.webp,640x480,enhanced_rre_pdf,enhanced,exact_oe_reference,high,approved,Enhanced from PDF page 56 row 44; geometry preserved.
32/925994,ElementFilterCartridge30Micron,Filters,p054_r28_13.webp,155x141,/images/products/32-925994-elementfiltercartridge30micron.webp,640x480,enhanced_rre_pdf,enhanced,exact_oe_reference,high,approved,Enhanced from PDF page 54 row 28; geometry preserved.
32/926084,FILTERAIRINDUCTION-ASSEMBLY',Filters,p055_r42_13.webp,209x141,/images/products/32-926084-filterairinduction-assembly.webp,640x480,enhanced_rre_pdf,enhanced,exact_oe_reference,high,approved,Enhanced from PDF page 55 row 42; geometry preserved.
320/01722,PISTON COOLING JET,Engine Parts,p046_r20_5.webp,201x141,/images/products/320-01722-piston-cooling-jet.webp,640x480,enhanced_rre_pdf,enhanced,exact_oe_reference,high,approved,Enhanced from PDF page 46 row 20; geometry preserved.
320/02006,BOLTBEARINGM14x164(LOCAL-320/02038),Engine Parts,p046_r21_6.webp,96x142,/images/products/320-02006-boltbearingm14x164-local-320-02038.webp,640x480,enhanced_rre_pdf,enhanced,exact_oe_reference,high,approved,Enhanced from PDF page 46 row 21; geometry preserved.
320/02038,BOLT.MAIN BEAR.M14x164 lg,Engine Parts,p046_r21_6.webp,96x142,/images/products/320-02038-boltmain-bearm14x164-lg.webp,640x480,enhanced_rre_pdf,enhanced,exact_oe_reference,high,approved,Enhanced from PDF page 46 row 21; geometry preserved.
320/02596,EXHAUSTVALVESEAT(LOCAL),Seals & Seal Kits,p081_r124_10.webp,169x134,/images/products/320-02596-exhaustvalveseat-local.webp,640x480,enhanced_rre_pdf,enhanced,exact_oe_reference,high,approved,Enhanced from PDF page 81 row 124; geometry preserved.
320/02608,GASKETCYLINDERHEADAltno.320/02616,Engine Parts,p052_r105_7.webp,209x111,/images/products/320-02608-gasketcylinderheadaltno320-02616.webp,640x480,enhanced_rre_pdf,enhanced,exact_oe_reference,high,approved,Enhanced from PDF page 52 row 105; geometry preserved.
320/02611,INJECTOR SLEEVE - STEEL,Engine Parts,p052_r100_2.webp,128x111,/images/products/320-02611-injector-sleeve-steel.webp,640x480,enhanced_rre_pdf,enhanced,exact_oe_reference,high,approved,Enhanced from PDF page 52 row 100; geometry preserved.
320/02617,GASKET.CYLINDER HEAD 448,Engine Parts,p046_rx_7.webp,249x129,/images/products/320-02617-gasketcylinder-head-448.webp,640x480,enhanced_rre_pdf,enhanced,exact_oe_reference,high,approved,Enhanced from PDF page 46 row null; geometry preserved.
320/03017,BUSH.SMALL END,Engine Parts,p046_r23_8.webp,208x141,/images/products/320-03017-bushsmall-end.webp,640x480,enhanced_rre_pdf,enhanced,exact_oe_reference,high,approved,Enhanced from PDF page 46 row 23; geometry preserved.
320/03029,CRANKSHAFT SEAL  REAR -122MM,Seals & Seal Kits,p082_r131_5.webp,195x119,/images/products/320-03029-crankshaft-seal-rear-122mm.webp,640x480,enhanced_rre_pdf,enhanced,exact_oe_reference,high,approved,Enhanced from PDF page 82 row 131; geometry preserved.
320/03040,BOLT M10x57 CONNECTING ROD,Engine Parts,p052_r103_5.webp,105x141,/images/products/320-03040-bolt-m10x57-connecting-rod.webp,640x480,enhanced_rre_pdf,enhanced,exact_oe_reference,high,approved,Enhanced from PDF page 52 row 103; geometry preserved.
320/03114,CONNECTING ROD MACHINING 40 S/E,Engine Parts,p046_r24_9.webp,248x141,/images/products/320-03114-connecting-rod-machining-40-s-e.webp,640x480,enhanced_rre_pdf,enhanced,exact_oe_reference,high,approved,Enhanced from PDF page 46 row 24; geometry preserved.
320/03119,CRANK SEAL FRONT - 85MM,Seals & Seal Kits,p081_r122_8.webp,204x141,/images/products/320-03119-crank-seal-front-85mm.webp,640x480,enhanced_rre_pdf,enhanced,exact_oe_reference,high,approved,Enhanced from PDF page 81 row 122; geometry preserved.
320/03270,BEARING-BIG-END-MAS20,Engine Parts,p049_r70_14.webp,354x135,/images/products/320-03270-bearing-big-end-mas20.webp,640x480,enhanced_rre_pdf,enhanced,exact_oe_reference,high,approved,Enhanced from PDF page 49 row 70; geometry preserved.
320/03310,BEARING-BIG-END-MAS20,Engine Parts,p049_r70_14.webp,354x135,/images/products/320-03310-bearing-big-end-mas20.webp,640x480,enhanced_rre_pdf,enhanced,exact_oe_reference,high,approved,Enhanced from PDF page 49 row 70; geometry preserved.
320/03330,PISTON.ABI - 4.8L,Engine Parts,p049_r61_5.webp,148x141,/images/products/320-03330-pistonabi-48l.webp,640x480,enhanced_rre_pdf,enhanced,exact_oe_reference,high,approved,Enhanced from PDF page 49 row 61; geometry preserved.
320/03379,CONNECTING ROD M/CNG,Engine Parts,p046_r24_9.webp,248x141,/images/products/320-03379-connecting-rod-m-cng.webp,640x480,enhanced_rre_pdf,enhanced,exact_oe_reference,high,approved,Enhanced from PDF page 46 row 24; geometry preserved.
320/03520,INLET VALVE VARROC,Engine Parts,p046_r26_11.webp,223x142,/images/products/320-03520-inlet-valve-varroc.webp,640x480,enhanced_rre_pdf,enhanced,exact_oe_reference,high,approved,Enhanced from PDF page 46 row 26; geometry preserved.
320/03521,VALVE EXHAUST VARROC,Engine Parts,p046_r27_12.webp,192x140,/images/products/320-03521-valve-exhaust-varroc.webp,640x480,enhanced_rre_pdf,enhanced,exact_oe_reference,high,approved,Enhanced from PDF page 46 row 27; geometry preserved.
320/03524,TAPPET,Engine Parts,p046_r28_13.webp,153x132,/images/products/320-03524-tappet.webp,640x480,enhanced_rre_pdf,enhanced,exact_oe_reference,high,approved,Enhanced from PDF page 46 row 28; geometry preserved.
320/03533,SEAL - VALVE STEM,Engine Parts,p047_r29_0.webp,135x140,/images/products/320-03533-seal-valve-stem.webp,640x480,enhanced_rre_pdf,enhanced,exact_oe_reference,high,approved,Enhanced from PDF page 47 row 29; geometry preserved.
320/03677,PUSHROD,Engine Parts,p047_r30_1.webp,200x142,/images/products/320-03677-pushrod.webp,640x480,enhanced_rre_pdf,enhanced,exact_oe_reference,high,approved,Enhanced from PDF page 47 row 30; geometry preserved.
320/03697,INLET VALVE-EATON,Engine Parts,p046_r26_11.webp,223x142,/images/products/320-03697-inlet-valve-eaton.webp,640x480,enhanced_rre_pdf,enhanced,exact_oe_reference,high,approved,Enhanced from PDF page 46 row 26; geometry preserved.
320/03698,EXHAUST VALVE-EATON,Engine Parts,p046_r27_12.webp,192x140,/images/products/320-03698-exhaust-valve-eaton.webp,640x480,enhanced_rre_pdf,enhanced,exact_oe_reference,high,approved,Enhanced from PDF page 46 row 27; geometry preserved.
320/04090,CAP.OilFiller,Engine Parts,p047_r31_2.webp,209x141,/images/products/320-04090-capoilfiller.webp,640x480,enhanced_rre_pdf,enhanced,exact_oe_reference,high,approved,Enhanced from PDF page 47 row 31; geometry preserved.
320/04113,GASKET-OIL COOLER,Engine Parts,p047_r32_3.webp,230x141,/images/products/320-04113-gasket-oil-cooler.webp,640x480,enhanced_rre_pdf,enhanced,exact_oe_reference,high,approved,Enhanced from PDF page 47 row 32; geometry preserved.
320/04133,FILTER.ENGINE OIL,Filters,p055_r39_10.webp,142x140,/images/products/320-04133-filterengine-oil.webp,640x480,enhanced_rre_pdf,enhanced,exact_oe_reference,high,approved,Enhanced from PDF page 55 row 39; geometry preserved.
320/04134,FILTER ENGINE OIL,Filters,p055_r29_0.webp,114x141,/images/products/320-04134-filter-engine-oil.webp,640x480,enhanced_rre_pdf,enhanced,exact_oe_reference,high,approved,Enhanced from PDF page 55 row 29; geometry preserved.
320/04186,ENGINE OIL PUMP 62L 6.0 BAR,Engine Parts,p047_r33_4.webp,225x131,/images/products/320-04186-engine-oil-pump-62l-60-bar.webp,640x480,enhanced_rre_pdf,enhanced,exact_oe_reference,high,approved,Enhanced from PDF page 47 row 33; geometry preserved.
320/04249,BLADE ASSY -SHORT,Engine Parts,p047_r34_5.webp,192x142,/images/products/320-04249-blade-assy-short.webp,640x480,enhanced_rre_pdf,enhanced,exact_oe_reference,high,approved,Enhanced from PDF page 47 row 34; geometry preserved.
320/04328,OIL COOLER - 6 PLATE,Engine Parts,p047_r35_6.webp,244x142,/images/products/320-04328-oil-cooler-6-plate.webp,640x480,enhanced_rre_pdf,enhanced,exact_oe_reference,high,approved,Enhanced from PDF page 47 row 35; geometry preserved.
320/04501,GASKET.WATER INLET PIPE,Engine Parts,p047_r36_7.webp,216x141,/images/products/320-04501-gasketwater-inlet-pipe.webp,640x480,enhanced_rre_pdf,enhanced,exact_oe_reference,high,approved,Enhanced from PDF page 47 row 36; geometry preserved.
320/04542,WATER PUMP ABI,Engine Parts,p047_r37_8.webp,229x141,/images/products/320-04542-water-pump-abi.webp,640x480,enhanced_rre_pdf,enhanced,exact_oe_reference,high,approved,Enhanced from PDF page 47 row 37; geometry preserved.
320/04547,GA COOLANT INLET.ABI,Engine Parts,p047_r40_11.webp,190x143,/images/products/320-04547-ga-coolant-inletabi.webp,640x480,enhanced_rre_pdf,enhanced,exact_oe_reference,high,approved,Enhanced from PDF page 47 row 40; geometry preserved.
320/04555,WATER TEMPERATURE SENSOR,Electrical Parts,p039_rx_5.webp,165x140,/images/products/320-04555-water-temperature-sensor.webp,640x480,enhanced_rre_pdf,enhanced,exact_oe_reference,high,approved,Enhanced from PDF page 39 row null; geometry preserved.
320/04558,SWITCHCOOLENT,Electrical Parts,p039_rx_6.webp,239x141,/images/products/320-04558-switchcoolent.webp,640x480,enhanced_rre_pdf,enhanced,exact_oe_reference,high,approved,Enhanced from PDF page 39 row null; geometry preserved.
320/04588,COOLANT SWITCH/SENDER,Electrical Parts,p043_r65_8.webp,250x141,/images/products/320-04588-coolant-switch-sender.webp,640x480,enhanced_rre_pdf,enhanced,exact_oe_reference,high,approved,Enhanced from PDF page 43 row 65; geometry preserved.
320/04618,THERMOSTAT,Engine Parts,p047_r38_9.webp,225x141,/images/products/320-04618-thermostat.webp,640x480,enhanced_rre_pdf,enhanced,exact_oe_reference,high,approved,Enhanced from PDF page 47 row 38; geometry preserved.
320/04739,HOUSING.WATER THERMOSTAT,Engine Parts,p047_r39_10.webp,178x141,/images/products/320-04739-housingwater-thermostat.webp,640x480,enhanced_rre_pdf,enhanced,exact_oe_reference,high,approved,Enhanced from PDF page 47 row 39; geometry preserved.
320/04758,CONNECTOR WATER INLET,Engine Parts,p047_r40_11.webp,190x143,/images/products/320-04758-connector-water-inlet.webp,640x480,enhanced_rre_pdf,enhanced,exact_oe_reference,high,approved,Enhanced from PDF page 47 row 40; geometry preserved.
320/04890,THERMOSTAT HOUSING,Engine Parts,p047_r41_12.webp,197x141,/images/products/320-04890-thermostat-housing.webp,640x480,enhanced_rre_pdf,enhanced,exact_oe_reference,high,approved,Enhanced from PDF page 47 row 41; geometry preserved.
320/05550,GASKETINTAKEMANIFOLD,Gasket,p057_rx_6.webp,234x106,/images/products/320-05550-gasketintakemanifold.webp,640x480,enhanced_rre_pdf,enhanced,exact_oe_reference,high,approved,Enhanced from PDF page 57 row null; geometry preserved.
320/06006,GASKET-TURBO,Gasket,p058_r17_2.webp,201x140,/images/products/320-06006-gasket-turbo.webp,640x480,enhanced_rre_pdf,enhanced,exact_oe_reference,high,approved,Enhanced from PDF page 58 row 17; geometry preserved.
320/06036,GASKET - TURBO OUTLET,Gasket,p057_r14_14.webp,226x142,/images/products/320-06036-gasket-turbo-outlet.webp,640x480,enhanced_rre_pdf,enhanced,exact_oe_reference,high,approved,Enhanced from PDF page 57 row 14; geometry preserved.
320/06047,TURBOCHARGER 68 & 74 KW,Engine Parts,p051_r88_3.webp,230x141,/images/products/320-06047-turbocharger-68-74-kw.webp,640x480,enhanced_rre_pdf,enhanced,exact_oe_reference,high,approved,Enhanced from PDF page 51 row 88; geometry preserved.
320/06199,EXHAUST GASKET NA,Gasket,p057_rx_7.webp,236x127,/images/products/320-06199-exhaust-gasket-na.webp,640x480,enhanced_rre_pdf,enhanced,exact_oe_reference,high,approved,Enhanced from PDF page 57 row null; geometry preserved.
320/07037,LIFT PUMP DIESEL FUEL,Engine Parts,p048_r44_2.webp,385x142,/images/products/320-07037-lift-pump-diesel-fuel.webp,640x480,enhanced_rre_pdf,enhanced,exact_oe_reference,high,approved,Enhanced from PDF page 48 row 44; geometry preserved.
320/07041,PIPE.LP FUEL.FILTER TO F.I.P,Engine Parts,p047_r42_13.webp,237x142,/images/products/320-07041-pipelp-fuelfilter-to-fip.webp,640x480,enhanced_rre_pdf,enhanced,exact_oe_reference,high,approved,Enhanced from PDF page 47 row 42; geometry preserved.
320/07052,PIPEF/FILTERTOF,Engine Parts,p047_r42_13.webp,237x142,/images/products/320-07052-pipef-filtertof.webp,640x480,enhanced_rre_pdf,enhanced,exact_oe_reference,high,approved,Enhanced from PDF page 47 row 42; geometry preserved.
320/07155,FUELFILTER-5MICRONS,Filters,p055_r30_1.webp,123x141,/images/products/320-07155-fuelfilter-5microns.webp,640x480,enhanced_rre_pdf,enhanced,exact_oe_reference,high,approved,Enhanced from PDF page 55 row 30; geometry preserved.
320/07189,SNAPRING(LOCAL),Engine Parts,p048_r43_1.webp,211x129,/images/products/320-07189-snapring-local.webp,640x480,enhanced_rre_pdf,enhanced,exact_oe_reference,high,approved,Enhanced from PDF page 48 row 43; geometry preserved.
320/07394,Fuel Maint Filter 5 micron,Filters,p055_r30_1.webp,123x141,/images/products/320-07394-fuel-maint-filter-5-micron.webp,640x480,enhanced_rre_pdf,enhanced,exact_oe_reference,high,approved,Enhanced from PDF page 55 row 30; geometry preserved.
320/07458,FUELLIFTPUMP/FILTER30MICRONJS220,Filters,p055_r41_12.webp,123x141,/images/products/320-07458-fuelliftpump-filter30micronjs220.webp,640x480,enhanced_rre_pdf,enhanced,exact_oe_reference,high,approved,Enhanced from PDF page 55 row 41; geometry preserved.
320/07504,SEAL FUEL INJECTOR,Pins,p074_r17_2.webp,191x141,/images/products/320-07504-seal-fuel-injector.webp,640x480,enhanced_rre_pdf,enhanced,exact_oe_reference,high,approved,Enhanced from PDF page 74 row 17; geometry preserved.
320/07580,ROCKER COVER SEAL,Engine Parts,p048_r45_3.webp,229x142,/images/products/320-07580-rocker-cover-seal.webp,640x480,enhanced_rre_pdf,enhanced,exact_oe_reference,high,approved,Enhanced from PDF page 48 row 45; geometry preserved.
320/07753,OIL FILLER CAP,Engine Parts,p048_r46_4.webp,166x141,/images/products/320-07753-oil-filler-cap.webp,640x480,enhanced_rre_pdf,enhanced,exact_oe_reference,high,approved,Enhanced from PDF page 48 row 46; geometry preserved.
320/08530,IDLER PULLEY.AIRCON.,Engine Parts,p051_r93_8.webp,167x141,/images/products/320-08530-idler-pulleyaircon.webp,640x480,enhanced_rre_pdf,enhanced,exact_oe_reference,high,approved,Enhanced from PDF page 51 row 93; geometry preserved.
320/08550,FAN HUB ASSY.ABI,Engine Parts,p048_r47_5.webp,244x141,/images/products/320-08550-fan-hub-assyabi.webp,640x480,enhanced_rre_pdf,enhanced,exact_oe_reference,high,approved,Enhanced from PDF page 48 row 47; geometry preserved.
320/08586,PULLEY-IDLER(altno320/08724),Engine Parts,p045_rx_1.webp,206x140,/images/products/320-08586-pulley-idler-altno320-08724.webp,640x480,enhanced_rre_pdf,enhanced,exact_oe_reference,high,approved,Enhanced from PDF page 45 row null; geometry preserved.
320/08598,BELTFRONT8PK1835AR3,Engine Parts,p048_r49_7.webp,236x128,/images/products/320-08598-beltfront8pk1835ar3.webp,640x480,enhanced_rre_pdf,enhanced,exact_oe_reference,high,approved,Enhanced from PDF page 48 row 49; geometry preserved.
320/08599,CORREIA ACIONAMENTO AQUECEDOR,Engine Parts,p048_r50_8.webp,243x129,/images/products/320-08599-correia-acionamento-aquecedor.webp,640x480,enhanced_rre_pdf,enhanced,exact_oe_reference,high,approved,Enhanced from PDF page 48 row 50; geometry preserved.
320/08600,BELT.FRONT8PKtbaAR3#VM117,Engine Parts,p048_r51_9.webp,211x140,/images/products/320-08600-beltfront8pktbaar3vm117.webp,640x480,enhanced_rre_pdf,enhanced,exact_oe_reference,high,approved,Enhanced from PDF page 48 row 51; geometry preserved.
320/08601,BELTFRONT8PK1955AR3,Engine Parts,p048_r52_10.webp,236x140,/images/products/320-08601-beltfront8pk1955ar3.webp,640x480,enhanced_rre_pdf,enhanced,exact_oe_reference,high,approved,Enhanced from PDF page 48 row 52; geometry preserved.
320/08605,BELT.FRONT 8PK 2101 AR3,Engine Parts,p048_r53_11.webp,237x140,/images/products/320-08605-beltfront-8pk-2101-ar3.webp,640x480,enhanced_rre_pdf,enhanced,exact_oe_reference,high,approved,Enhanced from PDF page 48 row 53; geometry preserved.
320/08606,BELTFRONT8PK2110AR3,Engine Parts,p048_r54_12.webp,226x141,/images/products/320-08606-beltfront8pk2110ar3.webp,640x480,enhanced_rre_pdf,enhanced,exact_oe_reference,high,approved,Enhanced from PDF page 48 row 54; geometry preserved.
320/08608,BELT FRONT 8PK 2002 AR3,Engine Parts,p048_r55_13.webp,247x141,/images/products/320-08608-belt-front-8pk-2002-ar3.webp,640x480,enhanced_rre_pdf,enhanced,exact_oe_reference,high,approved,Enhanced from PDF page 48 row 55; geometry preserved.
320/08609,BELT 8PK1995 AR3,Engine Parts,p048_r56_14.webp,228x119,/images/products/320-08609-belt-8pk1995-ar3.webp,640x480,enhanced_rre_pdf,enhanced,exact_oe_reference,high,approved,Enhanced from PDF page 48 row 56; geometry preserved.
320/08610,Alternator12V-95A,Engine Parts,p051_r97_12.webp,214x141,/images/products/320-08610-alternator12v-95a.webp,640x480,enhanced_rre_pdf,enhanced,exact_oe_reference,high,approved,Enhanced from PDF page 51 row 97; geometry preserved.
320/08624,IDLER ASSY NON A/C ABI,Engine Parts,p050_r83_12.webp,210x142,/images/products/320-08624-idler-assy-non-a-c-abi.webp,640x480,enhanced_rre_pdf,enhanced,exact_oe_reference,high,approved,Enhanced from PDF page 50 row 83; geometry preserved.
320/08657,AUTOTENSIONER,Engine Parts,p049_r57_1.webp,368x141,/images/products/320-08657-autotensioner.webp,640x480,enhanced_rre_pdf,enhanced,exact_oe_reference,high,approved,Enhanced from PDF page 49 row 57; geometry preserved.
320/08759,AUTOTENSIONERLITTENS(320/08657),Engine Parts,p049_r57_1.webp,368x141,/images/products/320-08759-autotensionerlittens-320-08657.webp,640x480,enhanced_rre_pdf,enhanced,exact_oe_reference,high,approved,Enhanced from PDF page 49 row 57; geometry preserved.
320/09200,KIT-SEALROCKER,Seals & Seal Kits,p081_r121_7.webp,244x102,/images/products/320-09200-kit-sealrocker.webp,640x480,enhanced_rre_pdf,enhanced,exact_oe_reference,high,approved,Enhanced from PDF page 81 row 121; geometry preserved.
320/09208,Kit-thrust washer,Engine Parts,p049_r60_4.webp,244x142,/images/products/320-09208-kit-thrust-washer.webp,640x480,enhanced_rre_pdf,enhanced,exact_oe_reference,high,approved,Enhanced from PDF page 49 row 60; geometry preserved.
320/09210,KIT-PISTON,Engine Parts,p049_r61_5.webp,148x141,/images/products/320-09210-kit-piston.webp,640x480,enhanced_rre_pdf,enhanced,exact_oe_reference,high,approved,Enhanced from PDF page 49 row 61; geometry preserved.
320/09216,Kit-top gasket NA,Gasket,p058_r15_0.webp,240x141,/images/products/320-09216-kit-top-gasket-na.webp,640x480,enhanced_rre_pdf,enhanced,exact_oe_reference,high,approved,Enhanced from PDF page 58 row 15; geometry preserved.
320/09217,TOP GASKET KIT TC/TCA,Engine Parts,p049_r62_6.webp,235x142,/images/products/320-09217-top-gasket-kit-tc-tca.webp,640x480,enhanced_rre_pdf,enhanced,exact_oe_reference,high,approved,Enhanced from PDF page 49 row 62; geometry preserved.
320/09236,Kit-pistonoversiz,Engine Parts,p046_r25_10.webp,200x141,/images/products/320-09236-kit-pistonoversiz.webp,640x480,enhanced_rre_pdf,enhanced,exact_oe_reference,high,approved,Enhanced from PDF page 46 row 25; geometry preserved.
320/09297,Kit-top gasket,Engine Parts,p049_r65_9.webp,231x141,/images/products/320-09297-kit-top-gasket.webp,640x480,enhanced_rre_pdf,enhanced,exact_oe_reference,high,approved,Enhanced from PDF page 49 row 65; geometry preserved.
320/09299,KitpistonringstAltno.320/09299A,Engine Parts,p049_r66_10.webp,231x133,/images/products/320-09299-kitpistonringstaltno320-09299a.webp,640x480,enhanced_rre_pdf,enhanced,exact_oe_reference,high,approved,Enhanced from PDF page 49 row 66; geometry preserved.
320/09336,MAINBRGKIT-0.25,Engine Parts,p050_r73_2.webp,235x141,/images/products/320-09336-mainbrgkit-025.webp,640x480,enhanced_rre_pdf,enhanced,exact_oe_reference,high,approved,Enhanced from PDF page 50 row 73; geometry preserved.
320/09337,Kit-MainBearingU(local320/09475),Engine Parts,p049_r67_11.webp,249x141,/images/products/320-09337-kit-mainbearingu-local320-09475.webp,640x480,enhanced_rre_pdf,enhanced,exact_oe_reference,high,approved,Enhanced from PDF page 49 row 67; geometry preserved.
320/09468,Piston Ring Kit (Std)   -  4.8 BS3,Engine Parts,p049_r68_12.webp,199x141,/images/products/320-09468-piston-ring-kit-std-48-bs3.webp,640x480,enhanced_rre_pdf,enhanced,exact_oe_reference,high,approved,Enhanced from PDF page 49 row 68; geometry preserved.
320/09473,Main Bearing Kit (Std)   -  4.8 BS3,Engine Parts,p050_r72_1.webp,250x141,/images/products/320-09473-main-bearing-kit-std-48-bs3.webp,640x480,enhanced_rre_pdf,enhanced,exact_oe_reference,high,approved,Enhanced from PDF page 50 row 72; geometry preserved.
320/09474,Main Bearing Kit (-0.25)   -  4.8 BS3,Engine Parts,p050_r73_2.webp,235x141,/images/products/320-09474-main-bearing-kit-025-48-bs3.webp,640x480,enhanced_rre_pdf,enhanced,exact_oe_reference,high,approved,Enhanced from PDF page 50 row 73; geometry preserved.
320/09475,Main Bearing Kit (-0.5)   -  4.8 BS3,Engine Parts,p050_r74_3.webp,235x140,/images/products/320-09475-main-bearing-kit-05-48-bs3.webp,640x480,enhanced_rre_pdf,enhanced,exact_oe_reference,high,approved,Enhanced from PDF page 50 row 74; geometry preserved.
320/09661,STARTER MOTOR BOSCH 3.857GR012V,Engine Parts,p050_r75_4.webp,230x141,/images/products/320-09661-starter-motor-bosch-3857gr012v.webp,640x480,enhanced_rre_pdf,enhanced,exact_oe_reference,high,approved,Enhanced from PDF page 50 row 75; geometry preserved.
320/A4901,SWITCH / SENDER COOLANT,Electrical Parts,p043_r65_8.webp,250x141,/images/products/320-a4901-switch-sender-coolant.webp,640x480,enhanced_rre_pdf,enhanced,exact_oe_reference,high,approved,Enhanced from PDF page 43 row 65; geometry preserved.
320/A7124,ELEMENT-B-1B-30WL-091-079,Filters,p056_r48_5.webp,162x128,/images/products/320-a7124-element-b-1b-30wl-091-079.webp,640x480,enhanced_rre_pdf,enhanced,exact_oe_reference,high,approved,Enhanced from PDF page 56 row 48; geometry preserved.
320/A7161,LIFT PUMP DIESEL FUEL,Engine Parts,p048_r44_2.webp,385x142,/images/products/320-a7161-lift-pump-diesel-fuel.webp,640x480,enhanced_rre_pdf,enhanced,exact_oe_reference,high,approved,Enhanced from PDF page 48 row 44; geometry preserved.
320/A7170,[IEFUELFILTER(ELEME-A-1B-07MB-179-08),Filters,p056_r47_4.webp,171x114,/images/products/320-a7170-iefuelfilter-eleme-a-1b-07mb-179-08.webp,640x480,enhanced_rre_pdf,enhanced,exact_oe_reference,high,approved,Enhanced from PDF page 56 row 47; geometry preserved.
320/A8586,AUTOTENSIONER,Engine Parts,p049_r57_1.webp,368x141,/images/products/320-a8586-autotensioner.webp,640x480,enhanced_rre_pdf,enhanced,exact_oe_reference,high,approved,Enhanced from PDF page 49 row 57; geometry preserved.
320/B4420,FILTER - ENGINE OIL M22x1.5,Filters,p056_r46_3.webp,112x141,/images/products/320-b4420-filter-engine-oil-m22x15.webp,640x480,enhanced_rre_pdf,enhanced,exact_oe_reference,high,approved,Enhanced from PDF page 56 row 46; geometry preserved.
331/11963,CARRIER - BRAKE PLATE EXTENDED,Brake Parts,p021_r34_6.webp,176x141,/images/products/331-11963-carrier-brake-plate-extended.webp,640x480,enhanced_rre_pdf,enhanced,exact_oe_reference,high,approved,Enhanced from PDF page 21 row 34; geometry preserved.
331/16516,COUNTERPLATE,Torque Converter,p090_rx_5.webp,163x141,/images/products/331-16516-counterplate.webp,640x480,enhanced_rre_pdf,enhanced,exact_oe_reference,high,approved,Enhanced from PDF page 90 row null; geometry preserved.
331/16519,SHIM PLATE,Brake Parts,p021_r38_10.webp,208x141,/images/products/331-16519-shim-plate.webp,640x480,enhanced_rre_pdf,enhanced,exact_oe_reference,high,approved,Enhanced from PDF page 21 row 38; geometry preserved.
331/16520,FRICATIONPLATE,Torque Converter,p090_rx_6.webp,172x140,/images/products/331-16520-fricationplate.webp,640x480,enhanced_rre_pdf,enhanced,exact_oe_reference,high,approved,Enhanced from PDF page 90 row null; geometry preserved.
331/20202,BALLJOINT,Axle & Wheel Parts,p010_r131_5.webp,210x141,/images/products/331-20202-balljoint.webp,640x480,enhanced_rre_pdf,enhanced,exact_oe_reference,high,approved,Enhanced from PDF page 10 row 131; geometry preserved.
331/20550,UPPER WEAR PAD 5mm,Wear Pads / Wear Plates,p097_r12_12.webp,195x142,/images/products/331-20550-upper-wear-pad-5mm.webp,640x480,enhanced_rre_pdf,enhanced,exact_oe_reference,high,approved,Enhanced from PDF page 97 row 12; geometry preserved.
331/20552,UPPER WEAR PAD 6mm,Wear Pads / Wear Plates,p097_r13_13.webp,235x141,/images/products/331-20552-upper-wear-pad-6mm.webp,640x480,enhanced_rre_pdf,enhanced,exact_oe_reference,high,approved,Enhanced from PDF page 97 row 13; geometry preserved.
331/20556,UPPER WEAR PAD 7mm,Wear Pads / Wear Plates,p097_r14_14.webp,217x142,/images/products/331-20556-upper-wear-pad-7mm.webp,640x480,enhanced_rre_pdf,enhanced,exact_oe_reference,high,approved,Enhanced from PDF page 97 row 14; geometry preserved.
331/22380,WEARPAD,Wear Pads / Wear Plates,p098_r16_2.webp,211x97,/images/products/331-22380-wearpad.webp,640x480,enhanced_rre_pdf,enhanced,exact_oe_reference,high,approved,Enhanced from PDF page 98 row 16; geometry preserved.
331/22800,STEP,Body Parts,p016_r35_6.webp,252x142,/images/products/331-22800-step.webp,640x480,enhanced_rre_pdf,enhanced,exact_oe_reference,high,approved,Enhanced from PDF page 16 row 35; geometry preserved.
331/25566,GAITER-GEAR LEVER,Bushes / Bearing Liners,p032_r30_1.webp,201x142,/images/products/331-25566-gaiter-gear-lever.webp,640x480,enhanced_rre_pdf,enhanced,exact_oe_reference,high,approved,Enhanced from PDF page 32 row 30; geometry preserved.
331/25685,GAITERS LOADER CONTL,Bushes / Bearing Liners,p032_r31_2.webp,136x141,/images/products/331-25685-gaiters-loader-contl.webp,640x480,enhanced_rre_pdf,enhanced,exact_oe_reference,high,approved,Enhanced from PDF page 32 row 31; geometry preserved.
331/27034,STEP TREAD 410X180,Body Parts,p017_r55_12.webp,255x119,/images/products/331-27034-step-tread-410x180.webp,640x480,enhanced_rre_pdf,enhanced,exact_oe_reference,high,approved,Enhanced from PDF page 17 row 55; geometry preserved.
331/27126,BONNET LOCK,Body Parts,p016_r36_7.webp,136x141,/images/products/331-27126-bonnet-lock.webp,640x480,enhanced_rre_pdf,enhanced,exact_oe_reference,high,approved,Enhanced from PDF page 16 row 36; geometry preserved.
331/27389,BOTTOM WEAR STRIP,Wear Pads / Wear Plates,p098_r17_3.webp,248x142,/images/products/331-27389-bottom-wear-strip.webp,640x480,enhanced_rre_pdf,enhanced,exact_oe_reference,high,approved,Enhanced from PDF page 98 row 17; geometry preserved.
331/28233,LH LATCH ASSY,Bushes / Bearing Liners,p032_rx_4.webp,226x99,/images/products/331-28233-lh-latch-assy.webp,640x480,enhanced_rre_pdf,enhanced,exact_oe_reference,high,approved,Enhanced from PDF page 32 row null; geometry preserved.
331/28235,RH LATCH ASSY,Bushes / Bearing Liners,p032_r34_5.webp,252x105,/images/products/331-28235-rh-latch-assy.webp,640x480,enhanced_rre_pdf,enhanced,exact_oe_reference,high,approved,Enhanced from PDF page 32 row 34; geometry preserved.
331/31071,Catch Window L-S/S BY 335/Y5639,Bushes / Bearing Liners,p032_r35_6.webp,237x141,/images/products/331-31071-catch-window-l-s-s-by-335-y5639.webp,640x480,enhanced_rre_pdf,enhanced,exact_oe_reference,high,approved,Enhanced from PDF page 32 row 35; geometry preserved.
331/31205,GAITERS EXCAVATOR CONTROLS P92,Cabin Parts,p034_r62_6.webp,142x142,/images/products/331-31205-gaiters-excavator-controls-p92.webp,640x480,enhanced_rre_pdf,enhanced,exact_oe_reference,high,approved,Enhanced from PDF page 34 row 62; geometry preserved.
331/34525,CONTROL PIVOT,Engine Parts,p045_r10_10.webp,179x141,/images/products/331-34525-control-pivot.webp,640x480,enhanced_rre_pdf,enhanced,exact_oe_reference,high,approved,Enhanced from PDF page 45 row 10; geometry preserved.
331/39126,LOADER SAFETY STRUT 690mm,Body Parts,p016_r37_8.webp,248x140,/images/products/331-39126-loader-safety-strut-690mm.webp,640x480,enhanced_rre_pdf,enhanced,exact_oe_reference,high,approved,Enhanced from PDF page 16 row 37; geometry preserved.
331/66784,GAS STRUT 157>245,Cabin Parts,p033_r56_14.webp,244x141,/images/products/331-66784-gas-strut-157245.webp,640x480,enhanced_rre_pdf,enhanced,exact_oe_reference,high,approved,Enhanced from PDF page 33 row 56; geometry preserved.
331/66785,GAS STRUT 327-585,Cabin Parts,p034_r57_1.webp,250x137,/images/products/331-66785-gas-strut-327-585.webp,640x480,enhanced_rre_pdf,enhanced,exact_oe_reference,high,approved,Enhanced from PDF page 34 row 57; geometry preserved.
332/C0010,QUICK CONNECTOR,Engine Parts,p050_r76_5.webp,190x141,/images/products/332-c0010-quick-connector.webp,640x480,enhanced_rre_pdf,enhanced,exact_oe_reference,high,approved,Enhanced from PDF page 50 row 76; geometry preserved.
332/C3148,HELLA HIGH CAPACIT,Electrical Parts,p039_rx_7.webp,172x132,/images/products/332-c3148-hella-high-capacit.webp,640x480,enhanced_rre_pdf,enhanced,exact_oe_reference,high,approved,Enhanced from PDF page 39 row null; geometry preserved.
332/C4382,SCAVENGE HOSE,Engine Parts,p050_r77_6.webp,239x87,/images/products/332-c4382-scavenge-hose.webp,640x480,enhanced_rre_pdf,enhanced,exact_oe_reference,high,approved,Enhanced from PDF page 50 row 77; geometry preserved.
332/D6723,FILTER/PUMPASSY,Filters,p055_r38_9.webp,199x141,/images/products/332-d6723-filter-pumpassy.webp,640x480,enhanced_rre_pdf,enhanced,exact_oe_reference,high,approved,Enhanced from PDF page 55 row 38; geometry preserved.
332/E8224,SEAL KIT 90X60,Seals & Seal Kits,p077_r62_5.webp,251x173,/images/products/332-e8224-seal-kit-90x60.webp,640x480,enhanced_rre_pdf,enhanced,exact_oe_reference,high,approved,Enhanced from PDF page 77 row 62; geometry preserved.
332/F9028,TWIN PUMP 33/23ccr,Hydraulic / Pump Drive,p063_r11_11.webp,222x122,/images/products/332-f9028-twin-pump-33-23ccr.webp,640x480,enhanced_rre_pdf,enhanced,exact_oe_reference,high,approved,Enhanced from PDF page 63 row 11; geometry preserved.
332/G0719,LINER BEARING 70x84x57,Bushes / Bearing Liners,p027_r65_8.webp,207x141,/images/products/332-g0719-liner-bearing-70x84x57.webp,640x480,enhanced_rre_pdf,enhanced,exact_oe_reference,high,approved,Enhanced from PDF page 27 row 65; geometry preserved.
332/G6451,INGPOST PIVOT C/M (Alt. No. 913/10079),Pins,p067_rx_5.webp,520x199,/images/products/332-g6451-ingpost-pivot-c-m-alt-no-913-10079.webp,640x480,enhanced_rre_pdf,enhanced,exact_oe_reference,high,approved,Enhanced from PDF page 67 row null; geometry preserved.
332/H0893,Pumpwater,Engine Parts,p045_rx_7.webp,211x140,/images/products/332-h0893-pumpwater.webp,640x480,enhanced_rre_pdf,enhanced,exact_oe_reference,high,approved,Enhanced from PDF page 45 row null; geometry preserved.
332/H3930,PlanetaryAssembly,Axle & Wheel Parts,p009_r121_9.webp,189x142,/images/products/332-h3930-planetaryassembly.webp,640x480,enhanced_rre_pdf,enhanced,exact_oe_reference,high,approved,Enhanced from PDF page 9 row 121; geometry preserved.
332/U7589,EXPANSION TANK ABI 426 TO 456,Engine Parts,p051_r95_10.webp,245x141,/images/products/332-u7589-expansion-tank-abi-426-to-456.webp,640x480,enhanced_rre_pdf,enhanced,exact_oe_reference,high,approved,Enhanced from PDF page 51 row 95; geometry preserved.
332/Y3852,THROTTLE CABLE ASSY,Cables,p035_rx_1.webp,164x140,/images/products/332-y3852-throttle-cable-assy.webp,640x480,enhanced_rre_pdf,enhanced,exact_oe_reference,high,approved,Enhanced from PDF page 35 row null; geometry preserved.
332/Y8134,BRAKECOUNTERPLATE,Body Parts,p019_r11_10.webp,205x140,/images/products/332-y8134-brakecounterplate.webp,640x480,enhanced_rre_pdf,enhanced,exact_oe_reference,high,approved,Enhanced from PDF page 19 row 11; geometry preserved.
332/Y8135,BRAKEFRICTIONPLATE,Body Parts,p019_r12_11.webp,216x139,/images/products/332-y8135-brakefrictionplate.webp,640x480,enhanced_rre_pdf,enhanced,exact_oe_reference,high,approved,Enhanced from PDF page 19 row 12; geometry preserved.
332/Y8857,LAYSHAFT -L/R,Torque Converter,p090_rx_8.webp,228x92,/images/products/332-y8857-layshaft-l-r.webp,640x480,enhanced_rre_pdf,enhanced,exact_oe_reference,high,approved,Enhanced from PDF page 90 row null; geometry preserved.
333/H4196,KitSpider,Axle & Wheel Parts,p008_r106_8.webp,130x142,/images/products/333-h4196-kitspider.webp,640x480,enhanced_rre_pdf,enhanced,exact_oe_reference,high,approved,Enhanced from PDF page 8 row 106; geometry preserved.
333/J6448,WORKLIGHT#JS220,Electrical Parts,p043_r69_12.webp,211x137,/images/products/333-j6448-worklightjs220.webp,640x480,enhanced_rre_pdf,enhanced,exact_oe_reference,high,approved,Enhanced from PDF page 43 row 69; geometry preserved.
333/P9523,WATER TEMP.GUAGE,Electrical Parts,p039_r14_14.webp,213x131,/images/products/333-p9523-water-tempguage.webp,640x480,enhanced_rre_pdf,enhanced,exact_oe_reference,high,approved,Enhanced from PDF page 39 row 14; geometry preserved.
333/Y0793,BOOT,Hydraulic / Pump Drive,p063_rx_9.webp,242x140,/images/products/333-y0793-boot.webp,640x480,enhanced_rre_pdf,enhanced,exact_oe_reference,high,approved,Enhanced from PDF page 63 row null; geometry preserved.
333/Y1346,STRAINER-FUEL FILTER,Body Parts,p016_r40_11.webp,158x142,/images/products/333-y1346-strainer-fuel-filter.webp,640x480,enhanced_rre_pdf,enhanced,exact_oe_reference,high,approved,Enhanced from PDF page 16 row 40; geometry preserved.
333/Y4500,Master Cylinder Bosch 25.,Brake Parts,p021_r36_8.webp,212x141,/images/products/333-y4500-master-cylinder-bosch-25.webp,640x480,enhanced_rre_pdf,enhanced,exact_oe_reference,high,approved,Enhanced from PDF page 21 row 36; geometry preserved.
335/08180,WAFRONTGRILLE',Body Parts,p017_r50_7.webp,253x141,/images/products/335-08180-wafrontgrille.webp,640x480,enhanced_rre_pdf,enhanced,exact_oe_reference,high,approved,Enhanced from PDF page 17 row 50; geometry preserved.
35/404202,REPAIR KIT,Pins,p074_r18_3.webp,224x152,/images/products/35-404202-repair-kit.webp,640x480,enhanced_rre_pdf,enhanced,exact_oe_reference,high,approved,Enhanced from PDF page 74 row 18; geometry preserved.
35/412100,PRIORITY VALVE,Hydraulic / Pump Drive,p063_r13_13.webp,182x141,/images/products/35-412100-priority-valve.webp,640x480,enhanced_rre_pdf,enhanced,exact_oe_reference,high,approved,Enhanced from PDF page 63 row 13; geometry preserved.
40/300893,FILTER ELEMENT,Filters,p055_r32_3.webp,204x122,/images/products/40-300893-filter-element.webp,640x480,enhanced_rre_pdf,enhanced,exact_oe_reference,high,approved,Enhanced from PDF page 55 row 32; geometry preserved.
40/301610,BUSH,Bushes / Bearing Liners,p024_r27_13.webp,131x131,/images/products/40-301610-bush.webp,640x480,enhanced_rre_pdf,enhanced,exact_oe_reference,high,approved,Enhanced from PDF page 24 row 27; geometry preserved.
40/301615,BOOM LOCK WA,Body Parts,p016_r41_12.webp,182x140,/images/products/40-301615-boom-lock-wa.webp,640x480,enhanced_rre_pdf,enhanced,exact_oe_reference,high,approved,Enhanced from PDF page 16 row 41; geometry preserved.
40/302709,THROTTLE CABLE (P92),Cables,p035_rx_2.webp,212x141,/images/products/40-302709-throttle-cable-p92.webp,640x480,enhanced_rre_pdf,enhanced,exact_oe_reference,high,approved,Enhanced from PDF page 35 row null; geometry preserved.
40/302723,SENDER WATER TEMP.,Electrical Parts,p039_rx_8.webp,179x140,/images/products/40-302723-sender-water-temp.webp,640x480,enhanced_rre_pdf,enhanced,exact_oe_reference,high,approved,Enhanced from PDF page 39 row null; geometry preserved.
40/302921,THROTTLECABLE-P92LOADER,Cables,p035_rx_2.webp,212x141,/images/products/40-302921-throttlecable-p92loader.webp,640x480,enhanced_rre_pdf,enhanced,exact_oe_reference,high,approved,Enhanced from PDF page 35 row null; geometry preserved.
40/303383,SWITCH ENGINE OIL PRESSUR,Electrical Parts,p039_rx_9.webp,239x141,/images/products/40-303383-switch-engine-oil-pressur.webp,640x480,enhanced_rre_pdf,enhanced,exact_oe_reference,high,approved,Enhanced from PDF page 39 row null; geometry preserved.
40/303388,12V MINI RELAY 30A/20A,Electrical Parts,p039_r10_10.webp,132x140,/images/products/40-303388-12v-mini-relay-30a-20a.webp,640x480,enhanced_rre_pdf,enhanced,exact_oe_reference,high,approved,Enhanced from PDF page 39 row 10; geometry preserved.
40/303389,12V FLASHER,Electrical Parts,p039_r11_11.webp,189x141,/images/products/40-303389-12v-flasher.webp,640x480,enhanced_rre_pdf,enhanced,exact_oe_reference,high,approved,Enhanced from PDF page 39 row 11; geometry preserved.
40/303394,BUSH,Bushes / Bearing Liners,p025_r29_1.webp,213x141,/images/products/40-303394-bush.webp,640x480,enhanced_rre_pdf,enhanced,exact_oe_reference,high,approved,Enhanced from PDF page 25 row 29; geometry preserved.
40/303398,SEAL 60-70-5,Pins,p074_r19_4.webp,135x123,/images/products/40-303398-seal-60-70-5.webp,640x480,enhanced_rre_pdf,enhanced,exact_oe_reference,high,approved,Enhanced from PDF page 74 row 19; geometry preserved.
40/303426,LINERBEARING,Bushes / Bearing Liners,p025_r30_2.webp,204x142,/images/products/40-303426-linerbearing.webp,640x480,enhanced_rre_pdf,enhanced,exact_oe_reference,high,approved,Enhanced from PDF page 25 row 30; geometry preserved.
40/303610,TEE ADAPTOR,Hoses,p060_r14_14.webp,184x143,/images/products/40-303610-tee-adaptor.webp,640x480,enhanced_rre_pdf,enhanced,exact_oe_reference,high,approved,Enhanced from PDF page 60 row 14; geometry preserved.
40/303620,LINERRING,Bushes / Bearing Liners,p025_r31_3.webp,111x124,/images/products/40-303620-linerring.webp,640x480,enhanced_rre_pdf,enhanced,exact_oe_reference,high,approved,Enhanced from PDF page 25 row 31; geometry preserved.
445/03005,COLLAPSIBLE SPACER,Shim / Spacer / Washer,p083_rx_4.webp,222x141,/images/products/445-03005-collapsible-spacer.webp,640x480,enhanced_rre_pdf,enhanced,exact_oe_reference,high,approved,Enhanced from PDF page 83 row null; geometry preserved.
445/03007,THIRDGEAR,Torque Converter,p090_r11_10.webp,179x140,/images/products/445-03007-thirdgear.webp,640x480,enhanced_rre_pdf,enhanced,exact_oe_reference,high,approved,Enhanced from PDF page 90 row 11; geometry preserved.
445/03009,SECOND GEAR,Torque Converter,p090_r12_11.webp,210x133,/images/products/445-03009-second-gear.webp,640x480,enhanced_rre_pdf,enhanced,exact_oe_reference,high,approved,Enhanced from PDF page 90 row 12; geometry preserved.
445/03010,HUB SLEEVE,Torque Converter,p090_r13_12.webp,149x120,/images/products/445-03010-hub-sleeve.webp,640x480,enhanced_rre_pdf,enhanced,exact_oe_reference,high,approved,Enhanced from PDF page 90 row 13; geometry preserved.
445/03012,FIRSTGEAR,Torque Converter,p090_r14_13.webp,206x120,/images/products/445-03012-firstgear.webp,640x480,enhanced_rre_pdf,enhanced,exact_oe_reference,high,approved,Enhanced from PDF page 90 row 14; geometry preserved.
445/03021,GEAR LEVER GAITER,Bushes / Bearing Liners,p032_r41_11.webp,179x140,/images/products/445-03021-gear-lever-gaiter.webp,640x480,enhanced_rre_pdf,enhanced,exact_oe_reference,high,approved,Enhanced from PDF page 32 row 41; geometry preserved.
445/03023,PIVOT PIN,Torque Converter,p091_r16_1.webp,124x115,/images/products/445-03023-pivot-pin.webp,640x480,enhanced_rre_pdf,enhanced,exact_oe_reference,high,approved,Enhanced from PDF page 91 row 16; geometry preserved.
445/03205,FRICTION PLATE,Torque Converter,p091_r17_2.webp,156x141,/images/products/445-03205-friction-plate.webp,640x480,enhanced_rre_pdf,enhanced,exact_oe_reference,high,approved,Enhanced from PDF page 91 row 17; geometry preserved.
445/03206,COUNTER PLATE,Torque Converter,p091_r18_3.webp,201x141,/images/products/445-03206-counter-plate.webp,640x480,enhanced_rre_pdf,enhanced,exact_oe_reference,high,approved,Enhanced from PDF page 91 row 18; geometry preserved.
445/03300,SYNCHRONISER ASSY,Torque Converter,p091_r19_4.webp,176x141,/images/products/445-03300-synchroniser-assy.webp,640x480,enhanced_rre_pdf,enhanced,exact_oe_reference,high,approved,Enhanced from PDF page 91 row 19; geometry preserved.
445/04700,SHIM KIT,Shim / Spacer / Washer,p083_rx_5.webp,240x100,/images/products/445-04700-shim-kit.webp,640x480,enhanced_rre_pdf,enhanced,exact_oe_reference,high,approved,Enhanced from PDF page 83 row null; geometry preserved.
445/05501,TOP GEAR SHIFT LEVER,Torque Converter,p091_r20_5.webp,202x128,/images/products/445-05501-top-gear-shift-lever.webp,640x480,enhanced_rre_pdf,enhanced,exact_oe_reference,high,approved,Enhanced from PDF page 91 row 20; geometry preserved.
445/05503,GEAR SHIFT BOT STAB L,Torque Converter,p091_r21_6.webp,224x71,/images/products/445-05503-gear-shift-bot-stab-l.webp,640x480,enhanced_rre_pdf,enhanced,exact_oe_reference,high,approved,Enhanced from PDF page 91 row 21; geometry preserved.
445/10200,GASOLENOIDADAPTOR,Solenoid,p086_r10_10.webp,223x116,/images/products/445-10200-gasolenoidadaptor.webp,640x480,enhanced_rre_pdf,enhanced,exact_oe_reference,high,approved,Enhanced from PDF page 86 row 10; geometry preserved.
445/10703,COUPLINGYOKE,Axle & Wheel Parts,p007_r91_7.webp,242x142,/images/products/445-10703-couplingyoke.webp,640x480,enhanced_rre_pdf,enhanced,exact_oe_reference,high,approved,Enhanced from PDF page 7 row 91; geometry preserved.
445/10802,GEAR SHIFT BALL SEATING,Torque Converter,p091_r24_9.webp,188x141,/images/products/445-10802-gear-shift-ball-seating.webp,640x480,enhanced_rre_pdf,enhanced,exact_oe_reference,high,approved,Enhanced from PDF page 91 row 24; geometry preserved.
445/10803,GEAR SHIFT BALL WASHER,Torque Converter,p091_r25_10.webp,124x126,/images/products/445-10803-gear-shift-ball-washer.webp,640x480,enhanced_rre_pdf,enhanced,exact_oe_reference,high,approved,Enhanced from PDF page 91 row 25; geometry preserved.
445/12303,WASHER - THRUST,Torque Converter,p091_r26_11.webp,202x141,/images/products/445-12303-washer-thrust.webp,640x480,enhanced_rre_pdf,enhanced,exact_oe_reference,high,approved,Enhanced from PDF page 91 row 26; geometry preserved.
445/12307,COUNTER PLATE,Torque Converter,p091_r27_12.webp,167x138,/images/products/445-12307-counter-plate.webp,640x480,enhanced_rre_pdf,enhanced,exact_oe_reference,high,approved,Enhanced from PDF page 91 row 27; geometry preserved.
445/19808,THRUST WASHER,Torque Converter,p091_r26_11.webp,202x141,/images/products/445-19808-thrust-washer.webp,640x480,enhanced_rre_pdf,enhanced,exact_oe_reference,high,approved,Enhanced from PDF page 91 row 26; geometry preserved.
445/30011,FRICTION PLATE,Transmission & Gear Parts,p092_r31_3.webp,175x141,/images/products/445-30011-friction-plate.webp,640x480,enhanced_rre_pdf,enhanced,exact_oe_reference,high,approved,Enhanced from PDF page 92 row 31; geometry preserved.
445/40204,OIL BAFFLE PLATE,Shim / Spacer / Washer,p083_rx_6.webp,150x127,/images/products/445-40204-oil-baffle-plate.webp,640x480,enhanced_rre_pdf,enhanced,exact_oe_reference,high,approved,Enhanced from PDF page 83 row null; geometry preserved.
445/64301,TRANSFERGEAR,Transmission & Gear Parts,p092_r32_4.webp,128x141,/images/products/445-64301-transfergear.webp,640x480,enhanced_rre_pdf,enhanced,exact_oe_reference,high,approved,Enhanced from PDF page 92 row 32; geometry preserved.
445/64401,TRANSFER GEAR,Transmission & Gear Parts,p092_r33_5.webp,179x141,/images/products/445-64401-transfer-gear.webp,640x480,enhanced_rre_pdf,enhanced,exact_oe_reference,high,approved,Enhanced from PDF page 92 row 33; geometry preserved.
445/70401,LAYSHAFT,Transmission & Gear Parts,p092_r34_6.webp,226x119,/images/products/445-70401-layshaft.webp,640x480,enhanced_rre_pdf,enhanced,exact_oe_reference,high,approved,Enhanced from PDF page 92 row 34; geometry preserved.
445/73503,PISTON -CLUTCH,Transmission & Gear Parts,p092_r39_11.webp,163x141,/images/products/445-73503-piston-clutch.webp,640x480,enhanced_rre_pdf,enhanced,exact_oe_reference,high,approved,Enhanced from PDF page 92 row 39; geometry preserved.
448/03902,TURNNION,Axle & Wheel Parts,p007_r90_6.webp,229x141,/images/products/448-03902-turnnion.webp,640x480,enhanced_rre_pdf,enhanced,exact_oe_reference,high,approved,Enhanced from PDF page 7 row 90; geometry preserved.
448/04802,MASKING RING,Seals & Seal Kits,p082_r127_1.webp,149x127,/images/products/448-04802-masking-ring.webp,640x480,enhanced_rre_pdf,enhanced,exact_oe_reference,high,approved,Enhanced from PDF page 82 row 127; geometry preserved.
448/16905,BUSH,Brake Parts,p021_r31_3.webp,118x127,/images/products/448-16905-bush.webp,640x480,enhanced_rre_pdf,enhanced,exact_oe_reference,high,approved,Enhanced from PDF page 21 row 31; geometry preserved.
448/17205,KitSeal,Seals & Seal Kits,p081_r119_5.webp,224x142,/images/products/448-17205-kitseal.webp,640x480,enhanced_rre_pdf,enhanced,exact_oe_reference,high,approved,Enhanced from PDF page 81 row 119; geometry preserved.
448/42210,DIFFERENTIAL ASSY,Axle & Wheel Parts,p008_r109_11.webp,187x140,/images/products/448-42210-differential-assy.webp,640x480,enhanced_rre_pdf,enhanced,exact_oe_reference,high,approved,Enhanced from PDF page 8 row 109; geometry preserved.
449/02001,GEAR-22T&PLATESUPPORT,Torque Converter,p091_r28_13.webp,155x142,/images/products/449-02001-gear-22tplatesupport.webp,640x480,enhanced_rre_pdf,enhanced,exact_oe_reference,high,approved,Enhanced from PDF page 91 row 28; geometry preserved.
449/02002,3&PLATESUPPORT,Transmission & Gear Parts,p092_r36_8.webp,188x141,/images/products/449-02002-3platesupport.webp,640x480,enhanced_rre_pdf,enhanced,exact_oe_reference,high,approved,Enhanced from PDF page 92 row 36; geometry preserved.
449/05500,DISC SPRING ASSY.,Transmission & Gear Parts,p092_r37_9.webp,167x140,/images/products/449-05500-disc-spring-assy.webp,640x480,enhanced_rre_pdf,enhanced,exact_oe_reference,high,approved,Enhanced from PDF page 92 row 37; geometry preserved.
449/10003,Housing plate carrier assy 22T & 45T,Transmission & Gear Parts,p092_r38_10.webp,152x141,/images/products/449-10003-housing-plate-carrier-assy-22t-45t.webp,640x480,enhanced_rre_pdf,enhanced,exact_oe_reference,high,approved,Enhanced from PDF page 92 row 38; geometry preserved.
449/10601,PRESSUREPLATE,Transmission & Gear Parts,p092_r29_1.webp,167x141,/images/products/449-10601-pressureplate.webp,640x480,enhanced_rre_pdf,enhanced,exact_oe_reference,high,approved,Enhanced from PDF page 92 row 29; geometry preserved.
449/M2160,G.A. PISTON - CLUTCH,Transmission & Gear Parts,p092_r39_11.webp,163x141,/images/products/449-m2160-ga-piston-clutch.webp,640x480,enhanced_rre_pdf,enhanced,exact_oe_reference,high,approved,Enhanced from PDF page 92 row 39; geometry preserved.
450/10213,REACTION PIN,Pins,p072_r71_1.webp,146x141,/images/products/450-10213-reaction-pin.webp,640x480,enhanced_rre_pdf,enhanced,exact_oe_reference,high,approved,Enhanced from PDF page 72 row 71; geometry preserved.
450/10215,PLATE CARRIER,Body Parts,p019_r14_13.webp,184x142,/images/products/450-10215-plate-carrier.webp,640x480,enhanced_rre_pdf,enhanced,exact_oe_reference,high,approved,Enhanced from PDF page 19 row 14; geometry preserved.
450/10224,BRAKEFRICTIONPLATE,Brake Parts,p020_r15_1.webp,215x115,/images/products/450-10224-brakefrictionplate.webp,640x480,enhanced_rre_pdf,enhanced,exact_oe_reference,high,approved,Enhanced from PDF page 20 row 15; geometry preserved.
450/10226,BRAKECOUNTERPLATE,Brake Parts,p020_r16_2.webp,181x141,/images/products/450-10226-brakecounterplate.webp,640x480,enhanced_rre_pdf,enhanced,exact_oe_reference,high,approved,Enhanced from PDF page 20 row 16; geometry preserved.
450/10403,DIFF SIDE NUT,Brake Parts,p020_r17_3.webp,205x119,/images/products/450-10403-diff-side-nut.webp,640x480,enhanced_rre_pdf,enhanced,exact_oe_reference,high,approved,Enhanced from PDF page 20 row 17; geometry preserved.
450/10903,TRUNNIONPIN,Pins,p067_rx_6.webp,208x141,/images/products/450-10903-trunnionpin.webp,640x480,enhanced_rre_pdf,enhanced,exact_oe_reference,high,approved,Enhanced from PDF page 67 row null; geometry preserved.
450/12703,RING DOWEL,Axle & Wheel Parts,p007_r96_12.webp,184x141,/images/products/450-12703-ring-dowel.webp,640x480,enhanced_rre_pdf,enhanced,exact_oe_reference,high,approved,Enhanced from PDF page 7 row 96; geometry preserved.
450/20401,PLATEPRESSURE,Axle & Wheel Parts,p008_r104_6.webp,244x126,/images/products/450-20401-platepressure.webp,640x480,enhanced_rre_pdf,enhanced,exact_oe_reference,high,approved,Enhanced from PDF page 8 row 104; geometry preserved.
450/20402,PLATEFRICTION,Axle & Wheel Parts,p008_r103_5.webp,212x142,/images/products/450-20402-platefriction.webp,640x480,enhanced_rre_pdf,enhanced,exact_oe_reference,high,approved,Enhanced from PDF page 8 row 103; geometry preserved.
450/20403,PLATECOUNTER,Axle & Wheel Parts,p008_r102_4.webp,234x141,/images/products/450-20403-platecounter.webp,640x480,enhanced_rre_pdf,enhanced,exact_oe_reference,high,approved,Enhanced from PDF page 8 row 102; geometry preserved.
450/20600,ASSY.DIFF. -PINION/GEAR,Axle & Wheel Parts,p008_r101_3.webp,200x142,/images/products/450-20600-assydiff-pinion-gear.webp,640x480,enhanced_rre_pdf,enhanced,exact_oe_reference,high,approved,Enhanced from PDF page 8 row 101; geometry preserved.
450/26200,G.A. DIFFERENTIAL LSD',Axle & Wheel Parts,p009_r113_1.webp,157x141,/images/products/450-26200-ga-differential-lsd.webp,640x480,enhanced_rre_pdf,enhanced,exact_oe_reference,high,approved,Enhanced from PDF page 9 row 113; geometry preserved.
451/01702,FRICTIONPLATE,Brake Parts,p020_r20_6.webp,235x141,/images/products/451-01702-frictionplate.webp,640x480,enhanced_rre_pdf,enhanced,exact_oe_reference,high,approved,Enhanced from PDF page 20 row 20; geometry preserved.
454/07401,SunGear,Axle & Wheel Parts,p010_r135_8.webp,159x141,/images/products/454-07401-sungear.webp,640x480,enhanced_rre_pdf,enhanced,exact_oe_reference,high,approved,Enhanced from PDF page 10 row 135; geometry preserved.
458/20281,FRICTIONPLATED40',Brake Parts,p020_rx_8.webp,255x141,/images/products/458-20281-frictionplated40.webp,640x480,enhanced_rre_pdf,enhanced,exact_oe_reference,high,approved,Enhanced from PDF page 20 row null; geometry preserved.
458/20285,3/4BSPTAPERPLUG,Brake Parts,p020_r23_9.webp,219x141,/images/products/458-20285-3-4bsptaperplug.webp,640x480,enhanced_rre_pdf,enhanced,exact_oe_reference,high,approved,Enhanced from PDF page 20 row 23; geometry preserved.
458/20286,COUNTERPLATED40',Brake Parts,p020_r24_10.webp,218x141,/images/products/458-20286-counterplated40.webp,640x480,enhanced_rre_pdf,enhanced,exact_oe_reference,high,approved,Enhanced from PDF page 20 row 24; geometry preserved.
458/20289,Platebrakecounter,Brake Parts,p020_r25_11.webp,171x136,/images/products/458-20289-platebrakecounter.webp,640x480,enhanced_rre_pdf,enhanced,exact_oe_reference,high,approved,Enhanced from PDF page 20 row 25; geometry preserved.
458/20353,FRICTIONPLATE,Brake Parts,p020_r15_1.webp,215x115,/images/products/458-20353-frictionplate.webp,640x480,enhanced_rre_pdf,enhanced,exact_oe_reference,high,approved,Enhanced from PDF page 20 row 15; geometry preserved.
458/20371,BRAKEPISTON,Brake Parts,p021_r40_12.webp,244x142,/images/products/458-20371-brakepiston.webp,640x480,enhanced_rre_pdf,enhanced,exact_oe_reference,high,approved,Enhanced from PDF page 21 row 40; geometry preserved.
458/20541,WASHER,Shim / Spacer / Washer,p083_rx_1.webp,192x140,/images/products/458-20541-washer.webp,640x480,enhanced_rre_pdf,enhanced,exact_oe_reference,high,approved,Enhanced from PDF page 83 row null; geometry preserved.
458/20693,DISC - PARK BRAKE,Brake Parts,p020_r27_13.webp,244x141,/images/products/458-20693-disc-park-brake.webp,640x480,enhanced_rre_pdf,enhanced,exact_oe_reference,high,approved,Enhanced from PDF page 20 row 27; geometry preserved.
458/M2842,DIFF CASING NO GEARS,Axle & Wheel Parts,p009_r115_3.webp,187x143,/images/products/458-m2842-diff-casing-no-gears.webp,640x480,enhanced_rre_pdf,enhanced,exact_oe_reference,high,approved,Enhanced from PDF page 9 row 115; geometry preserved.
458/W4742,GA C/WHEEL & PINION 13/38,Axle & Wheel Parts,p009_r116_4.webp,141x110,/images/products/458-w4742-ga-c-wheel-pinion-13-38.webp,640x480,enhanced_rre_pdf,enhanced,exact_oe_reference,high,approved,Enhanced from PDF page 9 row 116; geometry preserved.
459/10096,GA PISTON - CLUTCH,Transmission & Gear Parts,p092_r40_12.webp,160x141,/images/products/459-10096-ga-piston-clutch.webp,640x480,enhanced_rre_pdf,enhanced,exact_oe_reference,high,approved,Enhanced from PDF page 92 row 40; geometry preserved.
459/50202,2NDGEAR,Transmission & Gear Parts,p092_r42_14.webp,243x135,/images/products/459-50202-2ndgear.webp,640x480,enhanced_rre_pdf,enhanced,exact_oe_reference,high,approved,Enhanced from PDF page 92 row 42; geometry preserved.
459/50428,GEAR 31T,Transmission & Gear Parts,p093_r43_1.webp,182x141,/images/products/459-50428-gear-31t.webp,640x480,enhanced_rre_pdf,enhanced,exact_oe_reference,high,approved,Enhanced from PDF page 93 row 43; geometry preserved.
459/50429,GEAR 22T,Transmission & Gear Parts,p093_r44_2.webp,177x141,/images/products/459-50429-gear-22t.webp,640x480,enhanced_rre_pdf,enhanced,exact_oe_reference,high,approved,Enhanced from PDF page 93 row 44; geometry preserved.
459/50431,PUMPDRIVESHAFT,Hydraulic / Pump Drive,p063_r14_14.webp,166x141,/images/products/459-50431-pumpdriveshaft.webp,640x480,enhanced_rre_pdf,enhanced,exact_oe_reference,high,approved,Enhanced from PDF page 63 row 14; geometry preserved.
459/70138,YOKE - OUTPUT - 1550,Axle & Wheel Parts,p007_r97_13.webp,198x141,/images/products/459-70138-yoke-output-1550.webp,640x480,enhanced_rre_pdf,enhanced,exact_oe_reference,high,approved,Enhanced from PDF page 7 row 97; geometry preserved.
459/70271,GEAR SHIFT LEVER -BTM,Transmission & Gear Parts,p093_r46_4.webp,222x75,/images/products/459-70271-gear-shift-lever-btm.webp,640x480,enhanced_rre_pdf,enhanced,exact_oe_reference,high,approved,Enhanced from PDF page 93 row 46; geometry preserved.
459/70317,COUPLING  YOKE (P92),Axle & Wheel Parts,p007_r94_10.webp,241x142,/images/products/459-70317-coupling-yoke-p92.webp,640x480,enhanced_rre_pdf,enhanced,exact_oe_reference,high,approved,Enhanced from PDF page 7 row 94; geometry preserved.
459/M2874,Valvesolenoidassembly,Solenoid,p086_r11_11.webp,207x141,/images/products/459-m2874-valvesolenoidassembly.webp,640x480,enhanced_rre_pdf,enhanced,exact_oe_reference,high,approved,Enhanced from PDF page 86 row 11; geometry preserved.
477/00223,PRESSURE CAP 1bar,Engine Parts,p050_r78_7.webp,211x141,/images/products/477-00223-pressure-cap-1bar.webp,640x480,enhanced_rre_pdf,enhanced,exact_oe_reference,high,approved,Enhanced from PDF page 50 row 78; geometry preserved.
550/40899,BUSH (ARM BOOMCYL),Bushes / Bearing Liners,p025_r32_4.webp,224x141,/images/products/550-40899-bush-arm-boomcyl.webp,640x480,enhanced_rre_pdf,enhanced,exact_oe_reference,high,approved,Enhanced from PDF page 25 row 32; geometry preserved.
550/40927,BUSH (BUCKET),Bushes / Bearing Liners,p025_r33_5.webp,134x141,/images/products/550-40927-bush-bucket.webp,640x480,enhanced_rre_pdf,enhanced,exact_oe_reference,high,approved,Enhanced from PDF page 25 row 33; geometry preserved.
550/40980,CUSHIONING PLUNGER(SLEW,Body Parts,p017_r43_0.webp,234x143,/images/products/550-40980-cushioning-plunger-slew.webp,640x480,enhanced_rre_pdf,enhanced,exact_oe_reference,high,approved,Enhanced from PDF page 17 row 43; geometry preserved.
550/40982,BUSH(SLEW CYL),Bushes / Bearing Liners,p028_r78_7.webp,214x141,/images/products/550-40982-bush-slew-cyl.webp,640x480,enhanced_rre_pdf,enhanced,exact_oe_reference,high,approved,Enhanced from PDF page 28 row 78; geometry preserved.
550/40983,BUSH R.E (SLEW,Bushes / Bearing Liners,p025_r34_6.webp,213x141,/images/products/550-40983-bush-re-slew.webp,640x480,enhanced_rre_pdf,enhanced,exact_oe_reference,high,approved,Enhanced from PDF page 25 row 34; geometry preserved.
550/42607,Water Pump assly.,Engine Parts,p050_r79_8.webp,217x141,/images/products/550-42607-water-pump-assly.webp,640x480,enhanced_rre_pdf,enhanced,exact_oe_reference,high,approved,Enhanced from PDF page 50 row 79; geometry preserved.
581/00012,FILTERELEMENT,Filters,p055_r34_5.webp,159x142,/images/products/581-00012-filterelement.webp,640x480,enhanced_rre_pdf,enhanced,exact_oe_reference,high,approved,Enhanced from PDF page 55 row 34; geometry preserved.
581/05604,SEAL,Pins,p074_r20_5.webp,175x125,/images/products/581-05604-seal.webp,640x480,enhanced_rre_pdf,enhanced,exact_oe_reference,high,approved,Enhanced from PDF page 74 row 20; geometry preserved.
581/06301,Element Filter,Filters,p055_r37_8.webp,242x188,/images/products/581-06301-element-filter.webp,640x480,enhanced_rre_pdf,enhanced,exact_oe_reference,high,approved,Enhanced from PDF page 55 row 37; geometry preserved.
595/10027,PISTONHEAD,Axle & Wheel Parts,p009_r117_5.webp,193x141,/images/products/595-10027-pistonhead.webp,640x480,enhanced_rre_pdf,enhanced,exact_oe_reference,high,approved,Enhanced from PDF page 9 row 117; geometry preserved.
595/10057,HEADPISTON,Axle & Wheel Parts,p009_r119_7.webp,181x142,/images/products/595-10057-headpiston.webp,640x480,enhanced_rre_pdf,enhanced,exact_oe_reference,high,approved,Enhanced from PDF page 9 row 119; geometry preserved.
595/10061,P/HEAD 90*60 (595/10037P),Axle & Wheel Parts,p009_r120_8.webp,183x141,/images/products/595-10061-p-head-9060-595-10037p.webp,640x480,enhanced_rre_pdf,enhanced,exact_oe_reference,high,approved,Enhanced from PDF page 9 row 120; geometry preserved.
612/04100,HOSE,Hoses,p062_r38_10.webp,232x79,/images/products/612-04100-hose.webp,640x480,enhanced_rre_pdf,enhanced,exact_oe_reference,high,approved,Enhanced from PDF page 62 row 38; geometry preserved.
613/36002,HOSE,Hoses,p062_r39_11.webp,202x133,/images/products/613-36002-hose.webp,640x480,enhanced_rre_pdf,enhanced,exact_oe_reference,high,approved,Enhanced from PDF page 62 row 39; geometry preserved.
629/26900,HOSE 5/8 BSP - 2520MM,Hoses,p062_r41_13.webp,201x140,/images/products/629-26900-hose-5-8-bsp-2520mm.webp,640x480,enhanced_rre_pdf,enhanced,exact_oe_reference,high,approved,Enhanced from PDF page 62 row 41; geometry preserved.
649/51320,BRAKEHOSE760MM,Body Parts,p019_r13_12.webp,239x141,/images/products/649-51320-brakehose760mm.webp,640x480,enhanced_rre_pdf,enhanced,exact_oe_reference,high,approved,Enhanced from PDF page 19 row 13; geometry preserved.
649/51777,FUEL LINE,Engine Parts,p050_r80_9.webp,246x142,/images/products/649-51777-fuel-line.webp,640x480,enhanced_rre_pdf,enhanced,exact_oe_reference,high,approved,Enhanced from PDF page 50 row 80; geometry preserved.
700/16001,LENS,Light & Lenses,p066_rx_0.webp,195x140,/images/products/700-16001-lens.webp,640x480,enhanced_rre_pdf,enhanced,exact_oe_reference,high,approved,Enhanced from PDF page 66 row null; geometry preserved.
700/26201,LENS,Light & Lenses,p066_rx_3.webp,206x140,/images/products/700-26201-lens.webp,640x480,enhanced_rre_pdf,enhanced,exact_oe_reference,high,approved,Enhanced from PDF page 66 row null; geometry preserved.
700/38400,LIGHT HEAD ASSEMBL,Light & Lenses,p066_rx_5.webp,199x141,/images/products/700-38400-light-head-assembl.webp,640x480,enhanced_rre_pdf,enhanced,exact_oe_reference,high,approved,Enhanced from PDF page 66 row null; geometry preserved.
700/50018,COMBINATION LAMP rear 12v,Light & Lenses,p066_rx_7.webp,220x139,/images/products/700-50018-combination-lamp-rear-12v.webp,640x480,enhanced_rre_pdf,enhanced,exact_oe_reference,high,approved,Enhanced from PDF page 66 row null; geometry preserved.
700/50024,LENS CRL300 ACRYLI,Light & Lenses,p066_rx_8.webp,189x139,/images/products/700-50024-lens-crl300-acryli.webp,640x480,enhanced_rre_pdf,enhanced,exact_oe_reference,high,approved,Enhanced from PDF page 66 row null; geometry preserved.
700/50029,PEDESTAL MOUNTING WORKLAMP,Light & Lenses,p066_r10_9.webp,147x141,/images/products/700-50029-pedestal-mounting-worklamp.webp,640x480,enhanced_rre_pdf,enhanced,exact_oe_reference,high,approved,Enhanced from PDF page 66 row 10; geometry preserved.
701/20800,BATTERYISOLATERSWITCH,Electrical Parts,p040_r15_0.webp,227x140,/images/products/701-20800-batteryisolaterswitch.webp,640x480,enhanced_rre_pdf,enhanced,exact_oe_reference,high,approved,Enhanced from PDF page 40 row 15; geometry preserved.
701/20801,KEY ISOLATOR,Bushes / Bearing Liners,p032_r42_12.webp,163x141,/images/products/701-20801-key-isolator.webp,640x480,enhanced_rre_pdf,enhanced,exact_oe_reference,high,approved,Enhanced from PDF page 32 row 42; geometry preserved.
701/21202,COMBISWITCH-B,Column Switch,p037_rx_2.webp,250x141,/images/products/701-21202-combiswitch-b.webp,640x480,enhanced_rre_pdf,enhanced,exact_oe_reference,high,approved,Enhanced from PDF page 37 row null; geometry preserved.
701/26401,COLUMN SWITCH,Column Switch,p037_rx_3.webp,253x126,/images/products/701-26401-column-switch.webp,640x480,enhanced_rre_pdf,enhanced,exact_oe_reference,high,approved,Enhanced from PDF page 37 row null; geometry preserved.
701/37702,COLUMNSWITCHRH,Column Switch,p037_rx_4.webp,249x140,/images/products/701-37702-columnswitchrh.webp,640x480,enhanced_rre_pdf,enhanced,exact_oe_reference,high,approved,Enhanced from PDF page 37 row null; geometry preserved.
701/41700,SWITCH,Electrical Parts,p040_r19_4.webp,241x140,/images/products/701-41700-switch.webp,640x480,enhanced_rre_pdf,enhanced,exact_oe_reference,high,approved,Enhanced from PDF page 40 row 19; geometry preserved.
701/41900,SWITCH,Electrical Parts,p040_r20_5.webp,240x141,/images/products/701-41900-switch.webp,640x480,enhanced_rre_pdf,enhanced,exact_oe_reference,high,approved,Enhanced from PDF page 40 row 20; geometry preserved.
701/43700,SWITCH-OILPRESSURE',Electrical Parts,p040_r21_6.webp,255x142,/images/products/701-43700-switch-oilpressure.webp,640x480,enhanced_rre_pdf,enhanced,exact_oe_reference,high,approved,Enhanced from PDF page 40 row 21; geometry preserved.
701/44800,BRAKELIGHTSWITCH,Electrical Parts,p040_r25_10.webp,245x141,/images/products/701-44800-brakelightswitch.webp,640x480,enhanced_rre_pdf,enhanced,exact_oe_reference,high,approved,Enhanced from PDF page 40 row 25; geometry preserved.
701/52601,Switchfwd&rev,Column Switch,p037_rx_5.webp,248x141,/images/products/701-52601-switchfwdrev.webp,640x480,enhanced_rre_pdf,enhanced,exact_oe_reference,high,approved,Enhanced from PDF page 37 row null; geometry preserved.
701/55100,SWITCH LEFT HAND F,Column Switch,p037_rx_7.webp,241x142,/images/products/701-55100-switch-left-hand-f.webp,640x480,enhanced_rre_pdf,enhanced,exact_oe_reference,high,approved,Enhanced from PDF page 37 row null; geometry preserved.
701/58701,DECAL4wdswitch,Electrical Parts,p042_r47_4.webp,188x141,/images/products/701-58701-decal4wdswitch.webp,640x480,enhanced_rre_pdf,enhanced,exact_oe_reference,high,approved,Enhanced from PDF page 42 row 47; geometry preserved.
701/58705,COVER FRONT WORK,Electrical Parts,p042_r50_7.webp,118x141,/images/products/701-58705-cover-front-work.webp,640x480,enhanced_rre_pdf,enhanced,exact_oe_reference,high,approved,Enhanced from PDF page 42 row 50; geometry preserved.
701/58706,SWITCH COVER,Electrical Parts,p042_r52_9.webp,106x141,/images/products/701-58706-switch-cover.webp,640x480,enhanced_rre_pdf,enhanced,exact_oe_reference,high,approved,Enhanced from PDF page 42 row 52; geometry preserved.
701/58707,DECALSWITCHWASH/PIPE,Electrical Parts,p042_r54_11.webp,118x141,/images/products/701-58707-decalswitchwash-pipe.webp,640x480,enhanced_rre_pdf,enhanced,exact_oe_reference,high,approved,Enhanced from PDF page 42 row 54; geometry preserved.
701/58821,DECAL hazard switch,Electrical Parts,p042_r49_6.webp,176x141,/images/products/701-58821-decal-hazard-switch.webp,640x480,enhanced_rre_pdf,enhanced,exact_oe_reference,high,approved,Enhanced from PDF page 42 row 49; geometry preserved.
701/58823,COVERHSCSWITCH,Electrical Parts,p042_r51_8.webp,136x141,/images/products/701-58823-coverhscswitch.webp,640x480,enhanced_rre_pdf,enhanced,exact_oe_reference,high,approved,Enhanced from PDF page 42 row 51; geometry preserved.
701/58824,COVER HEAD LIGH,Electrical Parts,p042_r53_10.webp,118x142,/images/products/701-58824-cover-head-ligh.webp,640x480,enhanced_rre_pdf,enhanced,exact_oe_reference,high,approved,Enhanced from PDF page 42 row 53; geometry preserved.
701/58825,SWITCHACTUATORBEACONLIGHTS,Electrical Parts,p042_r48_5.webp,222x141,/images/products/701-58825-switchactuatorbeaconlights.webp,640x480,enhanced_rre_pdf,enhanced,exact_oe_reference,high,approved,Enhanced from PDF page 42 row 48; geometry preserved.
701/58826,DECAL -FR WORKL,Electrical Parts,p042_r55_12.webp,229x141,/images/products/701-58826-decal-fr-workl.webp,640x480,enhanced_rre_pdf,enhanced,exact_oe_reference,high,approved,Enhanced from PDF page 42 row 55; geometry preserved.
701/58827,SWITCH ACTUATOR REAR WORKLIGHTS,Electrical Parts,p042_r56_13.webp,127x141,/images/products/701-58827-switch-actuator-rear-worklights.webp,640x480,enhanced_rre_pdf,enhanced,exact_oe_reference,high,approved,Enhanced from PDF page 42 row 56; geometry preserved.
701/58828,DECAL WSH/WIPE SWTICH,Electrical Parts,p043_r58_1.webp,186x143,/images/products/701-58828-decal-wsh-wipe-swtich.webp,640x480,enhanced_rre_pdf,enhanced,exact_oe_reference,high,approved,Enhanced from PDF page 43 row 58; geometry preserved.
701/58833,SWITCH ACTUATOR-AUX HYD TOOLS,Electrical Parts,p043_r60_3.webp,113x142,/images/products/701-58833-switch-actuator-aux-hyd-tools.webp,640x480,enhanced_rre_pdf,enhanced,exact_oe_reference,high,approved,Enhanced from PDF page 43 row 60; geometry preserved.
701/58842,COVER SRS SWITCH,Electrical Parts,p043_r63_6.webp,241x142,/images/products/701-58842-cover-srs-switch.webp,640x480,enhanced_rre_pdf,enhanced,exact_oe_reference,high,approved,Enhanced from PDF page 43 row 63; geometry preserved.
701/60000,SWITCH panel,Electrical Parts,p040_rx_7.webp,209x140,/images/products/701-60000-switch-panel.webp,640x480,enhanced_rre_pdf,enhanced,exact_oe_reference,high,approved,Enhanced from PDF page 40 row null; geometry preserved.
701/60001,SWITCH PANEL 12V 2POS SPCO RW,Electrical Parts,p040_r23_8.webp,200x142,/images/products/701-60001-switch-panel-12v-2pos-spco-rw.webp,640x480,enhanced_rre_pdf,enhanced,exact_oe_reference,high,approved,Enhanced from PDF page 40 row 23; geometry preserved.
701/60003,Switch,Electrical Parts,p041_r42_14.webp,168x141,/images/products/701-60003-switch.webp,640x480,enhanced_rre_pdf,enhanced,exact_oe_reference,high,approved,Enhanced from PDF page 41 row 42; geometry preserved.
701/60004,SWITCH PANEL,Electrical Parts,p042_r43_0.webp,184x141,/images/products/701-60004-switch-panel.webp,640x480,enhanced_rre_pdf,enhanced,exact_oe_reference,high,approved,Enhanced from PDF page 42 row 43; geometry preserved.
701/60006,SWITCH,Electrical Parts,p042_r45_2.webp,202x141,/images/products/701-60006-switch.webp,640x480,enhanced_rre_pdf,enhanced,exact_oe_reference,high,approved,Enhanced from PDF page 42 row 45; geometry preserved.
701/60008,SWITCH12V,Electrical Parts,p042_r46_3.webp,196x140,/images/products/701-60008-switch12v.webp,640x480,enhanced_rre_pdf,enhanced,exact_oe_reference,high,approved,Enhanced from PDF page 42 row 46; geometry preserved.
701/60016,WITCH3-position,Electrical Parts,p041_r40_12.webp,206x141,/images/products/701-60016-witch3-position.webp,640x480,enhanced_rre_pdf,enhanced,exact_oe_reference,high,approved,Enhanced from PDF page 41 row 40; geometry preserved.
701/80145,COLUMN SWITCH P/SHIFT,Column Switch,p037_r10_10.webp,212x142,/images/products/701-80145-column-switch-p-shift.webp,640x480,enhanced_rre_pdf,enhanced,exact_oe_reference,high,approved,Enhanced from PDF page 37 row 10; geometry preserved.
701/80184,SWITCH IGNITION,Electrical Parts,p040_r24_9.webp,226x140,/images/products/701-80184-switch-ignition.webp,640x480,enhanced_rre_pdf,enhanced,exact_oe_reference,high,approved,Enhanced from PDF page 40 row 24; geometry preserved.
701/80225,SWITCH,Electrical Parts,p040_r17_2.webp,250x142,/images/products/701-80225-switch.webp,640x480,enhanced_rre_pdf,enhanced,exact_oe_reference,high,approved,Enhanced from PDF page 40 row 17; geometry preserved.
701/80266,SWITCHBRAKELIGHT,Electrical Parts,p040_r25_10.webp,245x141,/images/products/701-80266-switchbrakelight.webp,640x480,enhanced_rre_pdf,enhanced,exact_oe_reference,high,approved,Enhanced from PDF page 40 row 25; geometry preserved.
701/80296,SWITCH FORWARD & REVERSE LEFT HAND HANDL,Column Switch,p037_r13_13.webp,221x141,/images/products/701-80296-switch-forward-reverse-left-hand-handl.webp,640x480,enhanced_rre_pdf,enhanced,exact_oe_reference,high,approved,Enhanced from PDF page 37 row 13; geometry preserved.
701/80297,COLUMN SWITCH RH,Column Switch,p037_r14_14.webp,245x142,/images/products/701-80297-column-switch-rh.webp,640x480,enhanced_rre_pdf,enhanced,exact_oe_reference,high,approved,Enhanced from PDF page 37 row 14; geometry preserved.
701/80298,SWITCH FOR & REV,Column Switch,p038_r15_0.webp,251x141,/images/products/701-80298-switch-for-rev.webp,640x480,enhanced_rre_pdf,enhanced,exact_oe_reference,high,approved,Enhanced from PDF page 38 row 15; geometry preserved.
701/80299,SWITCH FORWARD & REVERSE LT HAND HANDLE,Column Switch,p038_r16_1.webp,251x172,/images/products/701-80299-switch-forward-reverse-lt-hand-handle.webp,640x480,enhanced_rre_pdf,enhanced,exact_oe_reference,high,approved,Enhanced from PDF page 38 row 16; geometry preserved.
701/80312,PROXIMITY SWITCH,Electrical Parts,p043_r68_11.webp,239x137,/images/products/701-80312-proximity-switch.webp,640x480,enhanced_rre_pdf,enhanced,exact_oe_reference,high,approved,Enhanced from PDF page 43 row 68; geometry preserved.
701/80317,Switch engine water temperature,Electrical Parts,p040_r26_11.webp,227x141,/images/products/701-80317-switch-engine-water-temperature.webp,640x480,enhanced_rre_pdf,enhanced,exact_oe_reference,high,approved,Enhanced from PDF page 40 row 26; geometry preserved.
701/80324,SWITCH oil temperature,Electrical Parts,p040_r28_13.webp,222x142,/images/products/701-80324-switch-oil-temperature.webp,640x480,enhanced_rre_pdf,enhanced,exact_oe_reference,high,approved,Enhanced from PDF page 40 row 28; geometry preserved.
701/80327,Engine Oil pressure switch,Electrical Parts,p041_r29_1.webp,226x138,/images/products/701-80327-engine-oil-pressure-switch.webp,640x480,enhanced_rre_pdf,enhanced,exact_oe_reference,high,approved,Enhanced from PDF page 41 row 29; geometry preserved.
701/80416,SWITCH COVER -DECAL,Electrical Parts,p043_r59_2.webp,123x140,/images/products/701-80416-switch-cover-decal.webp,640x480,enhanced_rre_pdf,enhanced,exact_oe_reference,high,approved,Enhanced from PDF page 43 row 59; geometry preserved.
701/80496,LHCOLUMNSWITCH,Column Switch,p038_r17_2.webp,253x141,/images/products/701-80496-lhcolumnswitch.webp,640x480,enhanced_rre_pdf,enhanced,exact_oe_reference,high,approved,Enhanced from PDF page 38 row 17; geometry preserved.
701/80591,SWITCHOILPRESSURE,Electrical Parts,p043_r64_7.webp,219x141,/images/products/701-80591-switchoilpressure.webp,640x480,enhanced_rre_pdf,enhanced,exact_oe_reference,high,approved,Enhanced from PDF page 43 row 64; geometry preserved.
701/80626,SWITCH-TRANS.OILPR,Electrical Parts,p043_r70_13.webp,208x141,/images/products/701-80626-switch-transoilpr.webp,640x480,enhanced_rre_pdf,enhanced,exact_oe_reference,high,approved,Enhanced from PDF page 43 row 70; geometry preserved.
704/10000,BUZZER RELAY,Electrical Parts,p041_r31_3.webp,166x141,/images/products/704-10000-buzzer-relay.webp,640x480,enhanced_rre_pdf,enhanced,exact_oe_reference,high,approved,Enhanced from PDF page 41 row 31; geometry preserved.
704/31000,GUAGEFUEL,Electrical Parts,p041_r30_2.webp,189x141,/images/products/704-31000-guagefuel.webp,640x480,enhanced_rre_pdf,enhanced,exact_oe_reference,high,approved,Enhanced from PDF page 41 row 30; geometry preserved.
704/31100,GUAGETEMP.,Electrical Parts,p041_r32_4.webp,140x141,/images/products/704-31100-guagetemp.webp,640x480,enhanced_rre_pdf,enhanced,exact_oe_reference,high,approved,Enhanced from PDF page 41 row 32; geometry preserved.
704/50117,GAUGE -FUEL,Cabin Parts,p033_r46_4.webp,201x141,/images/products/704-50117-gauge-fuel.webp,640x480,enhanced_rre_pdf,enhanced,exact_oe_reference,high,approved,Enhanced from PDF page 33 row 46; geometry preserved.
704/D7231,SERVICETACHO/HOURMETER12v,Electrical Parts,p042_r44_1.webp,173x140,/images/products/704-d7231-servicetacho-hourmeter12v.webp,640x480,enhanced_rre_pdf,enhanced,exact_oe_reference,high,approved,Enhanced from PDF page 42 row 44; geometry preserved.
714/20600,PUMP screen wash      12v,Electrical Parts,p043_rx_9.webp,227x142,/images/products/714-20600-pump-screen-wash-12v.webp,640x480,enhanced_rre_pdf,enhanced,exact_oe_reference,high,approved,Enhanced from PDF page 43 row null; geometry preserved.
714/40147,WIPER MOTOR front,Electrical Parts,p043_r57_0.webp,207x140,/images/products/714-40147-wiper-motor-front.webp,640x480,enhanced_rre_pdf,enhanced,exact_oe_reference,high,approved,Enhanced from PDF page 43 row 57; geometry preserved.
716/09500,RELAY,Electrical Parts,p041_r33_5.webp,165x142,/images/products/716-09500-relay.webp,640x480,enhanced_rre_pdf,enhanced,exact_oe_reference,high,approved,Enhanced from PDF page 41 row 33; geometry preserved.
716/09800,Relay Green,Electrical Parts,p041_r34_6.webp,171x141,/images/products/716-09800-relay-green.webp,640x480,enhanced_rre_pdf,enhanced,exact_oe_reference,high,approved,Enhanced from PDF page 41 row 34; geometry preserved.
716/24200,SENSORWATERTEMP,Electrical Parts,p041_r35_7.webp,202x141,/images/products/716-24200-sensorwatertemp.webp,640x480,enhanced_rre_pdf,enhanced,exact_oe_reference,high,approved,Enhanced from PDF page 41 row 35; geometry preserved.
716/30098,SOLENOID,Solenoid,p086_r14_14.webp,180x136,/images/products/716-30098-solenoid.webp,640x480,enhanced_rre_pdf,enhanced,exact_oe_reference,high,approved,Enhanced from PDF page 86 row 14; geometry preserved.
716/30126,SENSOR water temperature,Electrical Parts,p041_r36_8.webp,222x93,/images/products/716-30126-sensor-water-temperature.webp,640x480,enhanced_rre_pdf,enhanced,exact_oe_reference,high,approved,Enhanced from PDF page 41 row 36; geometry preserved.
716/30255,SOLENOID ESOS,Solenoid,p086_r14_14.webp,180x136,/images/products/716-30255-solenoid-esos.webp,640x480,enhanced_rre_pdf,enhanced,exact_oe_reference,high,approved,Enhanced from PDF page 86 row 14; geometry preserved.
716/C6032,HAZARDFLASHERUNIT,Electrical Parts,p039_r11_11.webp,189x141,/images/products/716-c6032-hazardflasherunit.webp,640x480,enhanced_rre_pdf,enhanced,exact_oe_reference,high,approved,Enhanced from PDF page 39 row 11; geometry preserved.
717/00100,THERMOSTART-CAV,Electrical Parts,p041_r37_9.webp,232x132,/images/products/717-00100-thermostart-cav.webp,640x480,enhanced_rre_pdf,enhanced,exact_oe_reference,high,approved,Enhanced from PDF page 41 row 37; geometry preserved.
717/11040,FUSE40AMP,Electrical Parts,p041_r38_10.webp,187x141,/images/products/717-11040-fuse40amp.webp,640x480,enhanced_rre_pdf,enhanced,exact_oe_reference,high,approved,Enhanced from PDF page 41 row 38; geometry preserved.
717/11060,FUSE 60 AMP,Electrical Parts,p041_rx_11.webp,174x141,/images/products/717-11060-fuse-60-amp.webp,640x480,enhanced_rre_pdf,enhanced,exact_oe_reference,high,approved,Enhanced from PDF page 41 row null; geometry preserved.
808/00172,LINER BEARING,Bushes / Bearing Liners,p025_r35_7.webp,139x136,/images/products/808-00172-liner-bearing.webp,640x480,enhanced_rre_pdf,enhanced,exact_oe_reference,high,approved,Enhanced from PDF page 25 row 35; geometry preserved.
808/00173,REWM3X10g12.9,Bushes / Bearing Liners,p025_r36_8.webp,147x141,/images/products/808-00173-rewm3x10g129.webp,640x480,enhanced_rre_pdf,enhanced,exact_oe_reference,high,approved,Enhanced from PDF page 25 row 36; geometry preserved.