image_filename,part_number,product_id,product_title,status,action_taken,image_type,image_url,resolution,size_kb,notes
#831-00114.jpg,831/00114,2ccbedd04bf442ca,THRUST WASHER_SB,REPLACED_GEMINI_AI,Replaced with Gemini regenerated asset,GEMINI_REGENERATED_STUDIO_ASSET,/images/products/831-00114-thrust-washer-sb.webp,1024x1024,74,Watermark completely eliminated; 1024x1024 studio asset deployed.
02-100073.jpg,02/100073,0b57e84f328dcca6,FILTERELEMENT,REPLACED_GEMINI_AI,Replaced with Gemini regenerated asset,GEMINI_REGENERATED_STUDIO_ASSET,/images/products/02-100073-filterelement.webp,1024x1024,23,Watermark completely eliminated; 1024x1024 studio asset deployed.
02-100078.jpg,02/100078,cc9c7930aa19ed1c,RING STARTER,REPLACED_GEMINI_AI,Replaced with Gemini regenerated asset,GEMINI_REGENERATED_STUDIO_ASSET,/images/products/02-100078-ring-starter.webp,1024x1024,36,Watermark completely eliminated; 1024x1024 studio asset deployed.
02-100192.jpg,02/100192,7af8bf88f8ab9e47,THERMOSTAT,REPLACED_GEMINI_AI,Replaced with Gemini regenerated asset,GEMINI_REGENERATED_STUDIO_ASSET,/images/products/02-100192-thermostat.webp,1024x1024,124,Watermark completely eliminated; 1024x1024 studio asset deployed.
02-100284.jpg,02/100284,0deb5719e2d25358,OIL FILTER,REPLACED_GEMINI_AI,Replaced with Gemini regenerated asset,GEMINI_REGENERATED_STUDIO_ASSET,/images/products/02-100284-oil-filter.webp,1024x1024,74,Watermark completely eliminated; 1024x1024 studio asset deployed.
02-103618.jpg,N/A,N/A,N/A,IGNORED_NOT_ON_WEBSITE,Ignored completely per matching rule,N/A,N/A,N/A,N/A,Part Number does not exist in website catalog. Image discarded without processing.
02-192069.jpg,02/192069,b9f1af253bfb1b22,BUSH,REPLACED_GEMINI_AI,Replaced with Gemini regenerated asset,GEMINI_REGENERATED_STUDIO_ASSET,/images/products/02-192069-bush.webp,1024x1024,136,Watermark completely eliminated; 1024x1024 studio asset deployed.
02-200018.jpg,02/200018,feaee3adc020f628,PULLEY,REPLACED_GEMINI_AI,Replaced with Gemini regenerated asset,GEMINI_REGENERATED_STUDIO_ASSET,/images/products/02-200018-pulley.webp,1024x1024,128,Watermark completely eliminated; 1024x1024 studio asset deployed.
02-200145.jpg,02/200145,9bae6532ca9c7d29,GASKET,REPLACED_GEMINI_AI,Replaced with Gemini regenerated asset,GEMINI_REGENERATED_STUDIO_ASSET,/images/products/02-200145-gasket.webp,1024x1024,47,Watermark completely eliminated; 1024x1024 studio asset deployed.
02-200877.jpg,N/A,N/A,N/A,IGNORED_NOT_ON_WEBSITE,Ignored completely per matching rule,N/A,N/A,N/A,N/A,Part Number does not exist in website catalog. Image discarded without processing.
02-200918.jpg,02/200918,d0a394316c25e2d6,HOSE,REPLACED_GEMINI_AI,Replaced with Gemini regenerated asset,GEMINI_REGENERATED_STUDIO_ASSET,/images/products/02-200918-hose.webp,1024x1024,12,Watermark completely eliminated; 1024x1024 studio asset deployed.
02-201099_02-201343.jpg,02/201343,c207448d092020a0,CAP-OILFILTER,REPLACED_GEMINI_AI,Replaced with Gemini regenerated asset,GEMINI_REGENERATED_STUDIO_ASSET,/images/products/02-201343-cap-oilfilter.webp,1024x1024,71,Watermark completely eliminated; 1024x1024 studio asset deployed.
02-201539.jpg,N/A,N/A,N/A,IGNORED_NOT_ON_WEBSITE,Ignored completely per matching rule,N/A,N/A,N/A,N/A,Part Number does not exist in website catalog. Image discarded without processing.
02-201630_02-201457_332-H0893.jpg,332/H0893,e10c38403c6d4080,Pumpwater,REPLACED_GEMINI_AI,Replaced with Gemini regenerated asset,GEMINI_REGENERATED_STUDIO_ASSET,/images/products/332-h0893-pumpwater.webp,1024x1024,156,Watermark completely eliminated; 1024x1024 studio asset deployed.
02-201729_02-200056.jpg,02/201729,2bb2a3d0e160ed6d,GASKETCYL.HEAD,REPLACED_GEMINI_AI,Replaced with Gemini regenerated asset,GEMINI_REGENERATED_STUDIO_ASSET,/images/products/02-201729-gasketcylhead.webp,1024x1024,53,Watermark completely eliminated; 1024x1024 studio asset deployed.
02-202326.jpg,02/202326,f60c89b65e83f93b,GASKET,REPLACED_GEMINI_AI,Replaced with Gemini regenerated asset,GEMINI_REGENERATED_STUDIO_ASSET,/images/products/02-202326-gasket.webp,1024x1024,38,Watermark completely eliminated; 1024x1024 studio asset deployed.
02-202336.jpg,02/202336,f5e591661f26b85d,HOSE,REPLACED_GEMINI_AI,Replaced with Gemini regenerated asset,GEMINI_REGENERATED_STUDIO_ASSET,/images/products/02-202336-hose.webp,1024x1024,13,Watermark completely eliminated; 1024x1024 studio asset deployed.
02-202411.jpg,02/202411,39132ce4b98e0f33,'CONNECTOR',REPLACED_GEMINI_AI,Replaced with Gemini regenerated asset,GEMINI_REGENERATED_STUDIO_ASSET,/images/products/02-202411-connector.webp,1024x1024,74,Watermark completely eliminated; 1024x1024 studio asset deployed.
02-203184.jpg,02/203184,d0b6a9d8228ba357,CONNECTOR,REPLACED_GEMINI_AI,Replaced with Gemini regenerated asset,GEMINI_REGENERATED_STUDIO_ASSET,/images/products/02-203184-connector.webp,1024x1024,92,Watermark completely eliminated; 1024x1024 studio asset deployed.
03-300001.jpg,03/300001,0af72dc18ceba2f4,TORQUE CONVERTOR,REPLACED_GEMINI_AI,Replaced with Gemini regenerated asset,GEMINI_REGENERATED_STUDIO_ASSET,/images/products/03-300001-torque-convertor.webp,1024x1024,122,Watermark completely eliminated; 1024x1024 studio asset deployed.
04-500100_04-500600.jpg,04/500100,b0da8de4ef2bcb1c,TORQUECONVERTER,REPLACED_GEMINI_AI,Replaced with Gemini regenerated asset,GEMINI_REGENERATED_STUDIO_ASSET,/images/products/04-500100-torqueconverter.webp,1024x1024,93,Watermark completely eliminated; 1024x1024 studio asset deployed.
04-500219_20-915901_20-MM4617_904-M9407.jpg,20/915901,0530b6da788a8774,SEAL,REPLACED_GEMINI_AI,Replaced with Gemini regenerated asset,GEMINI_REGENERATED_STUDIO_ASSET,/images/products/20-915901-seal.webp,1024x1024,52,Watermark completely eliminated; 1024x1024 studio asset deployed.
04-500230.jpg,N/A,N/A,N/A,IGNORED_NOT_ON_WEBSITE,Ignored completely per matching rule,N/A,N/A,N/A,N/A,Part Number does not exist in website catalog. Image discarded without processing.
04-500231.jpg,N/A,N/A,N/A,IGNORED_NOT_ON_WEBSITE,Ignored completely per matching rule,N/A,N/A,N/A,N/A,Part Number does not exist in website catalog. Image discarded without processing.
04-500300.jpg,04/500300,95c4e9728e5beeb2,DRIVE PLATE KIT,SOURCE_PLACEHOLDER_OMITTED,"Source photo is a generic ""IMAGE COMING SOON"" graphic; omitted from AI generation to prevent fabricating product features",SUPPLIER_PLACEHOLDER_GRAPHIC,/images/products/04-500300-drive-plate-kit.webp,400x400,14,Source image contains no actual product photo. Requires authentic photo from supplier.
04-500800.jpg,04/500800,642758b97c349991,WH-11TORQUECONVERTOR,REPLACED_GEMINI_AI,Replaced with Gemini regenerated asset,GEMINI_REGENERATED_STUDIO_ASSET,/images/products/04-500800-wh-11torqueconvertor.webp,1024x1024,98,Watermark completely eliminated; 1024x1024 studio asset deployed.
04-501200.jpg,N/A,N/A,N/A,IGNORED_NOT_ON_WEBSITE,Ignored completely per matching rule,N/A,N/A,N/A,N/A,Part Number does not exist in website catalog. Image discarded without processing.
04-600136.jpg,N/A,N/A,N/A,IGNORED_NOT_ON_WEBSITE,Ignored completely per matching rule,N/A,N/A,N/A,N/A,Part Number does not exist in website catalog. Image discarded without processing.
04-600581.jpg,N/A,N/A,N/A,IGNORED_NOT_ON_WEBSITE,Ignored completely per matching rule,N/A,N/A,N/A,N/A,Part Number does not exist in website catalog. Image discarded without processing.
04-600650_04-501600.jpg,N/A,N/A,N/A,IGNORED_NOT_ON_WEBSITE,Ignored completely per matching rule,N/A,N/A,N/A,N/A,Part Number does not exist in website catalog. Image discarded without processing.
04-600784.jpg,04/600784,fa3ed8972a4e3e6a,CONVERTOR - W300 (2.52)-4DX,REPLACED_GEMINI_AI,Replaced with Gemini regenerated asset,GEMINI_REGENERATED_STUDIO_ASSET,/images/products/04-600784-convertor-w300-252-4dx.webp,1024x1024,135,Watermark completely eliminated; 1024x1024 studio asset deployed.
04-600786.jpg,04/600786,f935a623b86514b8,TORQUE CONVERTOR W,SOURCE_PLACEHOLDER_OMITTED,"Source photo is a generic ""IMAGE COMING SOON"" graphic; omitted from AI generation to prevent fabricating product features",SUPPLIER_PLACEHOLDER_GRAPHIC,/images/products/04-600786-torque-convertor-w.webp,400x400,14,Source image contains no actual product photo. Requires authentic photo from supplier.
04-600864.jpg,04/600864,4a956466f0c3e1c8,"/8"" BULKHEAD ADAPTOR",REPLACED_GEMINI_AI,Replaced with Gemini regenerated asset,GEMINI_REGENERATED_STUDIO_ASSET,/images/products/04-600864-8-bulkhead-adaptor.webp,1024x1024,43,Watermark completely eliminated; 1024x1024 studio asset deployed.
04-600868.jpg,04/600868,b559609c8163de2b,TORQUE CONVERTOR -LUC,REPLACED_GEMINI_AI,Replaced with Gemini regenerated asset,GEMINI_REGENERATED_STUDIO_ASSET,/images/products/04-600868-torque-convertor-luc.webp,1024x1024,87,Watermark completely eliminated; 1024x1024 studio asset deployed.
09409M10L04.jpg,N/A,N/A,N/A,IGNORED_NOT_ON_WEBSITE,Ignored completely per matching rule,N/A,N/A,N/A,N/A,Part Number does not exist in website catalog. Image discarded without processing.
09471M12182.jpg,N/A,N/A,N/A,IGNORED_NOT_ON_WEBSITE,Ignored completely per matching rule,N/A,N/A,N/A,N/A,Part Number does not exist in website catalog. Image discarded without processing.
09471M12186.jpg,N/A,N/A,N/A,IGNORED_NOT_ON_WEBSITE,Ignored completely per matching rule,N/A,N/A,N/A,N/A,Part Number does not exist in website catalog. Image discarded without processing.
09471M12216.jpg,N/A,N/A,N/A,IGNORED_NOT_ON_WEBSITE,Ignored completely per matching rule,N/A,N/A,N/A,N/A,Part Number does not exist in website catalog. Image discarded without processing.
09471M12216_2.jpg,N/A,N/A,N/A,IGNORED_NOT_ON_WEBSITE,Ignored completely per matching rule,N/A,N/A,N/A,N/A,Part Number does not exist in website catalog. Image discarded without processing.
09471M12245.jpg,N/A,N/A,N/A,IGNORED_NOT_ON_WEBSITE,Ignored completely per matching rule,N/A,N/A,N/A,N/A,Part Number does not exist in website catalog. Image discarded without processing.
09482M00609.jpg,N/A,N/A,N/A,IGNORED_NOT_ON_WEBSITE,Ignored completely per matching rule,N/A,N/A,N/A,N/A,Part Number does not exist in website catalog. Image discarded without processing.
1019-3832.jpg,1019/3832,8f20f3e5a6ff24f6,PIVOT PIN,REPLACED_GEMINI_AI,Replaced with Gemini regenerated asset,GEMINI_REGENERATED_STUDIO_ASSET,/images/products/1019-3832-pivot-pin.webp,1024x1024,55,Watermark completely eliminated; 1024x1024 studio asset deployed.
106-40001_400-N6589.jpg,400/N6589,763654009fc8724b,WHEEL NUT,REPLACED_GEMINI_AI,Replaced with Gemini regenerated asset,GEMINI_REGENERATED_STUDIO_ASSET,/images/products/400-n6589-wheel-nut.webp,1024x1024,171,Watermark completely eliminated; 1024x1024 studio asset deployed.
1096-2004.jpg,1096/2004,7026b3436040285a,PIVOTBOSS,REPLACED_GEMINI_AI,Replaced with Gemini regenerated asset,GEMINI_REGENERATED_STUDIO_ASSET,/images/products/1096-2004-pivotboss.webp,1024x1024,98,Watermark completely eliminated; 1024x1024 studio asset deployed.
1096-2004_G65-0.jpg,1096/2004,7026b3436040285a,PIVOTBOSS,REPLACED_GEMINI_AI,Replaced with Gemini regenerated asset,GEMINI_REGENERATED_STUDIO_ASSET,/images/products/1096-2004-pivotboss.webp,1024x1024,98,Watermark completely eliminated; 1024x1024 studio asset deployed.
111-30101.jpg,111/30101,28a493261860f3d7,RUBBERMOUNTING,REPLACED_GEMINI_AI,Replaced with Gemini regenerated asset,GEMINI_REGENERATED_STUDIO_ASSET,/images/products/111-30101-rubbermounting.webp,1024x1024,117,Watermark completely eliminated; 1024x1024 studio asset deployed.
111-30101_1315-3518Z.jpg,111/30101,28a493261860f3d7,RUBBERMOUNTING,REPLACED_GEMINI_AI,Replaced with Gemini regenerated asset,GEMINI_REGENERATED_STUDIO_ASSET,/images/products/111-30101-rubbermounting.webp,1024x1024,117,Watermark completely eliminated; 1024x1024 studio asset deployed.
116-00416_331-34525.jpg,331/34525,5d72a410722e1694,CONTROL PIVOT,REPLACED_GEMINI_AI,Replaced with Gemini regenerated asset,GEMINI_REGENERATED_STUDIO_ASSET,/images/products/331-34525-control-pivot.webp,1024x1024,135,Watermark completely eliminated; 1024x1024 studio asset deployed.
116-00525.jpg,N/A,N/A,N/A,IGNORED_NOT_ON_WEBSITE,Ignored completely per matching rule,N/A,N/A,N/A,N/A,Part Number does not exist in website catalog. Image discarded without processing.
120-30002.jpg,120/30002,c2d02ee25871277b,COTTER PIN,REPLACED_GEMINI_AI,Replaced with Gemini regenerated asset,GEMINI_REGENERATED_STUDIO_ASSET,/images/products/120-30002-cotter-pin.webp,1024x1024,35,Watermark completely eliminated; 1024x1024 studio asset deployed.
120-300031340-0905z.jpg,N/A,N/A,N/A,IGNORED_NOT_ON_WEBSITE,Ignored completely per matching rule,N/A,N/A,N/A,N/A,Part Number does not exist in website catalog. Image discarded without processing.
120-30006_458-20541.jpg,120/30006,ffcbc81be5f8b216,WASHER,REPLACED_GEMINI_AI,Replaced with Gemini regenerated asset,GEMINI_REGENERATED_STUDIO_ASSET,/images/products/120-30006-washer.webp,1024x1024,72,Watermark completely eliminated; 1024x1024 studio asset deployed.
120-30009.jpg,N/A,N/A,N/A,IGNORED_NOT_ON_WEBSITE,Ignored completely per matching rule,N/A,N/A,N/A,N/A,Part Number does not exist in website catalog. Image discarded without processing.
120-40301.jpg,N/A,N/A,N/A,IGNORED_NOT_ON_WEBSITE,Ignored completely per matching rule,N/A,N/A,N/A,N/A,Part Number does not exist in website catalog. Image discarded without processing.
120-76800.jpg,120/76800,544eeafb0df1b7dc,L/H FRONT BRAKE PIPE,REPLACED_GEMINI_AI,Replaced with Gemini regenerated asset,GEMINI_REGENERATED_STUDIO_ASSET,/images/products/120-76800-l-h-front-brake-pipe.webp,1024x1024,12,Watermark completely eliminated; 1024x1024 studio asset deployed.
120-80023.jpg,1208/0023,7b44722e25461130,SPRING STEEL BUSH,REPLACED_GEMINI_AI,Replaced with Gemini regenerated asset,GEMINI_REGENERATED_STUDIO_ASSET,/images/products/1208-0023-spring-steel-bush.webp,1024x1024,54,Watermark completely eliminated; 1024x1024 studio asset deployed.
120-80023_2.jpg,1208/0023,7b44722e25461130,SPRING STEEL BUSH,REPLACED_GEMINI_AI,Replaced with Gemini regenerated asset,GEMINI_REGENERATED_STUDIO_ASSET,/images/products/1208-0023-spring-steel-bush.webp,1024x1024,54,Watermark completely eliminated; 1024x1024 studio asset deployed.
120-93201.jpg,120/93201,da81814fc36e07a2,R/H HANDLE M6,REPLACED_GEMINI_AI,Replaced with Gemini regenerated asset,GEMINI_REGENERATED_STUDIO_ASSET,/images/products/120-93201-r-h-handle-m6.webp,1024x1024,42,Watermark completely eliminated; 1024x1024 studio asset deployed.
120-93202.jpg,120/93202,d4fd6da1a9f3e430,HANDLE L/H,REPLACED_GEMINI_AI,Replaced with Gemini regenerated asset,GEMINI_REGENERATED_STUDIO_ASSET,/images/products/120-93202-handle-l-h.webp,1024x1024,46,Watermark completely eliminated; 1024x1024 studio asset deployed.
1206-0001.jpg,1206/0001,bf48a5b7002366a1,SPRING BUSH,REPLACED_GEMINI_AI,Replaced with Gemini regenerated asset,GEMINI_REGENERATED_STUDIO_ASSET,/images/products/1206-0001-spring-bush.webp,1024x1024,98,Watermark completely eliminated; 1024x1024 studio asset deployed.
1206-0007.jpg,1206/0007,c9f5139626c25f51,SPRING BUSH,REPLACED_GEMINI_AI,Replaced with Gemini regenerated asset,GEMINI_REGENERATED_STUDIO_ASSET,/images/products/1206-0007-spring-bush.webp,1024x1024,83,Watermark completely eliminated; 1024x1024 studio asset deployed.
1206-0015.jpg,1206/0015,e2888dee6d771893,BUSHSPRING',REPLACED_GEMINI_AI,Replaced with Gemini regenerated asset,GEMINI_REGENERATED_STUDIO_ASSET,/images/products/1206-0015-bushspring.webp,1024x1024,95,Watermark completely eliminated; 1024x1024 studio asset deployed.
1206-0023.jpg,1206/0023,e8999444f57987b6,BUSH 38.5 NOM BORE - 95 LONG_SB,REPLACED_GEMINI_AI,Replaced with Gemini regenerated asset,GEMINI_REGENERATED_STUDIO_ASSET,/images/products/1206-0023-bush-385-nom-bore-95-long-sb.webp,1024x1024,54,Watermark completely eliminated; 1024x1024 studio asset deployed.
1206-0038.jpg,1206/0038,d54f3a35c154744a,SPRING  STEEL BUSH,REPLACED_GEMINI_AI,Replaced with Gemini regenerated asset,GEMINI_REGENERATED_STUDIO_ASSET,/images/products/1206-0038-spring-steel-bush.webp,1024x1024,45,Watermark completely eliminated; 1024x1024 studio asset deployed.
1207-0011.jpg,1207/0011,8dbcac907da6306c,SPRING STEEL BUSH,REPLACED_GEMINI_AI,Replaced with Gemini regenerated asset,GEMINI_REGENERATED_STUDIO_ASSET,/images/products/1207-0011-spring-steel-bush.webp,1024x1024,62,Watermark completely eliminated; 1024x1024 studio asset deployed.
1207-0019.jpg,1207/0019,9a8a64d301759414,SPRING STEEL BUSH,REPLACED_GEMINI_AI,Replaced with Gemini regenerated asset,GEMINI_REGENERATED_STUDIO_ASSET,/images/products/1207-0019-spring-steel-bush.webp,1024x1024,78,Watermark completely eliminated; 1024x1024 studio asset deployed.
1207-0025.jpg,1207/0025,78c9aed46e9d111b,BUSH,REPLACED_GEMINI_AI,Replaced with Gemini regenerated asset,GEMINI_REGENERATED_STUDIO_ASSET,/images/products/1207-0025-bush.webp,1024x1024,61,Watermark completely eliminated; 1024x1024 studio asset deployed.
1208-0015.jpg,1208/0015,fc0b749c23399fed,SPRING STEEL BUSH,REPLACED_GEMINI_AI,Replaced with Gemini regenerated asset,GEMINI_REGENERATED_STUDIO_ASSET,/images/products/1208-0015-spring-steel-bush.webp,1024x1024,38,Watermark completely eliminated; 1024x1024 studio asset deployed.
1208-0018.jpg,1208/0018,3ad955af1f4ace32,SPRING STEEL BUSH,REPLACED_GEMINI_AI,Replaced with Gemini regenerated asset,GEMINI_REGENERATED_STUDIO_ASSET,/images/products/1208-0018-spring-steel-bush.webp,1024x1024,81,Watermark completely eliminated; 1024x1024 studio asset deployed.
1208-0019.jpg,1208/0019,4d91a200ebff4667,SPRINGBUSH,REPLACED_GEMINI_AI,Replaced with Gemini regenerated asset,GEMINI_REGENERATED_STUDIO_ASSET,/images/products/1208-0019-springbush.webp,1024x1024,63,Watermark completely eliminated; 1024x1024 studio asset deployed.
1208-0020.jpg,1208/0020,9e19265ed782b94b,BUSH,REPLACED_GEMINI_AI,Replaced with Gemini regenerated asset,GEMINI_REGENERATED_STUDIO_ASSET,/images/products/1208-0020-bush.webp,1024x1024,117,Watermark completely eliminated; 1024x1024 studio asset deployed.
1208-0021.jpg,1208/0021,575a30f5513069fb,SPRING STEEL BUSH,REPLACED_GEMINI_AI,Replaced with Gemini regenerated asset,GEMINI_REGENERATED_STUDIO_ASSET,/images/products/1208-0021-spring-steel-bush.webp,1024x1024,46,Watermark completely eliminated; 1024x1024 studio asset deployed.
1208-0022.jpg,1208/0022,b0607fcf8548bfdb,BUSH,REPLACED_GEMINI_AI,Replaced with Gemini regenerated asset,GEMINI_REGENERATED_STUDIO_ASSET,/images/products/1208-0022-bush.webp,1024x1024,89,Watermark completely eliminated; 1024x1024 studio asset deployed.
1208-0023.jpg,1208/0023,7b44722e25461130,SPRING STEEL BUSH,REPLACED_GEMINI_AI,Replaced with Gemini regenerated asset,GEMINI_REGENERATED_STUDIO_ASSET,/images/products/1208-0023-spring-steel-bush.webp,1024x1024,54,Watermark completely eliminated; 1024x1024 studio asset deployed.
1208-0025.jpg,1208/0025,a54fa43e86c5761c,SPRINGSTEELBUSH,REPLACED_GEMINI_AI,Replaced with Gemini regenerated asset,GEMINI_REGENERATED_STUDIO_ASSET,/images/products/1208-0025-springsteelbush.webp,1024x1024,54,Watermark completely eliminated; 1024x1024 studio asset deployed.
1208-0031.jpg,1208/0031,2c693af99fa92d73,SPRINGSTEELBUSH,REPLACED_GEMINI_AI,Replaced with Gemini regenerated asset,GEMINI_REGENERATED_STUDIO_ASSET,/images/products/1208-0031-springsteelbush.webp,1024x1024,43,Watermark completely eliminated; 1024x1024 studio asset deployed.
1208-0032.jpg,1208/0032,c091a3d668017f3a,RING STEEL BUSH,REPLACED_GEMINI_AI,Replaced with Gemini regenerated asset,GEMINI_REGENERATED_STUDIO_ASSET,/images/products/1208-0032-ring-steel-bush.webp,1024x1024,52,Watermark completely eliminated; 1024x1024 studio asset deployed.
1209-0015.jpg,1209/0015,6578115553447fd6,SPRINGBUSH,SOURCE_PLACEHOLDER_OMITTED,"Source photo is a generic ""IMAGE COMING SOON"" graphic; omitted from AI generation to prevent fabricating product features",SUPPLIER_PLACEHOLDER_GRAPHIC,/images/products/1209-0015-springbush.webp,400x400,14,Source image contains no actual product photo. Requires authentic photo from supplier.
1209-0017.jpg,1209/0017,6c6cca199cf1b6b9,BUSH,REPLACED_GEMINI_AI,Replaced with Gemini regenerated asset,GEMINI_REGENERATED_STUDIO_ASSET,/images/products/1209-0017-bush.webp,1024x1024,100,Watermark completely eliminated; 1024x1024 studio asset deployed.
1209-0019.jpg,1209/0019,58cae891e53be9b2,BUSH,REPLACED_GEMINI_AI,Replaced with Gemini regenerated asset,GEMINI_REGENERATED_STUDIO_ASSET,/images/products/1209-0019-bush.webp,1024x1024,94,Watermark completely eliminated; 1024x1024 studio asset deployed.
1209-0020.jpg,1209/0020,c033d5c69df2e9a5,BUSH,REPLACED_GEMINI_AI,Replaced with Gemini regenerated asset,GEMINI_REGENERATED_STUDIO_ASSET,/images/products/1209-0020-bush.webp,1024x1024,76,Watermark completely eliminated; 1024x1024 studio asset deployed.
1209-0021.jpg,1209/0021,109f4cf1067f26f3,BUSH,REPLACED_GEMINI_AI,Replaced with Gemini regenerated asset,GEMINI_REGENERATED_STUDIO_ASSET,/images/products/1209-0021-bush.webp,1024x1024,73,Watermark completely eliminated; 1024x1024 studio asset deployed.
1209-0026.jpg,1209/0026,78cdef151beb2736,BUSH,REPLACED_GEMINI_AI,Replaced with Gemini regenerated asset,GEMINI_REGENERATED_STUDIO_ASSET,/images/products/1209-0026-bush.webp,1024x1024,69,Watermark completely eliminated; 1024x1024 studio asset deployed.
121-13400.jpg,121/13400,052b6031f6f4cacb,INT.DOOR LOCK L/H,REPLACED_GEMINI_AI,Replaced with Gemini regenerated asset,GEMINI_REGENERATED_STUDIO_ASSET,/images/products/121-13400-intdoor-lock-l-h.webp,1024x1024,92,Watermark completely eliminated; 1024x1024 studio asset deployed.
121-13500.jpg,121/13500,58a20fb1088704b6,DOOR LOCK R/H,REPLACED_GEMINI_AI,Replaced with Gemini regenerated asset,GEMINI_REGENERATED_STUDIO_ASSET,/images/products/121-13500-door-lock-r-h.webp,1024x1024,101,Watermark completely eliminated; 1024x1024 studio asset deployed.
121-16702.jpeg,N/A,N/A,N/A,IGNORED_NOT_ON_WEBSITE,Ignored completely per matching rule,N/A,N/A,N/A,N/A,Part Number does not exist in website catalog. Image discarded without processing.
121-16702.jpg,N/A,N/A,N/A,IGNORED_NOT_ON_WEBSITE,Ignored completely per matching rule,N/A,N/A,N/A,N/A,Part Number does not exist in website catalog. Image discarded without processing.
121-34400.jpg,N/A,N/A,N/A,IGNORED_NOT_ON_WEBSITE,Ignored completely per matching rule,N/A,N/A,N/A,N/A,Part Number does not exist in website catalog. Image discarded without processing.
121-38101.jpg,121/38101,4ce4a24e5a33cad9,SLEWPINION,REPLACED_GEMINI_AI,Replaced with Gemini regenerated asset,GEMINI_REGENERATED_STUDIO_ASSET,/images/products/121-38101-slewpinion.webp,1024x1024,118,Watermark completely eliminated; 1024x1024 studio asset deployed.
121-38104.jpg,121/38104,b05f57fc38cc3d2c,SLEWRACK,REPLACED_GEMINI_AI,Replaced with Gemini regenerated asset,GEMINI_REGENERATED_STUDIO_ASSET,/images/products/121-38104-slewrack.webp,1024x1024,53,Watermark completely eliminated; 1024x1024 studio asset deployed.
121-60601.jpg,121/60601,2e743e5b21f8c5d3,CAPCOOLENTFILTER,REPLACED_GEMINI_AI,Replaced with Gemini regenerated asset,GEMINI_REGENERATED_STUDIO_ASSET,/images/products/121-60601-capcoolentfilter.webp,1024x1024,120,Watermark completely eliminated; 1024x1024 studio asset deployed.
122-38502.jpg,122/38502,346989b0b2483522,STABILISER LEVER KNOB,REPLACED_GEMINI_AI,Replaced with Gemini regenerated asset,GEMINI_REGENERATED_STUDIO_ASSET,/images/products/122-38502-stabiliser-lever-knob.webp,1024x1024,42,Watermark completely eliminated; 1024x1024 studio asset deployed.
122-62400.jpg,N/A,N/A,N/A,IGNORED_NOT_ON_WEBSITE,Ignored completely per matching rule,N/A,N/A,N/A,N/A,Part Number does not exist in website catalog. Image discarded without processing.
122-67479.jpg,122/67479,02144b1a9ddc25d8,BUSH,REPLACED_GEMINI_AI,Replaced with Gemini regenerated asset,GEMINI_REGENERATED_STUDIO_ASSET,/images/products/122-67479-bush.webp,1024x1024,33,Watermark completely eliminated; 1024x1024 studio asset deployed.
12221M71M00.jpg,N/A,N/A,N/A,IGNORED_NOT_ON_WEBSITE,Ignored completely per matching rule,N/A,N/A,N/A,N/A,Part Number does not exist in website catalog. Image discarded without processing.
123-00224.jpg,123/00224,87ed9c4ab65753fa,KINGPOSTRAINCOVER,REPLACED_GEMINI_AI,Replaced with Gemini regenerated asset,GEMINI_REGENERATED_STUDIO_ASSET,/images/products/123-00224-kingpostraincover.webp,1024x1024,39,Watermark completely eliminated; 1024x1024 studio asset deployed.
123-00295.jpg,N/A,N/A,N/A,IGNORED_NOT_ON_WEBSITE,Ignored completely per matching rule,N/A,N/A,N/A,N/A,Part Number does not exist in website catalog. Image discarded without processing.
123-00362.jpg,N/A,N/A,N/A,IGNORED_NOT_ON_WEBSITE,Ignored completely per matching rule,N/A,N/A,N/A,N/A,Part Number does not exist in website catalog. Image discarded without processing.
123-00363.jpg,N/A,N/A,N/A,IGNORED_NOT_ON_WEBSITE,Ignored completely per matching rule,N/A,N/A,N/A,N/A,Part Number does not exist in website catalog. Image discarded without processing.
123-00428123-01424.jpg,N/A,N/A,N/A,IGNORED_NOT_ON_WEBSITE,Ignored completely per matching rule,N/A,N/A,N/A,N/A,Part Number does not exist in website catalog. Image discarded without processing.
123-00661.jpg,123/00661,dbbc62050aa60055,WINDOW STOP,REPLACED_GEMINI_AI,Replaced with Gemini regenerated asset,GEMINI_REGENERATED_STUDIO_ASSET,/images/products/123-00661-window-stop.webp,1024x1024,65,Watermark completely eliminated; 1024x1024 studio asset deployed.
123-00928826-00820823-00476.jpg,N/A,N/A,N/A,IGNORED_NOT_ON_WEBSITE,Ignored completely per matching rule,N/A,N/A,N/A,N/A,Part Number does not exist in website catalog. Image discarded without processing.
123-00928826-10382.jpg,N/A,N/A,N/A,IGNORED_NOT_ON_WEBSITE,Ignored completely per matching rule,N/A,N/A,N/A,N/A,Part Number does not exist in website catalog. Image discarded without processing.
123-00932.jpg,123/00932,3fb85ec34439a317,LOCKINGPIN,REPLACED_GEMINI_AI,Replaced with Gemini regenerated asset,GEMINI_REGENERATED_STUDIO_ASSET,/images/products/123-00932-lockingpin.webp,1024x1024,32,Watermark completely eliminated; 1024x1024 studio asset deployed.
123-01427_346-00138.jpg,123/01427,522091ded7a94f31,REAR FRAME HOSE RETAINER,REPLACED_GEMINI_AI,Replaced with Gemini regenerated asset,GEMINI_REGENERATED_STUDIO_ASSET,/images/products/123-01427-rear-frame-hose-retainer.webp,1024x1024,39,Watermark completely eliminated; 1024x1024 studio asset deployed.
123-02407.jpg,N/A,N/A,N/A,IGNORED_NOT_ON_WEBSITE,Ignored completely per matching rule,N/A,N/A,N/A,N/A,Part Number does not exist in website catalog. Image discarded without processing.
123-02450.jpg,123/02450,9fdaca961bfaef07,L/H DOOR LATCH,REPLACED_GEMINI_AI,Replaced with Gemini regenerated asset,GEMINI_REGENERATED_STUDIO_ASSET,/images/products/123-02450-l-h-door-latch.webp,1024x1024,23,Watermark completely eliminated; 1024x1024 studio asset deployed.
123-02451.jpg,123/02451,c5bf32ef70fbc530,R/H DOOR LATCH,REPLACED_GEMINI_AI,Replaced with Gemini regenerated asset,GEMINI_REGENERATED_STUDIO_ASSET,/images/products/123-02451-r-h-door-latch.webp,1024x1024,20,Watermark completely eliminated; 1024x1024 studio asset deployed.
123-02459.jpg,N/A,N/A,N/A,IGNORED_NOT_ON_WEBSITE,Ignored completely per matching rule,N/A,N/A,N/A,N/A,Part Number does not exist in website catalog. Image discarded without processing.
123-02469.jpg,123/02469,de1856bb70c799d9,L/HREARMUDGAURDS,REPLACED_GEMINI_AI,Replaced with Gemini regenerated asset,GEMINI_REGENERATED_STUDIO_ASSET,/images/products/123-02469-l-hrearmudgaurds.webp,1024x1024,18,Watermark completely eliminated; 1024x1024 studio asset deployed.
123-02470.jpg,123/02470,e9df403afd0ed120,R/HREARMUDGAURDS,REPLACED_GEMINI_AI,Replaced with Gemini regenerated asset,GEMINI_REGENERATED_STUDIO_ASSET,/images/products/123-02470-r-hrearmudgaurds.webp,1024x1024,16,Watermark completely eliminated; 1024x1024 studio asset deployed.
123-02516.jpg,123/02516,41198e8706b4fe86,LINK PIPE,REPLACED_GEMINI_AI,Replaced with Gemini regenerated asset,GEMINI_REGENERATED_STUDIO_ASSET,/images/products/123-02516-link-pipe.webp,1024x1024,21,Watermark completely eliminated; 1024x1024 studio asset deployed.
123-02590.jpg,N/A,N/A,N/A,IGNORED_NOT_ON_WEBSITE,Ignored completely per matching rule,N/A,N/A,N/A,N/A,Part Number does not exist in website catalog. Image discarded without processing.
123-02810.jpg,N/A,N/A,N/A,IGNORED_NOT_ON_WEBSITE,Ignored completely per matching rule,N/A,N/A,N/A,N/A,Part Number does not exist in website catalog. Image discarded without processing.
123-02811.jpg,N/A,N/A,N/A,IGNORED_NOT_ON_WEBSITE,Ignored completely per matching rule,N/A,N/A,N/A,N/A,Part Number does not exist in website catalog. Image discarded without processing.
123-03138.jpg,123/03138,6a0ea8b019f29245,RESILIENTMOUNT,REPLACED_GEMINI_AI,Replaced with Gemini regenerated asset,GEMINI_REGENERATED_STUDIO_ASSET,/images/products/123-03138-resilientmount.webp,1024x1024,165,Watermark completely eliminated; 1024x1024 studio asset deployed.
123-03138_1315-3518Z.jpg,123/03138,6a0ea8b019f29245,RESILIENTMOUNT,REPLACED_GEMINI_AI,Replaced with Gemini regenerated asset,GEMINI_REGENERATED_STUDIO_ASSET,/images/products/123-03138-resilientmount.webp,1024x1024,165,Watermark completely eliminated; 1024x1024 studio asset deployed.
123-03215.jpg,N/A,N/A,N/A,IGNORED_NOT_ON_WEBSITE,Ignored completely per matching rule,N/A,N/A,N/A,N/A,Part Number does not exist in website catalog. Image discarded without processing.
123-03257.jpg,N/A,N/A,N/A,IGNORED_NOT_ON_WEBSITE,Ignored completely per matching rule,N/A,N/A,N/A,N/A,Part Number does not exist in website catalog. Image discarded without processing.
123-03392.jpg,N/A,N/A,N/A,IGNORED_NOT_ON_WEBSITE,Ignored completely per matching rule,N/A,N/A,N/A,N/A,Part Number does not exist in website catalog. Image discarded without processing.
123-03842331-27411.jpg,N/A,N/A,N/A,IGNORED_NOT_ON_WEBSITE,Ignored completely per matching rule,N/A,N/A,N/A,N/A,Part Number does not exist in website catalog. Image discarded without processing.
123-04067701-45501.jpg,N/A,N/A,N/A,IGNORED_NOT_ON_WEBSITE,Ignored completely per matching rule,N/A,N/A,N/A,N/A,Part Number does not exist in website catalog. Image discarded without processing.
123-04237.jpg,123/04237,45e9a629db1268d8,SEAL,REPLACED_GEMINI_AI,Replaced with Gemini regenerated asset,GEMINI_REGENERATED_STUDIO_ASSET,/images/products/123-04237-seal.webp,1024x1024,48,Watermark completely eliminated; 1024x1024 studio asset deployed.
123-04764.jpg,N/A,N/A,N/A,IGNORED_NOT_ON_WEBSITE,Ignored completely per matching rule,N/A,N/A,N/A,N/A,Part Number does not exist in website catalog. Image discarded without processing.
123-04862121-39800.jpg,N/A,N/A,N/A,IGNORED_NOT_ON_WEBSITE,Ignored completely per matching rule,N/A,N/A,N/A,N/A,Part Number does not exist in website catalog. Image discarded without processing.
123-04968.jpg,N/A,N/A,N/A,IGNORED_NOT_ON_WEBSITE,Ignored completely per matching rule,N/A,N/A,N/A,N/A,Part Number does not exist in website catalog. Image discarded without processing.
123-04969.jpg,123/04969,e39dda149d7b0c4e,L/HMIRRORARM,REPLACED_GEMINI_AI,Replaced with Gemini regenerated asset,GEMINI_REGENERATED_STUDIO_ASSET,/images/products/123-04969-l-hmirrorarm.webp,1024x1024,23,Watermark completely eliminated; 1024x1024 studio asset deployed.
123-04970.jpg,N/A,N/A,N/A,IGNORED_NOT_ON_WEBSITE,Ignored completely per matching rule,N/A,N/A,N/A,N/A,Part Number does not exist in website catalog. Image discarded without processing.
123-05228.jpg,123/05228,4832b42f1a5dda42,BLANKING DISC,REPLACED_GEMINI_AI,Replaced with Gemini regenerated asset,GEMINI_REGENERATED_STUDIO_ASSET,/images/products/123-05228-blanking-disc.webp,1024x1024,127,Watermark completely eliminated; 1024x1024 studio asset deployed.
123-05403123-04798.jpg,N/A,N/A,N/A,IGNORED_NOT_ON_WEBSITE,Ignored completely per matching rule,N/A,N/A,N/A,N/A,Part Number does not exist in website catalog. Image discarded without processing.
123-05404331-20895123-02550.jpg,N/A,N/A,N/A,IGNORED_NOT_ON_WEBSITE,Ignored completely per matching rule,N/A,N/A,N/A,N/A,Part Number does not exist in website catalog. Image discarded without processing.
123-05549.jpg,N/A,N/A,N/A,IGNORED_NOT_ON_WEBSITE,Ignored completely per matching rule,N/A,N/A,N/A,N/A,Part Number does not exist in website catalog. Image discarded without processing.
123-05550.jpg,123/05550,c3c077a8316edd3c,R/H STONE GUARD,REPLACED_GEMINI_AI,Replaced with Gemini regenerated asset,GEMINI_REGENERATED_STUDIO_ASSET,/images/products/123-05550-r-h-stone-guard.webp,1024x1024,36,Watermark completely eliminated; 1024x1024 studio asset deployed.
123-05836.jpg,123/05836,979902444b629bfd,CLAMP,REPLACED_GEMINI_AI,Replaced with Gemini regenerated asset,GEMINI_REGENERATED_STUDIO_ASSET,/images/products/123-05836-clamp.webp,1024x1024,42,Watermark completely eliminated; 1024x1024 studio asset deployed.
123-05892331-33064.jpg,N/A,N/A,N/A,IGNORED_NOT_ON_WEBSITE,Ignored completely per matching rule,N/A,N/A,N/A,N/A,Part Number does not exist in website catalog. Image discarded without processing.
123-05911_262-36800_30-925526.jpg,123/05911,f90e89527d6a9741,"FAN - 21""",REPLACED_GEMINI_AI,Replaced with Gemini regenerated asset,GEMINI_REGENERATED_STUDIO_ASSET,/images/products/123-05911-fan-21.webp,1024x1024,43,Watermark completely eliminated; 1024x1024 studio asset deployed.
123-05933.jpg,123/05933,b973b332f109ef12,TUBEDIPSTICK',REPLACED_GEMINI_AI,Replaced with Gemini regenerated asset,GEMINI_REGENERATED_STUDIO_ASSET,/images/products/123-05933-tubedipstick.webp,1024x1024,12,Watermark completely eliminated; 1024x1024 studio asset deployed.
123-06012.jpg,123/06012,e10b9827563d5281,SPACER,REPLACED_GEMINI_AI,Replaced with Gemini regenerated asset,GEMINI_REGENERATED_STUDIO_ASSET,/images/products/123-06012-spacer.webp,1024x1024,104,Watermark completely eliminated; 1024x1024 studio asset deployed.
123-06012_2.jpg,123/06012,e10b9827563d5281,SPACER,REPLACED_GEMINI_AI,Replaced with Gemini regenerated asset,GEMINI_REGENERATED_STUDIO_ASSET,/images/products/123-06012-spacer.webp,1024x1024,104,Watermark completely eliminated; 1024x1024 studio asset deployed.
123-06014.jpg,123/06014,6126fe0203e76d3f,LOWER WEAR PAD 6mm,REPLACED_GEMINI_AI,Replaced with Gemini regenerated asset,GEMINI_REGENERATED_STUDIO_ASSET,/images/products/123-06014-lower-wear-pad-6mm.webp,1024x1024,130,Watermark completely eliminated; 1024x1024 studio asset deployed.
123-06023.jpg,123/06023,5b03a5a940b43049,STAB HSG. CAP S/S,REPLACED_GEMINI_AI,Replaced with Gemini regenerated asset,GEMINI_REGENERATED_STUDIO_ASSET,/images/products/123-06023-stab-hsg-cap-s-s.webp,1024x1024,22,Watermark completely eliminated; 1024x1024 studio asset deployed.
123-06097123-06751.jpg,N/A,N/A,N/A,IGNORED_NOT_ON_WEBSITE,Ignored completely per matching rule,N/A,N/A,N/A,N/A,Part Number does not exist in website catalog. Image discarded without processing.
123-06189.jpg,N/A,N/A,N/A,IGNORED_NOT_ON_WEBSITE,Ignored completely per matching rule,N/A,N/A,N/A,N/A,Part Number does not exist in website catalog. Image discarded without processing.
123-06334331-66778331-14573.jpg,N/A,N/A,N/A,IGNORED_NOT_ON_WEBSITE,Ignored completely per matching rule,N/A,N/A,N/A,N/A,Part Number does not exist in website catalog. Image discarded without processing.
123-06578.jpg,123/06578,31804aeeed90dc3c,CAPPRESSURE0.5BAR,REPLACED_GEMINI_AI,Replaced with Gemini regenerated asset,GEMINI_REGENERATED_STUDIO_ASSET,/images/products/123-06578-cappressure05bar.webp,1024x1024,110,Watermark completely eliminated; 1024x1024 studio asset deployed.
123-06730.jpg,N/A,N/A,N/A,IGNORED_NOT_ON_WEBSITE,Ignored completely per matching rule,N/A,N/A,N/A,N/A,Part Number does not exist in website catalog. Image discarded without processing.
123-07665.jpg,123/07665,20b24fc650549ac4,LOWERWEARTPADADJUSTAB,REPLACED_GEMINI_AI,Replaced with Gemini regenerated asset,GEMINI_REGENERATED_STUDIO_ASSET,/images/products/123-07665-lowerweartpadadjustab.webp,1024x1024,67,Watermark completely eliminated; 1024x1024 studio asset deployed.
123-08002_331-20202.jpg,331/20202,d61b8e2e4c0ea84a,BALLJOINT,REPLACED_GEMINI_AI,Replaced with Gemini regenerated asset,GEMINI_REGENERATED_STUDIO_ASSET,/images/products/331-20202-balljoint.webp,1024x1024,64,Watermark completely eliminated; 1024x1024 studio asset deployed.
123-08053.jpg,123/08053,98f29279a2397eaf,SIGHT GAUGE,REPLACED_GEMINI_AI,Replaced with Gemini regenerated asset,GEMINI_REGENERATED_STUDIO_ASSET,/images/products/123-08053-sight-gauge.webp,1024x1024,67,Watermark completely eliminated; 1024x1024 studio asset deployed.
123-08053_2.jpg,123/08053,98f29279a2397eaf,SIGHT GAUGE,REPLACED_GEMINI_AI,Replaced with Gemini regenerated asset,GEMINI_REGENERATED_STUDIO_ASSET,/images/products/123-08053-sight-gauge.webp,1024x1024,67,Watermark completely eliminated; 1024x1024 studio asset deployed.
123-08089122-67479.jpg,N/A,N/A,N/A,IGNORED_NOT_ON_WEBSITE,Ignored completely per matching rule,N/A,N/A,N/A,N/A,Part Number does not exist in website catalog. Image discarded without processing.
123-09018.jpg,123/09018,a7134c7d1a3b5403,GASKET,REPLACED_GEMINI_AI,Replaced with Gemini regenerated asset,GEMINI_REGENERATED_STUDIO_ASSET,/images/products/123-09018-gasket.webp,1024x1024,72,Watermark completely eliminated; 1024x1024 studio asset deployed.
125-34900125-35000.jpg,N/A,N/A,N/A,IGNORED_NOT_ON_WEBSITE,Ignored completely per matching rule,N/A,N/A,N/A,N/A,Part Number does not exist in website catalog. Image discarded without processing.
125-79800335-05602.jpg,N/A,N/A,N/A,IGNORED_NOT_ON_WEBSITE,Ignored completely per matching rule,N/A,N/A,N/A,N/A,Part Number does not exist in website catalog. Image discarded without processing.
125-79900335-05603.jpg,N/A,N/A,N/A,IGNORED_NOT_ON_WEBSITE,Ignored completely per matching rule,N/A,N/A,N/A,N/A,Part Number does not exist in website catalog. Image discarded without processing.
126-00200.jpg,126/00200,00b9bf54369dbe4b,GA FLUID RESERVOIR + washer,REPLACED_GEMINI_AI,Replaced with Gemini regenerated asset,GEMINI_REGENERATED_STUDIO_ASSET,/images/products/126-00200-ga-fluid-reservoir-washer.webp,1024x1024,35,Watermark completely eliminated; 1024x1024 studio asset deployed.
126-00247.jpg,126/00247,307ab505b8fd4b2e,GA BUCKET LINK,REPLACED_GEMINI_AI,Replaced with Gemini regenerated asset,GEMINI_REGENERATED_STUDIO_ASSET,/images/products/126-00247-ga-bucket-link.webp,1024x1024,76,Watermark completely eliminated; 1024x1024 studio asset deployed.
126-00248.jpg,126/00248,9f63f10402f15be7,GA BUCKET LINK + SHACKLE,REPLACED_GEMINI_AI,Replaced with Gemini regenerated asset,GEMINI_REGENERATED_STUDIO_ASSET,/images/products/126-00248-ga-bucket-link-shackle.webp,1024x1024,76,Watermark completely eliminated; 1024x1024 studio asset deployed.
126-02237.jpg,N/A,N/A,N/A,IGNORED_NOT_ON_WEBSITE,Ignored completely per matching rule,N/A,N/A,N/A,N/A,Part Number does not exist in website catalog. Image discarded without processing.
126-02253_335-y6895.jpg,126/02253,eeab8288de0985c5,Link rod,REPLACED_GEMINI_AI,Replaced with Gemini regenerated asset,GEMINI_REGENERATED_STUDIO_ASSET,/images/products/126-02253-link-rod.webp,1024x1024,47,Watermark completely eliminated; 1024x1024 studio asset deployed.
126-12800.jpg,126/12800,7aa9ef1f4475ace4,IND. PRE. CLE. GA.,REPLACED_GEMINI_AI,Replaced with Gemini regenerated asset,GEMINI_REGENERATED_STUDIO_ASSET,/images/products/126-12800-ind-pre-cle-ga.webp,1024x1024,77,Watermark completely eliminated; 1024x1024 studio asset deployed.
128-10370.jpg,N/A,N/A,N/A,IGNORED_NOT_ON_WEBSITE,Ignored completely per matching rule,N/A,N/A,N/A,N/A,Part Number does not exist in website catalog. Image discarded without processing.
128-10850.jpg,N/A,N/A,N/A,IGNORED_NOT_ON_WEBSITE,Ignored completely per matching rule,N/A,N/A,N/A,N/A,Part Number does not exist in website catalog. Image discarded without processing.
128-10855.jpg,N/A,N/A,N/A,IGNORED_NOT_ON_WEBSITE,Ignored completely per matching rule,N/A,N/A,N/A,N/A,Part Number does not exist in website catalog. Image discarded without processing.
128-12635.jpg,128/12635,d86b1c2aa7d2d8b3,GA KNOB plain,REPLACED_GEMINI_AI,Replaced with Gemini regenerated asset,GEMINI_REGENERATED_STUDIO_ASSET,/images/products/128-12635-ga-knob-plain.webp,1024x1024,73,Watermark completely eliminated; 1024x1024 studio asset deployed.
128-13052.jpg,N/A,N/A,N/A,IGNORED_NOT_ON_WEBSITE,Ignored completely per matching rule,N/A,N/A,N/A,N/A,Part Number does not exist in website catalog. Image discarded without processing.
128-15480.jpg,128/15480,cef622e2bc0aac92,ABI EXPANSION TANK,REPLACED_GEMINI_AI,Replaced with Gemini regenerated asset,GEMINI_REGENERATED_STUDIO_ASSET,/images/products/128-15480-abi-expansion-tank.webp,1024x1024,35,Watermark completely eliminated; 1024x1024 studio asset deployed.
128-H9642.jpg,128/H9642,f49f88bc0efe8bed,ABI FRONT GRILLE,REPLACED_GEMINI_AI,Replaced with Gemini regenerated asset,GEMINI_REGENERATED_STUDIO_ASSET,/images/products/128-h9642-abi-front-grille.webp,1024x1024,321,Watermark completely eliminated; 1024x1024 studio asset deployed.
130-05631.jpg,130/05631,2c050ad1a8887024,HYD.SIGHT GAUGE,REPLACED_GEMINI_AI,Replaced with Gemini regenerated asset,GEMINI_REGENERATED_STUDIO_ASSET,/images/products/130-05631-hydsight-gauge.webp,1024x1024,22,Watermark completely eliminated; 1024x1024 studio asset deployed.
1305-3428z_1340-0403z.jpg,1305/3428Z,1d8a25902effd384,BOLT,REPLACED_GEMINI_AI,Replaced with Gemini regenerated asset,GEMINI_REGENERATED_STUDIO_ASSET,/images/products/1305-3428z-bolt.webp,1024x1024,111,Watermark completely eliminated; 1024x1024 studio asset deployed.
1305-3430z_1340-0403z.jpg,1305/3430Z,d92dacc5e239e8e0,BOLT,REPLACED_GEMINI_AI,Replaced with Gemini regenerated asset,GEMINI_REGENERATED_STUDIO_ASSET,/images/products/1305-3430z-bolt.webp,1024x1024,117,Watermark completely eliminated; 1024x1024 studio asset deployed.
1315-3418z_1370-0303z.jpg,1315/3418Z,37fb46a810403b07,BOLT M10 X 80 G8.8,REPLACED_GEMINI_AI,Replaced with Gemini regenerated asset,GEMINI_REGENERATED_STUDIO_ASSET,/images/products/1315-3418z-bolt-m10-x-80-g88.webp,1024x1024,136,Watermark completely eliminated; 1024x1024 studio asset deployed.
1315-3419Z.jpg,1315/3419Z,5b43ce7a2b27e013,BOLT M10 x 90 G8.8,REPLACED_GEMINI_AI,Replaced with Gemini regenerated asset,GEMINI_REGENERATED_STUDIO_ASSET,/images/products/1315-3419z-bolt-m10-x-90-g88.webp,1024x1024,53,Watermark completely eliminated; 1024x1024 studio asset deployed.
1315-3518z_1370-0403z.jpg,1315/3518Z,89e49c8f8f64ab1f,BOLT M12x80,REPLACED_GEMINI_AI,Replaced with Gemini regenerated asset,GEMINI_REGENERATED_STUDIO_ASSET,/images/products/1315-3518z-bolt-m12x80.webp,800x800,48,Watermark completely eliminated; 1024x1024 studio asset deployed.
1315-3520z_1370-0401z.jpg,1315/3520Z,f5f41553dce33eab,BOLT M12 x 100 G8.8,REPLACED_GEMINI_AI,Replaced with Gemini regenerated asset,GEMINI_REGENERATED_STUDIO_ASSET,/images/products/1315-3520z-bolt-m12-x-100-g88.webp,800x800,67,Watermark completely eliminated; 1024x1024 studio asset deployed.
1315-3522z.jpg,1315/3522Z,ad387cfa53731873,BOLT M12 x 120 G8.8,REPLACED_GEMINI_AI,Replaced with Gemini regenerated asset,GEMINI_REGENERATED_STUDIO_ASSET,/images/products/1315-3522z-bolt-m12-x-120-g88.webp,800x800,56,Watermark completely eliminated; 1024x1024 studio asset deployed.
1321-0509.jpg,1321/0509,2322a60ba7b6b002,SETSCREW M12 X 35 LG,REPLACED_GEMINI_AI,Replaced with Gemini regenerated asset,GEMINI_REGENERATED_STUDIO_ASSET,/images/products/1321-0509-setscrew-m12-x-35-lg.webp,800x800,45,Watermark completely eliminated; 1024x1024 studio asset deployed.
1340-07011305-0714F.jpg,N/A,N/A,N/A,IGNORED_NOT_ON_WEBSITE,Ignored completely per matching rule,N/A,N/A,N/A,N/A,Part Number does not exist in website catalog. Image discarded without processing.
1340-0701_1305-0714F.jpg,1340/0701,478e529a482542dc,NUT,REPLACED_GEMINI_AI,Replaced with Gemini regenerated asset,GEMINI_REGENERATED_STUDIO_ASSET,/images/products/1340-0701-nut.webp,800x800,49,Watermark completely eliminated; 1024x1024 studio asset deployed.
1406-0015KHJ0891.jpg,N/A,N/A,N/A,IGNORED_NOT_ON_WEBSITE,Ignored completely per matching rule,N/A,N/A,N/A,N/A,Part Number does not exist in website catalog. Image discarded without processing.
1406-001820-200601.jpg,N/A,N/A,N/A,IGNORED_NOT_ON_WEBSITE,Ignored completely per matching rule,N/A,N/A,N/A,N/A,Part Number does not exist in website catalog. Image discarded without processing.
1406-0021.jpg,1406/0021,3f3c7ba3ec8ef7f5,BONDED WASHER,REPLACED_GEMINI_AI,Replaced with Gemini regenerated asset,GEMINI_REGENERATED_STUDIO_ASSET,/images/products/1406-0021-bonded-washer.webp,800x800,27,Watermark completely eliminated; 1024x1024 studio asset deployed.
1406-0026.jpg,1406/0026,3ee6195ad242ee37,BONDED WASHER,REPLACED_GEMINI_AI,Replaced with Gemini regenerated asset,GEMINI_REGENERATED_STUDIO_ASSET,/images/products/1406-0026-bonded-washer.webp,800x800,35,Watermark completely eliminated; 1024x1024 studio asset deployed.
1450-0001.jpg,1450/0001,03a714674a76a774,GREASE NIPPLE 1/8 BSP,REPLACED_GEMINI_AI,Replaced with Gemini regenerated asset,GEMINI_REGENERATED_STUDIO_ASSET,/images/products/1450-0001-grease-nipple-1-8-bsp.webp,800x800,56,Watermark completely eliminated; 1024x1024 studio asset deployed.
1450-0002.jpg,1450/0002,0136e0f6359ea0ee,GREASE NIPPLE STRAIGHT,REPLACED_GEMINI_AI,Replaced with Gemini regenerated asset,GEMINI_REGENERATED_STUDIO_ASSET,/images/products/1450-0002-grease-nipple-straight.webp,800x800,49,Watermark completely eliminated; 1024x1024 studio asset deployed.
1450-1001.jpg,1450/1001,d2554d8667cfd8c7,GREASE NIPPLE 90 DEG.,REPLACED_GEMINI_AI,Replaced with Gemini regenerated asset,GEMINI_REGENERATED_STUDIO_ASSET,/images/products/1450-1001-grease-nipple-90-deg.webp,800x800,79,Watermark completely eliminated; 1024x1024 studio asset deployed.
15-106100.jpg,15/106100,cb7c538a36a267d9,MASTER CYLINDER,REPLACED_GEMINI_AI,Replaced with Gemini regenerated asset,GEMINI_REGENERATED_STUDIO_ASSET,/images/products/15-106100-master-cylinder.webp,800x800,43,Watermark completely eliminated; 1024x1024 studio asset deployed.
15-920103478-0084915-913501.jpg,N/A,N/A,N/A,IGNORED_NOT_ON_WEBSITE,Ignored completely per matching rule,N/A,N/A,N/A,N/A,Part Number does not exist in website catalog. Image discarded without processing.
15-920110.jpg,15/920110,0560dd05bc74efb4,MASTERCYLINDER,REPLACED_GEMINI_AI,Replaced with Gemini regenerated asset,GEMINI_REGENERATED_STUDIO_ASSET,/images/products/15-920110-mastercylinder.webp,800x800,28,Watermark completely eliminated; 1024x1024 studio asset deployed.
15-920159993-23600.jpg,N/A,N/A,N/A,IGNORED_NOT_ON_WEBSITE,Ignored completely per matching rule,N/A,N/A,N/A,N/A,Part Number does not exist in website catalog. Image discarded without processing.
15-920160452-02700.jpg,N/A,N/A,N/A,IGNORED_NOT_ON_WEBSITE,Ignored completely per matching rule,N/A,N/A,N/A,N/A,Part Number does not exist in website catalog. Image discarded without processing.
15-920315.jpg,15/920315,01fb0f53be705772,KIT SPRING 432,REPLACED_GEMINI_AI,Replaced with Gemini regenerated asset,GEMINI_REGENERATED_STUDIO_ASSET,/images/products/15-920315-kit-spring-432.webp,800x800,32,Watermark completely eliminated; 1024x1024 studio asset deployed.
15-92038915-92015815-905504.jpg,N/A,N/A,N/A,IGNORED_NOT_ON_WEBSITE,Ignored completely per matching rule,N/A,N/A,N/A,N/A,Part Number does not exist in website catalog. Image discarded without processing.
15-920402.jpg,15/920402,dab124a04248e2ea,W BRAKE MAST.CYLINDER 7/8 Rem,REPLACED_GEMINI_AI,Replaced with Gemini regenerated asset,GEMINI_REGENERATED_STUDIO_ASSET,/images/products/15-920402-w-brake-mastcylinder-7-8-rem.webp,800x800,28,Watermark completely eliminated; 1024x1024 studio asset deployed.
155-10600.jpg,155/10600,d902804f4b2c35fa,Lock nut and Seal,REPLACED_GEMINI_AI,Replaced with Gemini regenerated asset,GEMINI_REGENERATED_STUDIO_ASSET,/images/products/155-10600-lock-nut-and-seal.webp,800x800,28,Watermark completely eliminated; 1024x1024 studio asset deployed.
157-18003.jpg,N/A,N/A,N/A,IGNORED_NOT_ON_WEBSITE,Ignored completely per matching rule,N/A,N/A,N/A,N/A,Part Number does not exist in website catalog. Image discarded without processing.
159-69899.jpg,159/69899,ad688ef3483665c2,PADWEARASSY,REPLACED_GEMINI_AI,Replaced with Gemini regenerated asset,GEMINI_REGENERATED_STUDIO_ASSET,/images/products/159-69899-padwearassy.webp,800x800,23,Watermark completely eliminated; 1024x1024 studio asset deployed.
159-69914.jpg,159/69914,539a2eb06a5e105a,WEAR PAD ASSEMBLY,REPLACED_GEMINI_AI,Replaced with Gemini regenerated asset,GEMINI_REGENERATED_STUDIO_ASSET,/images/products/159-69914-wear-pad-assembly.webp,800x800,22,Watermark completely eliminated; 1024x1024 studio asset deployed.
160-00982.jpg,160/00982,1d8c8f68fb0fcada,WEAR PAD ASSY,REPLACED_GEMINI_AI,Replaced with Gemini regenerated asset,GEMINI_REGENERATED_STUDIO_ASSET,/images/products/160-00982-wear-pad-assy.webp,800x800,24,Watermark completely eliminated; 1024x1024 studio asset deployed.
160-00991.jpg,160/00991,4dabea3f30ce57b9,WEAR PAD ASSY 150 X 95MM,REPLACED_GEMINI_AI,Replaced with Gemini regenerated asset,GEMINI_REGENERATED_STUDIO_ASSET,/images/products/160-00991-wear-pad-assy-150-x-95mm.webp,800x800,21,Watermark completely eliminated; 1024x1024 studio asset deployed.
160-00992.jpg,160/00992,80bb62028c0c6cca,WEAR PAD ASSY 150 X 60MM,REPLACED_GEMINI_AI,Replaced with Gemini regenerated asset,GEMINI_REGENERATED_STUDIO_ASSET,/images/products/160-00992-wear-pad-assy-150-x-60mm.webp,800x800,23,Watermark completely eliminated; 1024x1024 studio asset deployed.
1604-0005.jpg,N/A,N/A,N/A,IGNORED_NOT_ON_WEBSITE,Ignored completely per matching rule,N/A,N/A,N/A,N/A,Part Number does not exist in website catalog. Image discarded without processing.
1604-2051_1604-0002.jpg,1604/2051,80cc5d8f70078f3b,ADAPTOR G1/4A M/M,SOURCE_PLACEHOLDER_OMITTED,"Source photo is a generic ""IMAGE COMING SOON"" graphic; omitted from AI generation to prevent fabricating product features",SUPPLIER_PLACEHOLDER_GRAPHIC,/images/products/1604-2051-adaptor-g1-4a-m-m.webp,400x400,14,Source image contains no actual product photo. Requires authentic photo from supplier.
1604-2052_1604-0003.jpg,1604/2052,44a8868310da6149,ADAPTOR G3/8A M/M,SOURCE_PLACEHOLDER_OMITTED,"Source photo is a generic ""IMAGE COMING SOON"" graphic; omitted from AI generation to prevent fabricating product features",SUPPLIER_PLACEHOLDER_GRAPHIC,/images/products/1604-2052-adaptor-g3-8a-m-m.webp,400x400,14,Source image contains no actual product photo. Requires authentic photo from supplier.
1604-2053_1604-0004.jpg,1604/2053,0074584935e47f16,ADAPTOR M/M,REPLACED_GEMINI_AI,Replaced with Gemini regenerated asset,GEMINI_REGENERATED_STUDIO_ASSET,/images/products/1604-2053-adaptor-m-m.webp,800x800,54,Watermark completely eliminated; 1024x1024 studio asset deployed.
1604-2055_1604-0006.jpg,1604/2055,fe837c60e8a64051,ADAPTOR G3,REPLACED_GEMINI_AI,Replaced with Gemini regenerated asset,GEMINI_REGENERATED_STUDIO_ASSET,/images/products/1604-2055-adaptor-g3.webp,800x800,56,Watermark completely eliminated; 1024x1024 studio asset deployed.
162-03434&701-45501.jpg,162/03434,690a3d9cc1e93de8,BARREL LOCK.,REPLACED_GEMINI_AI,Replaced with Gemini regenerated asset,GEMINI_REGENERATED_STUDIO_ASSET,/images/products/162-03434-barrel-lock.webp,800x800,34,Watermark completely eliminated; 1024x1024 studio asset deployed.
166-00525.jpg,N/A,N/A,N/A,IGNORED_NOT_ON_WEBSITE,Ignored completely per matching rule,N/A,N/A,N/A,N/A,Part Number does not exist in website catalog. Image discarded without processing.
17-105201.jpg,17/105201,3f15b41711500d73,SOLENOID,REPLACED_GEMINI_AI,Replaced with Gemini regenerated asset,GEMINI_REGENERATED_STUDIO_ASSET,/images/products/17-105201-solenoid.webp,800x800,64,Watermark completely eliminated; 1024x1024 studio asset deployed.
17-401300.jpg,N/A,N/A,N/A,IGNORED_NOT_ON_WEBSITE,Ignored completely per matching rule,N/A,N/A,N/A,N/A,Part Number does not exist in website catalog. Image discarded without processing.
17-913600_17-401800.jpg,17/913600,6c69cae6adbb2327,PUMPFUELLIFT,REPLACED_GEMINI_AI,Replaced with Gemini regenerated asset,GEMINI_REGENERATED_STUDIO_ASSET,/images/products/17-913600-pumpfuellift.webp,800x800,41,Watermark completely eliminated; 1024x1024 studio asset deployed.
17700M62S00.jpg,N/A,N/A,N/A,IGNORED_NOT_ON_WEBSITE,Ignored completely per matching rule,N/A,N/A,N/A,N/A,Part Number does not exist in website catalog. Image discarded without processing.
191-00618_120-30001.jpg,191/00618,e909936de57bcb87,KINGPIN,REPLACED_GEMINI_AI,Replaced with Gemini regenerated asset,GEMINI_REGENERATED_STUDIO_ASSET,/images/products/191-00618-kingpin.webp,800x800,19,Watermark completely eliminated; 1024x1024 studio asset deployed.
20-500217.jpg,N/A,N/A,N/A,IGNORED_NOT_ON_WEBSITE,Ignored completely per matching rule,N/A,N/A,N/A,N/A,Part Number does not exist in website catalog. Image discarded without processing.
20-900401.jpg,20/900401,843aca38d0dc8bda,SEAL-SHAFT,REPLACED_GEMINI_AI,Replaced with Gemini regenerated asset,GEMINI_REGENERATED_STUDIO_ASSET,/images/products/20-900401-seal-shaft.webp,800x800,30,Watermark completely eliminated; 1024x1024 studio asset deployed.
20-900402.jpg,N/A,N/A,N/A,IGNORED_NOT_ON_WEBSITE,Ignored completely per matching rule,N/A,N/A,N/A,N/A,Part Number does not exist in website catalog. Image discarded without processing.
20-90270320-902901.jpg,N/A,N/A,N/A,IGNORED_NOT_ON_WEBSITE,Ignored completely per matching rule,N/A,N/A,N/A,N/A,Part Number does not exist in website catalog. Image discarded without processing.
20-902901.jpg,20/902901,07283864ea3dc8f0,IT SEAL PUMP,REPLACED_GEMINI_AI,Replaced with Gemini regenerated asset,GEMINI_REGENERATED_STUDIO_ASSET,/images/products/20-902901-it-seal-pump.webp,800x800,37,Watermark completely eliminated; 1024x1024 studio asset deployed.
20-903100.jpg,N/A,N/A,N/A,IGNORED_NOT_ON_WEBSITE,Ignored completely per matching rule,N/A,N/A,N/A,N/A,Part Number does not exist in website catalog. Image discarded without processing.
20-903100_2.jpg,N/A,N/A,N/A,IGNORED_NOT_ON_WEBSITE,Ignored completely per matching rule,N/A,N/A,N/A,N/A,Part Number does not exist in website catalog. Image discarded without processing.
20-903200.jpg,20/903200,1d5db362c90a553e,PUMP,REPLACED_GEMINI_AI,Replaced with Gemini regenerated asset,GEMINI_REGENERATED_STUDIO_ASSET,/images/products/20-903200-pump.webp,800x800,29,Watermark completely eliminated; 1024x1024 studio asset deployed.
20-911200.jpg,20/911200,1b8cb9bf9ce06029,PUMP MAIN HYDRAULI,REPLACED_GEMINI_AI,Replaced with Gemini regenerated asset,GEMINI_REGENERATED_STUDIO_ASSET,/images/products/20-911200-pump-main-hydrauli.webp,800x800,30,Watermark completely eliminated; 1024x1024 studio asset deployed.
20-912800.jpg,N/A,N/A,N/A,IGNORED_NOT_ON_WEBSITE,Ignored completely per matching rule,N/A,N/A,N/A,N/A,Part Number does not exist in website catalog. Image discarded without processing.
20-925000.jpg,20/925000,3338f134d93a5e6d,PUMPASSEMBLY,REPLACED_GEMINI_AI,Replaced with Gemini regenerated asset,GEMINI_REGENERATED_STUDIO_ASSET,/images/products/20-925000-pumpassembly.webp,800x800,31,Watermark completely eliminated; 1024x1024 studio asset deployed.
20-925020.jpg,N/A,N/A,N/A,IGNORED_NOT_ON_WEBSITE,Ignored completely per matching rule,N/A,N/A,N/A,N/A,Part Number does not exist in website catalog. Image discarded without processing.
20-925327.jpg,20/925327,1cddbe3fd1ecd57a,GA PUMP - TRANSMISSION,REPLACED_GEMINI_AI,Replaced with Gemini regenerated asset,GEMINI_REGENERATED_STUDIO_ASSET,/images/products/20-925327-ga-pump-transmission.webp,800x800,59,Watermark completely eliminated; 1024x1024 studio asset deployed.
20-925468_3349111930.jpg,N/A,N/A,N/A,IGNORED_NOT_ON_WEBSITE,Ignored completely per matching rule,N/A,N/A,N/A,N/A,Part Number does not exist in website catalog. Image discarded without processing.
20-925552.jpg,20/925552,4ecf14d0b260cea4,PUMP ASSEMBLY,REPLACED_GEMINI_AI,Replaced with Gemini regenerated asset,GEMINI_REGENERATED_STUDIO_ASSET,/images/products/20-925552-pump-assembly.webp,800x800,33,Watermark completely eliminated; 1024x1024 studio asset deployed.
20-925586.jpg,N/A,N/A,N/A,IGNORED_NOT_ON_WEBSITE,Ignored completely per matching rule,N/A,N/A,N/A,N/A,Part Number does not exist in website catalog. Image discarded without processing.
206-20705.jpg,206/20705,dc117c64f846b0bd,SEAL,REPLACED_GEMINI_AI,Replaced with Gemini regenerated asset,GEMINI_REGENERATED_STUDIO_ASSET,/images/products/206-20705-seal.webp,800x800,23,Watermark completely eliminated; 1024x1024 studio asset deployed.
2201-0005.jpg,2201/0005,3cdb46fbfdc518c8,CLIP WORMDRIVE 14/27mm,REPLACED_GEMINI_AI,Replaced with Gemini regenerated asset,GEMINI_REGENERATED_STUDIO_ASSET,/images/products/2201-0005-clip-wormdrive-14-27mm.webp,800x800,39,Watermark completely eliminated; 1024x1024 studio asset deployed.
2201-0011.jpg,2201/0011,edc9b3b3698620c1,CLIP WORMDRIVE 40/64mm,SOURCE_PLACEHOLDER_OMITTED,"Source photo is a generic ""IMAGE COMING SOON"" graphic; omitted from AI generation to prevent fabricating product features",SUPPLIER_PLACEHOLDER_GRAPHIC,/images/products/2201-0011-clip-wormdrive-40-64mm.webp,400x400,14,Source image contains no actual product photo. Requires authentic photo from supplier.
2201-0012.jpg,2201/0012,7e5ae980cf3d1cdf,CLIP WORMDRIVE 46/70mm#JS220,SOURCE_PLACEHOLDER_OMITTED,"Source photo is a generic ""IMAGE COMING SOON"" graphic; omitted from AI generation to prevent fabricating product features",SUPPLIER_PLACEHOLDER_GRAPHIC,/images/products/2201-0012-clip-wormdrive-46-70mmjs220.webp,400x400,14,Source image contains no actual product photo. Requires authentic photo from supplier.
2201-0013.jpg,2201/0013,c15908ebe3abb207,Worm Drive clip-60,REPLACED_GEMINI_AI,Replaced with Gemini regenerated asset,GEMINI_REGENERATED_STUDIO_ASSET,/images/products/2201-0013-worm-drive-clip-60.webp,800x800,25,Watermark completely eliminated; 1024x1024 studio asset deployed.
2201-0013_2.jpg,2201/0013,c15908ebe3abb207,Worm Drive clip-60,REPLACED_GEMINI_AI,Replaced with Gemini regenerated asset,GEMINI_REGENERATED_STUDIO_ASSET,/images/products/2201-0013-worm-drive-clip-60.webp,800x800,25,Watermark completely eliminated; 1024x1024 studio asset deployed.
2203-0041.jpg,2203/0041,266725bf82bc50b6,CIRCLIP,REPLACED_GEMINI_AI,Replaced with Gemini regenerated asset,GEMINI_REGENERATED_STUDIO_ASSET,/images/products/2203-0041-circlip.webp,800x800,21,Watermark completely eliminated; 1024x1024 studio asset deployed.
2203-0054.jpg,2203/0054,db4fc09e73d3a206,CIRCLIP - EXTERNAL 40MM,REPLACED_GEMINI_AI,Replaced with Gemini regenerated asset,GEMINI_REGENERATED_STUDIO_ASSET,/images/products/2203-0054-circlip-external-40mm.webp,800x800,23,Watermark completely eliminated; 1024x1024 studio asset deployed.
2203-0071.jpg,2203/0071,88d68ea1720a5108,EXT CIRCLIP 60MM [1400 06,REPLACED_GEMINI_AI,Replaced with Gemini regenerated asset,GEMINI_REGENERATED_STUDIO_ASSET,/images/products/2203-0071-ext-circlip-60mm-1400-06.webp,800x800,25,Watermark completely eliminated; 1024x1024 studio asset deployed.
2203-1020.jpg,2203/1020,7ef59aee2ba5d92b,CIRCLIP,REPLACED_GEMINI_AI,Replaced with Gemini regenerated asset,GEMINI_REGENERATED_STUDIO_ASSET,/images/products/2203-1020-circlip.webp,800x800,20,Watermark completely eliminated; 1024x1024 studio asset deployed.
2203-1080.jpg,2203/1080,99ba21aec37de840,CIRCLIP-INTERNAL,REPLACED_GEMINI_AI,Replaced with Gemini regenerated asset,GEMINI_REGENERATED_STUDIO_ASSET,/images/products/2203-1080-circlip-internal.webp,800x800,23,Watermark completely eliminated; 1024x1024 studio asset deployed.
231-65902.jpg,N/A,N/A,N/A,IGNORED_NOT_ON_WEBSITE,Ignored completely per matching rule,N/A,N/A,N/A,N/A,Part Number does not exist in website catalog. Image discarded without processing.
25-10110025-918800.jpg,N/A,N/A,N/A,IGNORED_NOT_ON_WEBSITE,Ignored completely per matching rule,N/A,N/A,N/A,N/A,Part Number does not exist in website catalog. Image discarded without processing.
25-103000.jpg,25/103000,65bdaa3dce4557c4,SOLENOIDVALVE,REPLACED_GEMINI_AI,Replaced with Gemini regenerated asset,GEMINI_REGENERATED_STUDIO_ASSET,/images/products/25-103000-solenoidvalve.webp,800x800,21,Watermark completely eliminated; 1024x1024 studio asset deployed.
25-103001.jpg,N/A,N/A,N/A,IGNORED_NOT_ON_WEBSITE,Ignored completely per matching rule,N/A,N/A,N/A,N/A,Part Number does not exist in website catalog. Image discarded without processing.
25-104700.jpg,25/104700,2450aa5b387ccc54,SOLENOID VALVE,REPLACED_GEMINI_AI,Replaced with Gemini regenerated asset,GEMINI_REGENERATED_STUDIO_ASSET,/images/products/25-104700-solenoid-valve.webp,800x800,22,Watermark completely eliminated; 1024x1024 studio asset deployed.
25-104700_25-103000.jpg,25/104700,2450aa5b387ccc54,SOLENOID VALVE,REPLACED_GEMINI_AI,Replaced with Gemini regenerated asset,GEMINI_REGENERATED_STUDIO_ASSET,/images/products/25-104700-solenoid-valve.webp,800x800,22,Watermark completely eliminated; 1024x1024 studio asset deployed.
25-105100.jpg,N/A,N/A,N/A,IGNORED_NOT_ON_WEBSITE,Ignored completely per matching rule,N/A,N/A,N/A,N/A,Part Number does not exist in website catalog. Image discarded without processing.
25-105200.jpg,N/A,N/A,N/A,IGNORED_NOT_ON_WEBSITE,Ignored completely per matching rule,N/A,N/A,N/A,N/A,Part Number does not exist in website catalog. Image discarded without processing.
25-220992.jpg,25/220992,192003a7ffe079c9,VALVE SOLENOID,REPLACED_GEMINI_AI,Replaced with Gemini regenerated asset,GEMINI_REGENERATED_STUDIO_ASSET,/images/products/25-220992-valve-solenoid.webp,800x800,43,Watermark completely eliminated; 1024x1024 studio asset deployed.
25-220994.jpg,N/A,N/A,N/A,IGNORED_NOT_ON_WEBSITE,Ignored completely per matching rule,N/A,N/A,N/A,N/A,Part Number does not exist in website catalog. Image discarded without processing.
25-220998_25-MM6396.jpg,25/220998,affcccf8b3bf96b6,Valve solenoid,REPLACED_GEMINI_AI,Replaced with Gemini regenerated asset,GEMINI_REGENERATED_STUDIO_ASSET,/images/products/25-220998-valve-solenoid.webp,800x800,25,Watermark completely eliminated; 1024x1024 studio asset deployed.
25-221054_477-00824.jpg,25/221054,3bd21713d970d7fc,COIL 12V,REPLACED_GEMINI_AI,Replaced with Gemini regenerated asset,GEMINI_REGENERATED_STUDIO_ASSET,/images/products/25-221054-coil-12v.webp,800x800,33,Watermark completely eliminated; 1024x1024 studio asset deployed.
25-222305.jpg,25/222305,386050cdf20655e8,KIT SEAL,REPLACED_GEMINI_AI,Replaced with Gemini regenerated asset,GEMINI_REGENERATED_STUDIO_ASSET,/images/products/25-222305-kit-seal.webp,800x800,31,Watermark completely eliminated; 1024x1024 studio asset deployed.
25-222657.jpg,25/222657,abceb2bdc731c695,Solonoid cartidge valve,REPLACED_GEMINI_AI,Replaced with Gemini regenerated asset,GEMINI_REGENERATED_STUDIO_ASSET,/images/products/25-222657-solonoid-cartidge-valve.webp,800x800,45,Watermark completely eliminated; 1024x1024 studio asset deployed.
25-222661.jpg,25/222661,207d80b5c415338e,WIPER SEAL,REPLACED_GEMINI_AI,Replaced with Gemini regenerated asset,GEMINI_REGENERATED_STUDIO_ASSET,/images/products/25-222661-wiper-seal.webp,800x800,25,Watermark completely eliminated; 1024x1024 studio asset deployed.
25-222913.jpg,25/222913,0c387181f6cfc2ec,VALVE - CARTRIDGE,REPLACED_GEMINI_AI,Replaced with Gemini regenerated asset,GEMINI_REGENERATED_STUDIO_ASSET,/images/products/25-222913-valve-cartridge.webp,800x800,43,Watermark completely eliminated; 1024x1024 studio asset deployed.
25-606108_25-222109.jpg,25/606108,9d21162c380b4f0d,COVER,REPLACED_GEMINI_AI,Replaced with Gemini regenerated asset,GEMINI_REGENERATED_STUDIO_ASSET,/images/products/25-606108-cover.webp,800x800,62,Watermark completely eliminated; 1024x1024 studio asset deployed.
25-610301.jpg,N/A,N/A,N/A,IGNORED_NOT_ON_WEBSITE,Ignored completely per matching rule,N/A,N/A,N/A,N/A,Part Number does not exist in website catalog. Image discarded without processing.
25-618901.jpg,N/A,N/A,N/A,IGNORED_NOT_ON_WEBSITE,Ignored completely per matching rule,N/A,N/A,N/A,N/A,Part Number does not exist in website catalog. Image discarded without processing.
25-618902.jpg,25/618902,f2d2d773cfbad23b,KIT SEAL,SOURCE_PLACEHOLDER_OMITTED,"Source photo is a generic ""IMAGE COMING SOON"" graphic; omitted from AI generation to prevent fabricating product features",SUPPLIER_PLACEHOLDER_GRAPHIC,/images/products/25-618902-kit-seal.webp,400x400,14,Source image contains no actual product photo. Requires authentic photo from supplier.
25-624302_333-Y0793.jpg,25/624302,dd5ce4c64bcc6ab4,BOOT,REPLACED_GEMINI_AI,Replaced with Gemini regenerated asset,GEMINI_REGENERATED_STUDIO_ASSET,/images/products/25-624302-boot.webp,800x800,32,Watermark completely eliminated; 1024x1024 studio asset deployed.
25-974602.jpg,25/974602,6ff92fd409c55abd,VALVE,REPLACED_GEMINI_AI,Replaced with Gemini regenerated asset,GEMINI_REGENERATED_STUDIO_ASSET,/images/products/25-974602-valve.webp,800x800,31,Watermark completely eliminated; 1024x1024 studio asset deployed.
25-974628.jpg,25/974628,17280bfdff602a29,COIL,REPLACED_GEMINI_AI,Replaced with Gemini regenerated asset,GEMINI_REGENERATED_STUDIO_ASSET,/images/products/25-974628-coil.webp,800x800,48,Watermark completely eliminated; 1024x1024 studio asset deployed.
25-975703_25-221208.jpg,25/221208,04f6bcb8e071c19d,SEAL,REPLACED_GEMINI_AI,Replaced with Gemini regenerated asset,GEMINI_REGENERATED_STUDIO_ASSET,/images/products/25-221208-seal.webp,800x800,27,Watermark completely eliminated; 1024x1024 studio asset deployed.
25-975704.jpg,25/975704,a87bae68b5976fb1,SEAL,REPLACED_GEMINI_AI,Replaced with Gemini regenerated asset,GEMINI_REGENERATED_STUDIO_ASSET,/images/products/25-975704-seal.webp,800x800,22,Watermark completely eliminated; 1024x1024 studio asset deployed.
263-24405120-16903.jpg,N/A,N/A,N/A,IGNORED_NOT_ON_WEBSITE,Ignored completely per matching rule,N/A,N/A,N/A,N/A,Part Number does not exist in website catalog. Image discarded without processing.
265-01289.jpg,265/01289,ffc1927cb54a79b5,GAUGE-SIGHT,REPLACED_GEMINI_AI,Replaced with Gemini regenerated asset,GEMINI_REGENERATED_STUDIO_ASSET,/images/products/265-01289-gauge-sight.webp,800x800,48,Watermark completely eliminated; 1024x1024 studio asset deployed.
30-921200_30-925441_923-02700.jpg,30/921200,27a687669626029e,COOLERTRANS.,REPLACED_GEMINI_AI,Replaced with Gemini regenerated asset,GEMINI_REGENERATED_STUDIO_ASSET,/images/products/30-921200-coolertrans.webp,800x800,23,Watermark completely eliminated; 1024x1024 studio asset deployed.
30-925526.jpg,30/925526,306122dc1dfca37a,ENGINE FAN,REPLACED_GEMINI_AI,Replaced with Gemini regenerated asset,GEMINI_REGENERATED_STUDIO_ASSET,/images/products/30-925526-engine-fan.webp,800x800,24,Watermark completely eliminated; 1024x1024 studio asset deployed.
31400M69R00.jpg,N/A,N/A,N/A,IGNORED_NOT_ON_WEBSITE,Ignored completely per matching rule,N/A,N/A,N/A,N/A,Part Number does not exist in website catalog. Image discarded without processing.
32-901100.jpg,32/901100,e7039dff5dbf1409,STRAINER,REPLACED_GEMINI_AI,Replaced with Gemini regenerated asset,GEMINI_REGENERATED_STUDIO_ASSET,/images/products/32-901100-strainer.webp,800x800,66,Watermark completely eliminated; 1024x1024 studio asset deployed.
32-902200.jpg,32/902200,1721186c89797437,SUCTION STRAINER,REPLACED_GEMINI_AI,Replaced with Gemini regenerated asset,GEMINI_REGENERATED_STUDIO_ASSET,/images/products/32-902200-suction-strainer.webp,800x800,40,Watermark completely eliminated; 1024x1024 studio asset deployed.
32-903101_32-903102.jpg,32/903101,a130a6874b733b77,COVER,REPLACED_GEMINI_AI,Replaced with Gemini regenerated asset,GEMINI_REGENERATED_STUDIO_ASSET,/images/products/32-903101-cover.webp,800x800,22,Watermark completely eliminated; 1024x1024 studio asset deployed.
32-903103.jpg,32/903103,1bd61b9c63bc5aa5,BOWLAIRFILTER,REPLACED_GEMINI_AI,Replaced with Gemini regenerated asset,GEMINI_REGENERATED_STUDIO_ASSET,/images/products/32-903103-bowlairfilter.webp,800x800,20,Watermark completely eliminated; 1024x1024 studio asset deployed.
32-904200.jpg,32/904200,abf7bac50ec47b4c,SUCTIONSTRAINER,REPLACED_GEMINI_AI,Replaced with Gemini regenerated asset,GEMINI_REGENERATED_STUDIO_ASSET,/images/products/32-904200-suctionstrainer.webp,800x800,30,Watermark completely eliminated; 1024x1024 studio asset deployed.
32-904709.jpg,32/904709,95555998c77ebba0,BOWLASSY,REPLACED_GEMINI_AI,Replaced with Gemini regenerated asset,GEMINI_REGENERATED_STUDIO_ASSET,/images/products/32-904709-bowlassy.webp,800x800,11,Watermark completely eliminated; 1024x1024 studio asset deployed.
32-905304.jpg,32/905304,bacebb61c18b3b52,VALVE,REPLACED_GEMINI_AI,Replaced with Gemini regenerated asset,GEMINI_REGENERATED_STUDIO_ASSET,/images/products/32-905304-valve.webp,800x800,30,Watermark completely eliminated; 1024x1024 studio asset deployed.
32-908100.jpg,N/A,N/A,N/A,IGNORED_NOT_ON_WEBSITE,Ignored completely per matching rule,N/A,N/A,N/A,N/A,Part Number does not exist in website catalog. Image discarded without processing.
32-910100.jpg,N/A,N/A,N/A,IGNORED_NOT_ON_WEBSITE,Ignored completely per matching rule,N/A,N/A,N/A,N/A,Part Number does not exist in website catalog. Image discarded without processing.
32-912001.jpg,32/912001,910fd778448151d3,ELEMENT-FUEL,REPLACED_GEMINI_AI,Replaced with Gemini regenerated asset,GEMINI_REGENERATED_STUDIO_ASSET,/images/products/32-912001-element-fuel.webp,800x800,19,Watermark completely eliminated; 1024x1024 studio asset deployed.
32-913500_32-925346.jpg,32/925346,6b74b7ea29561ba9,FILTER ELEMENT -12U PQ416,REPLACED_GEMINI_AI,Replaced with Gemini regenerated asset,GEMINI_REGENERATED_STUDIO_ASSET,/images/products/32-925346-filter-element-12u-pq416.webp,800x800,55,Watermark completely eliminated; 1024x1024 studio asset deployed.
32-914300_32-903100.jpg,32/914300,6ff7ac62aa83d940,PRECLEANER,REPLACED_GEMINI_AI,Replaced with Gemini regenerated asset,GEMINI_REGENERATED_STUDIO_ASSET,/images/products/32-914300-precleaner.webp,800x800,31,Watermark completely eliminated; 1024x1024 studio asset deployed.
32-915500.jpg,32/915500,cc136d496ee9d0ec,SUCTION ELEMENT,REPLACED_GEMINI_AI,Replaced with Gemini regenerated asset,GEMINI_REGENERATED_STUDIO_ASSET,/images/products/32-915500-suction-element.webp,800x800,54,Watermark completely eliminated; 1024x1024 studio asset deployed.
32-915800_32-920200.jpg,32/920200,93a8ca8b75527c47,FILTERASSEMBLYA',REPLACED_GEMINI_AI,Replaced with Gemini regenerated asset,GEMINI_REGENERATED_STUDIO_ASSET,/images/products/32-920200-filterassemblya.webp,800x800,39,Watermark completely eliminated; 1024x1024 studio asset deployed.
32-915801.jpg,32/915801,982841c3570e7943,AirCleanerElementSafety(Outer)(pc),REPLACED_GEMINI_AI,Replaced with Gemini regenerated asset,GEMINI_REGENERATED_STUDIO_ASSET,/images/products/32-915801-aircleanerelementsafety-outer-pc.webp,800x800,21,Watermark completely eliminated; 1024x1024 studio asset deployed.
32-915801_32-915802.jpg,32/915801,982841c3570e7943,AirCleanerElementSafety(Outer)(pc),REPLACED_GEMINI_AI,Replaced with Gemini regenerated asset,GEMINI_REGENERATED_STUDIO_ASSET,/images/products/32-915801-aircleanerelementsafety-outer-pc.webp,800x800,21,Watermark completely eliminated; 1024x1024 studio asset deployed.
32-915802.jpg,32/915802,ff3d83b40dd15703,AirCleanerElementMain(Outer)(pc),REPLACED_GEMINI_AI,Replaced with Gemini regenerated asset,GEMINI_REGENERATED_STUDIO_ASSET,/images/products/32-915802-aircleanerelementmain-outer-pc.webp,800x800,65,Watermark completely eliminated; 1024x1024 studio asset deployed.
32-916800.jpg,N/A,N/A,N/A,IGNORED_NOT_ON_WEBSITE,Ignored completely per matching rule,N/A,N/A,N/A,N/A,Part Number does not exist in website catalog. Image discarded without processing.
32-917804_32-917805.jpg,32/917804,2a219ca8598b044d,AIR ELEM. MAIN,REPLACED_GEMINI_AI,Replaced with Gemini regenerated asset,GEMINI_REGENERATED_STUDIO_ASSET,/images/products/32-917804-air-elem-main.webp,800x800,69,Watermark completely eliminated; 1024x1024 studio asset deployed.
32-917804_32-917805_2.jpg,32/917804,2a219ca8598b044d,AIR ELEM. MAIN,REPLACED_GEMINI_AI,Replaced with Gemini regenerated asset,GEMINI_REGENERATED_STUDIO_ASSET,/images/products/32-917804-air-elem-main.webp,800x800,69,Watermark completely eliminated; 1024x1024 studio asset deployed.
32-920300.jpg,32/920300,9b6f24eb863bf031,Hydraulic Strainer,REPLACED_GEMINI_AI,Replaced with Gemini regenerated asset,GEMINI_REGENERATED_STUDIO_ASSET,/images/products/32-920300-hydraulic-strainer.webp,800x800,26,Watermark completely eliminated; 1024x1024 studio asset deployed.
32-922300.jpg,32/922300,ddc6d758ed15e29e,Filter fuel Pre-filt,REPLACED_GEMINI_AI,Replaced with Gemini regenerated asset,GEMINI_REGENERATED_STUDIO_ASSET,/images/products/32-922300-filter-fuel-pre-filt.webp,800x800,22,Watermark completely eliminated; 1024x1024 studio asset deployed.
32-925140.jpg,32/925140,6220bd54ef6eae5b,PLEXUS FILTER,REPLACED_GEMINI_AI,Replaced with Gemini regenerated asset,GEMINI_REGENERATED_STUDIO_ASSET,/images/products/32-925140-plexus-filter.webp,800x800,37,Watermark completely eliminated; 1024x1024 studio asset deployed.
32-925140_2.jpg,32/925140,6220bd54ef6eae5b,PLEXUS FILTER,REPLACED_GEMINI_AI,Replaced with Gemini regenerated asset,GEMINI_REGENERATED_STUDIO_ASSET,/images/products/32-925140-plexus-filter.webp,800x800,37,Watermark completely eliminated; 1024x1024 studio asset deployed.
32-925421331-Y1376.jpg,N/A,N/A,N/A,IGNORED_NOT_ON_WEBSITE,Ignored completely per matching rule,N/A,N/A,N/A,N/A,Part Number does not exist in website catalog. Image discarded without processing.
32-925421_333-Y1376.jpg,32/925421,019d610fec4fccf2,FILLER BREATHER CAP,SOURCE_PLACEHOLDER_OMITTED,"Source photo is a generic ""IMAGE COMING SOON"" graphic; omitted from AI generation to prevent fabricating product features",SUPPLIER_PLACEHOLDER_GRAPHIC,/images/products/32-925421-filler-breather-cap.webp,400x400,14,Source image contains no actual product photo. Requires authentic photo from supplier.
32-925682.jpg,32/925682,11c43cfeede4943b,ELEMENT-AIRPQ145,REPLACED_GEMINI_AI,Replaced with Gemini regenerated asset,GEMINI_REGENERATED_STUDIO_ASSET,/images/products/32-925682-element-airpq145.webp,800x800,63,Watermark completely eliminated; 1024x1024 studio asset deployed.
32-925682_32-925683.jpg,32/925682,11c43cfeede4943b,ELEMENT-AIRPQ145,REPLACED_GEMINI_AI,Replaced with Gemini regenerated asset,GEMINI_REGENERATED_STUDIO_ASSET,/images/products/32-925682-element-airpq145.webp,800x800,63,Watermark completely eliminated; 1024x1024 studio asset deployed.
32-925683.jpg,32/925683,f9fb741b413f28e5,SAFETY ELEMENT,REPLACED_GEMINI_AI,Replaced with Gemini regenerated asset,GEMINI_REGENERATED_STUDIO_ASSET,/images/products/32-925683-safety-element.webp,800x800,40,Watermark completely eliminated; 1024x1024 studio asset deployed.
32-925694.jpg,N/A,N/A,N/A,IGNORED_NOT_ON_WEBSITE,Ignored completely per matching rule,N/A,N/A,N/A,N/A,Part Number does not exist in website catalog. Image discarded without processing.
32-925708.jpg,32/925708,4067eb7d053657e7,GLASS BOWL ASSY,REPLACED_GEMINI_AI,Replaced with Gemini regenerated asset,GEMINI_REGENERATED_STUDIO_ASSET,/images/products/32-925708-glass-bowl-assy.webp,800x800,50,Watermark completely eliminated; 1024x1024 studio asset deployed.
32-925915.jpg,32/925915,08f7df25d7aeb54f,ELEMENT -  FUEL(local no - 32/925994),REPLACED_GEMINI_AI,Replaced with Gemini regenerated asset,GEMINI_REGENERATED_STUDIO_ASSET,/images/products/32-925915-element-fuel-local-no-32-925994.webp,800x800,24,Watermark completely eliminated; 1024x1024 studio asset deployed.
32-925915_2.jpg,32/925915,08f7df25d7aeb54f,ELEMENT -  FUEL(local no - 32/925994),REPLACED_GEMINI_AI,Replaced with Gemini regenerated asset,GEMINI_REGENERATED_STUDIO_ASSET,/images/products/32-925915-element-fuel-local-no-32-925994.webp,800x800,24,Watermark completely eliminated; 1024x1024 studio asset deployed.
32-925994.jpg,32/925994,c08fabc06c46bb1b,ElementFilterCartridge30Micron,REPLACED_GEMINI_AI,Replaced with Gemini regenerated asset,GEMINI_REGENERATED_STUDIO_ASSET,/images/products/32-925994-elementfiltercartridge30micron.webp,800x800,36,Watermark completely eliminated; 1024x1024 studio asset deployed.
32-926084.jpg,32/926084,0c4290f009603d04,FILTERAIRINDUCTION-ASSEMBLY',REPLACED_GEMINI_AI,Replaced with Gemini regenerated asset,GEMINI_REGENERATED_STUDIO_ASSET,/images/products/32-926084-filterairinduction-assembly.webp,800x800,35,Watermark completely eliminated; 1024x1024 studio asset deployed.
32-926084_2.jpg,32/926084,0c4290f009603d04,FILTERAIRINDUCTION-ASSEMBLY',REPLACED_GEMINI_AI,Replaced with Gemini regenerated asset,GEMINI_REGENERATED_STUDIO_ASSET,/images/products/32-926084-filterairinduction-assembly.webp,800x800,35,Watermark completely eliminated; 1024x1024 studio asset deployed.
320-01722.jpg,320/01722,7350e6bfc5b98985,PISTON COOLING JET,REPLACED_GEMINI_AI,Replaced with Gemini regenerated asset,GEMINI_REGENERATED_STUDIO_ASSET,/images/products/320-01722-piston-cooling-jet.webp,800x800,18,Watermark completely eliminated; 1024x1024 studio asset deployed.
320-01802.jpg,N/A,N/A,N/A,IGNORED_NOT_ON_WEBSITE,Ignored completely per matching rule,N/A,N/A,N/A,N/A,Part Number does not exist in website catalog. Image discarded without processing.
320-02038_320-02006.jpg,320/02038,687e46067e506ca4,BOLT.MAIN BEAR.M14x164 lg,REPLACED_GEMINI_AI,Replaced with Gemini regenerated asset,GEMINI_REGENERATED_STUDIO_ASSET,/images/products/320-02038-boltmain-bearm14x164-lg.webp,800x800,17,Watermark completely eliminated; 1024x1024 studio asset deployed.
320-02596.jpg,320/02596,dc5ebdad1a1866da,EXHAUSTVALVESEAT(LOCAL),REPLACED_GEMINI_AI,Replaced with Gemini regenerated asset,GEMINI_REGENERATED_STUDIO_ASSET,/images/products/320-02596-exhaustvalveseat-local.webp,800x800,24,Watermark completely eliminated; 1024x1024 studio asset deployed.
320-02608.jpg,320/02608,db058c310c3a0c43,GASKETCYLINDERHEADAltno.320/02616,REPLACED_GEMINI_AI,Replaced with Gemini regenerated asset,GEMINI_REGENERATED_STUDIO_ASSET,/images/products/320-02608-gasketcylinderheadaltno320-02616.webp,800x800,28,Watermark completely eliminated; 1024x1024 studio asset deployed.
320-02611.jpg,320/02611,32a7347fc4486eeb,INJECTOR SLEEVE - STEEL,REPLACED_GEMINI_AI,Replaced with Gemini regenerated asset,GEMINI_REGENERATED_STUDIO_ASSET,/images/products/320-02611-injector-sleeve-steel.webp,800x800,21,Watermark completely eliminated; 1024x1024 studio asset deployed.
320-02617.jpg,320/02617,afb7bdcfd818f99d,GASKET.CYLINDER HEAD 448,REPLACED_GEMINI_AI,Replaced with Gemini regenerated asset,GEMINI_REGENERATED_STUDIO_ASSET,/images/products/320-02617-gasketcylinder-head-448.webp,800x800,40,Watermark completely eliminated; 1024x1024 studio asset deployed.
320-03017.jpg,320/03017,97785e89c8cf4b1b,BUSH.SMALL END,REPLACED_GEMINI_AI,Replaced with Gemini regenerated asset,GEMINI_REGENERATED_STUDIO_ASSET,/images/products/320-03017-bushsmall-end.webp,800x800,40,Watermark completely eliminated; 1024x1024 studio asset deployed.
320-03040.jpg,320/03040,1d1348c24a9142f3,BOLT M10x57 CONNECTING ROD,REPLACED_GEMINI_AI,Replaced with Gemini regenerated asset,GEMINI_REGENERATED_STUDIO_ASSET,/images/products/320-03040-bolt-m10x57-connecting-rod.webp,800x800,18,Watermark completely eliminated; 1024x1024 studio asset deployed.
320-03114_320-03379.jpg,320/03114,0eb1e31eba3ec33e,CONNECTING ROD MACHINING 40 S/E,REPLACED_GEMINI_AI,Replaced with Gemini regenerated asset,GEMINI_REGENERATED_STUDIO_ASSET,/images/products/320-03114-connecting-rod-machining-40-s-e.webp,800x800,28,Watermark completely eliminated; 1024x1024 studio asset deployed.
320-03119.jpg,320/03119,e1c414718baadb0c,CRANK SEAL FRONT - 85MM,REPLACED_GEMINI_AI,Replaced with Gemini regenerated asset,GEMINI_REGENERATED_STUDIO_ASSET,/images/products/320-03119-crank-seal-front-85mm.webp,800x800,40,Watermark completely eliminated; 1024x1024 studio asset deployed.
320-03332_320-09236.jpg,320/09236,8f4a41d57a65a9b4,Kit-pistonoversiz,REPLACED_GEMINI_AI,Replaced with Gemini regenerated asset,GEMINI_REGENERATED_STUDIO_ASSET,/images/products/320-09236-kit-pistonoversiz.webp,800x800,66,Watermark completely eliminated; 1024x1024 studio asset deployed.
320-03520_320-03697.jpg,320/03520,63badb2a4932268d,INLET VALVE VARROC,REPLACED_GEMINI_AI,Replaced with Gemini regenerated asset,GEMINI_REGENERATED_STUDIO_ASSET,/images/products/320-03520-inlet-valve-varroc.webp,800x800,17,Watermark completely eliminated; 1024x1024 studio asset deployed.
320-03521_320-03698.jpg,320/03521,4e536e115e2ff608,VALVE EXHAUST VARROC,REPLACED_GEMINI_AI,Replaced with Gemini regenerated asset,GEMINI_REGENERATED_STUDIO_ASSET,/images/products/320-03521-valve-exhaust-varroc.webp,800x800,15,Watermark completely eliminated; 1024x1024 studio asset deployed.
320-03524.jpg,320/03524,9d5e2b8c7417a784,TAPPET,REPLACED_GEMINI_AI,Replaced with Gemini regenerated asset,GEMINI_REGENERATED_STUDIO_ASSET,/images/products/320-03524-tappet.webp,800x800,27,Watermark completely eliminated; 1024x1024 studio asset deployed.
320-03533.jpg,320/03533,aeb9cabe37267409,SEAL - VALVE STEM,REPLACED_GEMINI_AI,Replaced with Gemini regenerated asset,GEMINI_REGENERATED_STUDIO_ASSET,/images/products/320-03533-seal-valve-stem.webp,800x800,49,Watermark completely eliminated; 1024x1024 studio asset deployed.
320-03677.jpg,320/03677,4212d8ced0ad323a,PUSHROD,REPLACED_GEMINI_AI,Replaced with Gemini regenerated asset,GEMINI_REGENERATED_STUDIO_ASSET,/images/products/320-03677-pushrod.webp,800x800,12,Watermark completely eliminated; 1024x1024 studio asset deployed.
320-04090.jpg,320/04090,c9392d120fb5ebaa,CAP.OilFiller,REPLACED_GEMINI_AI,Replaced with Gemini regenerated asset,GEMINI_REGENERATED_STUDIO_ASSET,/images/products/320-04090-capoilfiller.webp,800x800,25,Watermark completely eliminated; 1024x1024 studio asset deployed.
320-04113.jpg,320/04113,1915c908c820ba40,GASKET-OIL COOLER,REPLACED_GEMINI_AI,Replaced with Gemini regenerated asset,GEMINI_REGENERATED_STUDIO_ASSET,/images/products/320-04113-gasket-oil-cooler.webp,800x800,23,Watermark completely eliminated; 1024x1024 studio asset deployed.
320-04133.jpg,320/04133,827bf2668e422443,FILTER.ENGINE OIL,REPLACED_GEMINI_AI,Replaced with Gemini regenerated asset,GEMINI_REGENERATED_STUDIO_ASSET,/images/products/320-04133-filterengine-oil.webp,800x800,29,Watermark completely eliminated; 1024x1024 studio asset deployed.
320-04133_320-B4420.jpg,320/04133,827bf2668e422443,FILTER.ENGINE OIL,REPLACED_GEMINI_AI,Replaced with Gemini regenerated asset,GEMINI_REGENERATED_STUDIO_ASSET,/images/products/320-04133-filterengine-oil.webp,800x800,29,Watermark completely eliminated; 1024x1024 studio asset deployed.
320-04134.jpg,320/04134,acf73fe72a6a7abe,FILTER ENGINE OIL,REPLACED_GEMINI_AI,Replaced with Gemini regenerated asset,GEMINI_REGENERATED_STUDIO_ASSET,/images/products/320-04134-filter-engine-oil.webp,800x800,27,Watermark completely eliminated; 1024x1024 studio asset deployed.
320-04186.jpg,320/04186,a62806342072534f,ENGINE OIL PUMP 62L 6.0 BAR,REPLACED_GEMINI_AI,Replaced with Gemini regenerated asset,GEMINI_REGENERATED_STUDIO_ASSET,/images/products/320-04186-engine-oil-pump-62l-60-bar.webp,800x800,36,Watermark completely eliminated; 1024x1024 studio asset deployed.
320-04195_320-04249.jpg,320/04249,25a868baf3290542,BLADE ASSY -SHORT,REPLACED_GEMINI_AI,Replaced with Gemini regenerated asset,GEMINI_REGENERATED_STUDIO_ASSET,/images/products/320-04249-blade-assy-short.webp,800x800,13,Watermark completely eliminated; 1024x1024 studio asset deployed.
320-04501.jpg,320/04501,1acd2b01afaed503,GASKET.WATER INLET PIPE,REPLACED_GEMINI_AI,Replaced with Gemini regenerated asset,GEMINI_REGENERATED_STUDIO_ASSET,/images/products/320-04501-gasketwater-inlet-pipe.webp,800x800,16,Watermark completely eliminated; 1024x1024 studio asset deployed.
320-04540_320-04890.jpg,320/04890,cca6103abadc93c2,THERMOSTAT HOUSING,REPLACED_GEMINI_AI,Replaced with Gemini regenerated asset,GEMINI_REGENERATED_STUDIO_ASSET,/images/products/320-04890-thermostat-housing.webp,800x800,36,Watermark completely eliminated; 1024x1024 studio asset deployed.
320-04542.jpg,320/04542,c90814bc234d76b5,WATER PUMP ABI,REPLACED_GEMINI_AI,Replaced with Gemini regenerated asset,GEMINI_REGENERATED_STUDIO_ASSET,/images/products/320-04542-water-pump-abi.webp,800x800,68,Watermark completely eliminated; 1024x1024 studio asset deployed.
320-04555.jpg,320/04555,9043f40a0965e34e,WATER TEMPERATURE SENSOR,REPLACED_GEMINI_AI,Replaced with Gemini regenerated asset,GEMINI_REGENERATED_STUDIO_ASSET,/images/products/320-04555-water-temperature-sensor.webp,800x800,26,Watermark completely eliminated; 1024x1024 studio asset deployed.
320-04558.jpg,320/04558,7e3db6fd40feb997,SWITCHCOOLENT,REPLACED_GEMINI_AI,Replaced with Gemini regenerated asset,GEMINI_REGENERATED_STUDIO_ASSET,/images/products/320-04558-switchcoolent.webp,800x800,33,Watermark completely eliminated; 1024x1024 studio asset deployed.
320-04588_320-A4901.jpg,320/04588,102714c8c01855bb,COOLANT SWITCH/SENDER,REPLACED_GEMINI_AI,Replaced with Gemini regenerated asset,GEMINI_REGENERATED_STUDIO_ASSET,/images/products/320-04588-coolant-switch-sender.webp,800x800,24,Watermark completely eliminated; 1024x1024 studio asset deployed.
320-04618.jpg,320/04618,3b9c21a98886e8f8,THERMOSTAT,REPLACED_GEMINI_AI,Replaced with Gemini regenerated asset,GEMINI_REGENERATED_STUDIO_ASSET,/images/products/320-04618-thermostat.webp,800x800,59,Watermark completely eliminated; 1024x1024 studio asset deployed.
320-04739.jpg,320/04739,a14c454c560b9f8f,HOUSING.WATER THERMOSTAT,REPLACED_GEMINI_AI,Replaced with Gemini regenerated asset,GEMINI_REGENERATED_STUDIO_ASSET,/images/products/320-04739-housingwater-thermostat.webp,800x800,33,Watermark completely eliminated; 1024x1024 studio asset deployed.
320-04758_320-04547.jpg,320/04758,1e98ee68dbaab86d,CONNECTOR WATER INLET,REPLACED_GEMINI_AI,Replaced with Gemini regenerated asset,GEMINI_REGENERATED_STUDIO_ASSET,/images/products/320-04758-connector-water-inlet.webp,800x800,22,Watermark completely eliminated; 1024x1024 studio asset deployed.
320-05550_320-06004.jpg,320/05550,0482fade633c1fb0,GASKETINTAKEMANIFOLD,REPLACED_GEMINI_AI,Replaced with Gemini regenerated asset,GEMINI_REGENERATED_STUDIO_ASSET,/images/products/320-05550-gasketintakemanifold.webp,800x800,15,Watermark completely eliminated; 1024x1024 studio asset deployed.
320-06004_320-06199.jpg,320/06199,ec30d6277b799903,EXHAUST GASKET NA,REPLACED_GEMINI_AI,Replaced with Gemini regenerated asset,GEMINI_REGENERATED_STUDIO_ASSET,/images/products/320-06199-exhaust-gasket-na.webp,800x800,21,Watermark completely eliminated; 1024x1024 studio asset deployed.
320-06006.jpg,320/06006,9dff1658175b912a,GASKET-TURBO,REPLACED_GEMINI_AI,Replaced with Gemini regenerated asset,GEMINI_REGENERATED_STUDIO_ASSET,/images/products/320-06006-gasket-turbo.webp,800x800,22,Watermark completely eliminated; 1024x1024 studio asset deployed.
320-06036.jpg,320/06036,7ccacdaa9d43e3b2,GASKET - TURBO OUTLET,REPLACED_GEMINI_AI,Replaced with Gemini regenerated asset,GEMINI_REGENERATED_STUDIO_ASSET,/images/products/320-06036-gasket-turbo-outlet.webp,800x800,35,Watermark completely eliminated; 1024x1024 studio asset deployed.
320-06047.jpg,320/06047,83e6e85c29472d8c,TURBOCHARGER 68 & 74 KW,REPLACED_GEMINI_AI,Replaced with Gemini regenerated asset,GEMINI_REGENERATED_STUDIO_ASSET,/images/products/320-06047-turbocharger-68-74-kw.webp,800x800,56,Watermark completely eliminated; 1024x1024 studio asset deployed.
320-07041_320-07052.jpg,320/07041,ec966854c788b2c5,PIPE.LP FUEL.FILTER TO F.I.P,REPLACED_GEMINI_AI,Replaced with Gemini regenerated asset,GEMINI_REGENERATED_STUDIO_ASSET,/images/products/320-07041-pipelp-fuelfilter-to-fip.webp,800x800,24,Watermark completely eliminated; 1024x1024 studio asset deployed.
320-07059320-07042.jpg,N/A,N/A,N/A,IGNORED_NOT_ON_WEBSITE,Ignored completely per matching rule,N/A,N/A,N/A,N/A,Part Number does not exist in website catalog. Image discarded without processing.
320-07189.jpg,320/07189,546ddb7d1b1c9101,SNAPRING(LOCAL),REPLACED_GEMINI_AI,Replaced with Gemini regenerated asset,GEMINI_REGENERATED_STUDIO_ASSET,/images/products/320-07189-snapring-local.webp,800x800,24,Watermark completely eliminated; 1024x1024 studio asset deployed.
320-07201_320-07037_320-A7161_320-07040.jpg,320/07201,3d645877e6e00bd3,LIFTPUMP.DIESELF,REPLACED_GEMINI_AI,Replaced with Gemini regenerated asset,GEMINI_REGENERATED_STUDIO_ASSET,/images/products/320-07201-liftpumpdieself.webp,800x800,45,Watermark completely eliminated; 1024x1024 studio asset deployed.
320-07394_320-07155_320-07057.jpg,320/07394,ef51df466f5a1e33,Fuel Maint Filter 5 micron,REPLACED_GEMINI_AI,Replaced with Gemini regenerated asset,GEMINI_REGENERATED_STUDIO_ASSET,/images/products/320-07394-fuel-maint-filter-5-micron.webp,800x800,25,Watermark completely eliminated; 1024x1024 studio asset deployed.
320-07458.jpg,320/07458,2106344916b2f1d8,FUELLIFTPUMP/FILTER30MICRONJS220,REPLACED_GEMINI_AI,Replaced with Gemini regenerated asset,GEMINI_REGENERATED_STUDIO_ASSET,/images/products/320-07458-fuelliftpump-filter30micronjs220.webp,800x800,29,Watermark completely eliminated; 1024x1024 studio asset deployed.
320-07504.jpg,320/07504,d3c3ed52153f28fb,SEAL FUEL INJECTOR,REPLACED_GEMINI_AI,Replaced with Gemini regenerated asset,GEMINI_REGENERATED_STUDIO_ASSET,/images/products/320-07504-seal-fuel-injector.webp,800x800,45,Watermark completely eliminated; 1024x1024 studio asset deployed.
320-07580.jpg,320/07580,8860df621a93194f,ROCKER COVER SEAL,REPLACED_GEMINI_AI,Replaced with Gemini regenerated asset,GEMINI_REGENERATED_STUDIO_ASSET,/images/products/320-07580-rocker-cover-seal.webp,800x800,17,Watermark completely eliminated; 1024x1024 studio asset deployed.
320-07753.jpg,320/07753,411de0b069a683b5,OIL FILLER CAP,REPLACED_GEMINI_AI,Replaced with Gemini regenerated asset,GEMINI_REGENERATED_STUDIO_ASSET,/images/products/320-07753-oil-filler-cap.webp,800x800,43,Watermark completely eliminated; 1024x1024 studio asset deployed.
320-08530.jpg,320/08530,300bc7342870627d,IDLER PULLEY.AIRCON.,REPLACED_GEMINI_AI,Replaced with Gemini regenerated asset,GEMINI_REGENERATED_STUDIO_ASSET,/images/products/320-08530-idler-pulleyaircon.webp,800x800,34,Watermark completely eliminated; 1024x1024 studio asset deployed.
320-08550.jpg,320/08550,fab8303c9c6fa4b3,FAN HUB ASSY.ABI,REPLACED_GEMINI_AI,Replaced with Gemini regenerated asset,GEMINI_REGENERATED_STUDIO_ASSET,/images/products/320-08550-fan-hub-assyabi.webp,800x800,63,Watermark completely eliminated; 1024x1024 studio asset deployed.
320-08586.jpg,320/08586,9f0af9aa77513444,PULLEY-IDLER(altno320/08724),REPLACED_GEMINI_AI,Replaced with Gemini regenerated asset,GEMINI_REGENERATED_STUDIO_ASSET,/images/products/320-08586-pulley-idler-altno320-08724.webp,800x800,35,Watermark completely eliminated; 1024x1024 studio asset deployed.
320-08588.jpg,N/A,N/A,N/A,IGNORED_NOT_ON_WEBSITE,Ignored completely per matching rule,N/A,N/A,N/A,N/A,Part Number does not exist in website catalog. Image discarded without processing.
320-08598.jpg,320/08598,664ac0add605c688,BELTFRONT8PK1835AR3,REPLACED_GEMINI_AI,Replaced with Gemini regenerated asset,GEMINI_REGENERATED_STUDIO_ASSET,/images/products/320-08598-beltfront8pk1835ar3.webp,800x800,20,Watermark completely eliminated; 1024x1024 studio asset deployed.
320-08599.jpg,320/08599,629f1472a51954dc,CORREIA ACIONAMENTO AQUECEDOR,REPLACED_GEMINI_AI,Replaced with Gemini regenerated asset,GEMINI_REGENERATED_STUDIO_ASSET,/images/products/320-08599-correia-acionamento-aquecedor.webp,800x800,20,Watermark completely eliminated; 1024x1024 studio asset deployed.
320-08600.jpg,320/08600,4449ccd864d4237b,BELT.FRONT8PKtbaAR3#VM117,REPLACED_GEMINI_AI,Replaced with Gemini regenerated asset,GEMINI_REGENERATED_STUDIO_ASSET,/images/products/320-08600-beltfront8pktbaar3vm117.webp,800x800,20,Watermark completely eliminated; 1024x1024 studio asset deployed.
320-08601.jpg,320/08601,b3c7529df541c659,BELTFRONT8PK1955AR3,REPLACED_GEMINI_AI,Replaced with Gemini regenerated asset,GEMINI_REGENERATED_STUDIO_ASSET,/images/products/320-08601-beltfront8pk1955ar3.webp,800x800,34,Watermark completely eliminated; 1024x1024 studio asset deployed.
320-08605.jpg,320/08605,dbf1fb63a1e2de60,BELT.FRONT 8PK 2101 AR3,REPLACED_GEMINI_AI,Replaced with Gemini regenerated asset,GEMINI_REGENERATED_STUDIO_ASSET,/images/products/320-08605-beltfront-8pk-2101-ar3.webp,800x800,25,Watermark completely eliminated; 1024x1024 studio asset deployed.
320-08606.jpg,320/08606,e6f6462f64e13e98,BELTFRONT8PK2110AR3,REPLACED_GEMINI_AI,Replaced with Gemini regenerated asset,GEMINI_REGENERATED_STUDIO_ASSET,/images/products/320-08606-beltfront8pk2110ar3.webp,800x800,22,Watermark completely eliminated; 1024x1024 studio asset deployed.
320-08608.jpg,320/08608,fb286d9bf61f1c1a,BELT FRONT 8PK 2002 AR3,REPLACED_GEMINI_AI,Replaced with Gemini regenerated asset,GEMINI_REGENERATED_STUDIO_ASSET,/images/products/320-08608-belt-front-8pk-2002-ar3.webp,800x800,25,Watermark completely eliminated; 1024x1024 studio asset deployed.
320-08609.jpg,320/08609,7ba0086798769a1a,BELT 8PK1995 AR3,REPLACED_GEMINI_AI,Replaced with Gemini regenerated asset,GEMINI_REGENERATED_STUDIO_ASSET,/images/products/320-08609-belt-8pk1995-ar3.webp,800x800,25,Watermark completely eliminated; 1024x1024 studio asset deployed.
320-08610.jpg,320/08610,6e7a7a18b7795224,Alternator12V-95A,REPLACED_GEMINI_AI,Replaced with Gemini regenerated asset,GEMINI_REGENERATED_STUDIO_ASSET,/images/products/320-08610-alternator12v-95a.webp,800x800,74,Watermark completely eliminated; 1024x1024 studio asset deployed.
320-08623_320-08624.jpg,320/08624,21bf12901bdd48c4,IDLER ASSY NON A/C ABI,REPLACED_GEMINI_AI,Replaced with Gemini regenerated asset,GEMINI_REGENERATED_STUDIO_ASSET,/images/products/320-08624-idler-assy-non-a-c-abi.webp,800x800,47,Watermark completely eliminated; 1024x1024 studio asset deployed.
320-08628.jpg,N/A,N/A,N/A,IGNORED_NOT_ON_WEBSITE,Ignored completely per matching rule,N/A,N/A,N/A,N/A,Part Number does not exist in website catalog. Image discarded without processing.
320-08651_320-08657_320-08759_320-A8586_320-085.jpg,320/08651,33441a5e19cefb46,AUTOTENSIONER(alt320/08759),REPLACED_GEMINI_AI,Replaced with Gemini regenerated asset,GEMINI_REGENERATED_STUDIO_ASSET,/images/products/320-08651-autotensioner-alt320-08759.webp,800x800,41,Watermark completely eliminated; 1024x1024 studio asset deployed.
320-09200.jpg,320/09200,aceddab0a01b42f4,KIT-SEALROCKER,REPLACED_GEMINI_AI,Replaced with Gemini regenerated asset,GEMINI_REGENERATED_STUDIO_ASSET,/images/products/320-09200-kit-sealrocker.webp,800x800,19,Watermark completely eliminated; 1024x1024 studio asset deployed.
320-09202.jpg,N/A,N/A,N/A,IGNORED_NOT_ON_WEBSITE,Ignored completely per matching rule,N/A,N/A,N/A,N/A,Part Number does not exist in website catalog. Image discarded without processing.
320-09208.jpg,320/09208,0046698e46482f09,Kit-thrust washer,REPLACED_GEMINI_AI,Replaced with Gemini regenerated asset,GEMINI_REGENERATED_STUDIO_ASSET,/images/products/320-09208-kit-thrust-washer.webp,800x800,15,Watermark completely eliminated; 1024x1024 studio asset deployed.
320-09210_320-03330.jpg,320/09210,427eaf6583e4b8a7,KIT-PISTON,REPLACED_GEMINI_AI,Replaced with Gemini regenerated asset,GEMINI_REGENERATED_STUDIO_ASSET,/images/products/320-09210-kit-piston.webp,800x800,33,Watermark completely eliminated; 1024x1024 studio asset deployed.
320-09216.jpg,320/09216,8f87516bbaebe01e,Kit-top gasket NA,REPLACED_GEMINI_AI,Replaced with Gemini regenerated asset,GEMINI_REGENERATED_STUDIO_ASSET,/images/products/320-09216-kit-top-gasket-na.webp,800x800,53,Watermark completely eliminated; 1024x1024 studio asset deployed.
320-09217.jpg,320/09217,d3b562601072ce23,TOP GASKET KIT TC/TCA,REPLACED_GEMINI_AI,Replaced with Gemini regenerated asset,GEMINI_REGENERATED_STUDIO_ASSET,/images/products/320-09217-top-gasket-kit-tc-tca.webp,800x800,55,Watermark completely eliminated; 1024x1024 studio asset deployed.
320-09237.jpg,N/A,N/A,N/A,IGNORED_NOT_ON_WEBSITE,Ignored completely per matching rule,N/A,N/A,N/A,N/A,Part Number does not exist in website catalog. Image discarded without processing.
320-09256_320-03336.jpg,N/A,N/A,N/A,IGNORED_NOT_ON_WEBSITE,Ignored completely per matching rule,N/A,N/A,N/A,N/A,Part Number does not exist in website catalog. Image discarded without processing.
320-09297.jpg,320/09297,bd6064e96e1e7432,Kit-top gasket,REPLACED_GEMINI_AI,Replaced with Gemini regenerated asset,GEMINI_REGENERATED_STUDIO_ASSET,/images/products/320-09297-kit-top-gasket.webp,800x800,54,Watermark completely eliminated; 1024x1024 studio asset deployed.
320-09299A.jpg,320/09299A,09cb16c154842b7b,Kit-piston ring st- 4.4,SOURCE_PLACEHOLDER_OMITTED,"Source photo is a generic ""IMAGE COMING SOON"" graphic; omitted from AI generation to prevent fabricating product features",SUPPLIER_PLACEHOLDER_GRAPHIC,/images/products/320-09299a-kit-piston-ring-st-44.webp,400x400,14,Source image contains no actual product photo. Requires authentic photo from supplier.
320-09299_320-09213.jpg,320/09299,a94eecc48f9aed05,KitpistonringstAltno.320/09299A,REPLACED_GEMINI_AI,Replaced with Gemini regenerated asset,GEMINI_REGENERATED_STUDIO_ASSET,/images/products/320-09299-kitpistonringstaltno320-09299a.webp,800x800,27,Watermark completely eliminated; 1024x1024 studio asset deployed.
320-09336_320-09474.jpg,320/09336,366001854597d92b,MAINBRGKIT-0.25,REPLACED_GEMINI_AI,Replaced with Gemini regenerated asset,GEMINI_REGENERATED_STUDIO_ASSET,/images/products/320-09336-mainbrgkit-025.webp,800x800,38,Watermark completely eliminated; 1024x1024 studio asset deployed.
320-09337.jpg,320/09337,ab6d5eed4a836737,Kit-MainBearingU(local320/09475),REPLACED_GEMINI_AI,Replaced with Gemini regenerated asset,GEMINI_REGENERATED_STUDIO_ASSET,/images/products/320-09337-kit-mainbearingu-local320-09475.webp,800x800,38,Watermark completely eliminated; 1024x1024 studio asset deployed.
320-09383.jpg,N/A,N/A,N/A,IGNORED_NOT_ON_WEBSITE,Ignored completely per matching rule,N/A,N/A,N/A,N/A,Part Number does not exist in website catalog. Image discarded without processing.
320-09468.jpg,320/09468,5c9a4a9cc1ed0c90,Piston Ring Kit (Std)   -  4.8 BS3,REPLACED_GEMINI_AI,Replaced with Gemini regenerated asset,GEMINI_REGENERATED_STUDIO_ASSET,/images/products/320-09468-piston-ring-kit-std-48-bs3.webp,800x800,39,Watermark completely eliminated; 1024x1024 studio asset deployed.
320-09470_320-03310_320-03270_320-09338.jpg,320/09470,8e413cbcc79e6b17,Big End Bearing Kit (Std)   -  4.8 BS3,REPLACED_GEMINI_AI,Replaced with Gemini regenerated asset,GEMINI_REGENERATED_STUDIO_ASSET,/images/products/320-09470-big-end-bearing-kit-std-48-bs3.webp,800x800,33,Watermark completely eliminated; 1024x1024 studio asset deployed.
320-09473_320-09335.jpg,320/09473,3faa8637b92de399,Main Bearing Kit (Std)   -  4.8 BS3,REPLACED_GEMINI_AI,Replaced with Gemini regenerated asset,GEMINI_REGENERATED_STUDIO_ASSET,/images/products/320-09473-main-bearing-kit-std-48-bs3.webp,800x800,36,Watermark completely eliminated; 1024x1024 studio asset deployed.
320-09475.jpg,320/09475,08f0ab9b27b6eb7f,Main Bearing Kit (-0.5)   -  4.8 BS3,REPLACED_GEMINI_AI,Replaced with Gemini regenerated asset,GEMINI_REGENERATED_STUDIO_ASSET,/images/products/320-09475-main-bearing-kit-05-48-bs3.webp,800x800,37,Watermark completely eliminated; 1024x1024 studio asset deployed.
320-09661.jpg,320/09661,7fd9b1b4ac9ac5f2,STARTER MOTOR BOSCH 3.857GR012V,REPLACED_GEMINI_AI,Replaced with Gemini regenerated asset,GEMINI_REGENERATED_STUDIO_ASSET,/images/products/320-09661-starter-motor-bosch-3857gr012v.webp,800x800,54,Watermark completely eliminated; 1024x1024 studio asset deployed.
320-A7088320-07068320-07280.jpg,N/A,N/A,N/A,IGNORED_NOT_ON_WEBSITE,Ignored completely per matching rule,N/A,N/A,N/A,N/A,Part Number does not exist in website catalog. Image discarded without processing.
320-A7124.jpg,320/A7124,cd51f153034c2146,ELEMENT-B-1B-30WL-091-079,REPLACED_GEMINI_AI,Replaced with Gemini regenerated asset,GEMINI_REGENERATED_STUDIO_ASSET,/images/products/320-a7124-element-b-1b-30wl-091-079.webp,800x800,32,Watermark completely eliminated; 1024x1024 studio asset deployed.
320-A7170.jpg,320/A7170,084796625b0270ee,[IEFUELFILTER(ELEME-A-1B-07MB-179-08),REPLACED_GEMINI_AI,Replaced with Gemini regenerated asset,GEMINI_REGENERATED_STUDIO_ASSET,/images/products/320-a7170-iefuelfilter-eleme-a-1b-07mb-179-08.webp,800x800,22,Watermark completely eliminated; 1024x1024 studio asset deployed.
331-11963.jpg,331/11963,b80e68e2b6885fa3,CARRIER - BRAKE PLATE EXTENDED,REPLACED_GEMINI_AI,Replaced with Gemini regenerated asset,GEMINI_REGENERATED_STUDIO_ASSET,/images/products/331-11963-carrier-brake-plate-extended.webp,800x800,42,Watermark completely eliminated; 1024x1024 studio asset deployed.
331-14861.jpg,331/14861,c458dc3cef7f1a9d,JOINT BALL,REPLACED_GEMINI_AI,Replaced with Gemini regenerated asset,GEMINI_REGENERATED_STUDIO_ASSET,/images/products/331-14861-joint-ball.webp,800x800,33,Watermark completely eliminated; 1024x1024 studio asset deployed.
331-14893.jpg,N/A,N/A,N/A,IGNORED_NOT_ON_WEBSITE,Ignored completely per matching rule,N/A,N/A,N/A,N/A,Part Number does not exist in website catalog. Image discarded without processing.
331-16516.jpg,331/16516,67dc569b83052040,COUNTERPLATE,REPLACED_GEMINI_AI,Replaced with Gemini regenerated asset,GEMINI_REGENERATED_STUDIO_ASSET,/images/products/331-16516-counterplate.webp,800x800,25,Watermark completely eliminated; 1024x1024 studio asset deployed.
331-16519.jpg,331/16519,039d77a34257e54d,SHIM PLATE,REPLACED_GEMINI_AI,Replaced with Gemini regenerated asset,GEMINI_REGENERATED_STUDIO_ASSET,/images/products/331-16519-shim-plate.webp,800x800,42,Watermark completely eliminated; 1024x1024 studio asset deployed.
331-16520.jpg,331/16520,60f58e77fc18924b,FRICATIONPLATE,REPLACED_GEMINI_AI,Replaced with Gemini regenerated asset,GEMINI_REGENERATED_STUDIO_ASSET,/images/products/331-16520-fricationplate.webp,800x800,76,Watermark completely eliminated; 1024x1024 studio asset deployed.
331-18441331-18442.jpg,N/A,N/A,N/A,IGNORED_NOT_ON_WEBSITE,Ignored completely per matching rule,N/A,N/A,N/A,N/A,Part Number does not exist in website catalog. Image discarded without processing.
331-20550.jpg,331/20550,b02db3f506637208,UPPER WEAR PAD 5mm,REPLACED_GEMINI_AI,Replaced with Gemini regenerated asset,GEMINI_REGENERATED_STUDIO_ASSET,/images/products/331-20550-upper-wear-pad-5mm.webp,800x800,21,Watermark completely eliminated; 1024x1024 studio asset deployed.
331-20552.jpg,331/20552,1f7957be257fae16,UPPER WEAR PAD 6mm,REPLACED_GEMINI_AI,Replaced with Gemini regenerated asset,GEMINI_REGENERATED_STUDIO_ASSET,/images/products/331-20552-upper-wear-pad-6mm.webp,800x800,29,Watermark completely eliminated; 1024x1024 studio asset deployed.
331-20556.jpg,331/20556,3061349acc8cb32e,UPPER WEAR PAD 7mm,REPLACED_GEMINI_AI,Replaced with Gemini regenerated asset,GEMINI_REGENERATED_STUDIO_ASSET,/images/products/331-20556-upper-wear-pad-7mm.webp,800x800,28,Watermark completely eliminated; 1024x1024 studio asset deployed.
331-21314331-44695128-14725.jpg,N/A,N/A,N/A,IGNORED_NOT_ON_WEBSITE,Ignored completely per matching rule,N/A,N/A,N/A,N/A,Part Number does not exist in website catalog. Image discarded without processing.
331-22379.jpg,N/A,N/A,N/A,IGNORED_NOT_ON_WEBSITE,Ignored completely per matching rule,N/A,N/A,N/A,N/A,Part Number does not exist in website catalog. Image discarded without processing.
331-22380.jpg,331/22380,d64ff9e1a6940c77,WEARPAD,REPLACED_GEMINI_AI,Replaced with Gemini regenerated asset,GEMINI_REGENERATED_STUDIO_ASSET,/images/products/331-22380-wearpad.webp,800x800,19,Watermark completely eliminated; 1024x1024 studio asset deployed.
331-22800.jpg,331/22800,57f4ff820d4ba587,STEP,REPLACED_GEMINI_AI,Replaced with Gemini regenerated asset,GEMINI_REGENERATED_STUDIO_ASSET,/images/products/331-22800-step.webp,800x800,32,Watermark completely eliminated; 1024x1024 studio asset deployed.
331-23574.jpg,N/A,N/A,N/A,IGNORED_NOT_ON_WEBSITE,Ignored completely per matching rule,N/A,N/A,N/A,N/A,Part Number does not exist in website catalog. Image discarded without processing.
331-25566.jpg,331/25566,748437cab80e442b,GAITER-GEAR LEVER,REPLACED_GEMINI_AI,Replaced with Gemini regenerated asset,GEMINI_REGENERATED_STUDIO_ASSET,/images/products/331-25566-gaiter-gear-lever.webp,800x800,34,Watermark completely eliminated; 1024x1024 studio asset deployed.
331-25685.jpg,331/25685,e98f2cc94725c3dd,GAITERS LOADER CONTL,REPLACED_GEMINI_AI,Replaced with Gemini regenerated asset,GEMINI_REGENERATED_STUDIO_ASSET,/images/products/331-25685-gaiters-loader-contl.webp,800x800,18,Watermark completely eliminated; 1024x1024 studio asset deployed.
331-27034.jpg,331/27034,141e457e2a0acd71,STEP TREAD 410X180,REPLACED_GEMINI_AI,Replaced with Gemini regenerated asset,GEMINI_REGENERATED_STUDIO_ASSET,/images/products/331-27034-step-tread-410x180.webp,800x800,43,Watermark completely eliminated; 1024x1024 studio asset deployed.
331-27126.jpg,331/27126,16e966ea00ef6a9b,BONNET LOCK,REPLACED_GEMINI_AI,Replaced with Gemini regenerated asset,GEMINI_REGENERATED_STUDIO_ASSET,/images/products/331-27126-bonnet-lock.webp,800x800,44,Watermark completely eliminated; 1024x1024 studio asset deployed.
331-27389.jpg,331/27389,ec5e402f59d0dc1c,BOTTOM WEAR STRIP,REPLACED_GEMINI_AI,Replaced with Gemini regenerated asset,GEMINI_REGENERATED_STUDIO_ASSET,/images/products/331-27389-bottom-wear-strip.webp,800x800,25,Watermark completely eliminated; 1024x1024 studio asset deployed.
331-28233.jpg,331/28233,a3547633e5124b9a,LH LATCH ASSY,REPLACED_GEMINI_AI,Replaced with Gemini regenerated asset,GEMINI_REGENERATED_STUDIO_ASSET,/images/products/331-28233-lh-latch-assy.webp,800x800,11,Watermark completely eliminated; 1024x1024 studio asset deployed.
331-28235.jpg,331/28235,2d4c776e8829bf94,RH LATCH ASSY,REPLACED_GEMINI_AI,Replaced with Gemini regenerated asset,GEMINI_REGENERATED_STUDIO_ASSET,/images/products/331-28235-rh-latch-assy.webp,800x800,14,Watermark completely eliminated; 1024x1024 studio asset deployed.
331-31071.jpg,331/31071,5e97308137517118,Catch Window L-S/S BY 335/Y5639,REPLACED_GEMINI_AI,Replaced with Gemini regenerated asset,GEMINI_REGENERATED_STUDIO_ASSET,/images/products/331-31071-catch-window-l-s-s-by-335-y5639.webp,800x800,35,Watermark completely eliminated; 1024x1024 studio asset deployed.
331-31247.jpg,331/31247,a113201aeebe3bef,hingleblock assembly,REPLACED_GEMINI_AI,Replaced with Gemini regenerated asset,GEMINI_REGENERATED_STUDIO_ASSET,/images/products/331-31247-hingleblock-assembly.webp,800x800,24,Watermark completely eliminated; 1024x1024 studio asset deployed.
331-36009_45-905400.jpg,331/36009,5dc5122b9e8be779,FLEXIBLE COUPLING,REPLACED_GEMINI_AI,Replaced with Gemini regenerated asset,GEMINI_REGENERATED_STUDIO_ASSET,/images/products/331-36009-flexible-coupling.webp,800x800,40,Watermark completely eliminated; 1024x1024 studio asset deployed.
331-38532&116-00822.jpg,331/38532,54cc1fdd6a665938,HANDEL,REPLACED_GEMINI_AI,Replaced with Gemini regenerated asset,GEMINI_REGENERATED_STUDIO_ASSET,/images/products/331-38532-handel.webp,800x800,27,Watermark completely eliminated; 1024x1024 studio asset deployed.
331-39126.jpg,331/39126,7f689e12e76e25f4,LOADER SAFETY STRUT 690mm,REPLACED_GEMINI_AI,Replaced with Gemini regenerated asset,GEMINI_REGENERATED_STUDIO_ASSET,/images/products/331-39126-loader-safety-strut-690mm.webp,800x800,18,Watermark completely eliminated; 1024x1024 studio asset deployed.
331-40347.jpg,N/A,N/A,N/A,IGNORED_NOT_ON_WEBSITE,Ignored completely per matching rule,N/A,N/A,N/A,N/A,Part Number does not exist in website catalog. Image discarded without processing.
331-42846331-45731128-14726.jpg,N/A,N/A,N/A,IGNORED_NOT_ON_WEBSITE,Ignored completely per matching rule,N/A,N/A,N/A,N/A,Part Number does not exist in website catalog. Image discarded without processing.
331-43119332-A3732331-31710.jpg,N/A,N/A,N/A,IGNORED_NOT_ON_WEBSITE,Ignored completely per matching rule,N/A,N/A,N/A,N/A,Part Number does not exist in website catalog. Image discarded without processing.
331-45908.jpg,N/A,N/A,N/A,IGNORED_NOT_ON_WEBSITE,Ignored completely per matching rule,N/A,N/A,N/A,N/A,Part Number does not exist in website catalog. Image discarded without processing.
331-51612.jpg,331/51612,60ddda42928f1872,CABLEACCELERATOR,REPLACED_GEMINI_AI,Replaced with Gemini regenerated asset,GEMINI_REGENERATED_STUDIO_ASSET,/images/products/331-51612-cableaccelerator.webp,800x800,15,Watermark completely eliminated; 1024x1024 studio asset deployed.
331-66784.jpg,331/66784,dc22aa862f593da1,GAS STRUT 157>245,REPLACED_GEMINI_AI,Replaced with Gemini regenerated asset,GEMINI_REGENERATED_STUDIO_ASSET,/images/products/331-66784-gas-strut-157245.webp,800x800,15,Watermark completely eliminated; 1024x1024 studio asset deployed.
331-66785.jpg,331/66785,cfa285290a459ace,GAS STRUT 327-585,REPLACED_GEMINI_AI,Replaced with Gemini regenerated asset,GEMINI_REGENERATED_STUDIO_ASSET,/images/products/331-66785-gas-strut-327-585.webp,800x800,9,Watermark completely eliminated; 1024x1024 studio asset deployed.
332-A3731331-31709331-43118.jpg,N/A,N/A,N/A,IGNORED_NOT_ON_WEBSITE,Ignored completely per matching rule,N/A,N/A,N/A,N/A,Part Number does not exist in website catalog. Image discarded without processing.
332-C0010.jpg,332/C0010,185f31bc4c4feeee,QUICK CONNECTOR,REPLACED_GEMINI_AI,Replaced with Gemini regenerated asset,GEMINI_REGENERATED_STUDIO_ASSET,/images/products/332-c0010-quick-connector.webp,800x800,27,Watermark completely eliminated; 1024x1024 studio asset deployed.
332-C4382.jpg,332/C4382,7d179af466ae76ac,SCAVENGE HOSE,REPLACED_GEMINI_AI,Replaced with Gemini regenerated asset,GEMINI_REGENERATED_STUDIO_ASSET,/images/products/332-c4382-scavenge-hose.webp,800x800,15,Watermark completely eliminated; 1024x1024 studio asset deployed.
332-D6723.jpg,332/D6723,814c6d24884f3f43,FILTER/PUMPASSY,REPLACED_GEMINI_AI,Replaced with Gemini regenerated asset,GEMINI_REGENERATED_STUDIO_ASSET,/images/products/332-d6723-filter-pumpassy.webp,800x800,33,Watermark completely eliminated; 1024x1024 studio asset deployed.
332-E8224.jpg,332/E8224,666d540692b73cde,SEAL KIT 90X60,REPLACED_GEMINI_AI,Replaced with Gemini regenerated asset,GEMINI_REGENERATED_STUDIO_ASSET,/images/products/332-e8224-seal-kit-90x60.webp,800x800,36,Watermark completely eliminated; 1024x1024 studio asset deployed.
332-F1130&331-31205.jpg,N/A,N/A,N/A,IGNORED_NOT_ON_WEBSITE,Ignored completely per matching rule,N/A,N/A,N/A,N/A,Part Number does not exist in website catalog. Image discarded without processing.
332-F9028.jpg,332/F9028,df76b95fb9870d39,TWIN PUMP 33/23ccr,REPLACED_GEMINI_AI,Replaced with Gemini regenerated asset,GEMINI_REGENERATED_STUDIO_ASSET,/images/products/332-f9028-twin-pump-33-23ccr.webp,800x800,35,Watermark completely eliminated; 1024x1024 studio asset deployed.
332-F903020-925580.jpg,N/A,N/A,N/A,IGNORED_NOT_ON_WEBSITE,Ignored completely per matching rule,N/A,N/A,N/A,N/A,Part Number does not exist in website catalog. Image discarded without processing.
332-G6451.jpg,332/G6451,0eac61b8c8d5f05d,INGPOST PIVOT C/M (Alt. No. 913/10079),REPLACED_GEMINI_AI,Replaced with Gemini regenerated asset,GEMINI_REGENERATED_STUDIO_ASSET,/images/products/332-g6451-ingpost-pivot-c-m-alt-no-913-10079.webp,800x800,37,Watermark completely eliminated; 1024x1024 studio asset deployed.
332-G8146.jpg,332/G8146,163dbdc9de611c10,ABISTEERINGWHEEL-spinner,REPLACED_GEMINI_AI,Replaced with Gemini regenerated asset,GEMINI_REGENERATED_STUDIO_ASSET,/images/products/332-g8146-abisteeringwheel-spinner.webp,800x800,29,Watermark completely eliminated; 1024x1024 studio asset deployed.
332-H3930.jpg,332/H3930,09e07d40bc97facb,PlanetaryAssembly,REPLACED_GEMINI_AI,Replaced with Gemini regenerated asset,GEMINI_REGENERATED_STUDIO_ASSET,/images/products/332-h3930-planetaryassembly.webp,800x800,61,Watermark completely eliminated; 1024x1024 studio asset deployed.
332-U7589.jpg,332/U7589,e7ef88714dd61e27,EXPANSION TANK ABI 426 TO 456,REPLACED_GEMINI_AI,Replaced with Gemini regenerated asset,GEMINI_REGENERATED_STUDIO_ASSET,/images/products/332-u7589-expansion-tank-abi-426-to-456.webp,800x800,11,Watermark completely eliminated; 1024x1024 studio asset deployed.
332-Y3852.jpg,332/Y3852,e0c9e64b023b28ee,THROTTLE CABLE ASSY,REPLACED_GEMINI_AI,Replaced with Gemini regenerated asset,GEMINI_REGENERATED_STUDIO_ASSET,/images/products/332-y3852-throttle-cable-assy.webp,800x800,38,Watermark completely eliminated; 1024x1024 studio asset deployed.
332-Y8134.jpg,332/Y8134,30d681dcaa6e93b0,BRAKECOUNTERPLATE,REPLACED_GEMINI_AI,Replaced with Gemini regenerated asset,GEMINI_REGENERATED_STUDIO_ASSET,/images/products/332-y8134-brakecounterplate.webp,800x800,36,Watermark completely eliminated; 1024x1024 studio asset deployed.
332-Y8135.jpg,332/Y8135,6b52532af9a0c1da,BRAKEFRICTIONPLATE,REPLACED_GEMINI_AI,Replaced with Gemini regenerated asset,GEMINI_REGENERATED_STUDIO_ASSET,/images/products/332-y8135-brakefrictionplate.webp,800x800,40,Watermark completely eliminated; 1024x1024 studio asset deployed.
332-Y8581128-F8113.jpg,N/A,N/A,N/A,IGNORED_NOT_ON_WEBSITE,Ignored completely per matching rule,N/A,N/A,N/A,N/A,Part Number does not exist in website catalog. Image discarded without processing.
332-Y8857.jpg,332/Y8857,004e2ae3f8ed1344,LAYSHAFT -L/R,REPLACED_GEMINI_AI,Replaced with Gemini regenerated asset,GEMINI_REGENERATED_STUDIO_ASSET,/images/products/332-y8857-layshaft-l-r.webp,800x800,21,Watermark completely eliminated; 1024x1024 studio asset deployed.
333-G3318.jpg,333/G3318,0f8b4084833b6e95,KitSpider,REPLACED_GEMINI_AI,Replaced with Gemini regenerated asset,GEMINI_REGENERATED_STUDIO_ASSET,/images/products/333-g3318-kitspider.webp,800x800,43,Watermark completely eliminated; 1024x1024 studio asset deployed.
333-G5390.jpg,333/G5390,f14cf94897dbf0ee,TWIN PUMP 36/29ccr,SOURCE_PLACEHOLDER_OMITTED,"Source photo is a generic ""IMAGE COMING SOON"" graphic; omitted from AI generation to prevent fabricating product features",SUPPLIER_PLACEHOLDER_GRAPHIC,/images/products/333-g5390-twin-pump-36-29ccr.webp,400x400,14,Source image contains no actual product photo. Requires authentic photo from supplier.
333-G5391.jpg,333/G5391,82e484467a258f50,TWIN PUMP 37/33ccr,SOURCE_PLACEHOLDER_OMITTED,"Source photo is a generic ""IMAGE COMING SOON"" graphic; omitted from AI generation to prevent fabricating product features",SUPPLIER_PLACEHOLDER_GRAPHIC,/images/products/333-g5391-twin-pump-37-33ccr.webp,400x400,14,Source image contains no actual product photo. Requires authentic photo from supplier.
333-H4196.jpg,333/H4196,efccd8a18f3ebd71,KitSpider,REPLACED_GEMINI_AI,Replaced with Gemini regenerated asset,GEMINI_REGENERATED_STUDIO_ASSET,/images/products/333-h4196-kitspider.webp,800x800,44,Watermark completely eliminated; 1024x1024 studio asset deployed.
333-J6448.jpg,333/J6448,05b3f96d7c7103f1,WORKLIGHT#JS220,REPLACED_GEMINI_AI,Replaced with Gemini regenerated asset,GEMINI_REGENERATED_STUDIO_ASSET,/images/products/333-j6448-worklightjs220.webp,800x800,55,Watermark completely eliminated; 1024x1024 studio asset deployed.
333-Y1346.jpg,333/Y1346,f2a2d81f7eb6b9ce,STRAINER-FUEL FILTER,REPLACED_GEMINI_AI,Replaced with Gemini regenerated asset,GEMINI_REGENERATED_STUDIO_ASSET,/images/products/333-y1346-strainer-fuel-filter.webp,800x800,113,Watermark completely eliminated; 1024x1024 studio asset deployed.
333-y1373333-y1374.jpg,N/A,N/A,N/A,IGNORED_NOT_ON_WEBSITE,Ignored completely per matching rule,N/A,N/A,N/A,N/A,Part Number does not exist in website catalog. Image discarded without processing.
333-Y4500.jpg,333/Y4500,fb0ed55f6bb8176d,Master Cylinder Bosch 25.,REPLACED_GEMINI_AI,Replaced with Gemini regenerated asset,GEMINI_REGENERATED_STUDIO_ASSET,/images/products/333-y4500-master-cylinder-bosch-25.webp,800x800,24,Watermark completely eliminated; 1024x1024 studio asset deployed.
33400M68P00.jpg,N/A,N/A,N/A,IGNORED_NOT_ON_WEBSITE,Ignored completely per matching rule,N/A,N/A,N/A,N/A,Part Number does not exist in website catalog. Image discarded without processing.
335-05601.jpg,N/A,N/A,N/A,IGNORED_NOT_ON_WEBSITE,Ignored completely per matching rule,N/A,N/A,N/A,N/A,Part Number does not exist in website catalog. Image discarded without processing.
335-08022.jpg,N/A,N/A,N/A,IGNORED_NOT_ON_WEBSITE,Ignored completely per matching rule,N/A,N/A,N/A,N/A,Part Number does not exist in website catalog. Image discarded without processing.
335-08180.jpg,335/08180,16f44ec2d1d380b1,WAFRONTGRILLE',REPLACED_GEMINI_AI,Replaced with Gemini regenerated asset,GEMINI_REGENERATED_STUDIO_ASSET,/images/products/335-08180-wafrontgrille.webp,800x800,80,Watermark completely eliminated; 1024x1024 studio asset deployed.
33970M55R00.jpg,N/A,N/A,N/A,IGNORED_NOT_ON_WEBSITE,Ignored completely per matching rule,N/A,N/A,N/A,N/A,Part Number does not exist in website catalog. Image discarded without processing.
35-404202_35-412202.jpg,35/404202,5a2d35decb1da284,REPAIR KIT,REPLACED_GEMINI_AI,Replaced with Gemini regenerated asset,GEMINI_REGENERATED_STUDIO_ASSET,/images/products/35-404202-repair-kit.webp,800x800,43,Watermark completely eliminated; 1024x1024 studio asset deployed.
35-409900_35-410700.jpg,35/410700,fe29fb20fd3f4f72,W) (P) (TRK) STEER VALVE 200ccr(ANTISHO,REPLACED_GEMINI_AI,Replaced with Gemini regenerated asset,GEMINI_REGENERATED_STUDIO_ASSET,/images/products/35-410700-w-p-trk-steer-valve-200ccr-antisho.webp,800x800,41,Watermark completely eliminated; 1024x1024 studio asset deployed.
35-411700.jpg,N/A,N/A,N/A,IGNORED_NOT_ON_WEBSITE,Ignored completely per matching rule,N/A,N/A,N/A,N/A,Part Number does not exist in website catalog. Image discarded without processing.
35-412100.jpg,35/412100,ac8435f865c6c119,PRIORITY VALVE,REPLACED_GEMINI_AI,Replaced with Gemini regenerated asset,GEMINI_REGENERATED_STUDIO_ASSET,/images/products/35-412100-priority-valve.webp,800x800,40,Watermark completely eliminated; 1024x1024 studio asset deployed.
35100M62S00.jpg,N/A,N/A,N/A,IGNORED_NOT_ON_WEBSITE,Ignored completely per matching rule,N/A,N/A,N/A,N/A,Part Number does not exist in website catalog. Image discarded without processing.
35300M62S00.jpg,N/A,N/A,N/A,IGNORED_NOT_ON_WEBSITE,Ignored completely per matching rule,N/A,N/A,N/A,N/A,Part Number does not exist in website catalog. Image discarded without processing.
35650M62S00.jpg,N/A,N/A,N/A,IGNORED_NOT_ON_WEBSITE,Ignored completely per matching rule,N/A,N/A,N/A,N/A,Part Number does not exist in website catalog. Image discarded without processing.
35750M62S00.jpg,N/A,N/A,N/A,IGNORED_NOT_ON_WEBSITE,Ignored completely per matching rule,N/A,N/A,N/A,N/A,Part Number does not exist in website catalog. Image discarded without processing.
36410M75F30.jpg,N/A,N/A,N/A,IGNORED_NOT_ON_WEBSITE,Ignored completely per matching rule,N/A,N/A,N/A,N/A,Part Number does not exist in website catalog. Image discarded without processing.
37740M79G00.jpg,N/A,N/A,N/A,IGNORED_NOT_ON_WEBSITE,Ignored completely per matching rule,N/A,N/A,N/A,N/A,Part Number does not exist in website catalog. Image discarded without processing.
40-300893.jpg,40/300893,a2ad51b63c4d4754,FILTER ELEMENT,REPLACED_GEMINI_AI,Replaced with Gemini regenerated asset,GEMINI_REGENERATED_STUDIO_ASSET,/images/products/40-300893-filter-element.webp,800x800,55,Watermark completely eliminated; 1024x1024 studio asset deployed.
40-301610.jpg,40/301610,d31467b4fc9df76c,BUSH,REPLACED_GEMINI_AI,Replaced with Gemini regenerated asset,GEMINI_REGENERATED_STUDIO_ASSET,/images/products/40-301610-bush.webp,800x800,39,Watermark completely eliminated; 1024x1024 studio asset deployed.
40-301615.jpg,40/301615,e9ee41f1232c2ad5,BOOM LOCK WA,REPLACED_GEMINI_AI,Replaced with Gemini regenerated asset,GEMINI_REGENERATED_STUDIO_ASSET,/images/products/40-301615-boom-lock-wa.webp,800x800,28,Watermark completely eliminated; 1024x1024 studio asset deployed.
40-302709_40-302921.jpg,40/302709,949256c0676124d0,THROTTLE CABLE (P92),REPLACED_GEMINI_AI,Replaced with Gemini regenerated asset,GEMINI_REGENERATED_STUDIO_ASSET,/images/products/40-302709-throttle-cable-p92.webp,800x800,31,Watermark completely eliminated; 1024x1024 studio asset deployed.
40-302723.jpg,40/302723,b0ba86bee8e91ad0,SENDER WATER TEMP.,REPLACED_GEMINI_AI,Replaced with Gemini regenerated asset,GEMINI_REGENERATED_STUDIO_ASSET,/images/products/40-302723-sender-water-temp.webp,800x800,33,Watermark completely eliminated; 1024x1024 studio asset deployed.
40-303383.jpg,40/303383,70d78a1b98891e67,SWITCH ENGINE OIL PRESSUR,REPLACED_GEMINI_AI,Replaced with Gemini regenerated asset,GEMINI_REGENERATED_STUDIO_ASSET,/images/products/40-303383-switch-engine-oil-pressur.webp,800x800,47,Watermark completely eliminated; 1024x1024 studio asset deployed.
40-303388.jpg,40/303388,2f9d08af418f136f,12V MINI RELAY 30A/20A,REPLACED_GEMINI_AI,Replaced with Gemini regenerated asset,GEMINI_REGENERATED_STUDIO_ASSET,/images/products/40-303388-12v-mini-relay-30a-20a.webp,800x800,31,Watermark completely eliminated; 1024x1024 studio asset deployed.
40-303389_716-C6032.jpg,40/303389,9c93f23cf5ec57c4,12V FLASHER,REPLACED_GEMINI_AI,Replaced with Gemini regenerated asset,GEMINI_REGENERATED_STUDIO_ASSET,/images/products/40-303389-12v-flasher.webp,800x800,25,Watermark completely eliminated; 1024x1024 studio asset deployed.
40-303392.jpg,40/303392,173dc5a4f83105a5,BUSH,SOURCE_PLACEHOLDER_OMITTED,"Source photo is a generic ""IMAGE COMING SOON"" graphic; omitted from AI generation to prevent fabricating product features",SUPPLIER_PLACEHOLDER_GRAPHIC,/images/products/40-303392-bush.webp,400x400,14,Source image contains no actual product photo. Requires authentic photo from supplier.
40-303394.jpg,40/303394,af4424b65eb67b3b,BUSH,REPLACED_GEMINI_AI,Replaced with Gemini regenerated asset,GEMINI_REGENERATED_STUDIO_ASSET,/images/products/40-303394-bush.webp,800x800,48,Watermark completely eliminated; 1024x1024 studio asset deployed.
40-303398.jpg,40/303398,bc7582e5cae12115,SEAL 60-70-5,REPLACED_GEMINI_AI,Replaced with Gemini regenerated asset,GEMINI_REGENERATED_STUDIO_ASSET,/images/products/40-303398-seal-60-70-5.webp,800x800,27,Watermark completely eliminated; 1024x1024 studio asset deployed.
40-303426.jpg,40/303426,45b895cf4400ac22,LINERBEARING,REPLACED_GEMINI_AI,Replaced with Gemini regenerated asset,GEMINI_REGENERATED_STUDIO_ASSET,/images/products/40-303426-linerbearing.webp,800x800,40,Watermark completely eliminated; 1024x1024 studio asset deployed.
40-303610_1620-0002.jpg,40/303610,52cd1af3d4628a4e,TEE ADAPTOR,REPLACED_GEMINI_AI,Replaced with Gemini regenerated asset,GEMINI_REGENERATED_STUDIO_ASSET,/images/products/40-303610-tee-adaptor.webp,800x800,62,Watermark completely eliminated; 1024x1024 studio asset deployed.
40-303620.jpg,40/303620,8f735f1d08c6aaa8,LINERRING,REPLACED_GEMINI_AI,Replaced with Gemini regenerated asset,GEMINI_REGENERATED_STUDIO_ASSET,/images/products/40-303620-linerring.webp,800x800,36,Watermark completely eliminated; 1024x1024 studio asset deployed.
41-923900.jpg,N/A,N/A,N/A,IGNORED_NOT_ON_WEBSITE,Ignored completely per matching rule,N/A,N/A,N/A,N/A,Part Number does not exist in website catalog. Image discarded without processing.
41-927100.jpg,41/927100,3acd02b0d67b2cb1,RIMWHEEL11X18,REPLACED_GEMINI_AI,Replaced with Gemini regenerated asset,GEMINI_REGENERATED_STUDIO_ASSET,/images/products/41-927100-rimwheel11x18.webp,800x800,50,Watermark completely eliminated; 1024x1024 studio asset deployed.
4133L507.jpg,N/A,N/A,N/A,IGNORED_NOT_ON_WEBSITE,Ignored completely per matching rule,N/A,N/A,N/A,N/A,Part Number does not exist in website catalog. Image discarded without processing.
440-00709.jpg,440/00709,452d9c2444355b4c,PLANET GEAR,REPLACED_GEMINI_AI,Replaced with Gemini regenerated asset,GEMINI_REGENERATED_STUDIO_ASSET,/images/products/440-00709-planet-gear.webp,800x800,64,Watermark completely eliminated; 1024x1024 studio asset deployed.
445-03003.jpg,N/A,N/A,N/A,IGNORED_NOT_ON_WEBSITE,Ignored completely per matching rule,N/A,N/A,N/A,N/A,Part Number does not exist in website catalog. Image discarded without processing.
445-03005_921-53400_921-52600.jpg,445/03005,a3bcdb269a74b833,COLLAPSIBLE SPACER,REPLACED_GEMINI_AI,Replaced with Gemini regenerated asset,GEMINI_REGENERATED_STUDIO_ASSET,/images/products/445-03005-collapsible-spacer.webp,800x800,37,Watermark completely eliminated; 1024x1024 studio asset deployed.
445-03007.jpg,445/03007,fd5f8cb4bf50145c,THIRDGEAR,REPLACED_GEMINI_AI,Replaced with Gemini regenerated asset,GEMINI_REGENERATED_STUDIO_ASSET,/images/products/445-03007-thirdgear.webp,800x800,40,Watermark completely eliminated; 1024x1024 studio asset deployed.
445-03009.jpg,445/03009,c1a18ba3136565ca,SECOND GEAR,REPLACED_GEMINI_AI,Replaced with Gemini regenerated asset,GEMINI_REGENERATED_STUDIO_ASSET,/images/products/445-03009-second-gear.webp,800x800,32,Watermark completely eliminated; 1024x1024 studio asset deployed.
445-03010.jpg,445/03010,c24ef165e8ab528a,HUB SLEEVE,REPLACED_GEMINI_AI,Replaced with Gemini regenerated asset,GEMINI_REGENERATED_STUDIO_ASSET,/images/products/445-03010-hub-sleeve.webp,800x800,29,Watermark completely eliminated; 1024x1024 studio asset deployed.
445-03012.jpg,445/03012,b451e2001222d0a3,FIRSTGEAR,REPLACED_GEMINI_AI,Replaced with Gemini regenerated asset,GEMINI_REGENERATED_STUDIO_ASSET,/images/products/445-03012-firstgear.webp,800x800,26,Watermark completely eliminated; 1024x1024 studio asset deployed.
445-03014.jpg,N/A,N/A,N/A,IGNORED_NOT_ON_WEBSITE,Ignored completely per matching rule,N/A,N/A,N/A,N/A,Part Number does not exist in website catalog. Image discarded without processing.
445-03021.jpg,445/03021,758e0f498a6c9389,GEAR LEVER GAITER,REPLACED_GEMINI_AI,Replaced with Gemini regenerated asset,GEMINI_REGENERATED_STUDIO_ASSET,/images/products/445-03021-gear-lever-gaiter.webp,800x800,30,Watermark completely eliminated; 1024x1024 studio asset deployed.
445-03023.jpg,445/03023,90b44306d1d83b40,PIVOT PIN,REPLACED_GEMINI_AI,Replaced with Gemini regenerated asset,GEMINI_REGENERATED_STUDIO_ASSET,/images/products/445-03023-pivot-pin.webp,800x800,19,Watermark completely eliminated; 1024x1024 studio asset deployed.
445-03205.jpg,445/03205,2e24bdb1cc35c1ed,FRICTION PLATE,REPLACED_GEMINI_AI,Replaced with Gemini regenerated asset,GEMINI_REGENERATED_STUDIO_ASSET,/images/products/445-03205-friction-plate.webp,800x800,41,Watermark completely eliminated; 1024x1024 studio asset deployed.
445-03206.jpg,445/03206,3b730735ddafaf59,COUNTER PLATE,REPLACED_GEMINI_AI,Replaced with Gemini regenerated asset,GEMINI_REGENERATED_STUDIO_ASSET,/images/products/445-03206-counter-plate.webp,800x800,28,Watermark completely eliminated; 1024x1024 studio asset deployed.
445-03300.jpg,445/03300,56297ccaad9f2837,SYNCHRONISER ASSY,REPLACED_GEMINI_AI,Replaced with Gemini regenerated asset,GEMINI_REGENERATED_STUDIO_ASSET,/images/products/445-03300-synchroniser-assy.webp,800x800,46,Watermark completely eliminated; 1024x1024 studio asset deployed.
445-04700.jpg,445/04700,2ff6e47a82552835,SHIM KIT,REPLACED_GEMINI_AI,Replaced with Gemini regenerated asset,GEMINI_REGENERATED_STUDIO_ASSET,/images/products/445-04700-shim-kit.webp,800x800,27,Watermark completely eliminated; 1024x1024 studio asset deployed.
445-05501.jpg,445/05501,3832b980dd9bfe05,TOP GEAR SHIFT LEVER,REPLACED_GEMINI_AI,Replaced with Gemini regenerated asset,GEMINI_REGENERATED_STUDIO_ASSET,/images/products/445-05501-top-gear-shift-lever.webp,800x800,26,Watermark completely eliminated; 1024x1024 studio asset deployed.
445-05503.jpg,445/05503,c8c3b73e49c3eee6,GEAR SHIFT BOT STAB L,REPLACED_GEMINI_AI,Replaced with Gemini regenerated asset,GEMINI_REGENERATED_STUDIO_ASSET,/images/products/445-05503-gear-shift-bot-stab-l.webp,800x800,19,Watermark completely eliminated; 1024x1024 studio asset deployed.
445-10200.jpg,445/10200,eb20a47af04f9fbb,GASOLENOIDADAPTOR,REPLACED_GEMINI_AI,Replaced with Gemini regenerated asset,GEMINI_REGENERATED_STUDIO_ASSET,/images/products/445-10200-gasolenoidadaptor.webp,800x800,32,Watermark completely eliminated; 1024x1024 studio asset deployed.
445-10703.jpg,445/10703,762827344187bd3a,COUPLINGYOKE,REPLACED_GEMINI_AI,Replaced with Gemini regenerated asset,GEMINI_REGENERATED_STUDIO_ASSET,/images/products/445-10703-couplingyoke.webp,800x800,37,Watermark completely eliminated; 1024x1024 studio asset deployed.
445-10800_459-101542.jpg,N/A,N/A,N/A,IGNORED_NOT_ON_WEBSITE,Ignored completely per matching rule,N/A,N/A,N/A,N/A,Part Number does not exist in website catalog. Image discarded without processing.
445-10801.jpg,N/A,N/A,N/A,IGNORED_NOT_ON_WEBSITE,Ignored completely per matching rule,N/A,N/A,N/A,N/A,Part Number does not exist in website catalog. Image discarded without processing.
445-10802.jpg,445/10802,5372df999de49945,GEAR SHIFT BALL SEATING,REPLACED_GEMINI_AI,Replaced with Gemini regenerated asset,GEMINI_REGENERATED_STUDIO_ASSET,/images/products/445-10802-gear-shift-ball-seating.webp,800x800,20,Watermark completely eliminated; 1024x1024 studio asset deployed.
445-10803.jpg,445/10803,74e42b72d96de15c,GEAR SHIFT BALL WASHER,REPLACED_GEMINI_AI,Replaced with Gemini regenerated asset,GEMINI_REGENERATED_STUDIO_ASSET,/images/products/445-10803-gear-shift-ball-washer.webp,800x800,9,Watermark completely eliminated; 1024x1024 studio asset deployed.
445-12303_445-19808.jpg,445/12303,b91d5a74c493443e,WASHER - THRUST,REPLACED_GEMINI_AI,Replaced with Gemini regenerated asset,GEMINI_REGENERATED_STUDIO_ASSET,/images/products/445-12303-washer-thrust.webp,800x800,41,Watermark completely eliminated; 1024x1024 studio asset deployed.
445-12307.jpg,445/12307,e14e6280d7f32c24,COUNTER PLATE,REPLACED_GEMINI_AI,Replaced with Gemini regenerated asset,GEMINI_REGENERATED_STUDIO_ASSET,/images/products/445-12307-counter-plate.webp,800x800,38,Watermark completely eliminated; 1024x1024 studio asset deployed.
445-12600_449-02001.jpg,449/02001,46165f75f3cdc709,GEAR-22T&PLATESUPPORT,REPLACED_GEMINI_AI,Replaced with Gemini regenerated asset,GEMINI_REGENERATED_STUDIO_ASSET,/images/products/449-02001-gear-22tplatesupport.webp,800x800,48,Watermark completely eliminated; 1024x1024 studio asset deployed.
445-12703_449-10601.jpg,445/12703,11242bc06ea7faed,PRESSUREPLATE,REPLACED_GEMINI_AI,Replaced with Gemini regenerated asset,GEMINI_REGENERATED_STUDIO_ASSET,/images/products/445-12703-pressureplate.webp,800x800,29,Watermark completely eliminated; 1024x1024 studio asset deployed.
445-30011.jpg,445/30011,7bd9165058678bbb,FRICTION PLATE,REPLACED_GEMINI_AI,Replaced with Gemini regenerated asset,GEMINI_REGENERATED_STUDIO_ASSET,/images/products/445-30011-friction-plate.webp,800x800,30,Watermark completely eliminated; 1024x1024 studio asset deployed.
445-40204.jpg,445/40204,f66ca74cfab66b92,OIL BAFFLE PLATE,REPLACED_GEMINI_AI,Replaced with Gemini regenerated asset,GEMINI_REGENERATED_STUDIO_ASSET,/images/products/445-40204-oil-baffle-plate.webp,800x800,27,Watermark completely eliminated; 1024x1024 studio asset deployed.
445-64301.jpg,445/64301,59f5fd63a2c4e829,TRANSFERGEAR,REPLACED_GEMINI_AI,Replaced with Gemini regenerated asset,GEMINI_REGENERATED_STUDIO_ASSET,/images/products/445-64301-transfergear.webp,800x800,34,Watermark completely eliminated; 1024x1024 studio asset deployed.
445-64401.jpg,445/64401,7ed00627ce9d028c,TRANSFER GEAR,REPLACED_GEMINI_AI,Replaced with Gemini regenerated asset,GEMINI_REGENERATED_STUDIO_ASSET,/images/products/445-64401-transfer-gear.webp,800x800,46,Watermark completely eliminated; 1024x1024 studio asset deployed.
445-70401.jpg,445/70401,cee1511a42da91e9,LAYSHAFT,REPLACED_GEMINI_AI,Replaced with Gemini regenerated asset,GEMINI_REGENERATED_STUDIO_ASSET,/images/products/445-70401-layshaft.webp,800x800,20,Watermark completely eliminated; 1024x1024 studio asset deployed.
445-70501.jpg,N/A,N/A,N/A,IGNORED_NOT_ON_WEBSITE,Ignored completely per matching rule,N/A,N/A,N/A,N/A,Part Number does not exist in website catalog. Image discarded without processing.
448-03902.jpg,448/03902,ed34f45513870863,TURNNION,REPLACED_GEMINI_AI,Replaced with Gemini regenerated asset,GEMINI_REGENERATED_STUDIO_ASSET,/images/products/448-03902-turnnion.webp,800x800,46,Watermark completely eliminated; 1024x1024 studio asset deployed.
448-04802.jpg,448/04802,20404f1bf11043b7,MASKING RING,REPLACED_GEMINI_AI,Replaced with Gemini regenerated asset,GEMINI_REGENERATED_STUDIO_ASSET,/images/products/448-04802-masking-ring.webp,800x800,34,Watermark completely eliminated; 1024x1024 studio asset deployed.
448-10900_458-70031.jpg,448/10900,ae0b38be02a1e99f,GEARCROWNWHEEL&PINION,REPLACED_GEMINI_AI,Replaced with Gemini regenerated asset,GEMINI_REGENERATED_STUDIO_ASSET,/images/products/448-10900-gearcrownwheelpinion.webp,800x800,55,Watermark completely eliminated; 1024x1024 studio asset deployed.
448-10900_458-70031_2.jpg,448/10900,ae0b38be02a1e99f,GEARCROWNWHEEL&PINION,REPLACED_GEMINI_AI,Replaced with Gemini regenerated asset,GEMINI_REGENERATED_STUDIO_ASSET,/images/products/448-10900-gearcrownwheelpinion.webp,800x800,55,Watermark completely eliminated; 1024x1024 studio asset deployed.
448-16905.jpg,448/16905,6c4b8ca6237ab8fb,BUSH,REPLACED_GEMINI_AI,Replaced with Gemini regenerated asset,GEMINI_REGENERATED_STUDIO_ASSET,/images/products/448-16905-bush.webp,800x800,26,Watermark completely eliminated; 1024x1024 studio asset deployed.
448-17205.jpg,448/17205,f77cab1619cbbf08,KitSeal,REPLACED_GEMINI_AI,Replaced with Gemini regenerated asset,GEMINI_REGENERATED_STUDIO_ASSET,/images/products/448-17205-kitseal.webp,800x800,34,Watermark completely eliminated; 1024x1024 studio asset deployed.
448-17902.jpg,448/17902,bc791f47e6322325,BALL JOINT 50mm,REPLACED_GEMINI_AI,Replaced with Gemini regenerated asset,GEMINI_REGENERATED_STUDIO_ASSET,/images/products/448-17902-ball-joint-50mm.webp,800x800,35,Watermark completely eliminated; 1024x1024 studio asset deployed.
448-42210.jpg,448/42210,d27bcc419fc4aead,DIFFERENTIAL ASSY,REPLACED_GEMINI_AI,Replaced with Gemini regenerated asset,GEMINI_REGENERATED_STUDIO_ASSET,/images/products/448-42210-differential-assy.webp,800x800,51,Watermark completely eliminated; 1024x1024 studio asset deployed.
448-42602.jpg,448/42602,f7cc6eeb98fe0499,HUB SWIVEL - MACHINED,REPLACED_GEMINI_AI,Replaced with Gemini regenerated asset,GEMINI_REGENERATED_STUDIO_ASSET,/images/products/448-42602-hub-swivel-machined.webp,800x800,76,Watermark completely eliminated; 1024x1024 studio asset deployed.
448-42703.jpg,448/42703,8561aca81d1d07e8,JOINT,REPLACED_GEMINI_AI,Replaced with Gemini regenerated asset,GEMINI_REGENERATED_STUDIO_ASSET,/images/products/448-42703-joint.webp,800x800,70,Watermark completely eliminated; 1024x1024 studio asset deployed.
449-02002.jpg,449/02002,496ae42fd938ca59,3&PLATESUPPORT,REPLACED_GEMINI_AI,Replaced with Gemini regenerated asset,GEMINI_REGENERATED_STUDIO_ASSET,/images/products/449-02002-3platesupport.webp,800x800,43,Watermark completely eliminated; 1024x1024 studio asset deployed.
449-05500.jpg,449/05500,2a5d5f57b0ac33a0,DISC SPRING ASSY.,REPLACED_GEMINI_AI,Replaced with Gemini regenerated asset,GEMINI_REGENERATED_STUDIO_ASSET,/images/products/449-05500-disc-spring-assy.webp,800x800,28,Watermark completely eliminated; 1024x1024 studio asset deployed.
449-10003.jpg,449/10003,f00797cb319503a4,Housing plate carrier assy 22T & 45T,REPLACED_GEMINI_AI,Replaced with Gemini regenerated asset,GEMINI_REGENERATED_STUDIO_ASSET,/images/products/449-10003-housing-plate-carrier-assy-22t-45t.webp,800x800,60,Watermark completely eliminated; 1024x1024 studio asset deployed.
449-10900_449-M2160_445-73503.jpg,449/M2160,d4d3323c6c88c849,G.A. PISTON - CLUTCH,REPLACED_GEMINI_AI,Replaced with Gemini regenerated asset,GEMINI_REGENERATED_STUDIO_ASSET,/images/products/449-m2160-ga-piston-clutch.webp,800x800,52,Watermark completely eliminated; 1024x1024 studio asset deployed.
450-10200.jpg,N/A,N/A,N/A,IGNORED_NOT_ON_WEBSITE,Ignored completely per matching rule,N/A,N/A,N/A,N/A,Part Number does not exist in website catalog. Image discarded without processing.
450-10205.jpg,450/10205,a24b6b4119badf10,ANNULUS RING,REPLACED_GEMINI_AI,Replaced with Gemini regenerated asset,GEMINI_REGENERATED_STUDIO_ASSET,/images/products/450-10205-annulus-ring.webp,800x800,36,Watermark completely eliminated; 1024x1024 studio asset deployed.
450-10205_450-10206_450-12403_907-50200).jpg,450/10205,a24b6b4119badf10,ANNULUS RING,REPLACED_GEMINI_AI,Replaced with Gemini regenerated asset,GEMINI_REGENERATED_STUDIO_ASSET,/images/products/450-10205-annulus-ring.webp,800x800,36,Watermark completely eliminated; 1024x1024 studio asset deployed.
450-10206.jpg,450/10206,88bd23fa35a7becf,GEAR PLANET,REPLACED_GEMINI_AI,Replaced with Gemini regenerated asset,GEMINI_REGENERATED_STUDIO_ASSET,/images/products/450-10206-gear-planet.webp,800x800,65,Watermark completely eliminated; 1024x1024 studio asset deployed.
450-10208.jpg,450/10208,ab9bb0c07910e950,THRUST PAD,REPLACED_GEMINI_AI,Replaced with Gemini regenerated asset,GEMINI_REGENERATED_STUDIO_ASSET,/images/products/450-10208-thrust-pad.webp,800x800,25,Watermark completely eliminated; 1024x1024 studio asset deployed.
450-10213.jpg,450/10213,a07a7da3ec95a73c,REACTION PIN,REPLACED_GEMINI_AI,Replaced with Gemini regenerated asset,GEMINI_REGENERATED_STUDIO_ASSET,/images/products/450-10213-reaction-pin.webp,800x800,24,Watermark completely eliminated; 1024x1024 studio asset deployed.
450-10215.jpg,450/10215,e480632a95efb411,PLATE CARRIER,REPLACED_GEMINI_AI,Replaced with Gemini regenerated asset,GEMINI_REGENERATED_STUDIO_ASSET,/images/products/450-10215-plate-carrier.webp,800x800,38,Watermark completely eliminated; 1024x1024 studio asset deployed.
450-10221_450-11100_458-10226_458-20446.jpg,458/20446,93abc24be25c13d6,WHEEL BRG CARRIER,REPLACED_GEMINI_AI,Replaced with Gemini regenerated asset,GEMINI_REGENERATED_STUDIO_ASSET,/images/products/458-20446-wheel-brg-carrier.webp,800x800,52,Watermark completely eliminated; 1024x1024 studio asset deployed.
450-10224_458-20353.jpg,450/10224,19f3f3aa9b16871a,BRAKEFRICTIONPLATE,REPLACED_GEMINI_AI,Replaced with Gemini regenerated asset,GEMINI_REGENERATED_STUDIO_ASSET,/images/products/450-10224-brakefrictionplate.webp,800x800,55,Watermark completely eliminated; 1024x1024 studio asset deployed.
450-10224_458-20353_2.jpg,450/10224,19f3f3aa9b16871a,BRAKEFRICTIONPLATE,REPLACED_GEMINI_AI,Replaced with Gemini regenerated asset,GEMINI_REGENERATED_STUDIO_ASSET,/images/products/450-10224-brakefrictionplate.webp,800x800,55,Watermark completely eliminated; 1024x1024 studio asset deployed.
450-10226.jpg,450/10226,7669aaece22e7e78,BRAKECOUNTERPLATE,REPLACED_GEMINI_AI,Replaced with Gemini regenerated asset,GEMINI_REGENERATED_STUDIO_ASSET,/images/products/450-10226-brakecounterplate.webp,800x800,39,Watermark completely eliminated; 1024x1024 studio asset deployed.
450-10403.jpg,450/10403,73cd85790dc37b3b,DIFF SIDE NUT,REPLACED_GEMINI_AI,Replaced with Gemini regenerated asset,GEMINI_REGENERATED_STUDIO_ASSET,/images/products/450-10403-diff-side-nut.webp,800x800,26,Watermark completely eliminated; 1024x1024 studio asset deployed.
450-10408.jpg,N/A,N/A,N/A,IGNORED_NOT_ON_WEBSITE,Ignored completely per matching rule,N/A,N/A,N/A,N/A,Part Number does not exist in website catalog. Image discarded without processing.
450-10700_458-70037.jpg,N/A,N/A,N/A,IGNORED_NOT_ON_WEBSITE,Ignored completely per matching rule,N/A,N/A,N/A,N/A,Part Number does not exist in website catalog. Image discarded without processing.
450-10800.jpg,450/10800,ca12683f7835c35a,CASING ASSY.DIFF.,REPLACED_GEMINI_AI,Replaced with Gemini regenerated asset,GEMINI_REGENERATED_STUDIO_ASSET,/images/products/450-10800-casing-assydiff.webp,800x800,63,Watermark completely eliminated; 1024x1024 studio asset deployed.
450-10900.jpg,450/10900,3dd0b716b13870da,DIFFERENTIAL ASSEMBLY,REPLACED_GEMINI_AI,Replaced with Gemini regenerated asset,GEMINI_REGENERATED_STUDIO_ASSET,/images/products/450-10900-differential-assembly.webp,800x800,62,Watermark completely eliminated; 1024x1024 studio asset deployed.
450-10903_458-M3121.jpg,450/10903,973938779a6714c4,TRUNNIONPIN,REPLACED_GEMINI_AI,Replaced with Gemini regenerated asset,GEMINI_REGENERATED_STUDIO_ASSET,/images/products/450-10903-trunnionpin.webp,800x800,30,Watermark completely eliminated; 1024x1024 studio asset deployed.
450-11000.jpg,450/11000,639841a250ab8833,DIFFERENTIAL GEAR SET,REPLACED_GEMINI_AI,Replaced with Gemini regenerated asset,GEMINI_REGENERATED_STUDIO_ASSET,/images/products/450-11000-differential-gear-set.webp,800x800,50,Watermark completely eliminated; 1024x1024 studio asset deployed.
450-12401_450-10216_458-M4230_334-Y3895.jpg,450/10216,606f43a8ee88fde1,CARRIERPLANETARYHUB,REPLACED_GEMINI_AI,Replaced with Gemini regenerated asset,GEMINI_REGENERATED_STUDIO_ASSET,/images/products/450-10216-carrierplanetaryhub.webp,800x800,47,Watermark completely eliminated; 1024x1024 studio asset deployed.
450-12403.jpg,450/12403,00f45c52448be0ce,SUN GEAR (SHOT PEENE,REPLACED_GEMINI_AI,Replaced with Gemini regenerated asset,GEMINI_REGENERATED_STUDIO_ASSET,/images/products/450-12403-sun-gear-shot-peene.webp,800x800,38,Watermark completely eliminated; 1024x1024 studio asset deployed.
450-12702.jpg,450/12702,7c48e1945cdfeb46,ANNULUS CARRIER,REPLACED_GEMINI_AI,Replaced with Gemini regenerated asset,GEMINI_REGENERATED_STUDIO_ASSET,/images/products/450-12702-annulus-carrier.webp,800x800,60,Watermark completely eliminated; 1024x1024 studio asset deployed.
450-12703.jpg,450/12703,bfd241708671056b,RING DOWEL,REPLACED_GEMINI_AI,Replaced with Gemini regenerated asset,GEMINI_REGENERATED_STUDIO_ASSET,/images/products/450-12703-ring-dowel.webp,800x800,28,Watermark completely eliminated; 1024x1024 studio asset deployed.
450-20401.jpg,450/20401,a3e625f5d88f5434,PLATEPRESSURE,REPLACED_GEMINI_AI,Replaced with Gemini regenerated asset,GEMINI_REGENERATED_STUDIO_ASSET,/images/products/450-20401-platepressure.webp,800x800,41,Watermark completely eliminated; 1024x1024 studio asset deployed.
450-20402.jpg,450/20402,40d612ab8bf6849e,PLATEFRICTION,REPLACED_GEMINI_AI,Replaced with Gemini regenerated asset,GEMINI_REGENERATED_STUDIO_ASSET,/images/products/450-20402-platefriction.webp,800x800,34,Watermark completely eliminated; 1024x1024 studio asset deployed.
450-20403.jpg,450/20403,9139b4e6a1b0fa16,PLATECOUNTER,REPLACED_GEMINI_AI,Replaced with Gemini regenerated asset,GEMINI_REGENERATED_STUDIO_ASSET,/images/products/450-20403-platecounter.webp,800x800,27,Watermark completely eliminated; 1024x1024 studio asset deployed.
450-20600.jpg,450/20600,0ac41369fc0bc8c1,ASSY.DIFF. -PINION/GEAR,REPLACED_GEMINI_AI,Replaced with Gemini regenerated asset,GEMINI_REGENERATED_STUDIO_ASSET,/images/products/450-20600-assydiff-pinion-gear.webp,800x800,43,Watermark completely eliminated; 1024x1024 studio asset deployed.
450-26200.jpg,450/26200,4f9ed1ad14788fbd,G.A. DIFFERENTIAL LSD',REPLACED_GEMINI_AI,Replaced with Gemini regenerated asset,GEMINI_REGENERATED_STUDIO_ASSET,/images/products/450-26200-ga-differential-lsd.webp,800x800,58,Watermark completely eliminated; 1024x1024 studio asset deployed.
450-27200_450-17900_458-20813.jpg,458/20813,6b87317ee94fec74,COUPLINGYOKE-1480,REPLACED_GEMINI_AI,Replaced with Gemini regenerated asset,GEMINI_REGENERATED_STUDIO_ASSET,/images/products/458-20813-couplingyoke-1480.webp,800x800,36,Watermark completely eliminated; 1024x1024 studio asset deployed.
451-01702.jpg,451/01702,fc0709f670130d0e,FRICTIONPLATE,REPLACED_GEMINI_AI,Replaced with Gemini regenerated asset,GEMINI_REGENERATED_STUDIO_ASSET,/images/products/451-01702-frictionplate.webp,800x800,79,Watermark completely eliminated; 1024x1024 studio asset deployed.
451-08002451-13302.jpg,N/A,N/A,N/A,IGNORED_NOT_ON_WEBSITE,Ignored completely per matching rule,N/A,N/A,N/A,N/A,Part Number does not exist in website catalog. Image discarded without processing.
453-00303.jpg,453/00303,6efca83d478dae8e,BREATER-PLASTIC,REPLACED_GEMINI_AI,Replaced with Gemini regenerated asset,GEMINI_REGENERATED_STUDIO_ASSET,/images/products/453-00303-breater-plastic.webp,800x800,11,Watermark completely eliminated; 1024x1024 studio asset deployed.
453-00304.jpg,453/00304,646f734b66154487,TRUNNION,REPLACED_GEMINI_AI,Replaced with Gemini regenerated asset,GEMINI_REGENERATED_STUDIO_ASSET,/images/products/453-00304-trunnion.webp,800x800,60,Watermark completely eliminated; 1024x1024 studio asset deployed.
453-01803.jpg,453/01803,5392c98b66f46ef5,GEARANNULUS,REPLACED_GEMINI_AI,Replaced with Gemini regenerated asset,GEMINI_REGENERATED_STUDIO_ASSET,/images/products/453-01803-gearannulus.webp,800x800,49,Watermark completely eliminated; 1024x1024 studio asset deployed.
453-04402.jpg,453/04402,02cfd31f07811e04,ANNULUS CARRIER - MACHINED,REPLACED_GEMINI_AI,Replaced with Gemini regenerated asset,GEMINI_REGENERATED_STUDIO_ASSET,/images/products/453-04402-annulus-carrier-machined.webp,800x800,53,Watermark completely eliminated; 1024x1024 studio asset deployed.
453-23400.jpg,453/23400,57c38a41adad79bb,LinkSteerG.A.,REPLACED_GEMINI_AI,Replaced with Gemini regenerated asset,GEMINI_REGENERATED_STUDIO_ASSET,/images/products/453-23400-linksteerga.webp,800x800,44,Watermark completely eliminated; 1024x1024 studio asset deployed.
454-13100.jpg,N/A,N/A,N/A,IGNORED_NOT_ON_WEBSITE,Ignored completely per matching rule,N/A,N/A,N/A,N/A,Part Number does not exist in website catalog. Image discarded without processing.
458-20061_453-30401.jpg,458/20061,41804481f2fa3d81,TRUNION,REPLACED_GEMINI_AI,Replaced with Gemini regenerated asset,GEMINI_REGENERATED_STUDIO_ASSET,/images/products/458-20061-trunion.webp,800x800,48,Watermark completely eliminated; 1024x1024 studio asset deployed.
458-20281.jpg,458/20281,bb2b3ffcd57ae366,FRICTIONPLATED40',REPLACED_GEMINI_AI,Replaced with Gemini regenerated asset,GEMINI_REGENERATED_STUDIO_ASSET,/images/products/458-20281-frictionplated40.webp,800x800,74,Watermark completely eliminated; 1024x1024 studio asset deployed.
458-20285.jpg,458/20285,4181bee3855bbe21,3/4BSPTAPERPLUG,REPLACED_GEMINI_AI,Replaced with Gemini regenerated asset,GEMINI_REGENERATED_STUDIO_ASSET,/images/products/458-20285-3-4bsptaperplug.webp,800x800,28,Watermark completely eliminated; 1024x1024 studio asset deployed.
458-20286.jpg,458/20286,a0dee08ceb4285a8,COUNTERPLATED40',REPLACED_GEMINI_AI,Replaced with Gemini regenerated asset,GEMINI_REGENERATED_STUDIO_ASSET,/images/products/458-20286-counterplated40.webp,800x800,43,Watermark completely eliminated; 1024x1024 studio asset deployed.
458-20289.jpg,458/20289,ab909355be571bbb,Platebrakecounter,REPLACED_GEMINI_AI,Replaced with Gemini regenerated asset,GEMINI_REGENERATED_STUDIO_ASSET,/images/products/458-20289-platebrakecounter.webp,800x800,50,Watermark completely eliminated; 1024x1024 studio asset deployed.
458-20365.jpg,N/A,N/A,N/A,IGNORED_NOT_ON_WEBSITE,Ignored completely per matching rule,N/A,N/A,N/A,N/A,Part Number does not exist in website catalog. Image discarded without processing.
458-20371_458-20236.jpg,458/20371,7685d3f2ddcebbff,BRAKEPISTON,REPLACED_GEMINI_AI,Replaced with Gemini regenerated asset,GEMINI_REGENERATED_STUDIO_ASSET,/images/products/458-20371-brakepiston.webp,800x800,56,Watermark completely eliminated; 1024x1024 studio asset deployed.
458-20371_458-20236_2.jpg,458/20371,7685d3f2ddcebbff,BRAKEPISTON,REPLACED_GEMINI_AI,Replaced with Gemini regenerated asset,GEMINI_REGENERATED_STUDIO_ASSET,/images/products/458-20371-brakepiston.webp,800x800,56,Watermark completely eliminated; 1024x1024 studio asset deployed.
458-20403.jpg,458/20403,6fb8952ab59cb90f,HUB SEAL COVER PLATE,REPLACED_GEMINI_AI,Replaced with Gemini regenerated asset,GEMINI_REGENERATED_STUDIO_ASSET,/images/products/458-20403-hub-seal-cover-plate.webp,800x800,42,Watermark completely eliminated; 1024x1024 studio asset deployed.
458-20668.jpg,N/A,N/A,N/A,IGNORED_NOT_ON_WEBSITE,Ignored completely per matching rule,N/A,N/A,N/A,N/A,Part Number does not exist in website catalog. Image discarded without processing.
458-20672.jpg,458/20672,83bd7fd9b4c1179b,CROWN WHEEL & PINION -30kpH,REPLACED_GEMINI_AI,Replaced with Gemini regenerated asset,GEMINI_REGENERATED_STUDIO_ASSET,/images/products/458-20672-crown-wheel-pinion-30kph.webp,800x800,54,Watermark completely eliminated; 1024x1024 studio asset deployed.
458-20693.jpg,458/20693,32161e681356530a,DISC - PARK BRAKE,REPLACED_GEMINI_AI,Replaced with Gemini regenerated asset,GEMINI_REGENERATED_STUDIO_ASSET,/images/products/458-20693-disc-park-brake.webp,800x800,44,Watermark completely eliminated; 1024x1024 studio asset deployed.
458-20814.jpg,458/20814,0b957c3d49d568d9,COUPLING YOKE - 1550,REPLACED_GEMINI_AI,Replaced with Gemini regenerated asset,GEMINI_REGENERATED_STUDIO_ASSET,/images/products/458-20814-coupling-yoke-1550.webp,800x800,29,Watermark completely eliminated; 1024x1024 studio asset deployed.
458-70035_453-00900.jpg,458/70035,bb390dd905d1d0e0,CROWN WHEEL PINION,REPLACED_GEMINI_AI,Replaced with Gemini regenerated asset,GEMINI_REGENERATED_STUDIO_ASSET,/images/products/458-70035-crown-wheel-pinion.webp,800x800,54,Watermark completely eliminated; 1024x1024 studio asset deployed.
458-70188_458-M1352.jpg,458/M1352,37895949dbb09d48,SPIRALBEVELPINION13T(AssyPart-458/,REPLACED_GEMINI_AI,Replaced with Gemini regenerated asset,GEMINI_REGENERATED_STUDIO_ASSET,/images/products/458-m1352-spiralbevelpinion13t-assypart-458.webp,800x800,64,Watermark completely eliminated; 1024x1024 studio asset deployed.
458-70189.jpg,N/A,N/A,N/A,IGNORED_NOT_ON_WEBSITE,Ignored completely per matching rule,N/A,N/A,N/A,N/A,Part Number does not exist in website catalog. Image discarded without processing.
458-70246.jpg,458/70246,fcca88dd6fdf17e5,CROWNWHEEL & PINION ASSY.,REPLACED_GEMINI_AI,Replaced with Gemini regenerated asset,GEMINI_REGENERATED_STUDIO_ASSET,/images/products/458-70246-crownwheel-pinion-assy.webp,800x800,29,Watermark completely eliminated; 1024x1024 studio asset deployed.
458-70248.jpg,458/70248,c4b0628ee702c948,PINIONSHAFT,REPLACED_GEMINI_AI,Replaced with Gemini regenerated asset,GEMINI_REGENERATED_STUDIO_ASSET,/images/products/458-70248-pinionshaft.webp,800x800,42,Watermark completely eliminated; 1024x1024 studio asset deployed.
458-70249.jpg,N/A,N/A,N/A,IGNORED_NOT_ON_WEBSITE,Ignored completely per matching rule,N/A,N/A,N/A,N/A,Part Number does not exist in website catalog. Image discarded without processing.
458-70258.jpg,458/70258,1506be717a7df963,GA C/WHEEL & PINION 13/38,REPLACED_GEMINI_AI,Replaced with Gemini regenerated asset,GEMINI_REGENERATED_STUDIO_ASSET,/images/products/458-70258-ga-c-wheel-pinion-13-38.webp,800x800,46,Watermark completely eliminated; 1024x1024 studio asset deployed.
458-70260.jpg,458/70260,1259177028df42ae,GA C/WHEEL & PINION 13/33,REPLACED_GEMINI_AI,Replaced with Gemini regenerated asset,GEMINI_REGENERATED_STUDIO_ASSET,/images/products/458-70260-ga-c-wheel-pinion-13-33.webp,800x800,50,Watermark completely eliminated; 1024x1024 studio asset deployed.
458-70260_2.jpg,458/70260,1259177028df42ae,GA C/WHEEL & PINION 13/33,REPLACED_GEMINI_AI,Replaced with Gemini regenerated asset,GEMINI_REGENERATED_STUDIO_ASSET,/images/products/458-70260-ga-c-wheel-pinion-13-33.webp,800x800,50,Watermark completely eliminated; 1024x1024 studio asset deployed.
458-M2842.jpg,458/M2842,fcbff5c25fed19ff,DIFF CASING NO GEARS,REPLACED_GEMINI_AI,Replaced with Gemini regenerated asset,GEMINI_REGENERATED_STUDIO_ASSET,/images/products/458-m2842-diff-casing-no-gears.webp,800x800,38,Watermark completely eliminated; 1024x1024 studio asset deployed.
458-W4742.jpg,458/W4742,ee33f8e4797f6877,GA C/WHEEL & PINION 13/38,REPLACED_GEMINI_AI,Replaced with Gemini regenerated asset,GEMINI_REGENERATED_STUDIO_ASSET,/images/products/458-w4742-ga-c-wheel-pinion-13-38.webp,800x800,43,Watermark completely eliminated; 1024x1024 studio asset deployed.
459-10096.jpg,459/10096,6c7b0c8b5679c7a3,GA PISTON - CLUTCH,REPLACED_GEMINI_AI,Replaced with Gemini regenerated asset,GEMINI_REGENERATED_STUDIO_ASSET,/images/products/459-10096-ga-piston-clutch.webp,800x800,64,Watermark completely eliminated; 1024x1024 studio asset deployed.
459-10143_459-30295.jpg,459/10143,cad4e58918b86cb0,GAGEARLEVERTURRET,SOURCE_PLACEHOLDER_OMITTED,"Source photo is a generic ""IMAGE COMING SOON"" graphic; omitted from AI generation to prevent fabricating product features",SUPPLIER_PLACEHOLDER_GRAPHIC,/images/products/459-10143-gagearleverturret.webp,400x400,14,Source image contains no actual product photo. Requires authentic photo from supplier.
459-50202.jpg,459/50202,4a896d9efa1028d9,2NDGEAR,REPLACED_GEMINI_AI,Replaced with Gemini regenerated asset,GEMINI_REGENERATED_STUDIO_ASSET,/images/products/459-50202-2ndgear.webp,800x800,35,Watermark completely eliminated; 1024x1024 studio asset deployed.
459-50428.jpg,459/50428,57c0c26e747d5d69,GEAR 31T,REPLACED_GEMINI_AI,Replaced with Gemini regenerated asset,GEMINI_REGENERATED_STUDIO_ASSET,/images/products/459-50428-gear-31t.webp,800x800,48,Watermark completely eliminated; 1024x1024 studio asset deployed.
459-50429.jpg,459/50429,858b50dfc4092c09,GEAR 22T,REPLACED_GEMINI_AI,Replaced with Gemini regenerated asset,GEMINI_REGENERATED_STUDIO_ASSET,/images/products/459-50429-gear-22t.webp,800x800,47,Watermark completely eliminated; 1024x1024 studio asset deployed.
459-50431.jpg,459/50431,c122ca07a2a1927d,PUMPDRIVESHAFT,REPLACED_GEMINI_AI,Replaced with Gemini regenerated asset,GEMINI_REGENERATED_STUDIO_ASSET,/images/products/459-50431-pumpdriveshaft.webp,800x800,16,Watermark completely eliminated; 1024x1024 studio asset deployed.
459-50511.jpg,459/50511,0428bdf1ca45bd04,GEAR -2ND,SOURCE_PLACEHOLDER_OMITTED,"Source photo is a generic ""IMAGE COMING SOON"" graphic; omitted from AI generation to prevent fabricating product features",SUPPLIER_PLACEHOLDER_GRAPHIC,/images/products/459-50511-gear-2nd.webp,400x400,14,Source image contains no actual product photo. Requires authentic photo from supplier.
459-70138.jpg,459/70138,9beb0a808e672f97,YOKE - OUTPUT - 1550,REPLACED_GEMINI_AI,Replaced with Gemini regenerated asset,GEMINI_REGENERATED_STUDIO_ASSET,/images/products/459-70138-yoke-output-1550.webp,800x800,37,Watermark completely eliminated; 1024x1024 studio asset deployed.
459-70271.jpg,459/70271,ea0f4969012d9eae,GEAR SHIFT LEVER -BTM,REPLACED_GEMINI_AI,Replaced with Gemini regenerated asset,GEMINI_REGENERATED_STUDIO_ASSET,/images/products/459-70271-gear-shift-lever-btm.webp,800x800,15,Watermark completely eliminated; 1024x1024 studio asset deployed.
459-70317.jpg,459/70317,4a496ada44083d7e,COUPLING  YOKE (P92),REPLACED_GEMINI_AI,Replaced with Gemini regenerated asset,GEMINI_REGENERATED_STUDIO_ASSET,/images/products/459-70317-coupling-yoke-p92.webp,800x800,68,Watermark completely eliminated; 1024x1024 studio asset deployed.
459-M2874_25-220990_25-220804.jpg,459/M2874,2e024280a172640c,Valvesolenoidassembly,REPLACED_GEMINI_AI,Replaced with Gemini regenerated asset,GEMINI_REGENERATED_STUDIO_ASSET,/images/products/459-m2874-valvesolenoidassembly.webp,800x800,34,Watermark completely eliminated; 1024x1024 studio asset deployed.
459-M8200.jpg,N/A,N/A,N/A,IGNORED_NOT_ON_WEBSITE,Ignored completely per matching rule,N/A,N/A,N/A,N/A,Part Number does not exist in website catalog. Image discarded without processing.
477-00223.jpg,477/00223,dabf079233a248f2,PRESSURE CAP 1bar,REPLACED_GEMINI_AI,Replaced with Gemini regenerated asset,GEMINI_REGENERATED_STUDIO_ASSET,/images/products/477-00223-pressure-cap-1bar.webp,800x800,49,Watermark completely eliminated; 1024x1024 studio asset deployed.
477-00824_02-124661.jpg,N/A,N/A,N/A,IGNORED_NOT_ON_WEBSITE,Ignored completely per matching rule,N/A,N/A,N/A,N/A,Part Number does not exist in website catalog. Image discarded without processing.
477-49892.jpg,N/A,N/A,N/A,IGNORED_NOT_ON_WEBSITE,Ignored completely per matching rule,N/A,N/A,N/A,N/A,Part Number does not exist in website catalog. Image discarded without processing.
531-03205.jpg,N/A,N/A,N/A,IGNORED_NOT_ON_WEBSITE,Ignored completely per matching rule,N/A,N/A,N/A,N/A,Part Number does not exist in website catalog. Image discarded without processing.
531-03208.jpg,N/A,N/A,N/A,IGNORED_NOT_ON_WEBSITE,Ignored completely per matching rule,N/A,N/A,N/A,N/A,Part Number does not exist in website catalog. Image discarded without processing.
531-03209.jpg,N/A,N/A,N/A,IGNORED_NOT_ON_WEBSITE,Ignored completely per matching rule,N/A,N/A,N/A,N/A,Part Number does not exist in website catalog. Image discarded without processing.
550-40899.jpg,550/40899,be85167f21cb3ccf,BUSH (ARM BOOMCYL),REPLACED_GEMINI_AI,Replaced with Gemini regenerated asset,GEMINI_REGENERATED_STUDIO_ASSET,/images/products/550-40899-bush-arm-boomcyl.webp,800x800,36,Watermark completely eliminated; 1024x1024 studio asset deployed.
550-40927.jpg,550/40927,48fd943086daae2f,BUSH (BUCKET),REPLACED_GEMINI_AI,Replaced with Gemini regenerated asset,GEMINI_REGENERATED_STUDIO_ASSET,/images/products/550-40927-bush-bucket.webp,800x800,41,Watermark completely eliminated; 1024x1024 studio asset deployed.
550-40980.jpg,550/40980,d58fbff9982f85fd,CUSHIONING PLUNGER(SLEW,REPLACED_GEMINI_AI,Replaced with Gemini regenerated asset,GEMINI_REGENERATED_STUDIO_ASSET,/images/products/550-40980-cushioning-plunger-slew.webp,800x800,17,Watermark completely eliminated; 1024x1024 studio asset deployed.
550-40983.jpg,550/40983,b764723d6443e5c3,BUSH R.E (SLEW,REPLACED_GEMINI_AI,Replaced with Gemini regenerated asset,GEMINI_REGENERATED_STUDIO_ASSET,/images/products/550-40983-bush-re-slew.webp,800x800,45,Watermark completely eliminated; 1024x1024 studio asset deployed.
550-42607.jpg,550/42607,db8467b67d1b79f4,Water Pump assly.,REPLACED_GEMINI_AI,Replaced with Gemini regenerated asset,GEMINI_REGENERATED_STUDIO_ASSET,/images/products/550-42607-water-pump-assly.webp,800x800,48,Watermark completely eliminated; 1024x1024 studio asset deployed.
550-42888.jpg,550/42888,d6339bed83b8740a,SEAL KIT,SOURCE_PLACEHOLDER_OMITTED,"Source photo is a generic ""IMAGE COMING SOON"" graphic; omitted from AI generation to prevent fabricating product features",SUPPLIER_PLACEHOLDER_GRAPHIC,/images/products/550-42888-seal-kit.webp,400x400,14,Source image contains no actual product photo. Requires authentic photo from supplier.
550-42895.jpg,550/42895,bb4c926bd52118e9,SEAL KIT,SOURCE_PLACEHOLDER_OMITTED,"Source photo is a generic ""IMAGE COMING SOON"" graphic; omitted from AI generation to prevent fabricating product features",SUPPLIER_PLACEHOLDER_GRAPHIC,/images/products/550-42895-seal-kit.webp,400x400,14,Source image contains no actual product photo. Requires authentic photo from supplier.
550-48465.jpg,N/A,N/A,N/A,IGNORED_NOT_ON_WEBSITE,Ignored completely per matching rule,N/A,N/A,N/A,N/A,Part Number does not exist in website catalog. Image discarded without processing.
559-90066.jpg,N/A,N/A,N/A,IGNORED_NOT_ON_WEBSITE,Ignored completely per matching rule,N/A,N/A,N/A,N/A,Part Number does not exist in website catalog. Image discarded without processing.
573-10001.jpg,N/A,N/A,N/A,IGNORED_NOT_ON_WEBSITE,Ignored completely per matching rule,N/A,N/A,N/A,N/A,Part Number does not exist in website catalog. Image discarded without processing.
57300M62S00.jpg,N/A,N/A,N/A,IGNORED_NOT_ON_WEBSITE,Ignored completely per matching rule,N/A,N/A,N/A,N/A,Part Number does not exist in website catalog. Image discarded without processing.
57410M62S00.jpg,N/A,N/A,N/A,IGNORED_NOT_ON_WEBSITE,Ignored completely per matching rule,N/A,N/A,N/A,N/A,Part Number does not exist in website catalog. Image discarded without processing.
57420M62S00.jpg,N/A,N/A,N/A,IGNORED_NOT_ON_WEBSITE,Ignored completely per matching rule,N/A,N/A,N/A,N/A,Part Number does not exist in website catalog. Image discarded without processing.
57611M62S00.jpg,N/A,N/A,N/A,IGNORED_NOT_ON_WEBSITE,Ignored completely per matching rule,N/A,N/A,N/A,N/A,Part Number does not exist in website catalog. Image discarded without processing.
581-00012.jpg,581/00012,022a83d9a43d05bc,FILTERELEMENT,REPLACED_GEMINI_AI,Replaced with Gemini regenerated asset,GEMINI_REGENERATED_STUDIO_ASSET,/images/products/581-00012-filterelement.webp,800x800,51,Watermark completely eliminated; 1024x1024 studio asset deployed.
581-05604.jpg,581/05604,a86f80db47a17e4a,SEAL,REPLACED_GEMINI_AI,Replaced with Gemini regenerated asset,GEMINI_REGENERATED_STUDIO_ASSET,/images/products/581-05604-seal.webp,800x800,17,Watermark completely eliminated; 1024x1024 studio asset deployed.
581-05607.jpg,N/A,N/A,N/A,IGNORED_NOT_ON_WEBSITE,Ignored completely per matching rule,N/A,N/A,N/A,N/A,Part Number does not exist in website catalog. Image discarded without processing.
581-06301_581-05609_581-05604_581-06302.jpg,581/06301,608be77310a0c05a,Element Filter,REPLACED_GEMINI_AI,Replaced with Gemini regenerated asset,GEMINI_REGENERATED_STUDIO_ASSET,/images/products/581-06301-element-filter.webp,800x800,61,Watermark completely eliminated; 1024x1024 studio asset deployed.
581-18063581-M8563.jpg,N/A,N/A,N/A,IGNORED_NOT_ON_WEBSITE,Ignored completely per matching rule,N/A,N/A,N/A,N/A,Part Number does not exist in website catalog. Image discarded without processing.
595-10027.jpg,595/10027,ee78f2fbb0db9d57,PISTONHEAD,REPLACED_GEMINI_AI,Replaced with Gemini regenerated asset,GEMINI_REGENERATED_STUDIO_ASSET,/images/products/595-10027-pistonhead.webp,800x800,129,Watermark completely eliminated; 1024x1024 studio asset deployed.
595-10035.jpg,N/A,N/A,N/A,IGNORED_NOT_ON_WEBSITE,Ignored completely per matching rule,N/A,N/A,N/A,N/A,Part Number does not exist in website catalog. Image discarded without processing.
595-10040.jpg,595/10040,6b891acef40e9a89,P/HEAD 595/10057P,SOURCE_PLACEHOLDER_OMITTED,"Source photo is a generic ""IMAGE COMING SOON"" graphic; omitted from AI generation to prevent fabricating product features",SUPPLIER_PLACEHOLDER_GRAPHIC,/images/products/595-10040-p-head-595-10057p.webp,400x400,14,Source image contains no actual product photo. Requires authentic photo from supplier.
595-10057.jpg,595/10057,4b83c281a0e897b3,HEADPISTON,REPLACED_GEMINI_AI,Replaced with Gemini regenerated asset,GEMINI_REGENERATED_STUDIO_ASSET,/images/products/595-10057-headpiston.webp,800x800,63,Watermark completely eliminated; 1024x1024 studio asset deployed.
595-10061.jpg,595/10061,9abda96d21e3804a,P/HEAD 90*60 (595/10037P),REPLACED_GEMINI_AI,Replaced with Gemini regenerated asset,GEMINI_REGENERATED_STUDIO_ASSET,/images/products/595-10061-p-head-9060-595-10037p.webp,800x800,66,Watermark completely eliminated; 1024x1024 studio asset deployed.
612-04100.jpg,612/04100,674991fad6df0681,HOSE,REPLACED_GEMINI_AI,Replaced with Gemini regenerated asset,GEMINI_REGENERATED_STUDIO_ASSET,/images/products/612-04100-hose.webp,800x800,9,Watermark completely eliminated; 1024x1024 studio asset deployed.
613-00700.jpg,613/00700,af039c63de61a1e0,HOSE,SOURCE_PLACEHOLDER_OMITTED,"Source photo is a generic ""IMAGE COMING SOON"" graphic; omitted from AI generation to prevent fabricating product features",SUPPLIER_PLACEHOLDER_GRAPHIC,/images/products/613-00700-hose.webp,400x400,14,Source image contains no actual product photo. Requires authentic photo from supplier.
613-36002.jpg,613/36002,139e4b72a321ef2d,HOSE,REPLACED_GEMINI_AI,Replaced with Gemini regenerated asset,GEMINI_REGENERATED_STUDIO_ASSET,/images/products/613-36002-hose.webp,800x800,19,Watermark completely eliminated; 1024x1024 studio asset deployed.
629-26900.jpg,629/26900,f85845e51b17a4c9,HOSE 5/8 BSP - 2520MM,REPLACED_GEMINI_AI,Replaced with Gemini regenerated asset,GEMINI_REGENERATED_STUDIO_ASSET,/images/products/629-26900-hose-5-8-bsp-2520mm.webp,800x800,19,Watermark completely eliminated; 1024x1024 studio asset deployed.
649-51240.jpg,N/A,N/A,N/A,IGNORED_NOT_ON_WEBSITE,Ignored completely per matching rule,N/A,N/A,N/A,N/A,Part Number does not exist in website catalog. Image discarded without processing.
649-51270.jpg,N/A,N/A,N/A,IGNORED_NOT_ON_WEBSITE,Ignored completely per matching rule,N/A,N/A,N/A,N/A,Part Number does not exist in website catalog. Image discarded without processing.
649-51320.jpg,649/51320,6f8adf9aada86293,BRAKEHOSE760MM,REPLACED_GEMINI_AI,Replaced with Gemini regenerated asset,GEMINI_REGENERATED_STUDIO_ASSET,/images/products/649-51320-brakehose760mm.webp,800x800,13,Watermark completely eliminated; 1024x1024 studio asset deployed.
649-51777.jpg,649/51777,878f2ad228c1e8af,FUEL LINE,REPLACED_GEMINI_AI,Replaced with Gemini regenerated asset,GEMINI_REGENERATED_STUDIO_ASSET,/images/products/649-51777-fuel-line.webp,800x800,27,Watermark completely eliminated; 1024x1024 studio asset deployed.
696-02034_333-P9523.jpg,333/P9523,9f1936f914da7b28,WATER TEMP.GUAGE,REPLACED_GEMINI_AI,Replaced with Gemini regenerated asset,GEMINI_REGENERATED_STUDIO_ASSET,/images/products/333-p9523-water-tempguage.webp,800x800,38,Watermark completely eliminated; 1024x1024 studio asset deployed.
700-16001.jpg,700/16001,aeecf28d465bb265,LENS,REPLACED_GEMINI_AI,Replaced with Gemini regenerated asset,GEMINI_REGENERATED_STUDIO_ASSET,/images/products/700-16001-lens.webp,800x800,44,Watermark completely eliminated; 1024x1024 studio asset deployed.
700-21100_262-68200.jpg,262/68200,081cfcfb0e4e40b9,LIGHTHEADLIGHTRHDIP,REPLACED_GEMINI_AI,Replaced with Gemini regenerated asset,GEMINI_REGENERATED_STUDIO_ASSET,/images/products/262-68200-lightheadlightrhdip.webp,800x800,81,Watermark completely eliminated; 1024x1024 studio asset deployed.
700-23600.jpg,N/A,N/A,N/A,IGNORED_NOT_ON_WEBSITE,Ignored completely per matching rule,N/A,N/A,N/A,N/A,Part Number does not exist in website catalog. Image discarded without processing.
700-26201.jpg,700/26201,484114877ece09d2,LENS,REPLACED_GEMINI_AI,Replaced with Gemini regenerated asset,GEMINI_REGENERATED_STUDIO_ASSET,/images/products/700-26201-lens.webp,800x800,46,Watermark completely eliminated; 1024x1024 studio asset deployed.
700-31800.jpg,N/A,N/A,N/A,IGNORED_NOT_ON_WEBSITE,Ignored completely per matching rule,N/A,N/A,N/A,N/A,Part Number does not exist in website catalog. Image discarded without processing.
700-38400.jpg,700/38400,1ca46e62fd5528ba,LIGHT HEAD ASSEMBL,REPLACED_GEMINI_AI,Replaced with Gemini regenerated asset,GEMINI_REGENERATED_STUDIO_ASSET,/images/products/700-38400-light-head-assembl.webp,800x800,60,Watermark completely eliminated; 1024x1024 studio asset deployed.
700-38800.jpg,N/A,N/A,N/A,IGNORED_NOT_ON_WEBSITE,Ignored completely per matching rule,N/A,N/A,N/A,N/A,Part Number does not exist in website catalog. Image discarded without processing.
700-50018.jpg,700/50018,65782a20a5cc5432,COMBINATION LAMP rear 12v,REPLACED_GEMINI_AI,Replaced with Gemini regenerated asset,GEMINI_REGENERATED_STUDIO_ASSET,/images/products/700-50018-combination-lamp-rear-12v.webp,800x800,67,Watermark completely eliminated; 1024x1024 studio asset deployed.
700-50024.jpg,700/50024,eb470791917b132f,LENS CRL300 ACRYLI,REPLACED_GEMINI_AI,Replaced with Gemini regenerated asset,GEMINI_REGENERATED_STUDIO_ASSET,/images/products/700-50024-lens-crl300-acryli.webp,800x800,35,Watermark completely eliminated; 1024x1024 studio asset deployed.
700-50029.jpg,700/50029,4efeaf0a8ece3c6d,PEDESTAL MOUNTING WORKLAMP,REPLACED_GEMINI_AI,Replaced with Gemini regenerated asset,GEMINI_REGENERATED_STUDIO_ASSET,/images/products/700-50029-pedestal-mounting-worklamp.webp,800x800,65,Watermark completely eliminated; 1024x1024 studio asset deployed.
701-20800.jpg,701/20800,5720edbd4f4444e0,BATTERYISOLATERSWITCH,REPLACED_GEMINI_AI,Replaced with Gemini regenerated asset,GEMINI_REGENERATED_STUDIO_ASSET,/images/products/701-20800-batteryisolaterswitch.webp,800x800,21,Watermark completely eliminated; 1024x1024 studio asset deployed.
701-20801.jpg,701/20801,24414c3b364f4222,KEY ISOLATOR,REPLACED_GEMINI_AI,Replaced with Gemini regenerated asset,GEMINI_REGENERATED_STUDIO_ASSET,/images/products/701-20801-key-isolator.webp,800x800,29,Watermark completely eliminated; 1024x1024 studio asset deployed.
701-21201.jpg,701/21201,7891c4acd5c33089,CONTROL-F/REV,REPLACED_GEMINI_AI,Replaced with Gemini regenerated asset,GEMINI_REGENERATED_STUDIO_ASSET,/images/products/701-21201-control-f-rev.webp,800x800,26,Watermark completely eliminated; 1024x1024 studio asset deployed.
701-21202.jpg,701/21202,ca09fde43e3c7a7e,COMBISWITCH-B,REPLACED_GEMINI_AI,Replaced with Gemini regenerated asset,GEMINI_REGENERATED_STUDIO_ASSET,/images/products/701-21202-combiswitch-b.webp,800x800,30,Watermark completely eliminated; 1024x1024 studio asset deployed.
701-26401.jpg,701/26401,7c27a24af4eba1a7,COLUMN SWITCH,REPLACED_GEMINI_AI,Replaced with Gemini regenerated asset,GEMINI_REGENERATED_STUDIO_ASSET,/images/products/701-26401-column-switch.webp,800x800,24,Watermark completely eliminated; 1024x1024 studio asset deployed.
701-37400.jpg,N/A,N/A,N/A,IGNORED_NOT_ON_WEBSITE,Ignored completely per matching rule,N/A,N/A,N/A,N/A,Part Number does not exist in website catalog. Image discarded without processing.
701-37702.jpg,701/37702,210ac4644a7174f9,COLUMNSWITCHRH,REPLACED_GEMINI_AI,Replaced with Gemini regenerated asset,GEMINI_REGENERATED_STUDIO_ASSET,/images/products/701-37702-columnswitchrh.webp,800x800,25,Watermark completely eliminated; 1024x1024 studio asset deployed.
701-41500_701-80225.jpg,701/80225,48a84cd74a6f7fe0,SWITCH,REPLACED_GEMINI_AI,Replaced with Gemini regenerated asset,GEMINI_REGENERATED_STUDIO_ASSET,/images/products/701-80225-switch.webp,800x800,32,Watermark completely eliminated; 1024x1024 studio asset deployed.
701-41600_701-37300.jpg,N/A,N/A,N/A,IGNORED_NOT_ON_WEBSITE,Ignored completely per matching rule,N/A,N/A,N/A,N/A,Part Number does not exist in website catalog. Image discarded without processing.
701-41700.jpg,701/41700,2e18c4ade0a708d2,SWITCH,REPLACED_GEMINI_AI,Replaced with Gemini regenerated asset,GEMINI_REGENERATED_STUDIO_ASSET,/images/products/701-41700-switch.webp,800x800,42,Watermark completely eliminated; 1024x1024 studio asset deployed.
701-41900.jpg,701/41900,2f87867a5a149b9c,SWITCH,REPLACED_GEMINI_AI,Replaced with Gemini regenerated asset,GEMINI_REGENERATED_STUDIO_ASSET,/images/products/701-41900-switch.webp,800x800,35,Watermark completely eliminated; 1024x1024 studio asset deployed.
701-42600701-36300.jpg,N/A,N/A,N/A,IGNORED_NOT_ON_WEBSITE,Ignored completely per matching rule,N/A,N/A,N/A,N/A,Part Number does not exist in website catalog. Image discarded without processing.
701-43700_701-80100.jpg,701/43700,d1b847fc167c6b60,SWITCH-OILPRESSURE',REPLACED_GEMINI_AI,Replaced with Gemini regenerated asset,GEMINI_REGENERATED_STUDIO_ASSET,/images/products/701-43700-switch-oilpressure.webp,800x800,42,Watermark completely eliminated; 1024x1024 studio asset deployed.
701-45501331-26790.jpg,N/A,N/A,N/A,IGNORED_NOT_ON_WEBSITE,Ignored completely per matching rule,N/A,N/A,N/A,N/A,Part Number does not exist in website catalog. Image discarded without processing.
701-49800.jpg,N/A,N/A,N/A,IGNORED_NOT_ON_WEBSITE,Ignored completely per matching rule,N/A,N/A,N/A,N/A,Part Number does not exist in website catalog. Image discarded without processing.
701-52601.jpg,701/52601,8e99f5a8803c262e,Switchfwd&rev,REPLACED_GEMINI_AI,Replaced with Gemini regenerated asset,GEMINI_REGENERATED_STUDIO_ASSET,/images/products/701-52601-switchfwdrev.webp,800x800,26,Watermark completely eliminated; 1024x1024 studio asset deployed.
701-52701.jpg,N/A,N/A,N/A,IGNORED_NOT_ON_WEBSITE,Ignored completely per matching rule,N/A,N/A,N/A,N/A,Part Number does not exist in website catalog. Image discarded without processing.
701-55100.jpg,701/55100,8d3ac010eaa88b1f,SWITCH LEFT HAND F,REPLACED_GEMINI_AI,Replaced with Gemini regenerated asset,GEMINI_REGENERATED_STUDIO_ASSET,/images/products/701-55100-switch-left-hand-f.webp,800x800,36,Watermark completely eliminated; 1024x1024 studio asset deployed.
701-58701.jpg,701/58701,16fa02277b86cafc,DECAL4wdswitch,REPLACED_GEMINI_AI,Replaced with Gemini regenerated asset,GEMINI_REGENERATED_STUDIO_ASSET,/images/products/701-58701-decal4wdswitch.webp,800x800,24,Watermark completely eliminated; 1024x1024 studio asset deployed.
701-58705.jpg,701/58705,f0f4600bfbf9afdf,COVER FRONT WORK,REPLACED_GEMINI_AI,Replaced with Gemini regenerated asset,GEMINI_REGENERATED_STUDIO_ASSET,/images/products/701-58705-cover-front-work.webp,800x800,24,Watermark completely eliminated; 1024x1024 studio asset deployed.
701-58706.jpg,701/58706,a400bc392855b51c,SWITCH COVER,REPLACED_GEMINI_AI,Replaced with Gemini regenerated asset,GEMINI_REGENERATED_STUDIO_ASSET,/images/products/701-58706-switch-cover.webp,800x800,23,Watermark completely eliminated; 1024x1024 studio asset deployed.
701-58707.jpg,701/58707,a257b7c4fc7d1bda,DECALSWITCHWASH/PIPE,REPLACED_GEMINI_AI,Replaced with Gemini regenerated asset,GEMINI_REGENERATED_STUDIO_ASSET,/images/products/701-58707-decalswitchwash-pipe.webp,800x800,19,Watermark completely eliminated; 1024x1024 studio asset deployed.
701-58821.jpg,701/58821,ebcf50ae7f0e28a8,DECAL hazard switch,REPLACED_GEMINI_AI,Replaced with Gemini regenerated asset,GEMINI_REGENERATED_STUDIO_ASSET,/images/products/701-58821-decal-hazard-switch.webp,800x800,36,Watermark completely eliminated; 1024x1024 studio asset deployed.
701-58823.jpg,701/58823,b07a2fdba809e38a,COVERHSCSWITCH,REPLACED_GEMINI_AI,Replaced with Gemini regenerated asset,GEMINI_REGENERATED_STUDIO_ASSET,/images/products/701-58823-coverhscswitch.webp,800x800,31,Watermark completely eliminated; 1024x1024 studio asset deployed.
701-58824.jpg,701/58824,38b2ee75a12a8f9f,COVER HEAD LIGH,REPLACED_GEMINI_AI,Replaced with Gemini regenerated asset,GEMINI_REGENERATED_STUDIO_ASSET,/images/products/701-58824-cover-head-ligh.webp,800x800,38,Watermark completely eliminated; 1024x1024 studio asset deployed.
701-58825.jpg,701/58825,20bd414b5d707dbe,SWITCHACTUATORBEACONLIGHTS,REPLACED_GEMINI_AI,Replaced with Gemini regenerated asset,GEMINI_REGENERATED_STUDIO_ASSET,/images/products/701-58825-switchactuatorbeaconlights.webp,800x800,53,Watermark completely eliminated; 1024x1024 studio asset deployed.
701-58826.jpg,701/58826,6899ed9e623e8f20,DECAL -FR WORKL,REPLACED_GEMINI_AI,Replaced with Gemini regenerated asset,GEMINI_REGENERATED_STUDIO_ASSET,/images/products/701-58826-decal-fr-workl.webp,800x800,61,Watermark completely eliminated; 1024x1024 studio asset deployed.
701-58827.jpg,701/58827,b88e58b497401c59,SWITCH ACTUATOR REAR WORKLIGHTS,REPLACED_GEMINI_AI,Replaced with Gemini regenerated asset,GEMINI_REGENERATED_STUDIO_ASSET,/images/products/701-58827-switch-actuator-rear-worklights.webp,800x800,24,Watermark completely eliminated; 1024x1024 studio asset deployed.
701-58828.jpg,701/58828,ff716c45e70cc360,DECAL WSH/WIPE SWTICH,REPLACED_GEMINI_AI,Replaced with Gemini regenerated asset,GEMINI_REGENERATED_STUDIO_ASSET,/images/products/701-58828-decal-wsh-wipe-swtich.webp,800x800,41,Watermark completely eliminated; 1024x1024 studio asset deployed.
701-58833.jpg,701/58833,56bbbcaff5a8c958,SWITCH ACTUATOR-AUX HYD TOOLS,REPLACED_GEMINI_AI,Replaced with Gemini regenerated asset,GEMINI_REGENERATED_STUDIO_ASSET,/images/products/701-58833-switch-actuator-aux-hyd-tools.webp,800x800,18,Watermark completely eliminated; 1024x1024 studio asset deployed.
701-58835.jpg,N/A,N/A,N/A,IGNORED_NOT_ON_WEBSITE,Ignored completely per matching rule,N/A,N/A,N/A,N/A,Part Number does not exist in website catalog. Image discarded without processing.
701-58838.jpg,N/A,N/A,N/A,IGNORED_NOT_ON_WEBSITE,Ignored completely per matching rule,N/A,N/A,N/A,N/A,Part Number does not exist in website catalog. Image discarded without processing.
701-58842.jpg,701/58842,763973e487875eda,COVER SRS SWITCH,REPLACED_GEMINI_AI,Replaced with Gemini regenerated asset,GEMINI_REGENERATED_STUDIO_ASSET,/images/products/701-58842-cover-srs-switch.webp,800x800,30,Watermark completely eliminated; 1024x1024 studio asset deployed.
701-60000.jpg,701/60000,884630650500ce30,SWITCH panel,REPLACED_GEMINI_AI,Replaced with Gemini regenerated asset,GEMINI_REGENERATED_STUDIO_ASSET,/images/products/701-60000-switch-panel.webp,800x800,42,Watermark completely eliminated; 1024x1024 studio asset deployed.
701-60001.jpg,701/60001,1613127fd9d26254,SWITCH PANEL 12V 2POS SPCO RW,REPLACED_GEMINI_AI,Replaced with Gemini regenerated asset,GEMINI_REGENERATED_STUDIO_ASSET,/images/products/701-60001-switch-panel-12v-2pos-spco-rw.webp,800x800,26,Watermark completely eliminated; 1024x1024 studio asset deployed.
701-60003.jpg,701/60003,14b5917012afac52,Switch,REPLACED_GEMINI_AI,Replaced with Gemini regenerated asset,GEMINI_REGENERATED_STUDIO_ASSET,/images/products/701-60003-switch.webp,800x800,21,Watermark completely eliminated; 1024x1024 studio asset deployed.
701-60004.jpg,701/60004,b97bf7145b66d646,SWITCH PANEL,REPLACED_GEMINI_AI,Replaced with Gemini regenerated asset,GEMINI_REGENERATED_STUDIO_ASSET,/images/products/701-60004-switch-panel.webp,800x800,27,Watermark completely eliminated; 1024x1024 studio asset deployed.
701-60006.jpg,701/60006,0a832074f00570ce,SWITCH,REPLACED_GEMINI_AI,Replaced with Gemini regenerated asset,GEMINI_REGENERATED_STUDIO_ASSET,/images/products/701-60006-switch.webp,800x800,26,Watermark completely eliminated; 1024x1024 studio asset deployed.
701-60008.jpg,701/60008,b903d192f32efd9a,SWITCH12V,REPLACED_GEMINI_AI,Replaced with Gemini regenerated asset,GEMINI_REGENERATED_STUDIO_ASSET,/images/products/701-60008-switch12v.webp,800x800,22,Watermark completely eliminated; 1024x1024 studio asset deployed.
701-60016.jpg,701/60016,891ecd2290b795bf,WITCH3-position,REPLACED_GEMINI_AI,Replaced with Gemini regenerated asset,GEMINI_REGENERATED_STUDIO_ASSET,/images/products/701-60016-witch3-position.webp,800x800,27,Watermark completely eliminated; 1024x1024 studio asset deployed.
701-70001.jpg,N/A,N/A,N/A,IGNORED_NOT_ON_WEBSITE,Ignored completely per matching rule,N/A,N/A,N/A,N/A,Part Number does not exist in website catalog. Image discarded without processing.
701-71300.jpg,N/A,N/A,N/A,IGNORED_NOT_ON_WEBSITE,Ignored completely per matching rule,N/A,N/A,N/A,N/A,Part Number does not exist in website catalog. Image discarded without processing.
701-80144.jpg,N/A,N/A,N/A,IGNORED_NOT_ON_WEBSITE,Ignored completely per matching rule,N/A,N/A,N/A,N/A,Part Number does not exist in website catalog. Image discarded without processing.
701-80145.jpg,701/80145,a1bb871a282b5e4a,COLUMN SWITCH P/SHIFT,REPLACED_GEMINI_AI,Replaced with Gemini regenerated asset,GEMINI_REGENERATED_STUDIO_ASSET,/images/products/701-80145-column-switch-p-shift.webp,800x800,37,Watermark completely eliminated; 1024x1024 studio asset deployed.
701-80165.jpg,N/A,N/A,N/A,IGNORED_NOT_ON_WEBSITE,Ignored completely per matching rule,N/A,N/A,N/A,N/A,Part Number does not exist in website catalog. Image discarded without processing.
701-80184701-45500701-Y1372.jpg,N/A,N/A,N/A,IGNORED_NOT_ON_WEBSITE,Ignored completely per matching rule,N/A,N/A,N/A,N/A,Part Number does not exist in website catalog. Image discarded without processing.
701-80184_701-45500.jpg,701/80184,2f5aa68199129713,SWITCH IGNITION,REPLACED_GEMINI_AI,Replaced with Gemini regenerated asset,GEMINI_REGENERATED_STUDIO_ASSET,/images/products/701-80184-switch-ignition.webp,800x800,33,Watermark completely eliminated; 1024x1024 studio asset deployed.
701-80266_701-44800_701-80234.jpg,701/80266,c365060905dac61c,SWITCHBRAKELIGHT,REPLACED_GEMINI_AI,Replaced with Gemini regenerated asset,GEMINI_REGENERATED_STUDIO_ASSET,/images/products/701-80266-switchbrakelight.webp,800x800,41,Watermark completely eliminated; 1024x1024 studio asset deployed.
701-80295.jpg,N/A,N/A,N/A,IGNORED_NOT_ON_WEBSITE,Ignored completely per matching rule,N/A,N/A,N/A,N/A,Part Number does not exist in website catalog. Image discarded without processing.
701-80296.jpg,701/80296,b25b88bd3f348819,SWITCH FORWARD & REVERSE LEFT HAND HANDL,REPLACED_GEMINI_AI,Replaced with Gemini regenerated asset,GEMINI_REGENERATED_STUDIO_ASSET,/images/products/701-80296-switch-forward-reverse-left-hand-handl.webp,800x800,39,Watermark completely eliminated; 1024x1024 studio asset deployed.
701-80297.jpg,701/80297,09709098cbb8b022,COLUMN SWITCH RH,REPLACED_GEMINI_AI,Replaced with Gemini regenerated asset,GEMINI_REGENERATED_STUDIO_ASSET,/images/products/701-80297-column-switch-rh.webp,800x800,25,Watermark completely eliminated; 1024x1024 studio asset deployed.
701-80298.jpg,701/80298,435096ce448882e5,SWITCH FOR & REV,REPLACED_GEMINI_AI,Replaced with Gemini regenerated asset,GEMINI_REGENERATED_STUDIO_ASSET,/images/products/701-80298-switch-for-rev.webp,800x800,27,Watermark completely eliminated; 1024x1024 studio asset deployed.
701-80299.jpg,701/80299,1c6a26df4b53ff71,SWITCH FORWARD & REVERSE LT HAND HANDLE,REPLACED_GEMINI_AI,Replaced with Gemini regenerated asset,GEMINI_REGENERATED_STUDIO_ASSET,/images/products/701-80299-switch-forward-reverse-lt-hand-handle.webp,800x800,33,Watermark completely eliminated; 1024x1024 studio asset deployed.
701-80312.jpg,701/80312,af32127e4c8b04a0,PROXIMITY SWITCH,REPLACED_GEMINI_AI,Replaced with Gemini regenerated asset,GEMINI_REGENERATED_STUDIO_ASSET,/images/products/701-80312-proximity-switch.webp,800x800,31,Watermark completely eliminated; 1024x1024 studio asset deployed.
701-80317.jpg,701/80317,43dc55edaac463ed,Switch engine water temperature,REPLACED_GEMINI_AI,Replaced with Gemini regenerated asset,GEMINI_REGENERATED_STUDIO_ASSET,/images/products/701-80317-switch-engine-water-temperature.webp,800x800,41,Watermark completely eliminated; 1024x1024 studio asset deployed.
701-80320.jpg,N/A,N/A,N/A,IGNORED_NOT_ON_WEBSITE,Ignored completely per matching rule,N/A,N/A,N/A,N/A,Part Number does not exist in website catalog. Image discarded without processing.
701-80324.jpg,701/80324,0db84b154d8e483c,SWITCH oil temperature,REPLACED_GEMINI_AI,Replaced with Gemini regenerated asset,GEMINI_REGENERATED_STUDIO_ASSET,/images/products/701-80324-switch-oil-temperature.webp,800x800,32,Watermark completely eliminated; 1024x1024 studio asset deployed.
701-80327.jpg,701/80327,e9309d81aa7c022c,Engine Oil pressure switch,REPLACED_GEMINI_AI,Replaced with Gemini regenerated asset,GEMINI_REGENERATED_STUDIO_ASSET,/images/products/701-80327-engine-oil-pressure-switch.webp,800x800,36,Watermark completely eliminated; 1024x1024 studio asset deployed.
701-80416.jpg,701/80416,a7b63e8f07d512e5,SWITCH COVER -DECAL,REPLACED_GEMINI_AI,Replaced with Gemini regenerated asset,GEMINI_REGENERATED_STUDIO_ASSET,/images/products/701-80416-switch-cover-decal.webp,800x800,38,Watermark completely eliminated; 1024x1024 studio asset deployed.
701-80496.jpg,701/80496,24fbc17d05abdc9a,LHCOLUMNSWITCH,REPLACED_GEMINI_AI,Replaced with Gemini regenerated asset,GEMINI_REGENERATED_STUDIO_ASSET,/images/products/701-80496-lhcolumnswitch.webp,800x800,22,Watermark completely eliminated; 1024x1024 studio asset deployed.
701-80591.jpg,701/80591,ffbd52e1cb7d79e9,SWITCHOILPRESSURE,REPLACED_GEMINI_AI,Replaced with Gemini regenerated asset,GEMINI_REGENERATED_STUDIO_ASSET,/images/products/701-80591-switchoilpressure.webp,800x800,48,Watermark completely eliminated; 1024x1024 studio asset deployed.
701-80626.jpg,701/80626,c27cf30886e98cbb,SWITCH-TRANS.OILPR,REPLACED_GEMINI_AI,Replaced with Gemini regenerated asset,GEMINI_REGENERATED_STUDIO_ASSET,/images/products/701-80626-switch-transoilpr.webp,800x800,63,Watermark completely eliminated; 1024x1024 studio asset deployed.
704-10000.jpg,704/10000,fa566246c32ca8cb,BUZZER RELAY,REPLACED_GEMINI_AI,Replaced with Gemini regenerated asset,GEMINI_REGENERATED_STUDIO_ASSET,/images/products/704-10000-buzzer-relay.webp,800x800,42,Watermark completely eliminated; 1024x1024 studio asset deployed.
704-22500332-Y2740.jpg,N/A,N/A,N/A,IGNORED_NOT_ON_WEBSITE,Ignored completely per matching rule,N/A,N/A,N/A,N/A,Part Number does not exist in website catalog. Image discarded without processing.
704-31000.jpg,704/31000,cf9a9f7407c3cee4,GUAGEFUEL,REPLACED_GEMINI_AI,Replaced with Gemini regenerated asset,GEMINI_REGENERATED_STUDIO_ASSET,/images/products/704-31000-guagefuel.webp,800x800,47,Watermark completely eliminated; 1024x1024 studio asset deployed.
704-31100.jpg,704/31100,c29d889a0f55b041,GUAGETEMP.,REPLACED_GEMINI_AI,Replaced with Gemini regenerated asset,GEMINI_REGENERATED_STUDIO_ASSET,/images/products/704-31100-guagetemp.webp,800x800,40,Watermark completely eliminated; 1024x1024 studio asset deployed.
704-50097_704-D7231.jpg,704/D7231,8b1fb6f3b9693e86,SERVICETACHO/HOURMETER12v,REPLACED_GEMINI_AI,Replaced with Gemini regenerated asset,GEMINI_REGENERATED_STUDIO_ASSET,/images/products/704-d7231-servicetacho-hourmeter12v.webp,800x800,42,Watermark completely eliminated; 1024x1024 studio asset deployed.
704-50099.jpg,N/A,N/A,N/A,IGNORED_NOT_ON_WEBSITE,Ignored completely per matching rule,N/A,N/A,N/A,N/A,Part Number does not exist in website catalog. Image discarded without processing.
704-50117.jpg,704/50117,abf94444b008f1c9,GAUGE -FUEL,REPLACED_GEMINI_AI,Replaced with Gemini regenerated asset,GEMINI_REGENERATED_STUDIO_ASSET,/images/products/704-50117-gauge-fuel.webp,800x800,60,Watermark completely eliminated; 1024x1024 studio asset deployed.
71089M62S00-5PK.jpg,N/A,N/A,N/A,IGNORED_NOT_ON_WEBSITE,Ignored completely per matching rule,N/A,N/A,N/A,N/A,Part Number does not exist in website catalog. Image discarded without processing.
714-20600.jpg,714/20600,069b7149919c84a9,PUMP screen wash      12v,REPLACED_GEMINI_AI,Replaced with Gemini regenerated asset,GEMINI_REGENERATED_STUDIO_ASSET,/images/products/714-20600-pump-screen-wash-12v.webp,800x800,30,Watermark completely eliminated; 1024x1024 studio asset deployed.
714-40147.jpg,714/40147,f8418e207bd232e9,WIPER MOTOR front,REPLACED_GEMINI_AI,Replaced with Gemini regenerated asset,GEMINI_REGENERATED_STUDIO_ASSET,/images/products/714-40147-wiper-motor-front.webp,800x800,40,Watermark completely eliminated; 1024x1024 studio asset deployed.
714-40160.jpg,N/A,N/A,N/A,IGNORED_NOT_ON_WEBSITE,Ignored completely per matching rule,N/A,N/A,N/A,N/A,Part Number does not exist in website catalog. Image discarded without processing.
716-09500.jpg,716/09500,9d6ba91ff5e885a8,RELAY,REPLACED_GEMINI_AI,Replaced with Gemini regenerated asset,GEMINI_REGENERATED_STUDIO_ASSET,/images/products/716-09500-relay.webp,800x800,28,Watermark completely eliminated; 1024x1024 studio asset deployed.
716-09800.jpg,716/09800,4fc910918235e5f6,Relay Green,REPLACED_GEMINI_AI,Replaced with Gemini regenerated asset,GEMINI_REGENERATED_STUDIO_ASSET,/images/products/716-09800-relay-green.webp,800x800,43,Watermark completely eliminated; 1024x1024 studio asset deployed.
716-24200.jpg,716/24200,382646ac59010f34,SENSORWATERTEMP,REPLACED_GEMINI_AI,Replaced with Gemini regenerated asset,GEMINI_REGENERATED_STUDIO_ASSET,/images/products/716-24200-sensorwatertemp.webp,800x800,35,Watermark completely eliminated; 1024x1024 studio asset deployed.
716-30126.jpg,716/30126,2948009b7f6bbdff,SENSOR water temperature,REPLACED_GEMINI_AI,Replaced with Gemini regenerated asset,GEMINI_REGENERATED_STUDIO_ASSET,/images/products/716-30126-sensor-water-temperature.webp,800x800,23,Watermark completely eliminated; 1024x1024 studio asset deployed.
716-30255_716-30098.jpg,716/30255,6119826231b73d50,SOLENOID ESOS,REPLACED_GEMINI_AI,Replaced with Gemini regenerated asset,GEMINI_REGENERATED_STUDIO_ASSET,/images/products/716-30255-solenoid-esos.webp,800x800,42,Watermark completely eliminated; 1024x1024 studio asset deployed.
717-00100.jpg,717/00100,9e0933e8c513e3c4,THERMOSTART-CAV,REPLACED_GEMINI_AI,Replaced with Gemini regenerated asset,GEMINI_REGENERATED_STUDIO_ASSET,/images/products/717-00100-thermostart-cav.webp,800x800,30,Watermark completely eliminated; 1024x1024 studio asset deployed.
717-11040.jpg,717/11040,a23c14bd867ca59d,FUSE40AMP,REPLACED_GEMINI_AI,Replaced with Gemini regenerated asset,GEMINI_REGENERATED_STUDIO_ASSET,/images/products/717-11040-fuse40amp.webp,800x800,47,Watermark completely eliminated; 1024x1024 studio asset deployed.
717-11060.jpg,717/11060,3531d8017eb32b42,FUSE 60 AMP,REPLACED_GEMINI_AI,Replaced with Gemini regenerated asset,GEMINI_REGENERATED_STUDIO_ASSET,/images/products/717-11060-fuse-60-amp.webp,800x800,27,Watermark completely eliminated; 1024x1024 studio asset deployed.
717-20142.jpg,N/A,N/A,N/A,IGNORED_NOT_ON_WEBSITE,Ignored completely per matching rule,N/A,N/A,N/A,N/A,Part Number does not exist in website catalog. Image discarded without processing.
71711M62S00-5PK.jpg,N/A,N/A,N/A,IGNORED_NOT_ON_WEBSITE,Ignored completely per matching rule,N/A,N/A,N/A,N/A,Part Number does not exist in website catalog. Image discarded without processing.
71712M62S00-5PK.jpg,N/A,N/A,N/A,IGNORED_NOT_ON_WEBSITE,Ignored completely per matching rule,N/A,N/A,N/A,N/A,Part Number does not exist in website catalog. Image discarded without processing.
71721M62S00-5PK.jpg,N/A,N/A,N/A,IGNORED_NOT_ON_WEBSITE,Ignored completely per matching rule,N/A,N/A,N/A,N/A,Part Number does not exist in website catalog. Image discarded without processing.
71731M62S00.jpg,N/A,N/A,N/A,IGNORED_NOT_ON_WEBSITE,Ignored completely per matching rule,N/A,N/A,N/A,N/A,Part Number does not exist in website catalog. Image discarded without processing.
71732M62S00.jpg,N/A,N/A,N/A,IGNORED_NOT_ON_WEBSITE,Ignored completely per matching rule,N/A,N/A,N/A,N/A,Part Number does not exist in website catalog. Image discarded without processing.
71821M62S00-5PK.jpg,N/A,N/A,N/A,IGNORED_NOT_ON_WEBSITE,Ignored completely per matching rule,N/A,N/A,N/A,N/A,Part Number does not exist in website catalog. Image discarded without processing.
71822M62S00-5PK.jpg,N/A,N/A,N/A,IGNORED_NOT_ON_WEBSITE,Ignored completely per matching rule,N/A,N/A,N/A,N/A,Part Number does not exist in website catalog. Image discarded without processing.
71831M62S00.jpg,N/A,N/A,N/A,IGNORED_NOT_ON_WEBSITE,Ignored completely per matching rule,N/A,N/A,N/A,N/A,Part Number does not exist in website catalog. Image discarded without processing.
71832M62S00.jpg,N/A,N/A,N/A,IGNORED_NOT_ON_WEBSITE,Ignored completely per matching rule,N/A,N/A,N/A,N/A,Part Number does not exist in website catalog. Image discarded without processing.
72321M62S00.jpg,N/A,N/A,N/A,IGNORED_NOT_ON_WEBSITE,Ignored completely per matching rule,N/A,N/A,N/A,N/A,Part Number does not exist in website catalog. Image discarded without processing.
72322M62S00.jpg,N/A,N/A,N/A,IGNORED_NOT_ON_WEBSITE,Ignored completely per matching rule,N/A,N/A,N/A,N/A,Part Number does not exist in website catalog. Image discarded without processing.
77811M54GC0-0PG.jpg,N/A,N/A,N/A,IGNORED_NOT_ON_WEBSITE,Ignored completely per matching rule,N/A,N/A,N/A,N/A,Part Number does not exist in website catalog. Image discarded without processing.
808-00172.jpg,808/00172,7b45fc70e40990cd,LINER BEARING,REPLACED_GEMINI_AI,Replaced with Gemini regenerated asset,GEMINI_REGENERATED_STUDIO_ASSET,/images/products/808-00172-liner-bearing.webp,800x800,51,Watermark completely eliminated; 1024x1024 studio asset deployed.
808-00173.jpg,808/00173,493e8ed84655c034,REWM3X10g12.9,REPLACED_GEMINI_AI,Replaced with Gemini regenerated asset,GEMINI_REGENERATED_STUDIO_ASSET,/images/products/808-00173-rewm3x10g129.webp,800x800,51,Watermark completely eliminated; 1024x1024 studio asset deployed.
808-00176.jpg,808/00176,456a59a46a58fe11,BUSH,REPLACED_GEMINI_AI,Replaced with Gemini regenerated asset,GEMINI_REGENERATED_STUDIO_ASSET,/images/products/808-00176-bush.webp,800x800,61,Watermark completely eliminated; 1024x1024 studio asset deployed.
808-00179.jpg,808/00179,8e66db74caabbbad,BOOMPIVOTBUSH,REPLACED_GEMINI_AI,Replaced with Gemini regenerated asset,GEMINI_REGENERATED_STUDIO_ASSET,/images/products/808-00179-boompivotbush.webp,800x800,44,Watermark completely eliminated; 1024x1024 studio asset deployed.
808-00186.jpg,808/00186,ef384fde9132a78e,BUSH,REPLACED_GEMINI_AI,Replaced with Gemini regenerated asset,GEMINI_REGENERATED_STUDIO_ASSET,/images/products/808-00186-bush.webp,800x800,36,Watermark completely eliminated; 1024x1024 studio asset deployed.
808-00201.jpg,808/00201,3a3b8c908d2e03a1,MIDDLEBUSH,REPLACED_GEMINI_AI,Replaced with Gemini regenerated asset,GEMINI_REGENERATED_STUDIO_ASSET,/images/products/808-00201-middlebush.webp,800x800,44,Watermark completely eliminated; 1024x1024 studio asset deployed.
808-00207.jpg,808/00207,4ad834ad8dfeebc7,THRUST WASHER,REPLACED_GEMINI_AI,Replaced with Gemini regenerated asset,GEMINI_REGENERATED_STUDIO_ASSET,/images/products/808-00207-thrust-washer.webp,800x800,26,Watermark completely eliminated; 1024x1024 studio asset deployed.
808-00209_808-00210.jpg,808/00209,ddf6a254a95bd6ba,SIDE GEAR WASHER,REPLACED_GEMINI_AI,Replaced with Gemini regenerated asset,GEMINI_REGENERATED_STUDIO_ASSET,/images/products/808-00209-side-gear-washer.webp,800x800,63,Watermark completely eliminated; 1024x1024 studio asset deployed.
808-00210.jpg,808/00210,1e14b0389bcff2eb,SPHERICAL WASHER,REPLACED_GEMINI_AI,Replaced with Gemini regenerated asset,GEMINI_REGENERATED_STUDIO_ASSET,/images/products/808-00210-spherical-washer.webp,800x800,88,Watermark completely eliminated; 1024x1024 studio asset deployed.
808-00214.jpg,808/00214,47e773b0fdac95c3,BUSH,REPLACED_GEMINI_AI,Replaced with Gemini regenerated asset,GEMINI_REGENERATED_STUDIO_ASSET,/images/products/808-00214-bush.webp,800x800,41,Watermark completely eliminated; 1024x1024 studio asset deployed.
808-00216.jpg,808/00216,50cd16a1125820a3,BUSH,REPLACED_GEMINI_AI,Replaced with Gemini regenerated asset,GEMINI_REGENERATED_STUDIO_ASSET,/images/products/808-00216-bush.webp,800x800,51,Watermark completely eliminated; 1024x1024 studio asset deployed.
808-00224_808-00261.jpg,808/00261,461f44707a24a12b,TOPBUSH,REPLACED_GEMINI_AI,Replaced with Gemini regenerated asset,GEMINI_REGENERATED_STUDIO_ASSET,/images/products/808-00261-topbush.webp,800x800,43,Watermark completely eliminated; 1024x1024 studio asset deployed.
808-00226.jpg,808/00226,23066e99a5a1eacd,BUSH,REPLACED_GEMINI_AI,Replaced with Gemini regenerated asset,GEMINI_REGENERATED_STUDIO_ASSET,/images/products/808-00226-bush.webp,800x800,39,Watermark completely eliminated; 1024x1024 studio asset deployed.
808-00227.jpg,808/00227,aa6f7dbe427fb270,BUSH,REPLACED_GEMINI_AI,Replaced with Gemini regenerated asset,GEMINI_REGENERATED_STUDIO_ASSET,/images/products/808-00227-bush.webp,800x800,40,Watermark completely eliminated; 1024x1024 studio asset deployed.
808-00229_808-00022_808-00157.jpg,808/00229,db1e6d6056a339d8,BUSH,REPLACED_GEMINI_AI,Replaced with Gemini regenerated asset,GEMINI_REGENERATED_STUDIO_ASSET,/images/products/808-00229-bush.webp,800x800,33,Watermark completely eliminated; 1024x1024 studio asset deployed.
808-00237.jpg,808/00237,de58f9d0674d3a6b,BUSH,REPLACED_GEMINI_AI,Replaced with Gemini regenerated asset,GEMINI_REGENERATED_STUDIO_ASSET,/images/products/808-00237-bush.webp,800x800,38,Watermark completely eliminated; 1024x1024 studio asset deployed.
808-00241.jpg,808/00241,bff78cfe48de85df,BOTTOMBUSH,REPLACED_GEMINI_AI,Replaced with Gemini regenerated asset,GEMINI_REGENERATED_STUDIO_ASSET,/images/products/808-00241-bottombush.webp,800x800,55,Watermark completely eliminated; 1024x1024 studio asset deployed.
808-00244.jpg,N/A,N/A,N/A,IGNORED_NOT_ON_WEBSITE,Ignored completely per matching rule,N/A,N/A,N/A,N/A,Part Number does not exist in website catalog. Image discarded without processing.
808-00246.jpg,808/00246,e06cb7a403c93a7a,BUSH,REPLACED_GEMINI_AI,Replaced with Gemini regenerated asset,GEMINI_REGENERATED_STUDIO_ASSET,/images/products/808-00246-bush.webp,800x800,35,Watermark completely eliminated; 1024x1024 studio asset deployed.
808-00248.jpg,808/00248,7408f9ca853e979f,LINERBEARING,REPLACED_GEMINI_AI,Replaced with Gemini regenerated asset,GEMINI_REGENERATED_STUDIO_ASSET,/images/products/808-00248-linerbearing.webp,800x800,59,Watermark completely eliminated; 1024x1024 studio asset deployed.
808-00253.jpg,808/00253,c9940a7471880b61,LINER BEARING,REPLACED_GEMINI_AI,Replaced with Gemini regenerated asset,GEMINI_REGENERATED_STUDIO_ASSET,/images/products/808-00253-liner-bearing.webp,800x800,37,Watermark completely eliminated; 1024x1024 studio asset deployed.
808-00258.jpg,N/A,N/A,N/A,IGNORED_NOT_ON_WEBSITE,Ignored completely per matching rule,N/A,N/A,N/A,N/A,Part Number does not exist in website catalog. Image discarded without processing.
808-00296.jpg,808/00296,6a857c666c0a669b,LINER BEARING,REPLACED_GEMINI_AI,Replaced with Gemini regenerated asset,GEMINI_REGENERATED_STUDIO_ASSET,/images/products/808-00296-liner-bearing.webp,800x800,31,Watermark completely eliminated; 1024x1024 studio asset deployed.
808-00297.jpg,808/00297,48983ef2e042c9c0,BUSH,REPLACED_GEMINI_AI,Replaced with Gemini regenerated asset,GEMINI_REGENERATED_STUDIO_ASSET,/images/products/808-00297-bush.webp,800x800,43,Watermark completely eliminated; 1024x1024 studio asset deployed.
808-00302.jpg,808/00302,ce0be7888664b52a,LINERBEARING,REPLACED_GEMINI_AI,Replaced with Gemini regenerated asset,GEMINI_REGENERATED_STUDIO_ASSET,/images/products/808-00302-linerbearing.webp,800x800,36,Watermark completely eliminated; 1024x1024 studio asset deployed.
808-00303.jpg,808/00303,cf39bc4afecc50db,BEARING(DOZER),REPLACED_GEMINI_AI,Replaced with Gemini regenerated asset,GEMINI_REGENERATED_STUDIO_ASSET,/images/products/808-00303-bearing-dozer.webp,800x800,36,Watermark completely eliminated; 1024x1024 studio asset deployed.
808-00304.jpg,808/00304,16d6ce646c64540e,LINERBEARING,SOURCE_PLACEHOLDER_OMITTED,"Source photo is a generic ""IMAGE COMING SOON"" graphic; omitted from AI generation to prevent fabricating product features",SUPPLIER_PLACEHOLDER_GRAPHIC,/images/products/808-00304-linerbearing.webp,400x400,14,Source image contains no actual product photo. Requires authentic photo from supplier.
808-00352.jpg,808/00352,df6ffd212da316c5,BUSH,REPLACED_GEMINI_AI,Replaced with Gemini regenerated asset,GEMINI_REGENERATED_STUDIO_ASSET,/images/products/808-00352-bush.webp,800x800,44,Watermark completely eliminated; 1024x1024 studio asset deployed.
808-00361.jpg,N/A,N/A,N/A,IGNORED_NOT_ON_WEBSITE,Ignored completely per matching rule,N/A,N/A,N/A,N/A,Part Number does not exist in website catalog. Image discarded without processing.
808-00364.jpg,808/00364,6bdbb025fe645295,LINERBEARNG,REPLACED_GEMINI_AI,Replaced with Gemini regenerated asset,GEMINI_REGENERATED_STUDIO_ASSET,/images/products/808-00364-linerbearng.webp,800x800,47,Watermark completely eliminated; 1024x1024 studio asset deployed.
808-00385_332-G0941.jpg,808/00385,52cbba4e07d086a4,BUSH,REPLACED_GEMINI_AI,Replaced with Gemini regenerated asset,GEMINI_REGENERATED_STUDIO_ASSET,/images/products/808-00385-bush.webp,800x800,53,Watermark completely eliminated; 1024x1024 studio asset deployed.
808-00388_332-G0942.jpg,808/00388,35f61be34ba189c2,BUSH,REPLACED_GEMINI_AI,Replaced with Gemini regenerated asset,GEMINI_REGENERATED_STUDIO_ASSET,/images/products/808-00388-bush.webp,800x800,42,Watermark completely eliminated; 1024x1024 studio asset deployed.
808-00396_332-G0719_831-10211.jpg,332/G0719,af18b28257daba51,LINER BEARING 70x84x57,REPLACED_GEMINI_AI,Replaced with Gemini regenerated asset,GEMINI_REGENERATED_STUDIO_ASSET,/images/products/332-g0719-liner-bearing-70x84x57.webp,800x800,49,Watermark completely eliminated; 1024x1024 studio asset deployed.
809-00081.jpg,809/00081,401cdd2ce47ea895,LINER RING,REPLACED_GEMINI_AI,Replaced with Gemini regenerated asset,GEMINI_REGENERATED_STUDIO_ASSET,/images/products/809-00081-liner-ring.webp,800x800,23,Watermark completely eliminated; 1024x1024 studio asset deployed.
809-00090.jpg,809/00090,339043210c8b1dc8,LINER BEARING,REPLACED_GEMINI_AI,Replaced with Gemini regenerated asset,GEMINI_REGENERATED_STUDIO_ASSET,/images/products/809-00090-liner-bearing.webp,800x800,45,Watermark completely eliminated; 1024x1024 studio asset deployed.
809-00093.jpg,809/00093,c4957be2195ecf94,LINERBEARING,REPLACED_GEMINI_AI,Replaced with Gemini regenerated asset,GEMINI_REGENERATED_STUDIO_ASSET,/images/products/809-00093-linerbearing.webp,800x800,33,Watermark completely eliminated; 1024x1024 studio asset deployed.
809-00108.jpg,809/00108,689afa7bf656dcd8,BUSH,REPLACED_GEMINI_AI,Replaced with Gemini regenerated asset,GEMINI_REGENERATED_STUDIO_ASSET,/images/products/809-00108-bush.webp,800x800,44,Watermark completely eliminated; 1024x1024 studio asset deployed.
809-00125.jpg,809/00125,40ebc562ed4f2ec3,BEARING 45-55-42,REPLACED_GEMINI_AI,Replaced with Gemini regenerated asset,GEMINI_REGENERATED_STUDIO_ASSET,/images/products/809-00125-bearing-45-55-42.webp,800x800,35,Watermark completely eliminated; 1024x1024 studio asset deployed.
809-00126.jpg,809/00126,e981a040d3eba0f3,Bearing 50-60-40,REPLACED_GEMINI_AI,Replaced with Gemini regenerated asset,GEMINI_REGENERATED_STUDIO_ASSET,/images/products/809-00126-bearing-50-60-40.webp,800x800,41,Watermark completely eliminated; 1024x1024 studio asset deployed.
809-00127_808-00360.jpg,809/00127,dbbee0b5746b4f58,BEARING 50-60-30,REPLACED_GEMINI_AI,Replaced with Gemini regenerated asset,GEMINI_REGENERATED_STUDIO_ASSET,/images/products/809-00127-bearing-50-60-30.webp,800x800,44,Watermark completely eliminated; 1024x1024 studio asset deployed.
809-00128_808-00359.jpg,809/00128,5788098a73a45e47,BEARING 45-55-28,REPLACED_GEMINI_AI,Replaced with Gemini regenerated asset,GEMINI_REGENERATED_STUDIO_ASSET,/images/products/809-00128-bearing-45-55-28.webp,800x800,31,Watermark completely eliminated; 1024x1024 studio asset deployed.
809-00129.jpg,N/A,N/A,N/A,IGNORED_NOT_ON_WEBSITE,Ignored completely per matching rule,N/A,N/A,N/A,N/A,Part Number does not exist in website catalog. Image discarded without processing.
809-00130.jpg,809/00130,9aca25b5ba4a61a7,LINER BEARING,REPLACED_GEMINI_AI,Replaced with Gemini regenerated asset,GEMINI_REGENERATED_STUDIO_ASSET,/images/products/809-00130-liner-bearing.webp,800x800,51,Watermark completely eliminated; 1024x1024 studio asset deployed.
809-00131.jpg,N/A,N/A,N/A,IGNORED_NOT_ON_WEBSITE,Ignored completely per matching rule,N/A,N/A,N/A,N/A,Part Number does not exist in website catalog. Image discarded without processing.
809-00133.jpg,N/A,N/A,N/A,IGNORED_NOT_ON_WEBSITE,Ignored completely per matching rule,N/A,N/A,N/A,N/A,Part Number does not exist in website catalog. Image discarded without processing.
809-00137_550-40982.jpg,550/40982,3ffe6f20041a3cb9,BUSH(SLEW CYL),REPLACED_GEMINI_AI,Replaced with Gemini regenerated asset,GEMINI_REGENERATED_STUDIO_ASSET,/images/products/550-40982-bush-slew-cyl.webp,800x800,55,Watermark completely eliminated; 1024x1024 studio asset deployed.
809-00176.jpg,809/00176,be8ee77cc9e16a1d,LINER BEARING,REPLACED_GEMINI_AI,Replaced with Gemini regenerated asset,GEMINI_REGENERATED_STUDIO_ASSET,/images/products/809-00176-liner-bearing.webp,800x800,40,Watermark completely eliminated; 1024x1024 studio asset deployed.
809-00177.jpg,N/A,N/A,N/A,IGNORED_NOT_ON_WEBSITE,Ignored completely per matching rule,N/A,N/A,N/A,N/A,Part Number does not exist in website catalog. Image discarded without processing.
809-00179.jpg,809/00179,b47538d7c9de4331,Bearing60x70x90,REPLACED_GEMINI_AI,Replaced with Gemini regenerated asset,GEMINI_REGENERATED_STUDIO_ASSET,/images/products/809-00179-bearing60x70x90.webp,800x800,27,Watermark completely eliminated; 1024x1024 studio asset deployed.
809-00187.jpg,N/A,N/A,N/A,IGNORED_NOT_ON_WEBSITE,Ignored completely per matching rule,N/A,N/A,N/A,N/A,Part Number does not exist in website catalog. Image discarded without processing.
809-00192.jpg,809/00192,df092cbb3c13df1c,LINER BEARING,REPLACED_GEMINI_AI,Replaced with Gemini regenerated asset,GEMINI_REGENERATED_STUDIO_ASSET,/images/products/809-00192-liner-bearing.webp,800x800,35,Watermark completely eliminated; 1024x1024 studio asset deployed.
809-10030.jpg,809/10030,1115f004c15e8720,SPRING BUSH,REPLACED_GEMINI_AI,Replaced with Gemini regenerated asset,GEMINI_REGENERATED_STUDIO_ASSET,/images/products/809-10030-spring-bush.webp,800x800,27,Watermark completely eliminated; 1024x1024 studio asset deployed.
811-10011.jpg,811/10011,0fb85e381c34388f,PIVOT PIN,REPLACED_GEMINI_AI,Replaced with Gemini regenerated asset,GEMINI_REGENERATED_STUDIO_ASSET,/images/products/811-10011-pivot-pin.webp,800x800,10,Watermark completely eliminated; 1024x1024 studio asset deployed.
811-10059.jpg,811/10059,553c5b9479267771,PIVOT PIN,REPLACED_GEMINI_AI,Replaced with Gemini regenerated asset,GEMINI_REGENERATED_STUDIO_ASSET,/images/products/811-10059-pivot-pin.webp,800x800,14,Watermark completely eliminated; 1024x1024 studio asset deployed.
811-10061.jpg,811/10061,18fe6feac652c24a,PIVOTPIN,SOURCE_PLACEHOLDER_OMITTED,"Source photo is a generic ""IMAGE COMING SOON"" graphic; omitted from AI generation to prevent fabricating product features",SUPPLIER_PLACEHOLDER_GRAPHIC,/images/products/811-10061-pivotpin.webp,400x400,14,Source image contains no actual product photo. Requires authentic photo from supplier.
811-10066.jpg,811/10066,70d38faa2d1a0fca,PIVOTPIN,REPLACED_GEMINI_AI,Replaced with Gemini regenerated asset,GEMINI_REGENERATED_STUDIO_ASSET,/images/products/811-10066-pivotpin.webp,800x800,13,Watermark completely eliminated; 1024x1024 studio asset deployed.
811-10088.jpg,N/A,N/A,N/A,IGNORED_NOT_ON_WEBSITE,Ignored completely per matching rule,N/A,N/A,N/A,N/A,Part Number does not exist in website catalog. Image discarded without processing.
811-10089.jpg,N/A,N/A,N/A,IGNORED_NOT_ON_WEBSITE,Ignored completely per matching rule,N/A,N/A,N/A,N/A,Part Number does not exist in website catalog. Image discarded without processing.
811-10091.jpg,811/10091,996836d82191c778,PIVOT PIN,REPLACED_GEMINI_AI,Replaced with Gemini regenerated asset,GEMINI_REGENERATED_STUDIO_ASSET,/images/products/811-10091-pivot-pin.webp,800x800,15,Watermark completely eliminated; 1024x1024 studio asset deployed.
811-20005.jpg,811/20005,17ea333d730856ac,PIVOTPIN,SOURCE_PLACEHOLDER_OMITTED,"Source photo is a generic ""IMAGE COMING SOON"" graphic; omitted from AI generation to prevent fabricating product features",SUPPLIER_PLACEHOLDER_GRAPHIC,/images/products/811-20005-pivotpin.webp,400x400,14,Source image contains no actual product photo. Requires authentic photo from supplier.
811-20043.jpg,811/20043,1296d74e5c33dcf7,PIVOT PIN (S)  1 C_SB,REPLACED_GEMINI_AI,Replaced with Gemini regenerated asset,GEMINI_REGENERATED_STUDIO_ASSET,/images/products/811-20043-pivot-pin-s-1-c-sb.webp,800x800,16,Watermark completely eliminated; 1024x1024 studio asset deployed.
811-20053.jpg,811/20053,dee647ff0cbcf3ed,PIVOTPIN,REPLACED_GEMINI_AI,Replaced with Gemini regenerated asset,GEMINI_REGENERATED_STUDIO_ASSET,/images/products/811-20053-pivotpin.webp,800x800,24,Watermark completely eliminated; 1024x1024 studio asset deployed.
811-20061.jpg,811/20061,2a1dc9cf2bf93e06,pivot pin,REPLACED_GEMINI_AI,Replaced with Gemini regenerated asset,GEMINI_REGENERATED_STUDIO_ASSET,/images/products/811-20061-pivot-pin.webp,800x800,10,Watermark completely eliminated; 1024x1024 studio asset deployed.
811-30048.jpg,811/30048,5cabf1d6df176a24,PIVOT PIN,REPLACED_GEMINI_AI,Replaced with Gemini regenerated asset,GEMINI_REGENERATED_STUDIO_ASSET,/images/products/811-30048-pivot-pin.webp,800x800,26,Watermark completely eliminated; 1024x1024 studio asset deployed.
811-50007.jpg,N/A,N/A,N/A,IGNORED_NOT_ON_WEBSITE,Ignored completely per matching rule,N/A,N/A,N/A,N/A,Part Number does not exist in website catalog. Image discarded without processing.
811-50167.jpg,811/50167,00b813d17e9918b1,PIVOTPIN,REPLACED_GEMINI_AI,Replaced with Gemini regenerated asset,GEMINI_REGENERATED_STUDIO_ASSET,/images/products/811-50167-pivotpin.webp,800x800,20,Watermark completely eliminated; 1024x1024 studio asset deployed.
811-50267.jpg,811/50267,6639e73242d6b436,PIVOT PINS - 31.75MM NOMI _SB,REPLACED_GEMINI_AI,Replaced with Gemini regenerated asset,GEMINI_REGENERATED_STUDIO_ASSET,/images/products/811-50267-pivot-pins-3175mm-nomi-sb.webp,800x800,22,Watermark completely eliminated; 1024x1024 studio asset deployed.
811-50272.jpg,N/A,N/A,N/A,IGNORED_NOT_ON_WEBSITE,Ignored completely per matching rule,N/A,N/A,N/A,N/A,Part Number does not exist in website catalog. Image discarded without processing.
811-50277.jpg,N/A,N/A,N/A,IGNORED_NOT_ON_WEBSITE,Ignored completely per matching rule,N/A,N/A,N/A,N/A,Part Number does not exist in website catalog. Image discarded without processing.
811-50365.jpg,811/50365,4ea4c1e3ed6ea373,PIVOT PIN,REPLACED_GEMINI_AI,Replaced with Gemini regenerated asset,GEMINI_REGENERATED_STUDIO_ASSET,/images/products/811-50365-pivot-pin.webp,800x800,27,Watermark completely eliminated; 1024x1024 studio asset deployed.
811-50367_811-50375.jpg,811/50367,786f67f33727626e,PIVOTPIN,REPLACED_GEMINI_AI,Replaced with Gemini regenerated asset,GEMINI_REGENERATED_STUDIO_ASSET,/images/products/811-50367-pivotpin.webp,800x800,12,Watermark completely eliminated; 1024x1024 studio asset deployed.
811-50368.jpg,811/50368,ee64831c12d2d6a3,PIVOTPIN,REPLACED_GEMINI_AI,Replaced with Gemini regenerated asset,GEMINI_REGENERATED_STUDIO_ASSET,/images/products/811-50368-pivotpin.webp,800x800,18,Watermark completely eliminated; 1024x1024 studio asset deployed.
811-50369.jpg,811/50369,d105745ef2ce00a8,pivot pin,REPLACED_GEMINI_AI,Replaced with Gemini regenerated asset,GEMINI_REGENERATED_STUDIO_ASSET,/images/products/811-50369-pivot-pin.webp,800x800,18,Watermark completely eliminated; 1024x1024 studio asset deployed.
811-50371.jpg,811/50371,91a139f1ed259047,PIVOTPIN,REPLACED_GEMINI_AI,Replaced with Gemini regenerated asset,GEMINI_REGENERATED_STUDIO_ASSET,/images/products/811-50371-pivotpin.webp,800x800,26,Watermark completely eliminated; 1024x1024 studio asset deployed.
811-50372.jpg,811/50372,0306787ced4367d1,PIVOT PIN 59.95/59.87x350,REPLACED_GEMINI_AI,Replaced with Gemini regenerated asset,GEMINI_REGENERATED_STUDIO_ASSET,/images/products/811-50372-pivot-pin-5995-5987x350.webp,800x800,36,Watermark completely eliminated; 1024x1024 studio asset deployed.
811-50398_811-90478.jpg,811/50398,2d5c50c31a53de91,PIVOT PIN,REPLACED_GEMINI_AI,Replaced with Gemini regenerated asset,GEMINI_REGENERATED_STUDIO_ASSET,/images/products/811-50398-pivot-pin.webp,800x800,23,Watermark completely eliminated; 1024x1024 studio asset deployed.
811-50400.jpg,N/A,N/A,N/A,IGNORED_NOT_ON_WEBSITE,Ignored completely per matching rule,N/A,N/A,N/A,N/A,Part Number does not exist in website catalog. Image discarded without processing.
811-50436.jpg,811/50436,ef188d9f49bc56fb,PINPIVOT,SOURCE_PLACEHOLDER_OMITTED,"Source photo is a generic ""IMAGE COMING SOON"" graphic; omitted from AI generation to prevent fabricating product features",SUPPLIER_PLACEHOLDER_GRAPHIC,/images/products/811-50436-pinpivot.webp,400x400,14,Source image contains no actual product photo. Requires authentic photo from supplier.
811-50437.jpg,811/50437,74e8c1d85c667c24,PIVOT PIN 50X266MM,REPLACED_GEMINI_AI,Replaced with Gemini regenerated asset,GEMINI_REGENERATED_STUDIO_ASSET,/images/products/811-50437-pivot-pin-50x266mm.webp,800x800,21,Watermark completely eliminated; 1024x1024 studio asset deployed.
811-50482.jpg,N/A,N/A,N/A,IGNORED_NOT_ON_WEBSITE,Ignored completely per matching rule,N/A,N/A,N/A,N/A,Part Number does not exist in website catalog. Image discarded without processing.
811-50483.jpg,811/50483,9be34f0afb210052,PIVOT PIN 50X250MM,REPLACED_GEMINI_AI,Replaced with Gemini regenerated asset,GEMINI_REGENERATED_STUDIO_ASSET,/images/products/811-50483-pivot-pin-50x250mm.webp,800x800,21,Watermark completely eliminated; 1024x1024 studio asset deployed.
811-50520.jpg,811/50520,8a40421b3f13e3f7,PIVOT PIN 50X275MM,REPLACED_GEMINI_AI,Replaced with Gemini regenerated asset,GEMINI_REGENERATED_STUDIO_ASSET,/images/products/811-50520-pivot-pin-50x275mm.webp,800x800,13,Watermark completely eliminated; 1024x1024 studio asset deployed.
811-50530_811-90590.jpg,811/50530,61d5ed83df604abf,PIVOT PIN,REPLACED_GEMINI_AI,Replaced with Gemini regenerated asset,GEMINI_REGENERATED_STUDIO_ASSET,/images/products/811-50530-pivot-pin.webp,800x800,21,Watermark completely eliminated; 1024x1024 studio asset deployed.
811-50569.jpg,811/50569,6a76e9af6c80fe17,PIVOT PIN 60X322MM,SOURCE_PLACEHOLDER_OMITTED,"Source photo is a generic ""IMAGE COMING SOON"" graphic; omitted from AI generation to prevent fabricating product features",SUPPLIER_PLACEHOLDER_GRAPHIC,/images/products/811-50569-pivot-pin-60x322mm.webp,400x400,14,Source image contains no actual product photo. Requires authentic photo from supplier.
811-70001_811-90471.jpg,811/70001,c71572b606959ac8,PIVOTPIN,REPLACED_GEMINI_AI,Replaced with Gemini regenerated asset,GEMINI_REGENERATED_STUDIO_ASSET,/images/products/811-70001-pivotpin.webp,800x800,34,Watermark completely eliminated; 1024x1024 studio asset deployed.
811-70003_811-90472.jpg,811/70003,d1ff2c67c0055036,PIVOTPIN-CENTER,REPLACED_GEMINI_AI,Replaced with Gemini regenerated asset,GEMINI_REGENERATED_STUDIO_ASSET,/images/products/811-70003-pivotpin-center.webp,800x800,34,Watermark completely eliminated; 1024x1024 studio asset deployed.
811-70005_811-70072.jpg,N/A,N/A,N/A,IGNORED_NOT_ON_WEBSITE,Ignored completely per matching rule,N/A,N/A,N/A,N/A,Part Number does not exist in website catalog. Image discarded without processing.
811-70018.jpg,811/70018,17cc96d07e13c66a,PIVOT PIN,REPLACED_GEMINI_AI,Replaced with Gemini regenerated asset,GEMINI_REGENERATED_STUDIO_ASSET,/images/products/811-70018-pivot-pin.webp,800x800,15,Watermark completely eliminated; 1024x1024 studio asset deployed.
811-70071.jpg,N/A,N/A,N/A,IGNORED_NOT_ON_WEBSITE,Ignored completely per matching rule,N/A,N/A,N/A,N/A,Part Number does not exist in website catalog. Image discarded without processing.
811-70078.jpg,N/A,N/A,N/A,IGNORED_NOT_ON_WEBSITE,Ignored completely per matching rule,N/A,N/A,N/A,N/A,Part Number does not exist in website catalog. Image discarded without processing.
811-70080_811-90585.jpg,811/70080,b9fdad4063468a9e,PIVOT PIN,REPLACED_GEMINI_AI,Replaced with Gemini regenerated asset,GEMINI_REGENERATED_STUDIO_ASSET,/images/products/811-70080-pivot-pin.webp,800x800,14,Watermark completely eliminated; 1024x1024 studio asset deployed.
811-70098.jpg,811/70098,af85c764cf384fdb,PIVOTPIN60X440MM,REPLACED_GEMINI_AI,Replaced with Gemini regenerated asset,GEMINI_REGENERATED_STUDIO_ASSET,/images/products/811-70098-pivotpin60x440mm.webp,800x800,21,Watermark completely eliminated; 1024x1024 studio asset deployed.
811-70108_811-90587.jpg,811/90587,bb607c793551540d,PIVOT PIN -44.92/44.82 x 208,REPLACED_GEMINI_AI,Replaced with Gemini regenerated asset,GEMINI_REGENERATED_STUDIO_ASSET,/images/products/811-90587-pivot-pin-4492-4482-x-208.webp,800x800,22,Watermark completely eliminated; 1024x1024 studio asset deployed.
811-80001_811-90483.jpg,811/80001,ecf65fc28457582d,PIVOTPIN,REPLACED_GEMINI_AI,Replaced with Gemini regenerated asset,GEMINI_REGENERATED_STUDIO_ASSET,/images/products/811-80001-pivotpin.webp,800x800,14,Watermark completely eliminated; 1024x1024 studio asset deployed.
811-80008_1019-2030.jpg,811/80008,f90f775582f44e4e,PIVOTPIN,SOURCE_PLACEHOLDER_OMITTED,"Source photo is a generic ""IMAGE COMING SOON"" graphic; omitted from AI generation to prevent fabricating product features",SUPPLIER_PLACEHOLDER_GRAPHIC,/images/products/811-80008-pivotpin.webp,400x400,14,Source image contains no actual product photo. Requires authentic photo from supplier.
811-80013.jpg,N/A,N/A,N/A,IGNORED_NOT_ON_WEBSITE,Ignored completely per matching rule,N/A,N/A,N/A,N/A,Part Number does not exist in website catalog. Image discarded without processing.
811-80014_1019-2059.jpg,N/A,N/A,N/A,IGNORED_NOT_ON_WEBSITE,Ignored completely per matching rule,N/A,N/A,N/A,N/A,Part Number does not exist in website catalog. Image discarded without processing.
811-80018_811-90485.jpg,811/90485,ef0d22b42af55b90,PIVOTPIN,REPLACED_GEMINI_AI,Replaced with Gemini regenerated asset,GEMINI_REGENERATED_STUDIO_ASSET,/images/products/811-90485-pivotpin.webp,800x800,25,Watermark completely eliminated; 1024x1024 studio asset deployed.
811-80020.jpg,N/A,N/A,N/A,IGNORED_NOT_ON_WEBSITE,Ignored completely per matching rule,N/A,N/A,N/A,N/A,Part Number does not exist in website catalog. Image discarded without processing.
811-80022.jpg,N/A,N/A,N/A,IGNORED_NOT_ON_WEBSITE,Ignored completely per matching rule,N/A,N/A,N/A,N/A,Part Number does not exist in website catalog. Image discarded without processing.
811-90061_811-90593.jpg,811/90061,d0a57e56f3fd540c,PIVOTPIN,REPLACED_GEMINI_AI,Replaced with Gemini regenerated asset,GEMINI_REGENERATED_STUDIO_ASSET,/images/products/811-90061-pivotpin.webp,800x800,23,Watermark completely eliminated; 1024x1024 studio asset deployed.
811-90165.jpg,811/90165,ee2f21829136d4d1,PIVOTPIN-KINGPOST,REPLACED_GEMINI_AI,Replaced with Gemini regenerated asset,GEMINI_REGENERATED_STUDIO_ASSET,/images/products/811-90165-pivotpin-kingpost.webp,800x800,25,Watermark completely eliminated; 1024x1024 studio asset deployed.
811-90198.jpg,811/90198,1cb19880487119e9,P-PIN 54.985/54.970X172,REPLACED_GEMINI_AI,Replaced with Gemini regenerated asset,GEMINI_REGENERATED_STUDIO_ASSET,/images/products/811-90198-p-pin-54985-54970x172.webp,800x800,16,Watermark completely eliminated; 1024x1024 studio asset deployed.
811-90409.jpg,811/90409,d985a53864739d6b,PIN 44.95/44.85x206,REPLACED_GEMINI_AI,Replaced with Gemini regenerated asset,GEMINI_REGENERATED_STUDIO_ASSET,/images/products/811-90409-pin-4495-4485x206.webp,800x800,27,Watermark completely eliminated; 1024x1024 studio asset deployed.
811-90469_811-80007_1019-2028.jpg,811/90469,9c97de92a450afe9,PIVOTPIN,REPLACED_GEMINI_AI,Replaced with Gemini regenerated asset,GEMINI_REGENERATED_STUDIO_ASSET,/images/products/811-90469-pivotpin.webp,800x800,25,Watermark completely eliminated; 1024x1024 studio asset deployed.
811-90473_811-10111.jpg,811/90473,b5a93f4a54189f09,PIVOTPIN-59.91x247,REPLACED_GEMINI_AI,Replaced with Gemini regenerated asset,GEMINI_REGENERATED_STUDIO_ASSET,/images/products/811-90473-pivotpin-5991x247.webp,800x800,21,Watermark completely eliminated; 1024x1024 studio asset deployed.
811-90486_811-90214.jpg,811/90486,5da2677a4a7d7faa,PIVOTPIN59.91x247,REPLACED_GEMINI_AI,Replaced with Gemini regenerated asset,GEMINI_REGENERATED_STUDIO_ASSET,/images/products/811-90486-pivotpin5991x247.webp,800x800,17,Watermark completely eliminated; 1024x1024 studio asset deployed.
811-90583_811-50373.jpg,811/50373,322b6c765f70a18e,PIVOT PIN,REPLACED_GEMINI_AI,Replaced with Gemini regenerated asset,GEMINI_REGENERATED_STUDIO_ASSET,/images/products/811-50373-pivot-pin.webp,800x800,20,Watermark completely eliminated; 1024x1024 studio asset deployed.
813-00184.jpg,813/00184,764139cce353e8a3,BRAKESEAL,REPLACED_GEMINI_AI,Replaced with Gemini regenerated asset,GEMINI_REGENERATED_STUDIO_ASSET,/images/products/813-00184-brakeseal.webp,800x800,20,Watermark completely eliminated; 1024x1024 studio asset deployed.
813-00360.jpg,813/00360,91b7ead29b101f09,GASKET,REPLACED_GEMINI_AI,Replaced with Gemini regenerated asset,GEMINI_REGENERATED_STUDIO_ASSET,/images/products/813-00360-gasket.webp,800x800,24,Watermark completely eliminated; 1024x1024 studio asset deployed.
813-00375.jpg,813/00375,865da4041796a01f,GASKET,REPLACED_GEMINI_AI,Replaced with Gemini regenerated asset,GEMINI_REGENERATED_STUDIO_ASSET,/images/products/813-00375-gasket.webp,800x800,29,Watermark completely eliminated; 1024x1024 studio asset deployed.
813-00376.jpg,813/00376,c51e91b3fc27c645,SEAL,REPLACED_GEMINI_AI,Replaced with Gemini regenerated asset,GEMINI_REGENERATED_STUDIO_ASSET,/images/products/813-00376-seal.webp,800x800,26,Watermark completely eliminated; 1024x1024 studio asset deployed.
813-00412.jpg,N/A,N/A,N/A,IGNORED_NOT_ON_WEBSITE,Ignored completely per matching rule,N/A,N/A,N/A,N/A,Part Number does not exist in website catalog. Image discarded without processing.
813-00415.jpg,813/00415,0bcff9e798ce202a,PIVOT PIN SEAL; 75 DIA,REPLACED_GEMINI_AI,Replaced with Gemini regenerated asset,GEMINI_REGENERATED_STUDIO_ASSET,/images/products/813-00415-pivot-pin-seal-75-dia.webp,800x800,41,Watermark completely eliminated; 1024x1024 studio asset deployed.
813-00425.jpg,N/A,N/A,N/A,IGNORED_NOT_ON_WEBSITE,Ignored completely per matching rule,N/A,N/A,N/A,N/A,Part Number does not exist in website catalog. Image discarded without processing.
813-00426.jpg,813/00426,5789296003f06f1d,SEAL PIVOT PIN 50X60X5,REPLACED_GEMINI_AI,Replaced with Gemini regenerated asset,GEMINI_REGENERATED_STUDIO_ASSET,/images/products/813-00426-seal-pivot-pin-50x60x5.webp,800x800,40,Watermark completely eliminated; 1024x1024 studio asset deployed.
813-00427.jpg,813/00427,c3bca7ff788e0d28,SEAL:PIVOTPIN,REPLACED_GEMINI_AI,Replaced with Gemini regenerated asset,GEMINI_REGENERATED_STUDIO_ASSET,/images/products/813-00427-sealpivotpin.webp,800x800,54,Watermark completely eliminated; 1024x1024 studio asset deployed.
813-00456.jpg,813/00456,ea50d78f8c09ab6b,SEAL 70-83.5-6,REPLACED_GEMINI_AI,Replaced with Gemini regenerated asset,GEMINI_REGENERATED_STUDIO_ASSET,/images/products/813-00456-seal-70-835-6.webp,800x800,39,Watermark completely eliminated; 1024x1024 studio asset deployed.
813-00460.jpg,813/00460,3cb209590c4a2c6f,SEALPIVOTPIN55X65X5X7,REPLACED_GEMINI_AI,Replaced with Gemini regenerated asset,GEMINI_REGENERATED_STUDIO_ASSET,/images/products/813-00460-sealpivotpin55x65x5x7.webp,800x800,24,Watermark completely eliminated; 1024x1024 studio asset deployed.
813-00466.jpg,813/00466,61dafdbc5a6b1100,GASKET,REPLACED_GEMINI_AI,Replaced with Gemini regenerated asset,GEMINI_REGENERATED_STUDIO_ASSET,/images/products/813-00466-gasket.webp,800x800,30,Watermark completely eliminated; 1024x1024 studio asset deployed.
813-10175_813-50010_813-50003.jpg,813/10175,c16a3500c1337194,GASKET VALVE BLOCK,REPLACED_GEMINI_AI,Replaced with Gemini regenerated asset,GEMINI_REGENERATED_STUDIO_ASSET,/images/products/813-10175-gasket-valve-block.webp,800x800,25,Watermark completely eliminated; 1024x1024 studio asset deployed.
813-50012_813-50026.jpg,813/50012,1514e0c3d97b0356,BRAKESEAL,REPLACED_GEMINI_AI,Replaced with Gemini regenerated asset,GEMINI_REGENERATED_STUDIO_ASSET,/images/products/813-50012-brakeseal.webp,800x800,24,Watermark completely eliminated; 1024x1024 studio asset deployed.
813-50026.jpg,813/50026,843f7466b2068acb,BRAKE SEAL,REPLACED_GEMINI_AI,Replaced with Gemini regenerated asset,GEMINI_REGENERATED_STUDIO_ASSET,/images/products/813-50026-brake-seal.webp,800x800,14,Watermark completely eliminated; 1024x1024 studio asset deployed.
813-50027.jpg,813/50027,a91b72d1e58067e0,GASKET - SUCTION STRAINER,REPLACED_GEMINI_AI,Replaced with Gemini regenerated asset,GEMINI_REGENERATED_STUDIO_ASSET,/images/products/813-50027-gasket-suction-strainer.webp,800x800,56,Watermark completely eliminated; 1024x1024 studio asset deployed.
813-50041_04-500218.jpg,813/50041,f2f4ce2bd5344cd1,SEAL RING,REPLACED_GEMINI_AI,Replaced with Gemini regenerated asset,GEMINI_REGENERATED_STUDIO_ASSET,/images/products/813-50041-seal-ring.webp,800x800,20,Watermark completely eliminated; 1024x1024 studio asset deployed.
813-50042.jpg,813/50042,5e5c8e40d2c57b06,GASKET -GEAR LEVER,REPLACED_GEMINI_AI,Replaced with Gemini regenerated asset,GEMINI_REGENERATED_STUDIO_ASSET,/images/products/813-50042-gasket-gear-lever.webp,800x800,30,Watermark completely eliminated; 1024x1024 studio asset deployed.
814-00177814-00346.jpg,N/A,N/A,N/A,IGNORED_NOT_ON_WEBSITE,Ignored completely per matching rule,N/A,N/A,N/A,N/A,Part Number does not exist in website catalog. Image discarded without processing.
814-00233.jpg,814/00233,5218307901422c31,SPRING,REPLACED_GEMINI_AI,Replaced with Gemini regenerated asset,GEMINI_REGENERATED_STUDIO_ASSET,/images/products/814-00233-spring.webp,800x800,54,Watermark completely eliminated; 1024x1024 studio asset deployed.
814-00365.jpg,814/00365,69df0c1bfd64b688,SPRING COMPRESSION,REPLACED_GEMINI_AI,Replaced with Gemini regenerated asset,GEMINI_REGENERATED_STUDIO_ASSET,/images/products/814-00365-spring-compression.webp,800x800,40,Watermark completely eliminated; 1024x1024 studio asset deployed.
814-00382.jpg,814/00382,38befc7c08ba4f67,TORSION SPRING,REPLACED_GEMINI_AI,Replaced with Gemini regenerated asset,GEMINI_REGENERATED_STUDIO_ASSET,/images/products/814-00382-torsion-spring.webp,800x800,22,Watermark completely eliminated; 1024x1024 studio asset deployed.
814-00441.jpg,814/00441,d90e0cf9f63f0052,TORSION SPRING,REPLACED_GEMINI_AI,Replaced with Gemini regenerated asset,GEMINI_REGENERATED_STUDIO_ASSET,/images/products/814-00441-torsion-spring.webp,800x800,43,Watermark completely eliminated; 1024x1024 studio asset deployed.
814-10122814-00383.jpg,N/A,N/A,N/A,IGNORED_NOT_ON_WEBSITE,Ignored completely per matching rule,N/A,N/A,N/A,N/A,Part Number does not exist in website catalog. Image discarded without processing.
814-10179.jpg,814/10179,30f7f3cd11912e72,SPRING throttle over,REPLACED_GEMINI_AI,Replaced with Gemini regenerated asset,GEMINI_REGENERATED_STUDIO_ASSET,/images/products/814-10179-spring-throttle-over.webp,800x800,39,Watermark completely eliminated; 1024x1024 studio asset deployed.
816-60040.jpg,816/60040,f1f23515422db0a4,BLEED SCREW,REPLACED_GEMINI_AI,Replaced with Gemini regenerated asset,GEMINI_REGENERATED_STUDIO_ASSET,/images/products/816-60040-bleed-screw.webp,800x800,44,Watermark completely eliminated; 1024x1024 studio asset deployed.
816-60056A.jpg,N/A,N/A,N/A,IGNORED_NOT_ON_WEBSITE,Ignored completely per matching rule,N/A,N/A,N/A,N/A,Part Number does not exist in website catalog. Image discarded without processing.
816-90548.jpg,816/90548,dcbc125d9e4ab181,ELBOW ADAPTOR,REPLACED_GEMINI_AI,Replaced with Gemini regenerated asset,GEMINI_REGENERATED_STUDIO_ASSET,/images/products/816-90548-elbow-adaptor.webp,800x800,37,Watermark completely eliminated; 1024x1024 studio asset deployed.
816-90618.jpg,816/90618,0d237815c32f9849,ADAPTOR 90 M/M SWIVEL,REPLACED_GEMINI_AI,Replaced with Gemini regenerated asset,GEMINI_REGENERATED_STUDIO_ASSET,/images/products/816-90618-adaptor-90-m-m-swivel.webp,800x800,45,Watermark completely eliminated; 1024x1024 studio asset deployed.
817-04212.jpg,N/A,N/A,N/A,IGNORED_NOT_ON_WEBSITE,Ignored completely per matching rule,N/A,N/A,N/A,N/A,Part Number does not exist in website catalog. Image discarded without processing.
81850M62S00.jpg,N/A,N/A,N/A,IGNORED_NOT_ON_WEBSITE,Ignored completely per matching rule,N/A,N/A,N/A,N/A,Part Number does not exist in website catalog. Image discarded without processing.
81860M62S00.jpg,N/A,N/A,N/A,IGNORED_NOT_ON_WEBSITE,Ignored completely per matching rule,N/A,N/A,N/A,N/A,Part Number does not exist in website catalog. Image discarded without processing.
819-00049.jpg,819/00049,0eab48dcfe00fc4c,SHIM,REPLACED_GEMINI_AI,Replaced with Gemini regenerated asset,GEMINI_REGENERATED_STUDIO_ASSET,/images/products/819-00049-shim.webp,800x800,32,Watermark completely eliminated; 1024x1024 studio asset deployed.
819-00099.jpg,819/00099,d029fe90bb9b0938,SPACER 60x80x5,REPLACED_GEMINI_AI,Replaced with Gemini regenerated asset,GEMINI_REGENERATED_STUDIO_ASSET,/images/products/819-00099-spacer-60x80x5.webp,800x800,44,Watermark completely eliminated; 1024x1024 studio asset deployed.
819-00100.jpg,819/00100,0e5c1a21065a09f4,SHIM,REPLACED_GEMINI_AI,Replaced with Gemini regenerated asset,GEMINI_REGENERATED_STUDIO_ASSET,/images/products/819-00100-shim.webp,800x800,22,Watermark completely eliminated; 1024x1024 studio asset deployed.
819-00132.jpg,819/00132,e5fb1c96c752b562,SPACER,REPLACED_GEMINI_AI,Replaced with Gemini regenerated asset,GEMINI_REGENERATED_STUDIO_ASSET,/images/products/819-00132-spacer.webp,800x800,18,Watermark completely eliminated; 1024x1024 studio asset deployed.
819-00133.jpg,819/00133,31e20d37ad7ef28f,SPACER 50x120x4.0m,REPLACED_GEMINI_AI,Replaced with Gemini regenerated asset,GEMINI_REGENERATED_STUDIO_ASSET,/images/products/819-00133-spacer-50x120x40m.webp,800x800,7,Watermark completely eliminated; 1024x1024 studio asset deployed.
819-00134.jpg,819/00134,2945662966cd1bbb,SPACER,REPLACED_GEMINI_AI,Replaced with Gemini regenerated asset,GEMINI_REGENERATED_STUDIO_ASSET,/images/products/819-00134-spacer.webp,800x800,7,Watermark completely eliminated; 1024x1024 studio asset deployed.
819-00135.jpg,819/00135,e25fede67e83cb0d,SPACER,REPLACED_GEMINI_AI,Replaced with Gemini regenerated asset,GEMINI_REGENERATED_STUDIO_ASSET,/images/products/819-00135-spacer.webp,800x800,9,Watermark completely eliminated; 1024x1024 studio asset deployed.
819-00136.jpg,819/00136,2c88c6a72b559fbd,SPACER,REPLACED_GEMINI_AI,Replaced with Gemini regenerated asset,GEMINI_REGENERATED_STUDIO_ASSET,/images/products/819-00136-spacer.webp,800x800,16,Watermark completely eliminated; 1024x1024 studio asset deployed.
819-00137.jpg,819/00137,a23497cd8989ac5b,SPACER,REPLACED_GEMINI_AI,Replaced with Gemini regenerated asset,GEMINI_REGENERATED_STUDIO_ASSET,/images/products/819-00137-spacer.webp,800x800,6,Watermark completely eliminated; 1024x1024 studio asset deployed.
819-00143.jpg,819/00143,800a1d2057211281,SHIM 60x130x1.4,REPLACED_GEMINI_AI,Replaced with Gemini regenerated asset,GEMINI_REGENERATED_STUDIO_ASSET,/images/products/819-00143-shim-60x130x14.webp,800x800,30,Watermark completely eliminated; 1024x1024 studio asset deployed.
821-00209.jpg,821/00209,b6233f9f40dcafcd,LSHAPEDCIRCLIPCD2983,REPLACED_GEMINI_AI,Replaced with Gemini regenerated asset,GEMINI_REGENERATED_STUDIO_ASSET,/images/products/821-00209-lshapedcirclipcd2983.webp,800x800,20,Watermark completely eliminated; 1024x1024 studio asset deployed.
821-00210.jpg,821/00210,5ca5c174c2a72d99,CIRCLIP - INTERNAL,REPLACED_GEMINI_AI,Replaced with Gemini regenerated asset,GEMINI_REGENERATED_STUDIO_ASSET,/images/products/821-00210-circlip-internal.webp,800x800,14,Watermark completely eliminated; 1024x1024 studio asset deployed.
821-00216.jpg,821/00216,6792a86c5e740e57,CIRCLIP,REPLACED_GEMINI_AI,Replaced with Gemini regenerated asset,GEMINI_REGENERATED_STUDIO_ASSET,/images/products/821-00216-circlip.webp,800x800,22,Watermark completely eliminated; 1024x1024 studio asset deployed.
821-00289.jpg,821/00289,33ad58e40ba2a95a,LSHAPEDCIRCLIPCD3155',REPLACED_GEMINI_AI,Replaced with Gemini regenerated asset,GEMINI_REGENERATED_STUDIO_ASSET,/images/products/821-00289-lshapedcirclipcd3155.webp,800x800,34,Watermark completely eliminated; 1024x1024 studio asset deployed.
821-00297.jpg,821/00297,496d568587ef00a3,CIRCLIP 60mm,REPLACED_GEMINI_AI,Replaced with Gemini regenerated asset,GEMINI_REGENERATED_STUDIO_ASSET,/images/products/821-00297-circlip-60mm.webp,800x800,24,Watermark completely eliminated; 1024x1024 studio asset deployed.
821-00494.jpg,821/00494,1e0183269f26e1b9,EXTERNAL CIRCLIP,REPLACED_GEMINI_AI,Replaced with Gemini regenerated asset,GEMINI_REGENERATED_STUDIO_ASSET,/images/products/821-00494-external-circlip.webp,800x800,22,Watermark completely eliminated; 1024x1024 studio asset deployed.
821-10159.jpg,821/10159,2011e4b7ea34d6ba,GAITOR CLAMPIN,REPLACED_GEMINI_AI,Replaced with Gemini regenerated asset,GEMINI_REGENERATED_STUDIO_ASSET,/images/products/821-10159-gaitor-clampin.webp,800x800,20,Watermark completely eliminated; 1024x1024 studio asset deployed.
821-10161.jpg,N/A,N/A,N/A,IGNORED_NOT_ON_WEBSITE,Ignored completely per matching rule,N/A,N/A,N/A,N/A,Part Number does not exist in website catalog. Image discarded without processing.
82160M62S00.jpg,N/A,N/A,N/A,IGNORED_NOT_ON_WEBSITE,Ignored completely per matching rule,N/A,N/A,N/A,N/A,Part Number does not exist in website catalog. Image discarded without processing.
823-00220.jpg,823/00220,2e9560cf50ea0be9,SHIM 51x76.1x1.4MM,REPLACED_GEMINI_AI,Replaced with Gemini regenerated asset,GEMINI_REGENERATED_STUDIO_ASSET,/images/products/823-00220-shim-51x761x14mm.webp,800x800,22,Watermark completely eliminated; 1024x1024 studio asset deployed.
823-00237.jpg,823/00237,9db1dec47887db3c,SHIM,REPLACED_GEMINI_AI,Replaced with Gemini regenerated asset,GEMINI_REGENERATED_STUDIO_ASSET,/images/products/823-00237-shim.webp,800x800,21,Watermark completely eliminated; 1024x1024 studio asset deployed.
823-00334.jpg,823/00334,c2685938bb703a69,KLIPRING,REPLACED_GEMINI_AI,Replaced with Gemini regenerated asset,GEMINI_REGENERATED_STUDIO_ASSET,/images/products/823-00334-klipring.webp,800x800,33,Watermark completely eliminated; 1024x1024 studio asset deployed.
823-00377.jpg,823/00377,c35eeafaad3a1273,PLAIN WASHER,SOURCE_PLACEHOLDER_OMITTED,"Source photo is a generic ""IMAGE COMING SOON"" graphic; omitted from AI generation to prevent fabricating product features",SUPPLIER_PLACEHOLDER_GRAPHIC,/images/products/823-00377-plain-washer.webp,400x400,14,Source image contains no actual product photo. Requires authentic photo from supplier.
823-00470.jpg,823/00470,a0e2765d87c7f910,WASHER,REPLACED_GEMINI_AI,Replaced with Gemini regenerated asset,GEMINI_REGENERATED_STUDIO_ASSET,/images/products/823-00470-washer.webp,800x800,26,Watermark completely eliminated; 1024x1024 studio asset deployed.
823-00471.jpg,823/00471,5ff5a4122fb54c2e,SHIM 1.4mm,REPLACED_GEMINI_AI,Replaced with Gemini regenerated asset,GEMINI_REGENERATED_STUDIO_ASSET,/images/products/823-00471-shim-14mm.webp,800x800,30,Watermark completely eliminated; 1024x1024 studio asset deployed.
823-00476.jpg,823/00476,212d4b5f7a55fa9b,TAB WASHER,REPLACED_GEMINI_AI,Replaced with Gemini regenerated asset,GEMINI_REGENERATED_STUDIO_ASSET,/images/products/823-00476-tab-washer.webp,800x800,23,Watermark completely eliminated; 1024x1024 studio asset deployed.
823-00576_823-10331.jpg,823/00576,7db18716f4982cff,L/H CLAMP WASHER,REPLACED_GEMINI_AI,Replaced with Gemini regenerated asset,GEMINI_REGENERATED_STUDIO_ASSET,/images/products/823-00576-l-h-clamp-washer.webp,800x800,46,Watermark completely eliminated; 1024x1024 studio asset deployed.
823-00577_823-10332.jpg,823/00577,97331f8b6423fc6a,R/H CLAMP WASHER,REPLACED_GEMINI_AI,Replaced with Gemini regenerated asset,GEMINI_REGENERATED_STUDIO_ASSET,/images/products/823-00577-r-h-clamp-washer.webp,800x800,52,Watermark completely eliminated; 1024x1024 studio asset deployed.
823-10270_123-05227.jpg,823/10270,4a058958a97c9eda,THRUST WASHER KING POST,REPLACED_GEMINI_AI,Replaced with Gemini regenerated asset,GEMINI_REGENERATED_STUDIO_ASSET,/images/products/823-10270-thrust-washer-king-post.webp,800x800,33,Watermark completely eliminated; 1024x1024 studio asset deployed.
825-99928.jpg,825/99928,458c18f145900e21,WRENCH,REPLACED_GEMINI_AI,Replaced with Gemini regenerated asset,GEMINI_REGENERATED_STUDIO_ASSET,/images/products/825-99928-wrench.webp,800x800,13,Watermark completely eliminated; 1024x1024 studio asset deployed.
826-00303_1340-0701.jpg,826/00303,986e96843679356d,PLOUGH BOLT 3/4UNF 70,REPLACED_GEMINI_AI,Replaced with Gemini regenerated asset,GEMINI_REGENERATED_STUDIO_ASSET,/images/products/826-00303-plough-bolt-3-4unf-70.webp,800x800,49,Watermark completely eliminated; 1024x1024 studio asset deployed.
826-00425.jpg,826/00425,1f8c1d1eeab8fb24,PLUG,REPLACED_GEMINI_AI,Replaced with Gemini regenerated asset,GEMINI_REGENERATED_STUDIO_ASSET,/images/products/826-00425-plug.webp,800x800,96,Watermark completely eliminated; 1024x1024 studio asset deployed.
826-00512.jpg,826/00512,e7dd388916d2f1b2,8.9MM X 57MM LYNCH PIN,REPLACED_GEMINI_AI,Replaced with Gemini regenerated asset,GEMINI_REGENERATED_STUDIO_ASSET,/images/products/826-00512-89mm-x-57mm-lynch-pin.webp,800x800,36,Watermark completely eliminated; 1024x1024 studio asset deployed.
826-00558_106-40001.jpg,N/A,N/A,N/A,IGNORED_NOT_ON_WEBSITE,Ignored completely per matching rule,N/A,N/A,N/A,N/A,Part Number does not exist in website catalog. Image discarded without processing.
826-00820.jpg,826/00820,320dbc84d4602394,PLAIN NUT -1.1/2 UNF,REPLACED_GEMINI_AI,Replaced with Gemini regenerated asset,GEMINI_REGENERATED_STUDIO_ASSET,/images/products/826-00820-plain-nut-11-2-unf.webp,800x800,45,Watermark completely eliminated; 1024x1024 studio asset deployed.
826-00892_826-11635.jpg,826/00892,2845aa0576981dca,SET SCREW 3/8UNFx3/4,REPLACED_GEMINI_AI,Replaced with Gemini regenerated asset,GEMINI_REGENERATED_STUDIO_ASSET,/images/products/826-00892-set-screw-3-8unfx3-4.webp,800x800,24,Watermark completely eliminated; 1024x1024 studio asset deployed.
826-00923.jpg,826/00923,27a4c54fc28a6abb,Wheelstud,REPLACED_GEMINI_AI,Replaced with Gemini regenerated asset,GEMINI_REGENERATED_STUDIO_ASSET,/images/products/826-00923-wheelstud.webp,800x800,32,Watermark completely eliminated; 1024x1024 studio asset deployed.
826-00923_106-40001.jpg,826/00923,27a4c54fc28a6abb,Wheelstud,REPLACED_GEMINI_AI,Replaced with Gemini regenerated asset,GEMINI_REGENERATED_STUDIO_ASSET,/images/products/826-00923-wheelstud.webp,800x800,32,Watermark completely eliminated; 1024x1024 studio asset deployed.
826-00927.jpg,826/00927,56964423da838faa,BALL JOINT,REPLACED_GEMINI_AI,Replaced with Gemini regenerated asset,GEMINI_REGENERATED_STUDIO_ASSET,/images/products/826-00927-ball-joint.webp,800x800,37,Watermark completely eliminated; 1024x1024 studio asset deployed.
826-01008.jpg,N/A,N/A,N/A,IGNORED_NOT_ON_WEBSITE,Ignored completely per matching rule,N/A,N/A,N/A,N/A,Part Number does not exist in website catalog. Image discarded without processing.
826-01060.jpg,826/01060,93bfec46cf5dc6a2,VERBUSRIPPBOLT,REPLACED_GEMINI_AI,Replaced with Gemini regenerated asset,GEMINI_REGENERATED_STUDIO_ASSET,/images/products/826-01060-verbusrippbolt.webp,800x800,18,Watermark completely eliminated; 1024x1024 studio asset deployed.
826-01080.jpg,826/01080,cac2ba84522b11b9,BOLT - VERBUS RIPP,REPLACED_GEMINI_AI,Replaced with Gemini regenerated asset,GEMINI_REGENERATED_STUDIO_ASSET,/images/products/826-01080-bolt-verbus-ripp.webp,800x800,71,Watermark completely eliminated; 1024x1024 studio asset deployed.
826-01363.jpg,826/01363,8f1ae08f9b6d4378,M12 DOUBLE ENDED STUD,REPLACED_GEMINI_AI,Replaced with Gemini regenerated asset,GEMINI_REGENERATED_STUDIO_ASSET,/images/products/826-01363-m12-double-ended-stud.webp,800x800,34,Watermark completely eliminated; 1024x1024 studio asset deployed.
826-01434.jpg,826/01434,6ff30cbf4b856b9e,VERBUSRIPPTYPE,REPLACED_GEMINI_AI,Replaced with Gemini regenerated asset,GEMINI_REGENERATED_STUDIO_ASSET,/images/products/826-01434-verbusripptype.webp,800x800,27,Watermark completely eliminated; 1024x1024 studio asset deployed.
826-01472.jpg,826/01472,9239450608f79d24,BOLT',REPLACED_GEMINI_AI,Replaced with Gemini regenerated asset,GEMINI_REGENERATED_STUDIO_ASSET,/images/products/826-01472-bolt.webp,800x800,24,Watermark completely eliminated; 1024x1024 studio asset deployed.
826-01551.jpg,826/01551,43842a52368d2ea1,STACK NUT,REPLACED_GEMINI_AI,Replaced with Gemini regenerated asset,GEMINI_REGENERATED_STUDIO_ASSET,/images/products/826-01551-stack-nut.webp,800x800,32,Watermark completely eliminated; 1024x1024 studio asset deployed.
826-01586.jpg,N/A,N/A,N/A,IGNORED_NOT_ON_WEBSITE,Ignored completely per matching rule,N/A,N/A,N/A,N/A,Part Number does not exist in website catalog. Image discarded without processing.
826-01712_826-01714.jpg,826/01712,22bb68d5289c46fa,BOLT,REPLACED_GEMINI_AI,Replaced with Gemini regenerated asset,GEMINI_REGENERATED_STUDIO_ASSET,/images/products/826-01712-bolt.webp,800x800,24,Watermark completely eliminated; 1024x1024 studio asset deployed.
826-01744_826-M7635.jpg,826/01744,73c28ebdf37f604a,NUT STAKE -M30 x 2,REPLACED_GEMINI_AI,Replaced with Gemini regenerated asset,GEMINI_REGENERATED_STUDIO_ASSET,/images/products/826-01744-nut-stake-m30-x-2.webp,800x800,36,Watermark completely eliminated; 1024x1024 studio asset deployed.
826-10528.jpg,826/10528,9ee0b586050042ad,SETSCREW,REPLACED_GEMINI_AI,Replaced with Gemini regenerated asset,GEMINI_REGENERATED_STUDIO_ASSET,/images/products/826-10528-setscrew.webp,800x800,20,Watermark completely eliminated; 1024x1024 studio asset deployed.
826-11174.jpg,N/A,N/A,N/A,IGNORED_NOT_ON_WEBSITE,Ignored completely per matching rule,N/A,N/A,N/A,N/A,Part Number does not exist in website catalog. Image discarded without processing.
826-11627.jpg,N/A,N/A,N/A,IGNORED_NOT_ON_WEBSITE,Ignored completely per matching rule,N/A,N/A,N/A,N/A,Part Number does not exist in website catalog. Image discarded without processing.
826-11628.jpg,N/A,N/A,N/A,IGNORED_NOT_ON_WEBSITE,Ignored completely per matching rule,N/A,N/A,N/A,N/A,Part Number does not exist in website catalog. Image discarded without processing.
826-11666331-66397.jpg,N/A,N/A,N/A,IGNORED_NOT_ON_WEBSITE,Ignored completely per matching rule,N/A,N/A,N/A,N/A,Part Number does not exist in website catalog. Image discarded without processing.
828-00137_2407-0227.jpg,828/00137,a7bdde53042ba3ba,KINGPOSTSEAL,REPLACED_GEMINI_AI,Replaced with Gemini regenerated asset,GEMINI_REGENERATED_STUDIO_ASSET,/images/products/828-00137-kingpostseal.webp,800x800,20,Watermark completely eliminated; 1024x1024 studio asset deployed.
828-00148.jpg,N/A,N/A,N/A,IGNORED_NOT_ON_WEBSITE,Ignored completely per matching rule,N/A,N/A,N/A,N/A,Part Number does not exist in website catalog. Image discarded without processing.
828-00196.jpg,828/00196,b019625353c0a3b3,O-RING SEAL,REPLACED_GEMINI_AI,Replaced with Gemini regenerated asset,GEMINI_REGENERATED_STUDIO_ASSET,/images/products/828-00196-o-ring-seal.webp,800x800,25,Watermark completely eliminated; 1024x1024 studio asset deployed.
828-00224.jpg,828/00224,e61daefc056b8778,O RING,REPLACED_GEMINI_AI,Replaced with Gemini regenerated asset,GEMINI_REGENERATED_STUDIO_ASSET,/images/products/828-00224-o-ring.webp,800x800,18,Watermark completely eliminated; 1024x1024 studio asset deployed.
828-00237_2301-0006_2301-0010_2301-0011_2301-0.jpg,828/00237,c13eaaaee45c7692,O-RING,SOURCE_PLACEHOLDER_OMITTED,"Source photo is a generic ""IMAGE COMING SOON"" graphic; omitted from AI generation to prevent fabricating product features",SUPPLIER_PLACEHOLDER_GRAPHIC,/images/products/828-00237-o-ring.webp,400x400,14,Source image contains no actual product photo. Requires authentic photo from supplier.
828-00414_828-00154.jpg,828/00414,e4b3a885f48b5cbb,O-RING,REPLACED_GEMINI_AI,Replaced with Gemini regenerated asset,GEMINI_REGENERATED_STUDIO_ASSET,/images/products/828-00414-o-ring.webp,800x800,36,Watermark completely eliminated; 1024x1024 studio asset deployed.
828-00414_828-00224_904-50020_828-00207.jpg,828/00414,e4b3a885f48b5cbb,O-RING,REPLACED_GEMINI_AI,Replaced with Gemini regenerated asset,GEMINI_REGENERATED_STUDIO_ASSET,/images/products/828-00414-o-ring.webp,800x800,36,Watermark completely eliminated; 1024x1024 studio asset deployed.
828-10180.jpg,828/10180,bc3bc32b4535d2a7,O RING,REPLACED_GEMINI_AI,Replaced with Gemini regenerated asset,GEMINI_REGENERATED_STUDIO_ASSET,/images/products/828-10180-o-ring.webp,800x800,18,Watermark completely eliminated; 1024x1024 studio asset deployed.
82801M69R50-5PK.jpg,N/A,N/A,N/A,IGNORED_NOT_ON_WEBSITE,Ignored completely per matching rule,N/A,N/A,N/A,N/A,Part Number does not exist in website catalog. Image discarded without processing.
82802M69R50-5PK.jpg,N/A,N/A,N/A,IGNORED_NOT_ON_WEBSITE,Ignored completely per matching rule,N/A,N/A,N/A,N/A,Part Number does not exist in website catalog. Image discarded without processing.
829-00548.jpg,829/00548,496a260423cd678d,BEARING,REPLACED_GEMINI_AI,Replaced with Gemini regenerated asset,GEMINI_REGENERATED_STUDIO_ASSET,/images/products/829-00548-bearing.webp,800x800,33,Watermark completely eliminated; 1024x1024 studio asset deployed.
831-10181.jpg,831/10181,bfe9647afd1b0702,BEARING 50.94-55.9,REPLACED_GEMINI_AI,Replaced with Gemini regenerated asset,GEMINI_REGENERATED_STUDIO_ASSET,/images/products/831-10181-bearing-5094-559.webp,800x800,53,Watermark completely eliminated; 1024x1024 studio asset deployed.
831-10192.jpg,831/10192,e4d72c8c03cebd7e,BEARING 45X55X28,REPLACED_GEMINI_AI,Replaced with Gemini regenerated asset,GEMINI_REGENERATED_STUDIO_ASSET,/images/products/831-10192-bearing-45x55x28.webp,800x800,35,Watermark completely eliminated; 1024x1024 studio asset deployed.
831-10211_332-G0719.jpg,831/10211,8df577057cfb0d91,LINEARBEARING70X84X57,REPLACED_GEMINI_AI,Replaced with Gemini regenerated asset,GEMINI_REGENERATED_STUDIO_ASSET,/images/products/831-10211-linearbearing70x84x57.webp,800x800,49,Watermark completely eliminated; 1024x1024 studio asset deployed.
831-10229.jpg,831/10229,2e3193c4d6913375,INNERRING,REPLACED_GEMINI_AI,Replaced with Gemini regenerated asset,GEMINI_REGENERATED_STUDIO_ASSET,/images/products/831-10229-innerring.webp,800x800,31,Watermark completely eliminated; 1024x1024 studio asset deployed.
83110M62S00.jpg,N/A,N/A,N/A,IGNORED_NOT_ON_WEBSITE,Ignored completely per matching rule,N/A,N/A,N/A,N/A,Part Number does not exist in website catalog. Image discarded without processing.
834-00181.jpg,N/A,N/A,N/A,IGNORED_NOT_ON_WEBSITE,Ignored completely per matching rule,N/A,N/A,N/A,N/A,Part Number does not exist in website catalog. Image discarded without processing.
834-00261.jpg,N/A,N/A,N/A,IGNORED_NOT_ON_WEBSITE,Ignored completely per matching rule,N/A,N/A,N/A,N/A,Part Number does not exist in website catalog. Image discarded without processing.
834-00262_834-00666.jpg,N/A,N/A,N/A,IGNORED_NOT_ON_WEBSITE,Ignored completely per matching rule,N/A,N/A,N/A,N/A,Part Number does not exist in website catalog. Image discarded without processing.
834-00263.jpg,N/A,N/A,N/A,IGNORED_NOT_ON_WEBSITE,Ignored completely per matching rule,N/A,N/A,N/A,N/A,Part Number does not exist in website catalog. Image discarded without processing.
834-00340.jpg,N/A,N/A,N/A,IGNORED_NOT_ON_WEBSITE,Ignored completely per matching rule,N/A,N/A,N/A,N/A,Part Number does not exist in website catalog. Image discarded without processing.
834-00347.jpg,N/A,N/A,N/A,IGNORED_NOT_ON_WEBSITE,Ignored completely per matching rule,N/A,N/A,N/A,N/A,Part Number does not exist in website catalog. Image discarded without processing.
834-00401.jpg,N/A,N/A,N/A,IGNORED_NOT_ON_WEBSITE,Ignored completely per matching rule,N/A,N/A,N/A,N/A,Part Number does not exist in website catalog. Image discarded without processing.
834-00412.jpg,N/A,N/A,N/A,IGNORED_NOT_ON_WEBSITE,Ignored completely per matching rule,N/A,N/A,N/A,N/A,Part Number does not exist in website catalog. Image discarded without processing.
834-00414.jpg,834/00414,6f36f13e36bf6875,SUCTIONELBOW,REPLACED_GEMINI_AI,Replaced with Gemini regenerated asset,GEMINI_REGENERATED_STUDIO_ASSET,/images/products/834-00414-suctionelbow.webp,800x800,24,Watermark completely eliminated; 1024x1024 studio asset deployed.
834-00437.jpg,N/A,N/A,N/A,IGNORED_NOT_ON_WEBSITE,Ignored completely per matching rule,N/A,N/A,N/A,N/A,Part Number does not exist in website catalog. Image discarded without processing.
834-00437_2.jpg,N/A,N/A,N/A,IGNORED_NOT_ON_WEBSITE,Ignored completely per matching rule,N/A,N/A,N/A,N/A,Part Number does not exist in website catalog. Image discarded without processing.
834-00450.jpg,N/A,N/A,N/A,IGNORED_NOT_ON_WEBSITE,Ignored completely per matching rule,N/A,N/A,N/A,N/A,Part Number does not exist in website catalog. Image discarded without processing.
834-00528.jpg,834/00528,9373ee7679e481d2,TOPHOSE,REPLACED_GEMINI_AI,Replaced with Gemini regenerated asset,GEMINI_REGENERATED_STUDIO_ASSET,/images/products/834-00528-tophose.webp,800x800,11,Watermark completely eliminated; 1024x1024 studio asset deployed.
834-00685.jpg,N/A,N/A,N/A,IGNORED_NOT_ON_WEBSITE,Ignored completely per matching rule,N/A,N/A,N/A,N/A,Part Number does not exist in website catalog. Image discarded without processing.
834-00704.jpg,834/00704,5f42289b06e2cb50,Hosebottom,REPLACED_GEMINI_AI,Replaced with Gemini regenerated asset,GEMINI_REGENERATED_STUDIO_ASSET,/images/products/834-00704-hosebottom.webp,800x800,21,Watermark completely eliminated; 1024x1024 studio asset deployed.
834-00739.jpg,N/A,N/A,N/A,IGNORED_NOT_ON_WEBSITE,Ignored completely per matching rule,N/A,N/A,N/A,N/A,Part Number does not exist in website catalog. Image discarded without processing.
834-10756.jpg,N/A,N/A,N/A,IGNORED_NOT_ON_WEBSITE,Ignored completely per matching rule,N/A,N/A,N/A,N/A,Part Number does not exist in website catalog. Image discarded without processing.
834-10764.jpg,834/10764,498096b652eff259,HOSE BAND,REPLACED_GEMINI_AI,Replaced with Gemini regenerated asset,GEMINI_REGENERATED_STUDIO_ASSET,/images/products/834-10764-hose-band.webp,800x800,49,Watermark completely eliminated; 1024x1024 studio asset deployed.
84701M62S10-5PK.jpg,N/A,N/A,N/A,IGNORED_NOT_ON_WEBSITE,Ignored completely per matching rule,N/A,N/A,N/A,N/A,Part Number does not exist in website catalog. Image discarded without processing.
84702M62S10-5PK.jpg,N/A,N/A,N/A,IGNORED_NOT_ON_WEBSITE,Ignored completely per matching rule,N/A,N/A,N/A,N/A,Part Number does not exist in website catalog. Image discarded without processing.
903-04610.jpg,903/04610,26da7e380d31124c,DIAPHRAGM,REPLACED_GEMINI_AI,Replaced with Gemini regenerated asset,GEMINI_REGENERATED_STUDIO_ASSET,/images/products/903-04610-diaphragm.webp,800x800,31,Watermark completely eliminated; 1024x1024 studio asset deployed.
904-05100.jpg,904/05100,f23bba220d986c56,SEAL - DUAL LIP,REPLACED_GEMINI_AI,Replaced with Gemini regenerated asset,GEMINI_REGENERATED_STUDIO_ASSET,/images/products/904-05100-seal-dual-lip.webp,800x800,38,Watermark completely eliminated; 1024x1024 studio asset deployed.
904-06200.jpg,904/06200,361922b9c329cb26,OILSEAL(ALT-40/303621),REPLACED_GEMINI_AI,Replaced with Gemini regenerated asset,GEMINI_REGENERATED_STUDIO_ASSET,/images/products/904-06200-oilseal-alt-40-303621.webp,800x800,28,Watermark completely eliminated; 1024x1024 studio asset deployed.
904-06201.jpg,904/06201,40ea6ad39775994d,WEAR  SLEEVE,REPLACED_GEMINI_AI,Replaced with Gemini regenerated asset,GEMINI_REGENERATED_STUDIO_ASSET,/images/products/904-06201-wear-sleeve.webp,800x800,34,Watermark completely eliminated; 1024x1024 studio asset deployed.
904-06500.jpg,904/06500,fd2bffdbdaa12d93,OIL SEAL,REPLACED_GEMINI_AI,Replaced with Gemini regenerated asset,GEMINI_REGENERATED_STUDIO_ASSET,/images/products/904-06500-oil-seal.webp,800x800,21,Watermark completely eliminated; 1024x1024 studio asset deployed.
904-06700.jpg,904/06700,cb187d7332582aa0,TRUNNION SEAL,REPLACED_GEMINI_AI,Replaced with Gemini regenerated asset,GEMINI_REGENERATED_STUDIO_ASSET,/images/products/904-06700-trunnion-seal.webp,800x800,48,Watermark completely eliminated; 1024x1024 studio asset deployed.
904-06700907-08300.jpg,N/A,N/A,N/A,IGNORED_NOT_ON_WEBSITE,Ignored completely per matching rule,N/A,N/A,N/A,N/A,Part Number does not exist in website catalog. Image discarded without processing.
904-09300.jpg,904/09300,deb5d01ac407031f,WIPER SEAL,REPLACED_GEMINI_AI,Replaced with Gemini regenerated asset,GEMINI_REGENERATED_STUDIO_ASSET,/images/products/904-09300-wiper-seal.webp,800x800,43,Watermark completely eliminated; 1024x1024 studio asset deployed.
904-09400.jpg,904/09400,a851d54ba75bf5bb,PISTON SEAL,REPLACED_GEMINI_AI,Replaced with Gemini regenerated asset,GEMINI_REGENERATED_STUDIO_ASSET,/images/products/904-09400-piston-seal.webp,800x800,30,Watermark completely eliminated; 1024x1024 studio asset deployed.
904-20140.jpg,904/20140,c5047fe570940fe3,PISTONCARRIAGECLAMP,REPLACED_GEMINI_AI,Replaced with Gemini regenerated asset,GEMINI_REGENERATED_STUDIO_ASSET,/images/products/904-20140-pistoncarriageclamp.webp,800x800,37,Watermark completely eliminated; 1024x1024 studio asset deployed.
904-20172.jpg,904/20172,f65bc8445ee13ba4,TRIPLELIPSEAL,REPLACED_GEMINI_AI,Replaced with Gemini regenerated asset,GEMINI_REGENERATED_STUDIO_ASSET,/images/products/904-20172-triplelipseal.webp,800x800,39,Watermark completely eliminated; 1024x1024 studio asset deployed.
904-20226.jpg,904/20226,d3dbd764610691f8,Seal Transmission Pump,REPLACED_GEMINI_AI,Replaced with Gemini regenerated asset,GEMINI_REGENERATED_STUDIO_ASSET,/images/products/904-20226-seal-transmission-pump.webp,800x800,22,Watermark completely eliminated; 1024x1024 studio asset deployed.
904-20336.jpg,904/20336,7cc18174f4825d5c,PISTON carriage clamp,REPLACED_GEMINI_AI,Replaced with Gemini regenerated asset,GEMINI_REGENERATED_STUDIO_ASSET,/images/products/904-20336-piston-carriage-clamp.webp,800x800,36,Watermark completely eliminated; 1024x1024 studio asset deployed.
904-50009.jpg,N/A,N/A,N/A,IGNORED_NOT_ON_WEBSITE,Ignored completely per matching rule,N/A,N/A,N/A,N/A,Part Number does not exist in website catalog. Image discarded without processing.
904-5002.jpg,N/A,N/A,N/A,IGNORED_NOT_ON_WEBSITE,Ignored completely per matching rule,N/A,N/A,N/A,N/A,Part Number does not exist in website catalog. Image discarded without processing.
904-50023.jpg,904/50023,453ff3959416da9d,SEAL - TRIPLE LIP,REPLACED_GEMINI_AI,Replaced with Gemini regenerated asset,GEMINI_REGENERATED_STUDIO_ASSET,/images/products/904-50023-seal-triple-lip.webp,800x800,36,Watermark completely eliminated; 1024x1024 studio asset deployed.
904-50024.jpg,904/50024,1f716234a78004dc,SEALINGRING,REPLACED_GEMINI_AI,Replaced with Gemini regenerated asset,GEMINI_REGENERATED_STUDIO_ASSET,/images/products/904-50024-sealingring.webp,800x800,24,Watermark completely eliminated; 1024x1024 studio asset deployed.
904-5002_2.jpg,904/50022,29434126633287dc,SEALRING4WDPTFE(REN10',SOURCE_PLACEHOLDER_OMITTED,"Source photo is a generic ""IMAGE COMING SOON"" graphic; omitted from AI generation to prevent fabricating product features",SUPPLIER_PLACEHOLDER_GRAPHIC,/images/products/rre-image-coming-soon.png,400x400,14,Source image contains no actual product photo. Requires authentic photo from supplier.
904-50033_904-50021_904-M6779.jpg,904/50033,c77beb6ecddd26e1,SEAL-CASSETTE(OBS),REPLACED_GEMINI_AI,Replaced with Gemini regenerated asset,GEMINI_REGENERATED_STUDIO_ASSET,/images/products/904-50033-seal-cassette-obs.webp,800x800,27,Watermark completely eliminated; 1024x1024 studio asset deployed.
904-50040_904-50006_904-08000.jpg,904/50040,dbaa782c5d0f4dc1,SEAL,REPLACED_GEMINI_AI,Replaced with Gemini regenerated asset,GEMINI_REGENERATED_STUDIO_ASSET,/images/products/904-50040-seal.webp,800x800,39,Watermark completely eliminated; 1024x1024 studio asset deployed.
904-50043.jpg,N/A,N/A,N/A,IGNORED_NOT_ON_WEBSITE,Ignored completely per matching rule,N/A,N/A,N/A,N/A,Part Number does not exist in website catalog. Image discarded without processing.
904-50047.jpg,904/50047,0d06af383e308e04,SEAL,REPLACED_GEMINI_AI,Replaced with Gemini regenerated asset,GEMINI_REGENERATED_STUDIO_ASSET,/images/products/904-50047-seal.webp,800x800,49,Watermark completely eliminated; 1024x1024 studio asset deployed.
907-04100.jpg,907/04100,66717e699fbfbad4,BEARING-SPURPINION,REPLACED_GEMINI_AI,Replaced with Gemini regenerated asset,GEMINI_REGENERATED_STUDIO_ASSET,/images/products/907-04100-bearing-spurpinion.webp,800x800,82,Watermark completely eliminated; 1024x1024 studio asset deployed.
907-05700.jpg,907/05700,c69e84a36c200778,BEARING -OUTER HUB,REPLACED_GEMINI_AI,Replaced with Gemini regenerated asset,GEMINI_REGENERATED_STUDIO_ASSET,/images/products/907-05700-bearing-outer-hub.webp,800x800,68,Watermark completely eliminated; 1024x1024 studio asset deployed.
907-05800.jpg,907/05800,9fc4d53818c04d1f,THRUST BEARING,REPLACED_GEMINI_AI,Replaced with Gemini regenerated asset,GEMINI_REGENERATED_STUDIO_ASSET,/images/products/907-05800-thrust-bearing.webp,800x800,45,Watermark completely eliminated; 1024x1024 studio asset deployed.
907-08300.jpg,907/08300,37774160c7437ee2,TAPER ROLLER BEARING,REPLACED_GEMINI_AI,Replaced with Gemini regenerated asset,GEMINI_REGENERATED_STUDIO_ASSET,/images/products/907-08300-taper-roller-bearing.webp,800x800,53,Watermark completely eliminated; 1024x1024 studio asset deployed.
907-08400907-20025.jpg,N/A,N/A,N/A,IGNORED_NOT_ON_WEBSITE,Ignored completely per matching rule,N/A,N/A,N/A,N/A,Part Number does not exist in website catalog. Image discarded without processing.
907-09000.jpg,907/09000,17a2c0414c781462,TAPER ROLLER BEARING,REPLACED_GEMINI_AI,Replaced with Gemini regenerated asset,GEMINI_REGENERATED_STUDIO_ASSET,/images/products/907-09000-taper-roller-bearing.webp,800x800,63,Watermark completely eliminated; 1024x1024 studio asset deployed.
907-09100.jpg,907/09100,37449914f1970753,taper OLLER BEARING,REPLACED_GEMINI_AI,Replaced with Gemini regenerated asset,GEMINI_REGENERATED_STUDIO_ASSET,/images/products/907-09100-taper-oller-bearing.webp,800x800,36,Watermark completely eliminated; 1024x1024 studio asset deployed.
907-09600_907-20049.jpg,907/09600,6298a7a4b0871f2c,BEARING,REPLACED_GEMINI_AI,Replaced with Gemini regenerated asset,GEMINI_REGENERATED_STUDIO_ASSET,/images/products/907-09600-bearing.webp,800x800,78,Watermark completely eliminated; 1024x1024 studio asset deployed.
907-09700.jpg,907/09700,ab628a7e895ed73e,TAPER ROLLER BEARING,REPLACED_GEMINI_AI,Replaced with Gemini regenerated asset,GEMINI_REGENERATED_STUDIO_ASSET,/images/products/907-09700-taper-roller-bearing.webp,800x800,64,Watermark completely eliminated; 1024x1024 studio asset deployed.
907-10000.jpg,907/10000,084a9ad6cac1ba39,BEARING,REPLACED_GEMINI_AI,Replaced with Gemini regenerated asset,GEMINI_REGENERATED_STUDIO_ASSET,/images/products/907-10000-bearing.webp,800x800,47,Watermark completely eliminated; 1024x1024 studio asset deployed.
907-20030.jpg,907/20030,4fc9a099cf000b32,BEARINGTAPERROLLER,REPLACED_GEMINI_AI,Replaced with Gemini regenerated asset,GEMINI_REGENERATED_STUDIO_ASSET,/images/products/907-20030-bearingtaperroller.webp,800x800,30,Watermark completely eliminated; 1024x1024 studio asset deployed.
907-20033.jpg,907/20033,1c42787370c0e146,BEARING-ROLLER,REPLACED_GEMINI_AI,Replaced with Gemini regenerated asset,GEMINI_REGENERATED_STUDIO_ASSET,/images/products/907-20033-bearing-roller.webp,800x800,64,Watermark completely eliminated; 1024x1024 studio asset deployed.
907-20034.jpg,907/20034,a8731e97a45274dd,BEARINGTAPERROLL,REPLACED_GEMINI_AI,Replaced with Gemini regenerated asset,GEMINI_REGENERATED_STUDIO_ASSET,/images/products/907-20034-bearingtaperroll.webp,800x800,61,Watermark completely eliminated; 1024x1024 studio asset deployed.
907-20037.jpg,907/20037,a8ea891414e70f7a,BEARING-TAPERROLLER,REPLACED_GEMINI_AI,Replaced with Gemini regenerated asset,GEMINI_REGENERATED_STUDIO_ASSET,/images/products/907-20037-bearing-taperroller.webp,800x800,33,Watermark completely eliminated; 1024x1024 studio asset deployed.
907-20045.jpg,907/20045,1ca4f895a4dc0b58,TAPERROLLERBEARING,REPLACED_GEMINI_AI,Replaced with Gemini regenerated asset,GEMINI_REGENERATED_STUDIO_ASSET,/images/products/907-20045-taperrollerbearing.webp,800x800,60,Watermark completely eliminated; 1024x1024 studio asset deployed.
907-50100.jpg,907/50100,90e66fd9e619227f,BEARING ROLLER,REPLACED_GEMINI_AI,Replaced with Gemini regenerated asset,GEMINI_REGENERATED_STUDIO_ASSET,/images/products/907-50100-bearing-roller.webp,800x800,38,Watermark completely eliminated; 1024x1024 studio asset deployed.
907-50200.jpg,907/50200,0f052b8abfdfa695,CYLINDRICAL ROLLER B,REPLACED_GEMINI_AI,Replaced with Gemini regenerated asset,GEMINI_REGENERATED_STUDIO_ASSET,/images/products/907-50200-cylindrical-roller-b.webp,800x800,55,Watermark completely eliminated; 1024x1024 studio asset deployed.
907-50600.jpg,907/50600,02b1d04ffdef5d95,CYLINDRICAL ROLL.BRG CATB,REPLACED_GEMINI_AI,Replaced with Gemini regenerated asset,GEMINI_REGENERATED_STUDIO_ASSET,/images/products/907-50600-cylindrical-rollbrg-catb.webp,800x800,79,Watermark completely eliminated; 1024x1024 studio asset deployed.
907-51400.jpg,907/51400,74f59bb244a7a697,TAPERROLLERBEARING,REPLACED_GEMINI_AI,Replaced with Gemini regenerated asset,GEMINI_REGENERATED_STUDIO_ASSET,/images/products/907-51400-taperrollerbearing.webp,800x800,56,Watermark completely eliminated; 1024x1024 studio asset deployed.
907-51500907-09300.jpg,N/A,N/A,N/A,IGNORED_NOT_ON_WEBSITE,Ignored completely per matching rule,N/A,N/A,N/A,N/A,Part Number does not exist in website catalog. Image discarded without processing.
907-51600907-09500.jpg,N/A,N/A,N/A,IGNORED_NOT_ON_WEBSITE,Ignored completely per matching rule,N/A,N/A,N/A,N/A,Part Number does not exist in website catalog. Image discarded without processing.
907-52200907-20043.jpg,N/A,N/A,N/A,IGNORED_NOT_ON_WEBSITE,Ignored completely per matching rule,N/A,N/A,N/A,N/A,Part Number does not exist in website catalog. Image discarded without processing.
907-52700.jpg,907/52700,99566b995707b487,TAPER ROLLER BEARING,REPLACED_GEMINI_AI,Replaced with Gemini regenerated asset,GEMINI_REGENERATED_STUDIO_ASSET,/images/products/907-52700-taper-roller-bearing.webp,800x800,63,Watermark completely eliminated; 1024x1024 studio asset deployed.
907-52800.jpg,907/52800,396a8c305f2681bc,TAPER ROLLER BEARING,REPLACED_GEMINI_AI,Replaced with Gemini regenerated asset,GEMINI_REGENERATED_STUDIO_ASSET,/images/products/907-52800-taper-roller-bearing.webp,800x800,57,Watermark completely eliminated; 1024x1024 studio asset deployed.
907-M7473.jpg,907/M7473,1fe8dd9d73ffdcd1,BEARINGASSY-TAPE,REPLACED_GEMINI_AI,Replaced with Gemini regenerated asset,GEMINI_REGENERATED_STUDIO_ASSET,/images/products/907-m7473-bearingassy-tape.webp,800x800,42,Watermark completely eliminated; 1024x1024 studio asset deployed.
910-24801.jpg,910/24801,887fe187c2efd59e,HANDLEKNOB,REPLACED_GEMINI_AI,Replaced with Gemini regenerated asset,GEMINI_REGENERATED_STUDIO_ASSET,/images/products/910-24801-handleknob.webp,800x800,27,Watermark completely eliminated; 1024x1024 studio asset deployed.
910-24802.jpg,910/24802,9d0e3717acc04027,LEVER ASSY.,REPLACED_GEMINI_AI,Replaced with Gemini regenerated asset,GEMINI_REGENERATED_STUDIO_ASSET,/images/products/910-24802-lever-assy.webp,800x800,24,Watermark completely eliminated; 1024x1024 studio asset deployed.
910-24900_910-28400.jpg,910/28400,f6554a7d48c64a56,STOP CABLE -ENGINE,REPLACED_GEMINI_AI,Replaced with Gemini regenerated asset,GEMINI_REGENERATED_STUDIO_ASSET,/images/products/910-28400-stop-cable-engine.webp,800x800,13,Watermark completely eliminated; 1024x1024 studio asset deployed.
910-24902.jpg,910/24902,527de2645b758531,NOB -ENGINE STOP CABLE,REPLACED_GEMINI_AI,Replaced with Gemini regenerated asset,GEMINI_REGENERATED_STUDIO_ASSET,/images/products/910-24902-nob-engine-stop-cable.webp,800x800,24,Watermark completely eliminated; 1024x1024 studio asset deployed.
910-28200_910-17500.jpg,910/28200,351ecb10cc44ae54,PARKINGBRAKECABEL,REPLACED_GEMINI_AI,Replaced with Gemini regenerated asset,GEMINI_REGENERATED_STUDIO_ASSET,/images/products/910-28200-parkingbrakecabel.webp,800x800,22,Watermark completely eliminated; 1024x1024 studio asset deployed.
910-28700.jpg,910/28700,78375c25ac6ceaf5,CABLE,REPLACED_GEMINI_AI,Replaced with Gemini regenerated asset,GEMINI_REGENERATED_STUDIO_ASSET,/images/products/910-28700-cable.webp,800x800,29,Watermark completely eliminated; 1024x1024 studio asset deployed.
910-34600_910-28000.jpg,910/34600,52f2747ccbebad14,CABLE45-0309-g',REPLACED_GEMINI_AI,Replaced with Gemini regenerated asset,GEMINI_REGENERATED_STUDIO_ASSET,/images/products/910-34600-cable45-0309-g.webp,800x800,22,Watermark completely eliminated; 1024x1024 studio asset deployed.
910-42501.jpg,910/42501,c549e6d8643b0212,LEVERASSY,REPLACED_GEMINI_AI,Replaced with Gemini regenerated asset,GEMINI_REGENERATED_STUDIO_ASSET,/images/products/910-42501-leverassy.webp,800x800,32,Watermark completely eliminated; 1024x1024 studio asset deployed.
910-44400_910-34900.jpg,910/44400,10ceb7f6a411a92e,CABLEC/WLEVER',REPLACED_GEMINI_AI,Replaced with Gemini regenerated asset,GEMINI_REGENERATED_STUDIO_ASSET,/images/products/910-44400-cablec-wlever.webp,800x800,33,Watermark completely eliminated; 1024x1024 studio asset deployed.
910-45400.jpg,910/45400,a21c08f7811e6cf8,ACC. CONTROL LEVER/CABLE,REPLACED_GEMINI_AI,Replaced with Gemini regenerated asset,GEMINI_REGENERATED_STUDIO_ASSET,/images/products/910-45400-acc-control-lever-cable.webp,800x800,33,Watermark completely eliminated; 1024x1024 studio asset deployed.
910-45401.jpg,910/45401,1c3d9a0ba4ff14bc,ACC.CONTROLLEVER/CABLE,REPLACED_GEMINI_AI,Replaced with Gemini regenerated asset,GEMINI_REGENERATED_STUDIO_ASSET,/images/products/910-45401-acccontrollever-cable.webp,800x800,21,Watermark completely eliminated; 1024x1024 studio asset deployed.
910-48400.jpg,910/48400,a4b008ee69b1b32e,CABLEASSYBOOMLOCKCENT,REPLACED_GEMINI_AI,Replaced with Gemini regenerated asset,GEMINI_REGENERATED_STUDIO_ASSET,/images/products/910-48400-cableassyboomlockcent.webp,800x800,25,Watermark completely eliminated; 1024x1024 studio asset deployed.
910-48800.jpg,910/48800,7eb1073428ce6550,TH. CONTROL CABLE,REPLACED_GEMINI_AI,Replaced with Gemini regenerated asset,GEMINI_REGENERATED_STUDIO_ASSET,/images/products/910-48800-th-control-cable.webp,800x800,25,Watermark completely eliminated; 1024x1024 studio asset deployed.
910-48801.jpg,910/48801,321638ca39da613a,CABLE THROT INNER,REPLACED_GEMINI_AI,Replaced with Gemini regenerated asset,GEMINI_REGENERATED_STUDIO_ASSET,/images/products/910-48801-cable-throt-inner.webp,800x800,27,Watermark completely eliminated; 1024x1024 studio asset deployed.
910-50400.jpg,910/50400,bada22d808cd370c,PARK BRAKE CABLE,REPLACED_GEMINI_AI,Replaced with Gemini regenerated asset,GEMINI_REGENERATED_STUDIO_ASSET,/images/products/910-50400-park-brake-cable.webp,800x800,21,Watermark completely eliminated; 1024x1024 studio asset deployed.
910-52501.jpg,910/52501,72f85c04379bef9e,THROTTLELEVER(213)',SOURCE_PLACEHOLDER_OMITTED,"Source photo is a generic ""IMAGE COMING SOON"" graphic; omitted from AI generation to prevent fabricating product features",SUPPLIER_PLACEHOLDER_GRAPHIC,/images/products/910-52501-throttlelever-213.webp,400x400,14,Source image contains no actual product photo. Requires authentic photo from supplier.
910-60107.jpg,910/60107,f6607f55b76dacd0,CABLE BOOMLOCK C/M,REPLACED_GEMINI_AI,Replaced with Gemini regenerated asset,GEMINI_REGENERATED_STUDIO_ASSET,/images/products/910-60107-cable-boomlock-c-m.webp,800x800,19,Watermark completely eliminated; 1024x1024 studio asset deployed.
910-60109.jpg,910/60109,19272619974225bc,THROTTLECONTROLASSY',REPLACED_GEMINI_AI,Replaced with Gemini regenerated asset,GEMINI_REGENERATED_STUDIO_ASSET,/images/products/910-60109-throttlecontrolassy.webp,800x800,28,Watermark completely eliminated; 1024x1024 studio asset deployed.
910-60216.jpg,910/60216,037b83ad8136ae84,CABLEthrottlecon,REPLACED_GEMINI_AI,Replaced with Gemini regenerated asset,GEMINI_REGENERATED_STUDIO_ASSET,/images/products/910-60216-cablethrottlecon.webp,800x800,32,Watermark completely eliminated; 1024x1024 studio asset deployed.
910-60236_910-60204.jpg,910/60236,34767cfe22d060d6,THROTTLECABLE,REPLACED_GEMINI_AI,Replaced with Gemini regenerated asset,GEMINI_REGENERATED_STUDIO_ASSET,/images/products/910-60236-throttlecable.webp,800x800,27,Watermark completely eliminated; 1024x1024 studio asset deployed.
910-60253.jpg,910/60253,87d95d8aac7cdb64,(W)(Pre-P)-CABLEparkbrake3C',SOURCE_PLACEHOLDER_OMITTED,"Source photo is a generic ""IMAGE COMING SOON"" graphic; omitted from AI generation to prevent fabricating product features",SUPPLIER_PLACEHOLDER_GRAPHIC,/images/products/910-60253-w-pre-p-cableparkbrake3c.webp,400x400,14,Source image contains no actual product photo. Requires authentic photo from supplier.
910-M1244_910-60203.jpg,910/M1244,22627fb7516e06f7,Cableparkbrake,REPLACED_GEMINI_AI,Replaced with Gemini regenerated asset,GEMINI_REGENERATED_STUDIO_ASSET,/images/products/910-m1244-cableparkbrake.webp,800x800,14,Watermark completely eliminated; 1024x1024 studio asset deployed.
911-12300.jpg,911/12300,344ab745ba2f0a77,PIVOTPIN,REPLACED_GEMINI_AI,Replaced with Gemini regenerated asset,GEMINI_REGENERATED_STUDIO_ASSET,/images/products/911-12300-pivotpin.webp,800x800,17,Watermark completely eliminated; 1024x1024 studio asset deployed.
911-12400.jpg,911/12400,3b8dab98d2fc5143,WA PIVOT PIN,REPLACED_GEMINI_AI,Replaced with Gemini regenerated asset,GEMINI_REGENERATED_STUDIO_ASSET,/images/products/911-12400-wa-pivot-pin.webp,800x800,46,Watermark completely eliminated; 1024x1024 studio asset deployed.
911-12400_2.jpg,911/12400,3b8dab98d2fc5143,WA PIVOT PIN,REPLACED_GEMINI_AI,Replaced with Gemini regenerated asset,GEMINI_REGENERATED_STUDIO_ASSET,/images/products/911-12400-wa-pivot-pin.webp,800x800,46,Watermark completely eliminated; 1024x1024 studio asset deployed.
911-16600.jpg,N/A,N/A,N/A,IGNORED_NOT_ON_WEBSITE,Ignored completely per matching rule,N/A,N/A,N/A,N/A,Part Number does not exist in website catalog. Image discarded without processing.
911-22800.jpg,911/22800,121a594a8c706954,W.A.PIVOT PIN,REPLACED_GEMINI_AI,Replaced with Gemini regenerated asset,GEMINI_REGENERATED_STUDIO_ASSET,/images/products/911-22800-wapivot-pin.webp,800x800,16,Watermark completely eliminated; 1024x1024 studio asset deployed.
911-40048.jpg,911/40048,28d14abc09bad464,PIVOT PIN/KEEP PLATE WA,REPLACED_GEMINI_AI,Replaced with Gemini regenerated asset,GEMINI_REGENERATED_STUDIO_ASSET,/images/products/911-40048-pivot-pin-keep-plate-wa.webp,800x800,20,Watermark completely eliminated; 1024x1024 studio asset deployed.
911-40104.jpg,911/40104,0f84d0742f28cbe0,WA BOTTOM PIN,REPLACED_GEMINI_AI,Replaced with Gemini regenerated asset,GEMINI_REGENERATED_STUDIO_ASSET,/images/products/911-40104-wa-bottom-pin.webp,800x800,40,Watermark completely eliminated; 1024x1024 studio asset deployed.
913-00005.jpg,913/00005,faa9e6214d0307fd,CLEVIS CLIP,REPLACED_GEMINI_AI,Replaced with Gemini regenerated asset,GEMINI_REGENERATED_STUDIO_ASSET,/images/products/913-00005-clevis-clip.webp,800x800,36,Watermark completely eliminated; 1024x1024 studio asset deployed.
913-01102.jpg,913/01102,fee38eb0b3e5bfaa,CLEVIS CLIP 8MM,REPLACED_GEMINI_AI,Replaced with Gemini regenerated asset,GEMINI_REGENERATED_STUDIO_ASSET,/images/products/913-01102-clevis-clip-8mm.webp,800x800,19,Watermark completely eliminated; 1024x1024 studio asset deployed.
913-10078.jpg,N/A,N/A,N/A,IGNORED_NOT_ON_WEBSITE,Ignored completely per matching rule,N/A,N/A,N/A,N/A,Part Number does not exist in website catalog. Image discarded without processing.
913-10080.jpg,N/A,N/A,N/A,IGNORED_NOT_ON_WEBSITE,Ignored completely per matching rule,N/A,N/A,N/A,N/A,Part Number does not exist in website catalog. Image discarded without processing.
914-10803_914-60080_914-36201_914-60315.jpg,914/10803,8d20c1fd631388ae,SPIDER UNIVERSAL,REPLACED_GEMINI_AI,Replaced with Gemini regenerated asset,GEMINI_REGENERATED_STUDIO_ASSET,/images/products/914-10803-spider-universal.webp,800x800,39,Watermark completely eliminated; 1024x1024 studio asset deployed.
914-35000.jpg,N/A,N/A,N/A,IGNORED_NOT_ON_WEBSITE,Ignored completely per matching rule,N/A,N/A,N/A,N/A,Part Number does not exist in website catalog. Image discarded without processing.
914-35001.jpg,914/35001,d92c58df7c9fca27,YOKEFLANGE',REPLACED_GEMINI_AI,Replaced with Gemini regenerated asset,GEMINI_REGENERATED_STUDIO_ASSET,/images/products/914-35001-yokeflange.webp,800x800,69,Watermark completely eliminated; 1024x1024 studio asset deployed.
914-35401_914-56401.jpg,914/35401,204df57b0067d694,SPIDERKIT,REPLACED_GEMINI_AI,Replaced with Gemini regenerated asset,GEMINI_REGENERATED_STUDIO_ASSET,/images/products/914-35401-spiderkit.webp,800x800,57,Watermark completely eliminated; 1024x1024 studio asset deployed.
914-35402.jpg,N/A,N/A,N/A,IGNORED_NOT_ON_WEBSITE,Ignored completely per matching rule,N/A,N/A,N/A,N/A,Part Number does not exist in website catalog. Image discarded without processing.
914-37400.jpg,N/A,N/A,N/A,IGNORED_NOT_ON_WEBSITE,Ignored completely per matching rule,N/A,N/A,N/A,N/A,Part Number does not exist in website catalog. Image discarded without processing.
914-37801.jpg,N/A,N/A,N/A,IGNORED_NOT_ON_WEBSITE,Ignored completely per matching rule,N/A,N/A,N/A,N/A,Part Number does not exist in website catalog. Image discarded without processing.
914-39000.jpg,N/A,N/A,N/A,IGNORED_NOT_ON_WEBSITE,Ignored completely per matching rule,N/A,N/A,N/A,N/A,Part Number does not exist in website catalog. Image discarded without processing.
914-42300.jpg,N/A,N/A,N/A,IGNORED_NOT_ON_WEBSITE,Ignored completely per matching rule,N/A,N/A,N/A,N/A,Part Number does not exist in website catalog. Image discarded without processing.
914-45301.jpg,N/A,N/A,N/A,IGNORED_NOT_ON_WEBSITE,Ignored completely per matching rule,N/A,N/A,N/A,N/A,Part Number does not exist in website catalog. Image discarded without processing.
914-49100.jpg,914/49100,882088217a35c573,PROPSHAFT(P92),REPLACED_GEMINI_AI,Replaced with Gemini regenerated asset,GEMINI_REGENERATED_STUDIO_ASSET,/images/products/914-49100-propshaft-p92.webp,800x800,20,Watermark completely eliminated; 1024x1024 studio asset deployed.
914-60041_914-44500.jpg,914/60041,400f2f4d4e123345,PUMP DRIVESHAFT,REPLACED_GEMINI_AI,Replaced with Gemini regenerated asset,GEMINI_REGENERATED_STUDIO_ASSET,/images/products/914-60041-pump-driveshaft.webp,800x800,26,Watermark completely eliminated; 1024x1024 studio asset deployed.
914-60117.jpg,N/A,N/A,N/A,IGNORED_NOT_ON_WEBSITE,Ignored completely per matching rule,N/A,N/A,N/A,N/A,Part Number does not exist in website catalog. Image discarded without processing.
914-60181.jpg,914/60181,27306517e806df25,DRIVE SHAFT 4WD P/S A/S,REPLACED_GEMINI_AI,Replaced with Gemini regenerated asset,GEMINI_REGENERATED_STUDIO_ASSET,/images/products/914-60181-drive-shaft-4wd-p-s-a-s.webp,800x800,23,Watermark completely eliminated; 1024x1024 studio asset deployed.
914-60183.jpg,N/A,N/A,N/A,IGNORED_NOT_ON_WEBSITE,Ignored completely per matching rule,N/A,N/A,N/A,N/A,Part Number does not exist in website catalog. Image discarded without processing.
914-60223.jpeg,914/60223,fef94a2e4b825928,PROPSHAFT(P92),KEPT_UNCHANGED_CLEAN,Optimized and published clean source photograph,ORIGINAL_STUDIO_PHOTOGRAPHY,/images/products/914-60223-propshaft-p92.webp,866x1024,55,High quality unwatermarked photo matched via Part Number.
914-60265.jpg,N/A,N/A,N/A,IGNORED_NOT_ON_WEBSITE,Ignored completely per matching rule,N/A,N/A,N/A,N/A,Part Number does not exist in website catalog. Image discarded without processing.
914-70045.jpg,N/A,N/A,N/A,IGNORED_NOT_ON_WEBSITE,Ignored completely per matching rule,N/A,N/A,N/A,N/A,Part Number does not exist in website catalog. Image discarded without processing.
914-80203_914-83304.jpg,N/A,N/A,N/A,IGNORED_NOT_ON_WEBSITE,Ignored completely per matching rule,N/A,N/A,N/A,N/A,Part Number does not exist in website catalog. Image discarded without processing.
914-80206_914-80207.jpg,914/80206,93b29fd1febfd087,KITSPIDER,REPLACED_GEMINI_AI,Replaced with Gemini regenerated asset,GEMINI_REGENERATED_STUDIO_ASSET,/images/products/914-80206-kitspider.webp,800x800,39,Watermark completely eliminated; 1024x1024 studio asset deployed.
914-86201.jpg,N/A,N/A,N/A,IGNORED_NOT_ON_WEBSITE,Ignored completely per matching rule,N/A,N/A,N/A,N/A,Part Number does not exist in website catalog. Image discarded without processing.
914-86202.jpg,914/86202,f8a2682f7f953a54,SPIDER ASSY,REPLACED_GEMINI_AI,Replaced with Gemini regenerated asset,GEMINI_REGENERATED_STUDIO_ASSET,/images/products/914-86202-spider-assy.webp,800x800,45,Watermark completely eliminated; 1024x1024 studio asset deployed.
914-88101.jpg,914/88101,c5255fe9db722e99,SHAFT,REPLACED_GEMINI_AI,Replaced with Gemini regenerated asset,GEMINI_REGENERATED_STUDIO_ASSET,/images/products/914-88101-shaft.webp,800x800,18,Watermark completely eliminated; 1024x1024 studio asset deployed.
914-88200.jpg,914/88200,47af656d79a6afbe,PROPALER SHAFT,REPLACED_GEMINI_AI,Replaced with Gemini regenerated asset,GEMINI_REGENERATED_STUDIO_ASSET,/images/products/914-88200-propaler-shaft.webp,800x800,14,Watermark completely eliminated; 1024x1024 studio asset deployed.
914-89300.jpg,914/89300,7910ef7cb8c0bf71,Driveshaft,REPLACED_GEMINI_AI,Replaced with Gemini regenerated asset,GEMINI_REGENERATED_STUDIO_ASSET,/images/products/914-89300-driveshaft.webp,800x800,14,Watermark completely eliminated; 1024x1024 studio asset deployed.
914-89501.jpg,914/89501,5fb5cf2ca051774c,SHAFT,REPLACED_GEMINI_AI,Replaced with Gemini regenerated asset,GEMINI_REGENERATED_STUDIO_ASSET,/images/products/914-89501-shaft.webp,800x800,17,Watermark completely eliminated; 1024x1024 studio asset deployed.
914-90640.jpg,914/90640,97534e2ece5dd370,ShaftDrive,REPLACED_GEMINI_AI,Replaced with Gemini regenerated asset,GEMINI_REGENERATED_STUDIO_ASSET,/images/products/914-90640-shaftdrive.webp,800x800,16,Watermark completely eliminated; 1024x1024 studio asset deployed.
914-M3544.jpg,N/A,N/A,N/A,IGNORED_NOT_ON_WEBSITE,Ignored completely per matching rule,N/A,N/A,N/A,N/A,Part Number does not exist in website catalog. Image discarded without processing.
914-M4448.jpg,914/M4448,61f08173b0584376,DRIVE SHAFT,REPLACED_GEMINI_AI,Replaced with Gemini regenerated asset,GEMINI_REGENERATED_STUDIO_ASSET,/images/products/914-m4448-drive-shaft.webp,800x800,16,Watermark completely eliminated; 1024x1024 studio asset deployed.
916-00011.jpg,916/00011,e9d6ad27bb9d9dce,Ball steel,REPLACED_GEMINI_AI,Replaced with Gemini regenerated asset,GEMINI_REGENERATED_STUDIO_ASSET,/images/products/916-00011-ball-steel.webp,800x800,29,Watermark completely eliminated; 1024x1024 studio asset deployed.
917-02000.jpg,917/02000,152f27a6357b180e,BEARING,REPLACED_GEMINI_AI,Replaced with Gemini regenerated asset,GEMINI_REGENERATED_STUDIO_ASSET,/images/products/917-02000-bearing.webp,800x800,36,Watermark completely eliminated; 1024x1024 studio asset deployed.
917-02300.jpg,917/02300,90292b607ce1305f,NEEDLE ROLLER BEARIN,REPLACED_GEMINI_AI,Replaced with Gemini regenerated asset,GEMINI_REGENERATED_STUDIO_ASSET,/images/products/917-02300-needle-roller-bearin.webp,800x800,62,Watermark completely eliminated; 1024x1024 studio asset deployed.
917-02400.jpg,917/02400,87dd151a70df0b5c,NEEDLE ROLLER BEARIN,REPLACED_GEMINI_AI,Replaced with Gemini regenerated asset,GEMINI_REGENERATED_STUDIO_ASSET,/images/products/917-02400-needle-roller-bearin.webp,800x800,49,Watermark completely eliminated; 1024x1024 studio asset deployed.
917-02700.jpg,917/02700,290e7b2da45f1e92,BEARING - NEEDLE ROLLER,REPLACED_GEMINI_AI,Replaced with Gemini regenerated asset,GEMINI_REGENERATED_STUDIO_ASSET,/images/products/917-02700-bearing-needle-roller.webp,800x800,56,Watermark completely eliminated; 1024x1024 studio asset deployed.
917-02800.jpg,917/02800,f4641a6bf8fa4253,BEARING - THRUST,REPLACED_GEMINI_AI,Replaced with Gemini regenerated asset,GEMINI_REGENERATED_STUDIO_ASSET,/images/products/917-02800-bearing-thrust.webp,800x800,30,Watermark completely eliminated; 1024x1024 studio asset deployed.
917-10006.jpg,917/10006,c8dae73bc57b6bb1,NEEDLE  BEARING,REPLACED_GEMINI_AI,Replaced with Gemini regenerated asset,GEMINI_REGENERATED_STUDIO_ASSET,/images/products/917-10006-needle-bearing.webp,800x800,37,Watermark completely eliminated; 1024x1024 studio asset deployed.
917-50200.jpg,917/50200,0f6f08d5819fdc49,NEEDLE ROLLER BRG.,REPLACED_GEMINI_AI,Replaced with Gemini regenerated asset,GEMINI_REGENERATED_STUDIO_ASSET,/images/products/917-50200-needle-roller-brg.webp,800x800,42,Watermark completely eliminated; 1024x1024 studio asset deployed.
917-50600.jpg,917/50600,6e9b6bc5853875ef,BEARING,REPLACED_GEMINI_AI,Replaced with Gemini regenerated asset,GEMINI_REGENERATED_STUDIO_ASSET,/images/products/917-50600-bearing.webp,800x800,44,Watermark completely eliminated; 1024x1024 studio asset deployed.
917-51900.jpg,917/51900,e05f72c6ec6c07b0,BEARINGNEEDLEROLLER,REPLACED_GEMINI_AI,Replaced with Gemini regenerated asset,GEMINI_REGENERATED_STUDIO_ASSET,/images/products/917-51900-bearingneedleroller.webp,800x800,41,Watermark completely eliminated; 1024x1024 studio asset deployed.
917-52900.jpg,917/52900,22c079be4c4a3907,BEARING,REPLACED_GEMINI_AI,Replaced with Gemini regenerated asset,GEMINI_REGENERATED_STUDIO_ASSET,/images/products/917-52900-bearing.webp,800x800,59,Watermark completely eliminated; 1024x1024 studio asset deployed.
920-01013.jpg,920/01013,40a609076024a6e4,KITSEAL,REPLACED_GEMINI_AI,Replaced with Gemini regenerated asset,GEMINI_REGENERATED_STUDIO_ASSET,/images/products/920-01013-kitseal.webp,800x800,23,Watermark completely eliminated; 1024x1024 studio asset deployed.
920-01647.jpg,920/01647,de36d8092f3c5ddc,KITSEAL,REPLACED_GEMINI_AI,Replaced with Gemini regenerated asset,GEMINI_REGENERATED_STUDIO_ASSET,/images/products/920-01647-kitseal.webp,800x800,36,Watermark completely eliminated; 1024x1024 studio asset deployed.
921-00807.jpg,921/00807,519254f122723045,SHIM 0.5,REPLACED_GEMINI_AI,Replaced with Gemini regenerated asset,GEMINI_REGENERATED_STUDIO_ASSET,/images/products/921-00807-shim-05.webp,800x800,35,Watermark completely eliminated; 1024x1024 studio asset deployed.
921-01900.jpg,921/01900,313710cbbf754bec,SHIMKIT(40/303432),REPLACED_GEMINI_AI,Replaced with Gemini regenerated asset,GEMINI_REGENERATED_STUDIO_ASSET,/images/products/921-01900-shimkit-40-303432.webp,800x800,30,Watermark completely eliminated; 1024x1024 studio asset deployed.
95141M62S00.jpg,N/A,N/A,N/A,IGNORED_NOT_ON_WEBSITE,Ignored completely per matching rule,N/A,N/A,N/A,N/A,Part Number does not exist in website catalog. Image discarded without processing.
95310M62S00.jpg,N/A,N/A,N/A,IGNORED_NOT_ON_WEBSITE,Ignored completely per matching rule,N/A,N/A,N/A,N/A,Part Number does not exist in website catalog. Image discarded without processing.
983-10322.jpg,983/10322,e50255bf335e1dad,SEAL KIT HM360,REPLACED_GEMINI_AI,Replaced with Gemini regenerated asset,GEMINI_REGENERATED_STUDIO_ASSET,/images/products/983-10322-seal-kit-hm360.webp,800x800,46,Watermark completely eliminated; 1024x1024 studio asset deployed.
990-98300.jpg,990/98300,e9bd16dd637a5791,GEAR&PINION,REPLACED_GEMINI_AI,Replaced with Gemini regenerated asset,GEMINI_REGENERATED_STUDIO_ASSET,/images/products/990-98300-gearpinion.webp,800x800,52,Watermark completely eliminated; 1024x1024 studio asset deployed.
990-99600.jpg,990/99600,727a2c525020bb8f,KIT-KING PIN',REPLACED_GEMINI_AI,Replaced with Gemini regenerated asset,GEMINI_REGENERATED_STUDIO_ASSET,/images/products/990-99600-kit-king-pin.webp,800x800,61,Watermark completely eliminated; 1024x1024 studio asset deployed.
991-00012.jpg,991/00012,6c8bfcccfff6fad0,RAMSEALKIT,REPLACED_GEMINI_AI,Replaced with Gemini regenerated asset,GEMINI_REGENERATED_STUDIO_ASSET,/images/products/991-00012-ramsealkit.webp,800x800,45,Watermark completely eliminated; 1024x1024 studio asset deployed.
991-00013.jpg,991/00013,cbac8c7dcb871cb1,KITRAMSEAL',REPLACED_GEMINI_AI,Replaced with Gemini regenerated asset,GEMINI_REGENERATED_STUDIO_ASSET,/images/products/991-00013-kitramseal.webp,800x800,37,Watermark completely eliminated; 1024x1024 studio asset deployed.
991-00014.jpg,N/A,N/A,N/A,IGNORED_NOT_ON_WEBSITE,Ignored completely per matching rule,N/A,N/A,N/A,N/A,Part Number does not exist in website catalog. Image discarded without processing.
991-00015.jpg,N/A,N/A,N/A,IGNORED_NOT_ON_WEBSITE,Ignored completely per matching rule,N/A,N/A,N/A,N/A,Part Number does not exist in website catalog. Image discarded without processing.
991-000158.jpg,N/A,N/A,N/A,IGNORED_NOT_ON_WEBSITE,Ignored completely per matching rule,N/A,N/A,N/A,N/A,Part Number does not exist in website catalog. Image discarded without processing.
991-00016.jpg,N/A,N/A,N/A,IGNORED_NOT_ON_WEBSITE,Ignored completely per matching rule,N/A,N/A,N/A,N/A,Part Number does not exist in website catalog. Image discarded without processing.
991-00018.jpg,991/00018,c482c2193323b197,SEAL KIT,REPLACED_GEMINI_AI,Replaced with Gemini regenerated asset,GEMINI_REGENERATED_STUDIO_ASSET,/images/products/991-00018-seal-kit.webp,800x800,29,Watermark completely eliminated; 1024x1024 studio asset deployed.
991-00025.jpg,N/A,N/A,N/A,IGNORED_NOT_ON_WEBSITE,Ignored completely per matching rule,N/A,N/A,N/A,N/A,Part Number does not exist in website catalog. Image discarded without processing.
991-00026.jpg,N/A,N/A,N/A,IGNORED_NOT_ON_WEBSITE,Ignored completely per matching rule,N/A,N/A,N/A,N/A,Part Number does not exist in website catalog. Image discarded without processing.
991-00027.jpg,N/A,N/A,N/A,IGNORED_NOT_ON_WEBSITE,Ignored completely per matching rule,N/A,N/A,N/A,N/A,Part Number does not exist in website catalog. Image discarded without processing.
991-00028.jpg,N/A,N/A,N/A,IGNORED_NOT_ON_WEBSITE,Ignored completely per matching rule,N/A,N/A,N/A,N/A,Part Number does not exist in website catalog. Image discarded without processing.
991-00030.jpg,N/A,N/A,N/A,IGNORED_NOT_ON_WEBSITE,Ignored completely per matching rule,N/A,N/A,N/A,N/A,Part Number does not exist in website catalog. Image discarded without processing.
991-00036.jpg,991/00036,10297893c978d294,SEALKITS,REPLACED_GEMINI_AI,Replaced with Gemini regenerated asset,GEMINI_REGENERATED_STUDIO_ASSET,/images/products/991-00036-sealkits.webp,800x800,45,Watermark completely eliminated; 1024x1024 studio asset deployed.
991-00055.jpg,N/A,N/A,N/A,IGNORED_NOT_ON_WEBSITE,Ignored completely per matching rule,N/A,N/A,N/A,N/A,Part Number does not exist in website catalog. Image discarded without processing.
991-00056.jpg,N/A,N/A,N/A,IGNORED_NOT_ON_WEBSITE,Ignored completely per matching rule,N/A,N/A,N/A,N/A,Part Number does not exist in website catalog. Image discarded without processing.
991-00095.jpg,N/A,N/A,N/A,IGNORED_NOT_ON_WEBSITE,Ignored completely per matching rule,N/A,N/A,N/A,N/A,Part Number does not exist in website catalog. Image discarded without processing.
991-00096.jpg,N/A,N/A,N/A,IGNORED_NOT_ON_WEBSITE,Ignored completely per matching rule,N/A,N/A,N/A,N/A,Part Number does not exist in website catalog. Image discarded without processing.
991-00097.jpg,991/00097,2b7b057ea1fc6761,KITSEAL,REPLACED_GEMINI_AI,Replaced with Gemini regenerated asset,GEMINI_REGENERATED_STUDIO_ASSET,/images/products/991-00097-kitseal.webp,800x800,47,Watermark completely eliminated; 1024x1024 studio asset deployed.
991-00098.jpg,991/00098,389e1e5531c8fa54,KITSEAL,REPLACED_GEMINI_AI,Replaced with Gemini regenerated asset,GEMINI_REGENERATED_STUDIO_ASSET,/images/products/991-00098-kitseal.webp,800x800,32,Watermark completely eliminated; 1024x1024 studio asset deployed.
991-00099.jpg,991/00099,9e22e1bff931a6bd,SEALKIT,REPLACED_GEMINI_AI,Replaced with Gemini regenerated asset,GEMINI_REGENERATED_STUDIO_ASSET,/images/products/991-00099-sealkit.webp,800x800,44,Watermark completely eliminated; 1024x1024 studio asset deployed.
991-00100.jpg,991/00100,b6d6bb2f4db0acc5,SEALKIT(ALT-991/10152),REPLACED_GEMINI_AI,Replaced with Gemini regenerated asset,GEMINI_REGENERATED_STUDIO_ASSET,/images/products/991-00100-sealkit-alt-991-10152.webp,800x800,43,Watermark completely eliminated; 1024x1024 studio asset deployed.
991-00102.jpg,991/00102,f8bdb3a335e88d32,SEALKIT,REPLACED_GEMINI_AI,Replaced with Gemini regenerated asset,GEMINI_REGENERATED_STUDIO_ASSET,/images/products/991-00102-sealkit.webp,800x800,51,Watermark completely eliminated; 1024x1024 studio asset deployed.
991-00103.jpg,N/A,N/A,N/A,IGNORED_NOT_ON_WEBSITE,Ignored completely per matching rule,N/A,N/A,N/A,N/A,Part Number does not exist in website catalog. Image discarded without processing.
991-00109.jpg,991/00109,56a814f3c8916505,KITSEAL,REPLACED_GEMINI_AI,Replaced with Gemini regenerated asset,GEMINI_REGENERATED_STUDIO_ASSET,/images/products/991-00109-kitseal.webp,800x800,51,Watermark completely eliminated; 1024x1024 studio asset deployed.
991-00110.jpg,991/00110,cb61a46dd1bca833,KITSEAL,REPLACED_GEMINI_AI,Replaced with Gemini regenerated asset,GEMINI_REGENERATED_STUDIO_ASSET,/images/products/991-00110-kitseal.webp,800x800,39,Watermark completely eliminated; 1024x1024 studio asset deployed.
991-00115.jpg,991/00115,d58b693222cd9014,KITSEAL,REPLACED_GEMINI_AI,Replaced with Gemini regenerated asset,GEMINI_REGENERATED_STUDIO_ASSET,/images/products/991-00115-kitseal.webp,800x800,48,Watermark completely eliminated; 1024x1024 studio asset deployed.
991-00120.jpg,991/00120,24843e13f35e930c,SEALKIT,REPLACED_GEMINI_AI,Replaced with Gemini regenerated asset,GEMINI_REGENERATED_STUDIO_ASSET,/images/products/991-00120-sealkit.webp,800x800,35,Watermark completely eliminated; 1024x1024 studio asset deployed.
991-00122.jpg,N/A,N/A,N/A,IGNORED_NOT_ON_WEBSITE,Ignored completely per matching rule,N/A,N/A,N/A,N/A,Part Number does not exist in website catalog. Image discarded without processing.
991-00123.jpg,991/00123,60f5c0f066bad603,SEALKIT,REPLACED_GEMINI_AI,Replaced with Gemini regenerated asset,GEMINI_REGENERATED_STUDIO_ASSET,/images/products/991-00123-sealkit.webp,800x800,45,Watermark completely eliminated; 1024x1024 studio asset deployed.
991-00127.jpg,991/00127,19907459bd3fc09d,KITSEAL,REPLACED_GEMINI_AI,Replaced with Gemini regenerated asset,GEMINI_REGENERATED_STUDIO_ASSET,/images/products/991-00127-kitseal.webp,800x800,45,Watermark completely eliminated; 1024x1024 studio asset deployed.
991-00130.jpg,991/00130,b41f052c1b8e1349,RAMSEALKIT,REPLACED_GEMINI_AI,Replaced with Gemini regenerated asset,GEMINI_REGENERATED_STUDIO_ASSET,/images/products/991-00130-ramsealkit.webp,800x800,47,Watermark completely eliminated; 1024x1024 studio asset deployed.
991-00131.jpg,991/00131,222c9cf1d923393c,RAM SEAL KIT,REPLACED_GEMINI_AI,Replaced with Gemini regenerated asset,GEMINI_REGENERATED_STUDIO_ASSET,/images/products/991-00131-ram-seal-kit.webp,800x800,42,Watermark completely eliminated; 1024x1024 studio asset deployed.
991-00135.jpg,991/00135,f44a9460a67df299,SEALKIT,REPLACED_GEMINI_AI,Replaced with Gemini regenerated asset,GEMINI_REGENERATED_STUDIO_ASSET,/images/products/991-00135-sealkit.webp,800x800,38,Watermark completely eliminated; 1024x1024 studio asset deployed.
991-00141.jpg,N/A,N/A,N/A,IGNORED_NOT_ON_WEBSITE,Ignored completely per matching rule,N/A,N/A,N/A,N/A,Part Number does not exist in website catalog. Image discarded without processing.
991-00144.jpg,991/00144,31e9f778b2dd2c2f,KITSEAL,REPLACED_GEMINI_AI,Replaced with Gemini regenerated asset,GEMINI_REGENERATED_STUDIO_ASSET,/images/products/991-00144-kitseal.webp,800x800,41,Watermark completely eliminated; 1024x1024 studio asset deployed.
991-00145_991-00107.jpg,991/00145,35506cda6a2719f4,SEALKIT,REPLACED_GEMINI_AI,Replaced with Gemini regenerated asset,GEMINI_REGENERATED_STUDIO_ASSET,/images/products/991-00145-sealkit.webp,800x800,42,Watermark completely eliminated; 1024x1024 studio asset deployed.
991-00146.jpg,N/A,N/A,N/A,IGNORED_NOT_ON_WEBSITE,Ignored completely per matching rule,N/A,N/A,N/A,N/A,Part Number does not exist in website catalog. Image discarded without processing.
991-00147.jpg,991/00147,9ec180a8231f44df,KITSEAL90X60MM,REPLACED_GEMINI_AI,Replaced with Gemini regenerated asset,GEMINI_REGENERATED_STUDIO_ASSET,/images/products/991-00147-kitseal90x60mm.webp,800x800,59,Watermark completely eliminated; 1024x1024 studio asset deployed.
991-00148.jpg,N/A,N/A,N/A,IGNORED_NOT_ON_WEBSITE,Ignored completely per matching rule,N/A,N/A,N/A,N/A,Part Number does not exist in website catalog. Image discarded without processing.
991-00152.jpg,N/A,N/A,N/A,IGNORED_NOT_ON_WEBSITE,Ignored completely per matching rule,N/A,N/A,N/A,N/A,Part Number does not exist in website catalog. Image discarded without processing.
991-00156.jpg,991/00156,b7548ff0f37043d0,KIT-SEALTRACK ROD,REPLACED_GEMINI_AI,Replaced with Gemini regenerated asset,GEMINI_REGENERATED_STUDIO_ASSET,/images/products/991-00156-kit-sealtrack-rod.webp,800x800,41,Watermark completely eliminated; 1024x1024 studio asset deployed.
991-00157.jpg,991/00157,602ec0a8fe7246eb,SEAL KIT SERVICE,REPLACED_GEMINI_AI,Replaced with Gemini regenerated asset,GEMINI_REGENERATED_STUDIO_ASSET,/images/products/991-00157-seal-kit-service.webp,800x800,44,Watermark completely eliminated; 1024x1024 studio asset deployed.
991-00159.jpg,991/00159,602599e286cc02af,SEALKIT,REPLACED_GEMINI_AI,Replaced with Gemini regenerated asset,GEMINI_REGENERATED_STUDIO_ASSET,/images/products/991-00159-sealkit.webp,800x800,34,Watermark completely eliminated; 1024x1024 studio asset deployed.
991-00163.jpg,N/A,N/A,N/A,IGNORED_NOT_ON_WEBSITE,Ignored completely per matching rule,N/A,N/A,N/A,N/A,Part Number does not exist in website catalog. Image discarded without processing.
991-10142.jpg,N/A,N/A,N/A,IGNORED_NOT_ON_WEBSITE,Ignored completely per matching rule,N/A,N/A,N/A,N/A,Part Number does not exist in website catalog. Image discarded without processing.
991-10142_2.jpg,N/A,N/A,N/A,IGNORED_NOT_ON_WEBSITE,Ignored completely per matching rule,N/A,N/A,N/A,N/A,Part Number does not exist in website catalog. Image discarded without processing.
991-10151.jpg,N/A,N/A,N/A,IGNORED_NOT_ON_WEBSITE,Ignored completely per matching rule,N/A,N/A,N/A,N/A,Part Number does not exist in website catalog. Image discarded without processing.
991-10152.jpg,991/10152,b048a2a035853883,SEALKIT,REPLACED_GEMINI_AI,Replaced with Gemini regenerated asset,GEMINI_REGENERATED_STUDIO_ASSET,/images/products/991-10152-sealkit.webp,800x800,41,Watermark completely eliminated; 1024x1024 studio asset deployed.
991-20009.jpg,991/20009,404c92e184eabcf5,SERVICE SEAL KIT 90x50,REPLACED_GEMINI_AI,Replaced with Gemini regenerated asset,GEMINI_REGENERATED_STUDIO_ASSET,/images/products/991-20009-service-seal-kit-90x50.webp,800x800,40,Watermark completely eliminated; 1024x1024 studio asset deployed.
991-20021.jpg,991/20021,97fe0ce700ae8230,UNIVERSAL SEAL KIT,REPLACED_GEMINI_AI,Replaced with Gemini regenerated asset,GEMINI_REGENERATED_STUDIO_ASSET,/images/products/991-20021-universal-seal-kit.webp,800x800,48,Watermark completely eliminated; 1024x1024 studio asset deployed.
991-20022.jpg,991/20022,7365d3597978589a,Kit-sealuniversal80x50,REPLACED_GEMINI_AI,Replaced with Gemini regenerated asset,GEMINI_REGENERATED_STUDIO_ASSET,/images/products/991-20022-kit-sealuniversal80x50.webp,800x800,47,Watermark completely eliminated; 1024x1024 studio asset deployed.
991-20023.jpg,991/20023,e25c46bca9efe339,UNIVERSAL SEAL KIT,REPLACED_GEMINI_AI,Replaced with Gemini regenerated asset,GEMINI_REGENERATED_STUDIO_ASSET,/images/products/991-20023-universal-seal-kit.webp,800x800,53,Watermark completely eliminated; 1024x1024 studio asset deployed.
991-20024.jpg,991/20024,bd9ab879774cda54,UNIVERSALSEALKIT,REPLACED_GEMINI_AI,Replaced with Gemini regenerated asset,GEMINI_REGENERATED_STUDIO_ASSET,/images/products/991-20024-universalsealkit.webp,800x800,35,Watermark completely eliminated; 1024x1024 studio asset deployed.
991-20028.jpg,991/20028,cd3655f547024191,KitSeal160*90,REPLACED_GEMINI_AI,Replaced with Gemini regenerated asset,GEMINI_REGENERATED_STUDIO_ASSET,/images/products/991-20028-kitseal16090.webp,800x800,37,Watermark completely eliminated; 1024x1024 studio asset deployed.
991-20029.jpg,991/20029,0f7b7734d9931cf5,Kit-seal,REPLACED_GEMINI_AI,Replaced with Gemini regenerated asset,GEMINI_REGENERATED_STUDIO_ASSET,/images/products/991-20029-kit-seal.webp,800x800,35,Watermark completely eliminated; 1024x1024 studio asset deployed.
991-20030.jpg,991/20030,bc10ad176237ea2c,Service Seal Kit UNIV 110,REPLACED_GEMINI_AI,Replaced with Gemini regenerated asset,GEMINI_REGENERATED_STUDIO_ASSET,/images/products/991-20030-service-seal-kit-univ-110.webp,800x800,54,Watermark completely eliminated; 1024x1024 studio asset deployed.
991-20038.jpg,991/20038,ea0f43702b484881,SERVICESEALKIT120x65U,REPLACED_GEMINI_AI,Replaced with Gemini regenerated asset,GEMINI_REGENERATED_STUDIO_ASSET,/images/products/991-20038-servicesealkit120x65u.webp,800x800,39,Watermark completely eliminated; 1024x1024 studio asset deployed.
992-11300_915-07300.jpg,992/11300,887aa685dad5b094,GUN GREASE,REPLACED_GEMINI_AI,Replaced with Gemini regenerated asset,GEMINI_REGENERATED_STUDIO_ASSET,/images/products/992-11300-gun-grease.webp,800x800,19,Watermark completely eliminated; 1024x1024 studio asset deployed.
993-61200.jpg,993/61200,350562e75fb0f5ec,LOADERKNOB,REPLACED_GEMINI_AI,Replaced with Gemini regenerated asset,GEMINI_REGENERATED_STUDIO_ASSET,/images/products/993-61200-loaderknob.webp,800x800,29,Watermark completely eliminated; 1024x1024 studio asset deployed.
993-65000.jpg,993/65000,7e33f004505c5f74,KIT LOADER KNOB,REPLACED_GEMINI_AI,Replaced with Gemini regenerated asset,GEMINI_REGENERATED_STUDIO_ASSET,/images/products/993-65000-kit-loader-knob.webp,800x800,21,Watermark completely eliminated; 1024x1024 studio asset deployed.
998-00006.jpg,N/A,N/A,N/A,IGNORED_NOT_ON_WEBSITE,Ignored completely per matching rule,N/A,N/A,N/A,N/A,Part Number does not exist in website catalog. Image discarded without processing.
998-00007.jpg,998/00007,cc18d35372cfda23,WASHER4MMTHRUST,REPLACED_GEMINI_AI,Replaced with Gemini regenerated asset,GEMINI_REGENERATED_STUDIO_ASSET,/images/products/998-00007-washer4mmthrust.webp,800x800,26,Watermark completely eliminated; 1024x1024 studio asset deployed.
998-10361.jpg,N/A,N/A,N/A,IGNORED_NOT_ON_WEBSITE,Ignored completely per matching rule,N/A,N/A,N/A,N/A,Part Number does not exist in website catalog. Image discarded without processing.
G65-0.png,G65/0,7060b26a8fdb9033,Bush Spring,KEPT_UNCHANGED_CLEAN,Optimized and published clean source photograph,ORIGINAL_STUDIO_PHOTOGRAPHY,/images/products/g65-0-bush-spring.webp,500x500,12,High quality unwatermarked photo matched via Part Number.
StakeNutM24.jpg,N/A,N/A,N/A,IGNORED_NOT_ON_WEBSITE,Ignored completely per matching rule,N/A,N/A,N/A,N/A,Part Number does not exist in website catalog. Image discarded without processing.
